domain,variable,description,variable_role,kind,units,domain_n,observed_n,missing_n,denominator_n,weighted_denominator,df,confidence,row_type,level,n,unweighted_percent,unweighted_mean,estimate,se,ci_low,ci_high,weighted_sd,ci_method,ci_status
No caries,age,Age at survey,primary,numeric,years,2347,2347,0,2347,6258645.299423695,1045,0.95,mean,Mean,2347,,44.885811674478056,39.71736604746539,0.6149498896341257,38.5106888130897,40.92404328184108,17.83705700733436,linearized_t,estimated
No caries,age,Age at survey,primary,numeric,count,2347,2347,0,2347,6258645.299423695,1045,0.95,missing,Missing,0,0.0,,,,,,,not_applicable_missing_count,not_applicable
Caries,age,Age at survey,primary,numeric,years,2689,2689,0,2689,7538551.493308067,1045,0.95,mean,Mean,2689,,48.72257344737821,43.37901098681461,0.4787083918173483,42.439671817806435,44.31835015582279,16.635646287461004,linearized_t,estimated
Caries,age,Age at survey,primary,numeric,count,2689,2689,0,2689,7538551.493308067,1045,0.95,missing,Missing,0,0.0,,,,,,,not_applicable_missing_count,not_applicable
Total,age,Age at survey,primary,numeric,years,5036,5036,0,5036,13797196.792731762,1045,0.95,mean,Mean,5036,,46.93447180301827,41.71802598876856,0.40571759637129784,40.92191203642986,42.51413994110726,17.28741581316962,linearized_t,estimated
Total,age,Age at survey,primary,numeric,count,5036,5036,0,5036,13797196.792731762,1045,0.95,missing,Missing,0,0.0,,,,,,,not_applicable_missing_count,not_applicable
No caries,sex,Recorded sex,primary,categorical,percent,2347,2347,0,2347,6258645.299423695,1045,0.95,category,Male,801,34.128674904132936,,46.02788702726102,1.9574610270667825,42.21787164351291,49.884895988240714,,logit_t,estimated
No caries,sex,Recorded sex,primary,categorical,percent,2347,2347,0,2347,6258645.299423695,1045,0.95,category,Female,1546,65.87132509586706,,53.97211297273897,1.957461027066782,50.11510401175927,57.78212835648709,,logit_t,estimated
No caries,sex,Recorded sex,primary,categorical,count,2347,2347,0,2347,6258645.299423695,1045,0.95,missing,Missing,0,0.0,,,,,,,not_applicable_missing_count,not_applicable
Caries,sex,Recorded sex,primary,categorical,percent,2689,2689,0,2689,7538551.493308067,1045,0.95,category,Male,1110,41.279285979918185,,53.73228169865429,1.6577076284710686,50.46818246790695,56.9647011528114,,logit_t,estimated
Caries,sex,Recorded sex,primary,categorical,percent,2689,2689,0,2689,7538551.493308067,1045,0.95,category,Female,1579,58.720714020081815,,46.26771830134571,1.6577076284710686,43.0352988471886,49.53181753209305,,logit_t,estimated
Caries,sex,Recorded sex,primary,categorical,count,2689,2689,0,2689,7538551.493308067,1045,0.95,missing,Missing,0,0.0,,,,,,,not_applicable_missing_count,not_applicable
Total,sex,Recorded sex,primary,categorical,percent,5036,5036,0,5036,13797196.792731762,1045,0.95,category,Male,1911,37.946783161239075,,50.23743602678405,1.2089214336098855,47.86649060261101,52.607314132639836,,logit_t,estimated
Total,sex,Recorded sex,primary,categorical,percent,5036,5036,0,5036,13797196.792731762,1045,0.95,category,Female,3125,62.053216838760925,,49.76256397321594,1.2089214336098855,47.39268586736014,52.133509397389,,logit_t,estimated
Total,sex,Recorded sex,primary,categorical,count,5036,5036,0,5036,13797196.792731762,1045,0.95,missing,Missing,0,0.0,,,,,,,not_applicable_missing_count,not_applicable
No caries,region,Survey region (2016 boundaries),primary,categorical,percent,2347,2347,0,2347,6258645.299423695,1045,0.95,category,01 Arica and Parinacota,154,6.5615679590967195,,1.4014959665222724,0.15343151726586465,1.1302225259602483,1.7367361183685655,,logit_t,estimated
No caries,region,Survey region (2016 boundaries),primary,categorical,percent,2347,2347,0,2347,6258645.299423695,1045,0.95,category,02 Tarapaca,150,6.391137622496805,,2.170620072329271,0.297563167994583,1.6574490686608268,2.8380911764324788,,logit_t,estimated
No caries,region,Survey region (2016 boundaries),primary,categorical,percent,2347,2347,0,2347,6258645.299423695,1045,0.95,category,03 Antofagasta,133,5.666808691947167,,4.067257926741178,0.5457961106779717,3.121451767827631,5.28401435158879,,logit_t,estimated
No caries,region,Survey region (2016 boundaries),primary,categorical,percent,2347,2347,0,2347,6258645.299423695,1045,0.95,category,04 Atacama,140,5.965061780997018,,1.9573046191822663,0.3962172989779114,1.3138532461378631,2.9066008528640066,,logit_t,estimated
No caries,region,Survey region (2016 boundaries),primary,categorical,percent,2347,2347,0,2347,6258645.299423695,1045,0.95,category,05 Coquimbo,83,3.536429484448232,,3.7371086658066397,0.7049603225737131,2.574850557851044,5.394945261333092,,logit_t,estimated
No caries,region,Survey region (2016 boundaries),primary,categorical,percent,2347,2347,0,2347,6258645.299423695,1045,0.95,category,06 Valparaiso,293,12.484022155943759,,12.625828993114466,1.093410668256023,10.631541679727981,14.931705480862496,,logit_t,estimated
No caries,region,Survey region (2016 boundaries),primary,categorical,percent,2347,2347,0,2347,6258645.299423695,1045,0.95,category,07 Metropolitan,374,15.935236472092033,,42.329887840330144,2.3128267784517402,37.8680404179582,46.920445764449354,,logit_t,estimated
No caries,region,Survey region (2016 boundaries),primary,categorical,percent,2347,2347,0,2347,6258645.299423695,1045,0.95,category,08 O'Higgins,70,2.982530890498509,,2.8156680537343486,0.49925620904497664,1.985155677866397,3.979527608342476,,logit_t,estimated
No caries,region,Survey region (2016 boundaries),primary,categorical,percent,2347,2347,0,2347,6258645.299423695,1045,0.95,category,09 Maule,117,4.985087345547507,,5.96178008860841,1.288818848467051,3.881269571494208,9.052491576735813,,logit_t,estimated
No caries,region,Survey region (2016 boundaries),primary,categorical,percent,2347,2347,0,2347,6258645.299423695,1045,0.95,category,10 Biobio,231,9.842351938645079,,10.127438811216285,1.0698970682789002,8.212632002224128,12.428240488645278,,logit_t,estimated
No caries,region,Survey region (2016 boundaries),primary,categorical,percent,2347,2347,0,2347,6258645.299423695,1045,0.95,category,11 La Araucania,102,4.345973583297827,,5.332656429580501,0.7630340642749495,4.0190422294335,7.044111818396083,,logit_t,estimated
No caries,region,Survey region (2016 boundaries),primary,categorical,percent,2347,2347,0,2347,6258645.299423695,1045,0.95,category,12 Los Rios,112,4.772049424797614,,1.836824259532701,0.25421912095935223,1.399100129579265,2.408150598346429,,logit_t,estimated
No caries,region,Survey region (2016 boundaries),primary,categorical,percent,2347,2347,0,2347,6258645.299423695,1045,0.95,category,13 Los Lagos,97,4.132935662547934,,3.829711473465762,0.64991348710997,2.739575704772376,5.329864012346664,,logit_t,estimated
No caries,region,Survey region (2016 boundaries),primary,categorical,percent,2347,2347,0,2347,6258645.299423695,1045,0.95,category,14 Aysen,162,6.902428632296549,,0.7309367650361456,0.0817963781326227,0.5867361053485507,0.9102527628537659,,logit_t,estimated
No caries,region,Survey region (2016 boundaries),primary,categorical,percent,2347,2347,0,2347,6258645.299423695,1045,0.95,category,15 Magallanes and Antarctica,129,5.496378355347252,,1.0754800347996096,0.13656242497201176,0.8380266783357595,1.3792795247115555,,logit_t,estimated
No caries,region,Survey region (2016 boundaries),primary,categorical,count,2347,2347,0,2347,6258645.299423695,1045,0.95,missing,Missing,0,0.0,,,,,,,not_applicable_missing_count,not_applicable
Caries,region,Survey region (2016 boundaries),primary,categorical,percent,2689,2689,0,2689,7538551.493308067,1045,0.95,category,01 Arica and Parinacota,133,4.946076608404612,,1.255682307652415,0.15618215662547041,0.9834047006720119,1.602126288952168,,logit_t,estimated
Caries,region,Survey region (2016 boundaries),primary,categorical,percent,2689,2689,0,2689,7538551.493308067,1045,0.95,category,02 Tarapaca,121,4.499814057270361,,1.6022801967496596,0.27070150334148335,1.149247812552467,2.229869004240257,,logit_t,estimated
Caries,region,Survey region (2016 boundaries),primary,categorical,percent,2689,2689,0,2689,7538551.493308067,1045,0.95,category,03 Antofagasta,126,4.685756786909632,,2.968341738361342,0.40903185220982674,2.262758481804061,3.885197018342464,,logit_t,estimated
Caries,region,Survey region (2016 boundaries),primary,categorical,percent,2689,2689,0,2689,7538551.493308067,1045,0.95,category,04 Atacama,123,4.57419114912607,,1.5140600328524487,0.2613814003198814,1.0781541697099206,2.122424594147173,,logit_t,estimated
Caries,region,Survey region (2016 boundaries),primary,categorical,percent,2689,2689,0,2689,7538551.493308067,1045,0.95,category,05 Coquimbo,181,6.731126812941614,,4.797169631878957,0.5834407001845876,3.773652522324417,6.080749896266116,,logit_t,estimated
Caries,region,Survey region (2016 boundaries),primary,categorical,percent,2689,2689,0,2689,7538551.493308067,1045,0.95,category,06 Valparaiso,239,8.88806247675716,,8.520777866601982,0.9207522537318273,6.879213858915177,10.509852213285754,,logit_t,estimated
Caries,region,Survey region (2016 boundaries),primary,categorical,percent,2689,2689,0,2689,7538551.493308067,1045,0.95,category,07 Metropolitan,397,14.763852733358126,,39.823597352655895,2.2458246295897744,35.50963698866682,44.301624412480386,,logit_t,estimated
Caries,region,Survey region (2016 boundaries),primary,categorical,percent,2689,2689,0,2689,7538551.493308067,1045,0.95,category,08 O'Higgins,184,6.842692450725177,,6.568447145956176,1.0483445783022922,4.7872946723320595,8.949998965552213,,logit_t,estimated
Caries,region,Survey region (2016 boundaries),primary,categorical,percent,2689,2689,0,2689,7538551.493308067,1045,0.95,category,09 Maule,190,7.065823726292302,,5.7006845473294625,0.6957148572069839,4.479467592757603,7.229637594522425,,logit_t,estimated
Caries,region,Survey region (2016 boundaries),primary,categorical,percent,2689,2689,0,2689,7538551.493308067,1045,0.95,category,10 Biobio,317,11.788769059129788,,13.144942641843299,1.6454302339407436,10.238490164517238,16.72275249065673,,logit_t,estimated
Caries,region,Survey region (2016 boundaries),primary,categorical,percent,2689,2689,0,2689,7538551.493308067,1045,0.95,category,11 La Araucania,139,5.169207883971737,,5.228714296874838,0.7157839166511413,3.9896925474581133,6.825167746427242,,logit_t,estimated
Caries,region,Survey region (2016 boundaries),primary,categorical,percent,2689,2689,0,2689,7538551.493308067,1045,0.95,category,12 Los Rios,142,5.280773521755299,,2.5341640855987873,0.4147612892113165,1.8358320882715946,3.488693900223931,,logit_t,estimated
Caries,region,Survey region (2016 boundaries),primary,categorical,percent,2689,2689,0,2689,7538551.493308067,1045,0.95,category,13 Los Lagos,167,6.210487169951655,,5.11312781233144,0.6462361406279613,3.9839540820907433,6.540542675326468,,logit_t,estimated
Caries,region,Survey region (2016 boundaries),primary,categorical,percent,2689,2689,0,2689,7538551.493308067,1045,0.95,category,14 Aysen,113,4.202305689847527,,0.45122136658700496,0.0888442964313643,0.30652522601381854,0.6637669737712082,,logit_t,estimated
Caries,region,Survey region (2016 boundaries),primary,categorical,percent,2689,2689,0,2689,7538551.493308067,1045,0.95,category,15 Magallanes and Antarctica,117,4.351059873558944,,0.7767889767262914,0.10096069119821943,0.6017841434436528,1.0021738358984535,,logit_t,estimated
Caries,region,Survey region (2016 boundaries),primary,categorical,count,2689,2689,0,2689,7538551.493308067,1045,0.95,missing,Missing,0,0.0,,,,,,,not_applicable_missing_count,not_applicable
Total,region,Survey region (2016 boundaries),primary,categorical,percent,5036,5036,0,5036,13797196.792731762,1045,0.95,category,01 Arica and Parinacota,287,5.698967434471803,,1.321825886263858,0.12270921791730065,1.1014681644878341,1.585561204457073,,logit_t,estimated
Total,region,Survey region (2016 boundaries),primary,categorical,percent,5036,5036,0,5036,13797196.792731762,1045,0.95,category,02 Tarapaca,271,5.381254964257347,,1.860088920087229,0.20468929630962315,1.4982266685710401,2.3073034454016152,,logit_t,estimated
Total,region,Survey region (2016 boundaries),primary,categorical,percent,5036,5036,0,5036,13797196.792731762,1045,0.95,category,03 Antofagasta,259,5.142970611596505,,3.466828984733531,0.33202102103995046,2.871165162401529,4.180752440250269,,logit_t,estimated
Total,region,Survey region (2016 boundaries),primary,categorical,percent,5036,5036,0,5036,13797196.792731762,1045,0.95,category,04 Atacama,263,5.222398729150119,,1.7151233856770958,0.29364590540059804,1.2246392935598776,2.3972850452877137,,logit_t,estimated
Total,region,Survey region (2016 boundaries),primary,categorical,percent,5036,5036,0,5036,13797196.792731762,1045,0.95,category,05 Coquimbo,264,5.242255758538523,,4.316307781310436,0.5313100341037766,3.3859742797702737,5.487741249338608,,logit_t,estimated
Total,region,Survey region (2016 boundaries),primary,categorical,percent,5036,5036,0,5036,13797196.792731762,1045,0.95,category,06 Valparaiso,532,10.563939634630659,,10.382899522384673,0.7760532271582922,8.955809933063472,12.007401615198383,,logit_t,estimated
Total,region,Survey region (2016 boundaries),primary,categorical,percent,5036,5036,0,5036,13797196.792731762,1045,0.95,category,07 Metropolitan,771,15.309769658459095,,40.96049373931438,1.7838006159774085,37.51140140326647,44.500875770036636,,logit_t,estimated
Total,region,Survey region (2016 boundaries),primary,categorical,percent,5036,5036,0,5036,13797196.792731762,1045,0.95,category,08 O'Higgins,254,5.043685464654487,,4.866122131813986,0.6383059808629994,3.7559465110372523,6.283019455167549,,logit_t,estimated
Total,region,Survey region (2016 boundaries),primary,categorical,percent,5036,5036,0,5036,13797196.792731762,1045,0.95,category,09 Maule,307,6.096108022239873,,5.819121966659945,0.6754308541348388,4.626946870826904,7.2949764071604335,,logit_t,estimated
Total,region,Survey region (2016 boundaries),primary,categorical,percent,5036,5036,0,5036,13797196.792731762,1045,0.95,category,10 Biobio,548,10.881652104845115,,11.7761511076459,1.0113832528305078,9.931844452182425,13.910046217152205,,logit_t,estimated
Total,region,Survey region (2016 boundaries),primary,categorical,percent,5036,5036,0,5036,13797196.792731762,1045,0.95,category,11 La Araucania,241,4.7855440826052424,,5.275864232477197,0.5029952425114108,4.371671953875155,6.354643116700073,,logit_t,estimated
Total,region,Survey region (2016 boundaries),primary,categorical,percent,5036,5036,0,5036,13797196.792731762,1045,0.95,category,12 Los Rios,254,5.043685464654487,,2.2178387703863107,0.2507332844922097,1.775668051961358,2.7670155343275016,,logit_t,estimated
Total,region,Survey region (2016 boundaries),primary,categorical,percent,5036,5036,0,5036,13797196.792731762,1045,0.95,category,13 Los Lagos,264,5.242255758538523,,4.5309481306821455,0.5187971384885464,3.6151637625974584,5.665081711149451,,logit_t,estimated
Total,region,Survey region (2016 boundaries),primary,categorical,percent,5036,5036,0,5036,13797196.792731762,1045,0.95,category,14 Aysen,275,5.460683081810961,,0.5781050727469663,0.06638723691877021,0.4614082238930453,0.7241015471046216,,logit_t,estimated
Total,region,Survey region (2016 boundaries),primary,categorical,percent,5036,5036,0,5036,13797196.792731762,1045,0.95,category,15 Magallanes and Antarctica,246,4.884829229547259,,0.9122803678163457,0.07767983840826746,0.7718135509358057,1.0780338178422912,,logit_t,estimated
Total,region,Survey region (2016 boundaries),primary,categorical,count,5036,5036,0,5036,13797196.792731762,1045,0.95,missing,Missing,0,0.0,,,,,,,not_applicable_missing_count,not_applicable
No caries,rural,Urban/rural residence,primary,categorical,percent,2347,2347,0,2347,6258645.299423695,1045,0.95,category,Urban,2018,85.982104814657,,90.12113595354607,1.088847253156061,87.76939949683697,92.06157325564696,,logit_t,estimated
No caries,rural,Urban/rural residence,primary,categorical,percent,2347,2347,0,2347,6258645.299423695,1045,0.95,category,Rural,329,14.017895185342992,,9.878864046453927,1.088847253156061,7.93842674435304,12.230600503163034,,logit_t,estimated
No caries,rural,Urban/rural residence,primary,categorical,count,2347,2347,0,2347,6258645.299423695,1045,0.95,missing,Missing,0,0.0,,,,,,,not_applicable_missing_count,not_applicable
Caries,rural,Urban/rural residence,primary,categorical,percent,2689,2689,0,2689,7538551.493308067,1045,0.95,category,Urban,2258,83.97173670509483,,88.7383710700009,0.9676369096464341,86.69541381776736,90.50199433333391,,logit_t,estimated
Caries,rural,Urban/rural residence,primary,categorical,percent,2689,2689,0,2689,7538551.493308067,1045,0.95,category,Rural,431,16.02826329490517,,11.2616289299991,0.967636909646434,9.498005666666101,13.304586182232644,,logit_t,estimated
Caries,rural,Urban/rural residence,primary,categorical,count,2689,2689,0,2689,7538551.493308067,1045,0.95,missing,Missing,0,0.0,,,,,,,not_applicable_missing_count,not_applicable
Total,rural,Urban/rural residence,primary,categorical,percent,5036,5036,0,5036,13797196.792731762,1045,0.95,category,Urban,4276,84.90865766481335,,89.36561695687317,0.7169609576308614,87.8746031350688,90.6927055203586,,logit_t,estimated
Total,rural,Urban/rural residence,primary,categorical,percent,5036,5036,0,5036,13797196.792731762,1045,0.95,category,Rural,760,15.091342335186656,,10.63438304312684,0.7169609576308614,9.307294479641413,12.125396864931224,,logit_t,estimated
Total,rural,Urban/rural residence,primary,categorical,count,5036,5036,0,5036,13797196.792731762,1045,0.95,missing,Missing,0,0.0,,,,,,,not_applicable_missing_count,not_applicable
No caries,education,"Low <8, intermediate 8–12, high >=13 years of schooling",primary,categorical,percent,2347,2331,16,2331,6230088.150970936,1045,0.95,category,High,654,28.056628056628057,,32.936336996552946,2.2821282220535672,28.62226839687191,37.558491021086596,,logit_t,estimated
No caries,education,"Low <8, intermediate 8–12, high >=13 years of schooling",primary,categorical,percent,2347,2331,16,2331,6230088.150970936,1045,0.95,category,Intermediate,1275,54.6975546975547,,54.890111532476496,2.2069052443541834,50.533480519573246,59.17304133359503,,logit_t,estimated
No caries,education,"Low <8, intermediate 8–12, high >=13 years of schooling",primary,categorical,percent,2347,2331,16,2331,6230088.150970936,1045,0.95,category,Low,402,17.245817245817246,,12.173551470970562,1.276594043621553,9.882122631302185,14.908409291850697,,logit_t,estimated
No caries,education,"Low <8, intermediate 8–12, high >=13 years of schooling",primary,categorical,count,2347,2331,16,2347,6258645.299423695,1045,0.95,missing,Missing,16,0.6817213463996591,,,,,,,not_applicable_missing_count,not_applicable
Caries,education,"Low <8, intermediate 8–12, high >=13 years of schooling",primary,categorical,percent,2689,2667,22,2667,7496852.998221397,1045,0.95,category,High,525,19.68503937007874,,25.51180350033016,1.822825666428718,22.102203181967546,29.2498849349809,,logit_t,estimated
Caries,education,"Low <8, intermediate 8–12, high >=13 years of schooling",primary,categorical,percent,2689,2667,22,2667,7496852.998221397,1045,0.95,category,Intermediate,1536,57.592800899887514,,59.192658782548676,1.8892515357971738,55.439918343858594,62.84118406693883,,logit_t,estimated
Caries,education,"Low <8, intermediate 8–12, high >=13 years of schooling",primary,categorical,percent,2689,2667,22,2667,7496852.998221397,1045,0.95,category,Low,606,22.722159730033745,,15.295537717121164,1.1957433225469858,13.093611626518758,17.791948760648683,,logit_t,estimated
Caries,education,"Low <8, intermediate 8–12, high >=13 years of schooling",primary,categorical,count,2689,2667,22,2689,7538551.493308067,1045,0.95,missing,Missing,22,0.8181480104127928,,,,,,,not_applicable_missing_count,not_applicable
Total,education,"Low <8, intermediate 8–12, high >=13 years of schooling",primary,categorical,percent,5036,4998,38,4998,13726941.149192333,1045,0.95,category,High,1179,23.589435774309724,,28.881490720416036,1.5872689158363231,25.869128277853214,32.09277232443498,,logit_t,estimated
Total,education,"Low <8, intermediate 8–12, high >=13 years of schooling",primary,categorical,percent,5036,4998,38,4998,13726941.149192333,1045,0.95,category,Intermediate,2811,56.24249699879952,,57.23991138235716,1.552859994628331,54.169119903048845,60.25591208433669,,logit_t,estimated
Total,education,"Low <8, intermediate 8–12, high >=13 years of schooling",primary,categorical,percent,5036,4998,38,4998,13726941.149192333,1045,0.95,category,Low,1008,20.168067226890756,,13.878597897226802,0.9443117355610766,12.127215446879328,15.837324998720362,,logit_t,estimated
Total,education,"Low <8, intermediate 8–12, high >=13 years of schooling",primary,categorical,count,5036,4998,38,5036,13797196.792731762,1045,0.95,missing,Missing,38,0.7545671167593329,,,,,,,not_applicable_missing_count,not_applicable
No caries,indigenous,Self-reported membership/ancestry of a recognized indigenous people,primary,categorical,percent,2347,2347,0,2347,6258645.299423695,1045,0.95,category,No,2070,88.19769919045591,,91.61634702782476,0.875434317736722,89.73090261568164,93.18192044643729,,logit_t,estimated
No caries,indigenous,Self-reported membership/ancestry of a recognized indigenous people,primary,categorical,percent,2347,2347,0,2347,6258645.299423695,1045,0.95,category,Yes,277,11.802300809544098,,8.383652972175234,0.875434317736722,6.818079553562708,10.269097384318346,,logit_t,estimated
No caries,indigenous,Self-reported membership/ancestry of a recognized indigenous people,primary,categorical,count,2347,2347,0,2347,6258645.299423695,1045,0.95,missing,Missing,0,0.0,,,,,,,not_applicable_missing_count,not_applicable
Caries,indigenous,Self-reported membership/ancestry of a recognized indigenous people,primary,categorical,percent,2689,2689,0,2689,7538551.493308067,1045,0.95,category,No,2362,87.83934548159166,,91.15883952014354,0.8453867245865728,89.3534126592247,92.68317610176017,,logit_t,estimated
Caries,indigenous,Self-reported membership/ancestry of a recognized indigenous people,primary,categorical,percent,2689,2689,0,2689,7538551.493308067,1045,0.95,category,Yes,327,12.16065451840833,,8.841160479856462,0.8453867245865729,7.316823898239844,10.646587340775286,,logit_t,estimated
Caries,indigenous,Self-reported membership/ancestry of a recognized indigenous people,primary,categorical,count,2689,2689,0,2689,7538551.493308067,1045,0.95,missing,Missing,0,0.0,,,,,,,not_applicable_missing_count,not_applicable
Total,indigenous,Self-reported membership/ancestry of a recognized indigenous people,primary,categorical,percent,5036,5036,0,5036,13797196.792731762,1045,0.95,category,No,4432,88.00635424940428,,91.36637277892177,0.6223694533255747,90.06435166151363,92.51195585259298,,logit_t,estimated
Total,indigenous,Self-reported membership/ancestry of a recognized indigenous people,primary,categorical,percent,5036,5036,0,5036,13797196.792731762,1045,0.95,category,Yes,604,11.99364575059571,,8.633627221078232,0.6223694533255746,7.488044147407015,9.935648338486374,,logit_t,estimated
Total,indigenous,Self-reported membership/ancestry of a recognized indigenous people,primary,categorical,count,5036,5036,0,5036,13797196.792731762,1045,0.95,missing,Missing,0,0.0,,,,,,,not_applicable_missing_count,not_applicable
No caries,born_chile,Born in Chile,primary,categorical,percent,2347,2347,0,2347,6258645.299423695,1045,0.95,category,Yes,2274,96.88964635705156,,96.46819259969426,0.8759226120922642,94.2834104702864,97.83714314297443,,logit_t,estimated
No caries,born_chile,Born in Chile,primary,categorical,percent,2347,2347,0,2347,6258645.299423695,1045,0.95,category,No,73,3.1103536429484446,,3.531807400305736,0.8759226120922642,2.162856857025572,5.716589529713591,,logit_t,estimated
No caries,born_chile,Born in Chile,primary,categorical,count,2347,2347,0,2347,6258645.299423695,1045,0.95,missing,Missing,0,0.0,,,,,,,not_applicable_missing_count,not_applicable
Caries,born_chile,Born in Chile,primary,categorical,percent,2689,2689,0,2689,7538551.493308067,1045,0.95,category,Yes,2631,97.84306433618445,,96.26278469705592,1.4422424870751098,92.14409518546152,98.26283927779201,,logit_t,estimated
Caries,born_chile,Born in Chile,primary,categorical,percent,2689,2689,0,2689,7538551.493308067,1045,0.95,category,No,58,2.156935663815545,,3.737215302944083,1.4422424870751098,1.737160722207988,7.855904814538473,,logit_t,estimated
Caries,born_chile,Born in Chile,primary,categorical,count,2689,2689,0,2689,7538551.493308067,1045,0.95,missing,Missing,0,0.0,,,,,,,not_applicable_missing_count,not_applicable
Total,born_chile,Born in Chile,primary,categorical,percent,5036,5036,0,5036,13797196.792731762,1045,0.95,category,Yes,4905,97.39872915011914,,96.35596124759908,0.9834720240299413,93.8506031872461,97.86383123447871,,logit_t,estimated
Total,born_chile,Born in Chile,primary,categorical,percent,5036,5036,0,5036,13797196.792731762,1045,0.95,category,No,131,2.6012708498808577,,3.6440387524009172,0.9834720240299413,2.1361687655212878,6.149396812753917,,logit_t,estimated
Total,born_chile,Born in Chile,primary,categorical,count,5036,5036,0,5036,13797196.792731762,1045,0.95,missing,Missing,0,0.0,,,,,,,not_applicable_missing_count,not_applicable
No caries,teeth_remaining,"Total remaining teeth, upper plus lower jaw",primary,numeric,teeth,2347,2347,0,2347,6258645.299423695,1045,0.95,mean,Mean,2347,,22.232637409458885,24.445726342131742,0.2205561082451344,24.012943054894716,24.878509629368768,7.035110384615012,linearized_t,estimated
No caries,teeth_remaining,"Total remaining teeth, upper plus lower jaw",primary,numeric,count,2347,2347,0,2347,6258645.299423695,1045,0.95,missing,Missing,0,0.0,,,,,,,not_applicable_missing_count,not_applicable
Caries,teeth_remaining,"Total remaining teeth, upper plus lower jaw",primary,numeric,teeth,2689,2689,0,2689,7538551.493308067,1045,0.95,mean,Mean,2689,,21.12420974339903,23.082961840006938,0.2117707025434862,22.667417598151708,23.498506081862168,7.0117264385274165,linearized_t,estimated
Caries,teeth_remaining,"Total remaining teeth, upper plus lower jaw",primary,numeric,count,2689,2689,0,2689,7538551.493308067,1045,0.95,missing,Missing,0,0.0,,,,,,,not_applicable_missing_count,not_applicable
Total,teeth_remaining,"Total remaining teeth, upper plus lower jaw",primary,numeric,teeth,5036,5036,0,5036,13797196.792731762,1045,0.95,mean,Mean,5036,,21.64078633836378,23.701135210552607,0.15921450404409293,23.38871866954513,24.013551751560083,7.055040319091192,linearized_t,estimated
Total,teeth_remaining,"Total remaining teeth, upper plus lower jaw",primary,numeric,count,5036,5036,0,5036,13797196.792731762,1045,0.95,missing,Missing,0,0.0,,,,,,,not_applicable_missing_count,not_applicable
No caries,fish,Fish/seafood consumption frequency,primary,categorical,percent,2347,2347,0,2347,6258645.299423695,1045,0.95,category,More than once/week,227,9.671921602045163,,8.140613486807279,0.9023076814500048,6.536539015849671,10.095809040413126,,logit_t,estimated
No caries,fish,Fish/seafood consumption frequency,primary,categorical,percent,2347,2347,0,2347,6258645.299423695,1045,0.95,category,Once/week,777,33.106092884533446,,36.72752528953477,1.9136247256586563,33.05919120664465,40.556296050244356,,logit_t,estimated
No caries,fish,Fish/seafood consumption frequency,primary,categorical,percent,2347,2347,0,2347,6258645.299423695,1045,0.95,category,Less than three times/month,559,23.81763953983809,,23.051065207727355,1.5343726387289127,20.17855547358182,26.198279462518027,,logit_t,estimated
No caries,fish,Fish/seafood consumption frequency,primary,categorical,percent,2347,2347,0,2347,6258645.299423695,1045,0.95,category,Less than once/month or never,784,33.4043459735833,,32.08079601593059,1.7023500198803854,28.835877868771302,35.50866702304012,,logit_t,estimated
No caries,fish,Fish/seafood consumption frequency,primary,categorical,count,2347,2347,0,2347,6258645.299423695,1045,0.95,missing,Missing,0,0.0,,,,,,,not_applicable_missing_count,not_applicable
Caries,fish,Fish/seafood consumption frequency,primary,categorical,percent,2689,2689,0,2689,7538551.493308067,1045,0.95,category,More than once/week,265,9.854964670881369,,9.534240476479752,0.9791584017248176,7.778425133594642,11.63638469594425,,logit_t,estimated
Caries,fish,Fish/seafood consumption frequency,primary,categorical,percent,2689,2689,0,2689,7538551.493308067,1045,0.95,category,Once/week,877,32.61435477872815,,34.59997594563061,1.7676997382306836,31.217791472181233,38.1453754537229,,logit_t,estimated
Caries,fish,Fish/seafood consumption frequency,primary,categorical,percent,2689,2689,0,2689,7538551.493308067,1045,0.95,category,Less than three times/month,611,22.72220156191893,,22.935280732249286,1.4856054974824222,20.15077326089313,25.97937352801796,,logit_t,estimated
Caries,fish,Fish/seafood consumption frequency,primary,categorical,percent,2689,2689,0,2689,7538551.493308067,1045,0.95,category,Less than once/month or never,936,34.80847898847155,,32.93050284564035,1.730577221852027,29.627880150251766,36.410790341591316,,logit_t,estimated
Caries,fish,Fish/seafood consumption frequency,primary,categorical,count,2689,2689,0,2689,7538551.493308067,1045,0.95,missing,Missing,0,0.0,,,,,,,not_applicable_missing_count,not_applicable
Total,fish,Fish/seafood consumption frequency,primary,categorical,percent,5036,5036,0,5036,13797196.792731762,1045,0.95,category,More than once/week,492,9.769658459094519,,8.902067351815878,0.6559929461549775,7.696057254966629,10.276025523453706,,logit_t,estimated
Total,fish,Fish/seafood consumption frequency,primary,categorical,percent,5036,5036,0,5036,13797196.792731762,1045,0.95,category,Once/week,1654,32.84352660841938,,35.56506884823618,1.3293795016394065,33.00140335480472,38.21429621415547,,logit_t,estimated
Total,fish,Fish/seafood consumption frequency,primary,categorical,percent,5036,5036,0,5036,13797196.792731762,1045,0.95,category,Less than three times/month,1170,23.23272438443209,,22.98780255781162,1.0898211528182344,20.91932338689041,25.19564631354901,,logit_t,estimated
Total,fish,Fish/seafood consumption frequency,primary,categorical,percent,5036,5036,0,5036,13797196.792731762,1045,0.95,category,Less than once/month or never,1720,34.15409054805401,,32.54506124213632,1.3109529492546927,30.02704284570028,35.1681099702169,,logit_t,estimated
Total,fish,Fish/seafood consumption frequency,primary,categorical,count,5036,5036,0,5036,13797196.792731762,1045,0.95,missing,Missing,0,0.0,,,,,,,not_applicable_missing_count,not_applicable
No caries,dairy_frequency,Dairy consumption frequency,primary,categorical,percent,2347,2347,0,2347,6258645.299423695,1045,0.95,category,At least three times/day,152,6.476352790796762,,5.739866664870111,0.7947919659014787,4.365185938042456,7.513449321057419,,logit_t,estimated
No caries,dairy_frequency,Dairy consumption frequency,primary,categorical,percent,2347,2347,0,2347,6258645.299423695,1045,0.95,category,Less than three times/day,183,7.797187899446102,,10.589007120553688,1.3753699782408584,8.17743391930512,13.60638280508092,,logit_t,estimated
No caries,dairy_frequency,Dairy consumption frequency,primary,categorical,percent,2347,2347,0,2347,6258645.299423695,1045,0.95,category,Once/day,891,37.96335747763102,,36.31334249679593,1.859939184704477,32.74810307955352,40.03565970789792,,logit_t,estimated
No caries,dairy_frequency,Dairy consumption frequency,primary,categorical,percent,2347,2347,0,2347,6258645.299423695,1045,0.95,category,Every other day,419,17.852577758841075,,19.031851631348616,1.4197315575189218,16.40048429011101,21.97443362579011,,logit_t,estimated
No caries,dairy_frequency,Dairy consumption frequency,primary,categorical,percent,2347,2347,0,2347,6258645.299423695,1045,0.95,category,At least once/week,426,18.150830847890923,,17.348351213667385,1.3701637097887363,14.821845594737052,20.20337157445909,,logit_t,estimated
No caries,dairy_frequency,Dairy consumption frequency,primary,categorical,percent,2347,2347,0,2347,6258645.299423695,1045,0.95,category,At least once/month,107,4.559011504047721,,4.974364981490855,0.7999842560707235,3.619604983293779,6.800412374542882,,logit_t,estimated
No caries,dairy_frequency,Dairy consumption frequency,primary,categorical,percent,2347,2347,0,2347,6258645.299423695,1045,0.95,category,Never,169,7.2006817213464,,6.003215891273409,0.8572035516822089,4.525854528213789,7.922808967504329,,logit_t,estimated
No caries,dairy_frequency,Dairy consumption frequency,primary,categorical,count,2347,2347,0,2347,6258645.299423695,1045,0.95,missing,Missing,0,0.0,,,,,,,not_applicable_missing_count,not_applicable
Caries,dairy_frequency,Dairy consumption frequency,primary,categorical,percent,2689,2689,0,2689,7538551.493308067,1045,0.95,category,At least three times/day,155,5.764224618817404,,6.579198058796034,0.8689865997836161,5.066012984649607,8.5038749040406,,logit_t,estimated
Caries,dairy_frequency,Dairy consumption frequency,primary,categorical,percent,2689,2689,0,2689,7538551.493308067,1045,0.95,category,Less than three times/day,210,7.809594644849386,,6.839090900417477,0.8414882795628448,5.361436843452484,8.686617353973922,,logit_t,estimated
Caries,dairy_frequency,Dairy consumption frequency,primary,categorical,percent,2689,2689,0,2689,7538551.493308067,1045,0.95,category,Once/day,870,32.354034957233175,,31.65270551887079,1.548050639811347,28.69608761223657,34.76542415435328,,logit_t,estimated
Caries,dairy_frequency,Dairy consumption frequency,primary,categorical,percent,2689,2689,0,2689,7538551.493308067,1045,0.95,category,Every other day,494,18.371141688359984,,19.72374710773704,1.6236422574776186,16.730237804414834,23.10426384222305,,logit_t,estimated
Caries,dairy_frequency,Dairy consumption frequency,primary,categorical,percent,2689,2689,0,2689,7538551.493308067,1045,0.95,category,At least once/week,551,20.490888806247675,,19.834912909833843,1.337419211360093,17.340430289552916,22.590167713461675,,logit_t,estimated
Caries,dairy_frequency,Dairy consumption frequency,primary,categorical,percent,2689,2689,0,2689,7538551.493308067,1045,0.95,category,At least once/month,173,6.43361844551878,,6.540774412509307,0.9079239493283381,4.9693523807582345,8.564332502650213,,logit_t,estimated
Caries,dairy_frequency,Dairy consumption frequency,primary,categorical,percent,2689,2689,0,2689,7538551.493308067,1045,0.95,category,Never,236,8.776496838973596,,8.829571091835508,1.003342394624401,7.048937288594678,11.006747678284672,,logit_t,estimated
Caries,dairy_frequency,Dairy consumption frequency,primary,categorical,count,2689,2689,0,2689,7538551.493308067,1045,0.95,missing,Missing,0,0.0,,,,,,,not_applicable_missing_count,not_applicable
Total,dairy_frequency,Dairy consumption frequency,primary,categorical,percent,5036,5036,0,5036,13797196.792731762,1045,0.95,category,At least three times/day,307,6.096108022239873,,6.198462931061935,0.604355690439638,5.113282034525054,7.495756016930634,,logit_t,estimated
Total,dairy_frequency,Dairy consumption frequency,primary,categorical,percent,5036,5036,0,5036,13797196.792731762,1045,0.95,category,Less than three times/day,393,7.803812549642574,,8.54011726663932,0.8283806981414508,7.04869806721182,10.312093539434517,,logit_t,estimated
Total,dairy_frequency,Dairy consumption frequency,primary,categorical,percent,5036,5036,0,5036,13797196.792731762,1045,0.95,category,Once/day,1761,34.968228752978554,,33.76685045370114,1.252629316742894,31.3543633982929,36.26689212830563,,logit_t,estimated
Total,dairy_frequency,Dairy consumption frequency,primary,categorical,percent,5036,5036,0,5036,13797196.792731762,1045,0.95,category,Every other day,913,18.12946783161239,,19.409891442992727,1.0561736869337846,17.42094663802577,21.566609311301683,,logit_t,estimated
Total,dairy_frequency,Dairy consumption frequency,primary,categorical,percent,5036,5036,0,5036,13797196.792731762,1045,0.95,category,At least once/week,977,19.400317712470216,,18.706965841655663,1.0077993390994786,16.80931869117039,20.765368868669054,,logit_t,estimated
Total,dairy_frequency,Dairy consumption frequency,primary,categorical,percent,5036,5036,0,5036,13797196.792731762,1045,0.95,category,At least once/month,280,5.559968228752979,,5.830224206573198,0.6097762258128702,4.742687294352904,7.148427818123501,,logit_t,estimated
Total,dairy_frequency,Dairy consumption frequency,primary,categorical,percent,5036,5036,0,5036,13797196.792731762,1045,0.95,category,Never,405,8.042096902303415,,7.547487857376015,0.6865787545469547,6.305879764598969,9.010055482212023,,logit_t,estimated
Total,dairy_frequency,Dairy consumption frequency,primary,categorical,count,5036,5036,0,5036,13797196.792731762,1045,0.95,missing,Missing,0,0.0,,,,,,,not_applicable_missing_count,not_applicable
No caries,dairy_type,"Usual dairy fat content, with structural category for nonconsumers",primary,categorical,percent,2347,2347,0,2347,6258645.299423695,1045,0.95,category,Reduced fat,1023,43.587558585428205,,42.762822016987975,1.9209278172306243,39.042322565059315,46.567020236059676,,logit_t,estimated
No caries,dairy_type,"Usual dairy fat content, with structural category for nonconsumers",primary,categorical,percent,2347,2347,0,2347,6258645.299423695,1045,0.95,category,Full fat,1155,49.211759693225396,,51.23396209173862,1.9075221921047911,47.49103057587495,54.96310636347436,,logit_t,estimated
No caries,dairy_type,"Usual dairy fat content, with structural category for nonconsumers",primary,categorical,percent,2347,2347,0,2347,6258645.299423695,1045,0.95,category,No dairy,169,7.2006817213464,,6.003215891273409,0.8572035516822089,4.525854528213789,7.922808967504329,,logit_t,estimated
No caries,dairy_type,"Usual dairy fat content, with structural category for nonconsumers",primary,categorical,count,2347,2347,0,2347,6258645.299423695,1045,0.95,missing,Missing,0,0.0,,,,,,,not_applicable_missing_count,not_applicable
Caries,dairy_type,"Usual dairy fat content, with structural category for nonconsumers",primary,categorical,percent,2689,2689,0,2689,7538551.493308067,1045,0.95,category,Reduced fat,1040,38.676087764968386,,36.965920592093376,1.7063953990182619,33.68467067033191,40.372212119613785,,logit_t,estimated
Caries,dairy_type,"Usual dairy fat content, with structural category for nonconsumers",primary,categorical,percent,2689,2689,0,2689,7538551.493308067,1045,0.95,category,Full fat,1413,52.547415396058014,,54.20450831607112,1.7473641715012038,50.76124207848536,57.60807442893447,,logit_t,estimated
Caries,dairy_type,"Usual dairy fat content, with structural category for nonconsumers",primary,categorical,percent,2689,2689,0,2689,7538551.493308067,1045,0.95,category,No dairy,236,8.776496838973596,,8.829571091835508,1.003342394624401,7.048937288594678,11.006747678284672,,logit_t,estimated
Caries,dairy_type,"Usual dairy fat content, with structural category for nonconsumers",primary,categorical,count,2689,2689,0,2689,7538551.493308067,1045,0.95,missing,Missing,0,0.0,,,,,,,not_applicable_missing_count,not_applicable
Total,dairy_type,"Usual dairy fat content, with structural category for nonconsumers",primary,categorical,percent,5036,5036,0,5036,13797196.792731762,1045,0.95,category,Reduced fat,2063,40.96505162827641,,39.59549458448953,1.3150556628379308,37.04613415466074,42.20268326213198,,logit_t,estimated
Total,dairy_type,"Usual dairy fat content, with structural category for nonconsumers",primary,categorical,percent,5036,5036,0,5036,13797196.792731762,1045,0.95,category,Full fat,2568,50.992851469420174,,52.85701755813446,1.3151787527160517,50.27098480608196,55.42780544939638,,logit_t,estimated
Total,dairy_type,"Usual dairy fat content, with structural category for nonconsumers",primary,categorical,percent,5036,5036,0,5036,13797196.792731762,1045,0.95,category,No dairy,405,8.042096902303415,,7.547487857376015,0.6865787545469547,6.305879764598969,9.010055482212023,,logit_t,estimated
Total,dairy_type,"Usual dairy fat content, with structural category for nonconsumers",primary,categorical,count,5036,5036,0,5036,13797196.792731762,1045,0.95,missing,Missing,0,0.0,,,,,,,not_applicable_missing_count,not_applicable
No caries,wholegrain,Wholegrain consumption frequency,primary,categorical,percent,2347,2347,0,2347,6258645.299423695,1045,0.95,category,More than once/day,63,2.684277801448658,,4.016673868835201,0.8461746159655253,2.648345332192033,6.048059149857876,,logit_t,estimated
No caries,wholegrain,Wholegrain consumption frequency,primary,categorical,percent,2347,2347,0,2347,6258645.299423695,1045,0.95,category,Daily,385,16.403919897741797,,17.698446148225976,1.5003806104868636,14.943576334874962,20.836765733626006,,logit_t,estimated
No caries,wholegrain,Wholegrain consumption frequency,primary,categorical,percent,2347,2347,0,2347,6258645.299423695,1045,0.95,category,Every other day,213,9.075415423945461,,8.282396779624994,0.9993732308547485,6.5208670125689965,10.46650187076775,,logit_t,estimated
No caries,wholegrain,Wholegrain consumption frequency,primary,categorical,percent,2347,2347,0,2347,6258645.299423695,1045,0.95,category,At least once/week,278,11.844908393694077,,11.876007216644267,1.1220895845793821,9.844620649185122,14.260258616997252,,logit_t,estimated
No caries,wholegrain,Wholegrain consumption frequency,primary,categorical,percent,2347,2347,0,2347,6258645.299423695,1045,0.95,category,At least once/month,209,8.904985087345548,,9.076929153065537,1.0167813657845846,7.269381321208288,11.279258971079638,,logit_t,estimated
No caries,wholegrain,Wholegrain consumption frequency,primary,categorical,percent,2347,2347,0,2347,6258645.299423695,1045,0.95,category,Never,1199,51.086493395824455,,49.049546833604026,1.969421055617847,45.19840766462301,52.91200036662035,,logit_t,estimated
No caries,wholegrain,Wholegrain consumption frequency,primary,categorical,count,2347,2347,0,2347,6258645.299423695,1045,0.95,missing,Missing,0,0.0,,,,,,,not_applicable_missing_count,not_applicable
Caries,wholegrain,Wholegrain consumption frequency,primary,categorical,percent,2689,2689,0,2689,7538551.493308067,1045,0.95,category,More than once/day,53,1.9709929341762737,,2.945545432989545,0.6547690752974166,1.8994951625629,4.540989361698724,,logit_t,estimated
Caries,wholegrain,Wholegrain consumption frequency,primary,categorical,percent,2689,2689,0,2689,7538551.493308067,1045,0.95,category,Daily,326,12.123465972480476,,12.85428432547024,1.1916550981913285,10.691519705770608,15.379210867962364,,logit_t,estimated
Caries,wholegrain,Wholegrain consumption frequency,primary,categorical,percent,2689,2689,0,2689,7538551.493308067,1045,0.95,category,Every other day,203,7.5492748233544065,,7.324892682625654,0.8844820624054316,5.767702207882102,9.26118176464054,,logit_t,estimated
Caries,wholegrain,Wholegrain consumption frequency,primary,categorical,percent,2689,2689,0,2689,7538551.493308067,1045,0.95,category,At least once/week,314,11.677203421346226,,11.941599638641282,1.0960096930875747,9.952705432988258,14.264980968953589,,logit_t,estimated
Caries,wholegrain,Wholegrain consumption frequency,primary,categorical,percent,2689,2689,0,2689,7538551.493308067,1045,0.95,category,At least once/month,228,8.478988471550762,,8.774809828870488,0.8943725484853838,7.1711946058399745,10.695706209627383,,logit_t,estimated
Caries,wholegrain,Wholegrain consumption frequency,primary,categorical,percent,2689,2689,0,2689,7538551.493308067,1045,0.95,category,Never,1565,58.20007437709186,,56.158868091402795,1.7717087401732017,52.6577237940664,59.599741240333096,,logit_t,estimated
Caries,wholegrain,Wholegrain consumption frequency,primary,categorical,count,2689,2689,0,2689,7538551.493308067,1045,0.95,missing,Missing,0,0.0,,,,,,,not_applicable_missing_count,not_applicable
Total,wholegrain,Wholegrain consumption frequency,primary,categorical,percent,5036,5036,0,5036,13797196.792731762,1045,0.95,category,More than once/day,116,2.3034154090548054,,3.431427677824668,0.5357722486572497,2.522082164904016,4.6529905162909735,,logit_t,estimated
Total,wholegrain,Wholegrain consumption frequency,primary,categorical,percent,5036,5036,0,5036,13797196.792731762,1045,0.95,category,Daily,711,14.118347895154885,,15.051679280190978,1.0262308105350595,13.146755422583151,17.1780292989091,,logit_t,estimated
Total,wholegrain,Wholegrain consumption frequency,primary,categorical,percent,5036,5036,0,5036,13797196.792731762,1045,0.95,category,Every other day,416,8.260524225575853,,7.75923297695419,0.6852003074176556,6.516937916208574,9.214997630960802,,logit_t,estimated
Total,wholegrain,Wholegrain consumption frequency,primary,categorical,percent,5036,5036,0,5036,13797196.792731762,1045,0.95,category,At least once/week,592,11.75536139793487,,11.911845790104042,0.7451525135387158,10.525502908940977,13.453332216607594,,logit_t,estimated
Total,wholegrain,Wholegrain consumption frequency,primary,categorical,percent,5036,5036,0,5036,13797196.792731762,1045,0.95,category,At least once/month,437,8.677521842732327,,8.91185634032088,0.6780613653691333,7.667897764420347,10.335032711713025,,logit_t,estimated
Total,wholegrain,Wholegrain consumption frequency,primary,categorical,percent,5036,5036,0,5036,13797196.792731762,1045,0.95,category,Never,2764,54.88482922954726,,52.933957934605246,1.440635057839729,50.10069803020476,55.74843651540916,,logit_t,estimated
Total,wholegrain,Wholegrain consumption frequency,primary,categorical,count,5036,5036,0,5036,13797196.792731762,1045,0.95,missing,Missing,0,0.0,,,,,,,not_applicable_missing_count,not_applicable
No caries,legumes,Legume consumption frequency,primary,categorical,percent,2347,2347,0,2347,6258645.299423695,1045,0.95,category,At least twice/week,594,25.308904985087345,,22.001660528791593,1.75798060011944,18.746256062127134,25.643968908539815,,logit_t,estimated
No caries,legumes,Legume consumption frequency,primary,categorical,percent,2347,2347,0,2347,6258645.299423695,1045,0.95,category,At least once/week,1209,51.51256923732424,,50.68205359596784,2.038907189359424,46.6854011280196,54.670007734492266,,logit_t,estimated
No caries,legumes,Legume consumption frequency,primary,categorical,percent,2347,2347,0,2347,6258645.299423695,1045,0.95,category,One to three times/month,255,10.864933958244567,,14.078392419556602,1.421023118208672,11.51372098001959,17.103917211187916,,logit_t,estimated
No caries,legumes,Legume consumption frequency,primary,categorical,percent,2347,2347,0,2347,6258645.299423695,1045,0.95,category,Less than once/month or never,289,12.313591819343843,,13.237893455683972,1.388642752517699,10.742388095020013,16.207848028034284,,logit_t,estimated
No caries,legumes,Legume consumption frequency,primary,categorical,count,2347,2347,0,2347,6258645.299423695,1045,0.95,missing,Missing,0,0.0,,,,,,,not_applicable_missing_count,not_applicable
Caries,legumes,Legume consumption frequency,primary,categorical,percent,2689,2689,0,2689,7538551.493308067,1045,0.95,category,At least twice/week,709,26.366679062848643,,25.110048747011355,1.3789532198956687,22.502114971011046,27.911376727925237,,logit_t,estimated
Caries,legumes,Legume consumption frequency,primary,categorical,percent,2689,2689,0,2689,7538551.493308067,1045,0.95,category,At least once/week,1326,49.312011900334696,,48.58354241404456,1.6723416142569019,45.312800684818704,51.86646137736797,,logit_t,estimated
Caries,legumes,Legume consumption frequency,primary,categorical,percent,2689,2689,0,2689,7538551.493308067,1045,0.95,category,One to three times/month,342,12.718482707326144,,14.147069781708932,1.247964874968991,11.8705363988895,16.77708332294167,,logit_t,estimated
Caries,legumes,Legume consumption frequency,primary,categorical,percent,2689,2689,0,2689,7538551.493308067,1045,0.95,category,Less than once/month or never,312,11.602826329490517,,12.159339057235158,1.0807340177410927,10.192882175887053,14.444156344291908,,logit_t,estimated
Caries,legumes,Legume consumption frequency,primary,categorical,count,2689,2689,0,2689,7538551.493308067,1045,0.95,missing,Missing,0,0.0,,,,,,,not_applicable_missing_count,not_applicable
Total,legumes,Legume consumption frequency,primary,categorical,percent,5036,5036,0,5036,13797196.792731762,1045,0.95,category,At least twice/week,1303,25.873709293089753,,23.70003049453608,1.0878434012758917,21.63202742453768,25.900393804295614,,logit_t,estimated
Total,legumes,Legume consumption frequency,primary,categorical,percent,5036,5036,0,5036,13797196.792731762,1045,0.95,category,At least once/week,2535,50.33756949960286,,49.53546310792427,1.298630628975095,46.990650782475825,52.08268461842024,,logit_t,estimated
Total,legumes,Legume consumption frequency,primary,categorical,percent,5036,5036,0,5036,13797196.792731762,1045,0.95,category,One to three times/month,597,11.854646544876886,,14.115916551363044,0.9329058958081348,12.382547044888462,16.047490090078202,,logit_t,estimated
Total,legumes,Legume consumption frequency,primary,categorical,percent,5036,5036,0,5036,13797196.792731762,1045,0.95,category,Less than once/month or never,601,11.9340746624305,,12.648589846176606,0.8933838736381919,10.9969066487791,14.507910668003184,,logit_t,estimated
Total,legumes,Legume consumption frequency,primary,categorical,count,5036,5036,0,5036,13797196.792731762,1045,0.95,missing,Missing,0,0.0,,,,,,,not_applicable_missing_count,not_applicable
No caries,fruit_days,Fruit consumption days in a typical week,primary,numeric,days/week,2347,2347,0,2347,6258645.299423695,1045,0.95,mean,Mean,2347,,4.367703451214316,4.389043583202011,0.10182052693215586,4.189247609721523,4.588839556682499,2.4857810098081368,linearized_t,estimated
No caries,fruit_days,Fruit consumption days in a typical week,primary,numeric,count,2347,2347,0,2347,6258645.299423695,1045,0.95,missing,Missing,0,0.0,,,,,,,not_applicable_missing_count,not_applicable
Caries,fruit_days,Fruit consumption days in a typical week,primary,numeric,days/week,2689,2689,0,2689,7538551.493308067,1045,0.95,mean,Mean,2689,,4.213090368166605,4.225539907313734,0.08737843106633103,4.054082744184655,4.396997070442812,2.551953888576218,linearized_t,estimated
Caries,fruit_days,Fruit consumption days in a typical week,primary,numeric,count,2689,2689,0,2689,7538551.493308067,1045,0.95,missing,Missing,0,0.0,,,,,,,not_applicable_missing_count,not_applicable
Total,fruit_days,Fruit consumption days in a typical week,primary,numeric,days/week,5036,5036,0,5036,13797196.792731762,1045,0.95,mean,Mean,5036,,4.285146942017474,4.2997079813007435,0.06682719802478178,4.16857720161787,4.430838760983617,2.52346508520419,linearized_t,estimated
Total,fruit_days,Fruit consumption days in a typical week,primary,numeric,count,5036,5036,0,5036,13797196.792731762,1045,0.95,missing,Missing,0,0.0,,,,,,,not_applicable_missing_count,not_applicable
No caries,fruit_portions,Fruit portions on a consumption day; zero for nonconsumers,primary,numeric,portions/consumption day,2347,2347,0,2347,6258645.299423695,1045,0.95,mean,Mean,2347,,1.9230592245419684,1.8995097409786155,0.062487526974062464,1.7768944230428732,2.022125058914358,1.8353234131892546,linearized_t,estimated
No caries,fruit_portions,Fruit portions on a consumption day; zero for nonconsumers,primary,numeric,count,2347,2347,0,2347,6258645.299423695,1045,0.95,missing,Missing,0,0.0,,,,,,,not_applicable_missing_count,not_applicable
Caries,fruit_portions,Fruit portions on a consumption day; zero for nonconsumers,primary,numeric,portions/consumption day,2689,2689,0,2689,7538551.493308067,1045,0.95,mean,Mean,2689,,1.900409074005206,2.005058043755884,0.08747685976336865,1.8334077402263815,2.1767083472853863,2.274433377464459,linearized_t,estimated
Caries,fruit_portions,Fruit portions on a consumption day; zero for nonconsumers,primary,numeric,count,2689,2689,0,2689,7538551.493308067,1045,0.95,missing,Missing,0,0.0,,,,,,,not_applicable_missing_count,not_applicable
Total,fruit_portions,Fruit portions on a consumption day; zero for nonconsumers,primary,numeric,portions/consumption day,5036,5036,0,5036,13797196.792731762,1045,0.95,mean,Mean,5036,,1.9109650516282761,1.957179521838512,0.0597530196486243,1.8399299544988108,2.074429089178213,2.0873894815475262,linearized_t,estimated
Total,fruit_portions,Fruit portions on a consumption day; zero for nonconsumers,primary,numeric,count,5036,5036,0,5036,13797196.792731762,1045,0.95,missing,Missing,0,0.0,,,,,,,not_applicable_missing_count,not_applicable
No caries,vegetable_days,Vegetable consumption days in a typical week,primary,numeric,days/week,2347,2347,0,2347,6258645.299423695,1045,0.95,mean,Mean,2347,,5.553898593949723,5.563187369842888,0.0777705321949982,5.410583178368327,5.715791561317449,2.0561013335877636,linearized_t,estimated
No caries,vegetable_days,Vegetable consumption days in a typical week,primary,numeric,count,2347,2347,0,2347,6258645.299423695,1045,0.95,missing,Missing,0,0.0,,,,,,,not_applicable_missing_count,not_applicable
Caries,vegetable_days,Vegetable consumption days in a typical week,primary,numeric,days/week,2689,2689,0,2689,7538551.493308067,1045,0.95,mean,Mean,2689,,5.319821494979546,5.347559128079933,0.08184033189873371,5.186969026316181,5.508149229843685,2.2156836890043667,linearized_t,estimated
Caries,vegetable_days,Vegetable consumption days in a typical week,primary,numeric,count,2689,2689,0,2689,7538551.493308067,1045,0.95,missing,Missing,0,0.0,,,,,,,not_applicable_missing_count,not_applicable
Total,vegetable_days,Vegetable consumption days in a typical week,primary,numeric,days/week,5036,5036,0,5036,13797196.792731762,1045,0.95,mean,Mean,5036,,5.428911834789515,5.44537179988611,0.05813770026798495,5.3312918714970285,5.559451728275191,2.147451176671444,linearized_t,estimated
Total,vegetable_days,Vegetable consumption days in a typical week,primary,numeric,count,5036,5036,0,5036,13797196.792731762,1045,0.95,missing,Missing,0,0.0,,,,,,,not_applicable_missing_count,not_applicable
No caries,vegetable_portions,Vegetable portions on a consumption day; zero for nonconsumers,primary,numeric,portions/consumption day,2347,2347,0,2347,6258645.299423695,1045,0.95,mean,Mean,2347,,1.842011077971879,1.880710336973281,0.08050265346012139,1.722745076917768,2.038675597028794,1.5671398603503868,linearized_t,estimated
No caries,vegetable_portions,Vegetable portions on a consumption day; zero for nonconsumers,primary,numeric,count,2347,2347,0,2347,6258645.299423695,1045,0.95,missing,Missing,0,0.0,,,,,,,not_applicable_missing_count,not_applicable
Caries,vegetable_portions,Vegetable portions on a consumption day; zero for nonconsumers,primary,numeric,portions/consumption day,2689,2689,0,2689,7538551.493308067,1045,0.95,mean,Mean,2689,,1.8284492376348085,1.7938223773966613,0.049537415503802425,1.6966182432942678,1.8910265114990548,1.3266496200328772,linearized_t,estimated
Caries,vegetable_portions,Vegetable portions on a consumption day; zero for nonconsumers,primary,numeric,count,2689,2689,0,2689,7538551.493308067,1045,0.95,missing,Missing,0,0.0,,,,,,,not_applicable_missing_count,not_applicable
Total,vegetable_portions,Vegetable portions on a consumption day; zero for nonconsumers,primary,numeric,portions/consumption day,5036,5036,0,5036,13797196.792731762,1045,0.95,mean,Mean,5036,,1.8347696584590945,1.8332362473261818,0.049000850731142125,1.7370849803058888,1.929387514346475,1.441372712544565,linearized_t,estimated
Total,vegetable_portions,Vegetable portions on a consumption day; zero for nonconsumers,primary,numeric,count,5036,5036,0,5036,13797196.792731762,1045,0.95,missing,Missing,0,0.0,,,,,,,not_applicable_missing_count,not_applicable
No caries,label_ingredients,Frequency of checking/considering package ingredients,primary,categorical,percent,2347,2347,0,2347,6258645.299423695,1045,0.95,category,Always,599,25.52194290583724,,22.57949850150919,1.4183266885256753,19.918203159855917,25.483222237753544,,logit_t,estimated
No caries,label_ingredients,Frequency of checking/considering package ingredients,primary,categorical,percent,2347,2347,0,2347,6258645.299423695,1045,0.95,category,Almost always,228,9.714529186195143,,10.866279397672002,1.2364324803337834,8.667167774936862,13.540645695222208,,logit_t,estimated
No caries,label_ingredients,Frequency of checking/considering package ingredients,primary,categorical,percent,2347,2347,0,2347,6258645.299423695,1045,0.95,category,Sometimes,266,11.333617383894333,,11.184310184430561,1.0013585100984752,9.365021370389101,13.305139598871229,,logit_t,estimated
No caries,label_ingredients,Frequency of checking/considering package ingredients,primary,categorical,percent,2347,2347,0,2347,6258645.299423695,1045,0.95,category,Rarely,244,10.396250532594802,,11.07192432546755,1.199228217092792,8.92837670742976,13.652950138577404,,logit_t,estimated
No caries,label_ingredients,Frequency of checking/considering package ingredients,primary,categorical,percent,2347,2347,0,2347,6258645.299423695,1045,0.95,category,Never,1010,43.03365999147848,,44.2979875909207,1.8119132037674313,40.77759739782328,47.87660272645364,,logit_t,estimated
No caries,label_ingredients,Frequency of checking/considering package ingredients,primary,categorical,count,2347,2347,0,2347,6258645.299423695,1045,0.95,missing,Missing,0,0.0,,,,,,,not_applicable_missing_count,not_applicable
Caries,label_ingredients,Frequency of checking/considering package ingredients,primary,categorical,percent,2689,2689,0,2689,7538551.493308067,1045,0.95,category,Always,564,20.97433990330978,,19.518856148645135,1.4580502635574915,16.81536814180797,22.53922597481896,,logit_t,estimated
Caries,label_ingredients,Frequency of checking/considering package ingredients,primary,categorical,percent,2689,2689,0,2689,7538551.493308067,1045,0.95,category,Almost always,234,8.702119747117887,,8.512730240742536,0.9236474829463399,6.866661923484767,10.508867487703123,,logit_t,estimated
Caries,label_ingredients,Frequency of checking/considering package ingredients,primary,categorical,percent,2689,2689,0,2689,7538551.493308067,1045,0.95,category,Sometimes,283,10.524358497582744,,11.294365533279814,1.100119417040557,9.308926554750062,13.639578706279803,,logit_t,estimated
Caries,label_ingredients,Frequency of checking/considering package ingredients,primary,categorical,percent,2689,2689,0,2689,7538551.493308067,1045,0.95,category,Rarely,320,11.900334696913351,,11.818476017036419,1.0716615450876534,9.87216739632174,14.088520011708402,,logit_t,estimated
Caries,label_ingredients,Frequency of checking/considering package ingredients,primary,categorical,percent,2689,2689,0,2689,7538551.493308067,1045,0.95,category,Never,1288,47.89884715507624,,48.85557206029609,1.888544773892469,45.16283398112208,52.56084370329741,,logit_t,estimated
Caries,label_ingredients,Frequency of checking/considering package ingredients,primary,categorical,count,2689,2689,0,2689,7538551.493308067,1045,0.95,missing,Missing,0,0.0,,,,,,,not_applicable_missing_count,not_applicable
Total,label_ingredients,Frequency of checking/considering package ingredients,primary,categorical,percent,5036,5036,0,5036,13797196.792731762,1045,0.95,category,Always,1163,23.093725178713264,,20.907216057018744,1.0555787303724284,18.91126485837436,23.053934580891603,,logit_t,estimated
Total,label_ingredients,Frequency of checking/considering package ingredients,primary,categorical,percent,5036,5036,0,5036,13797196.792731762,1045,0.95,category,Almost always,462,9.173947577442414,,9.580340537910933,0.81087852626973,8.103035790616081,11.293879570001453,,logit_t,estimated
Total,label_ingredients,Frequency of checking/considering package ingredients,primary,categorical,percent,5036,5036,0,5036,13797196.792731762,1045,0.95,category,Sometimes,549,10.90150913423352,,11.244442537898994,0.7589754977196248,9.839039437109086,12.822043862720514,,logit_t,estimated
Total,label_ingredients,Frequency of checking/considering package ingredients,primary,categorical,percent,5036,5036,0,5036,13797196.792731762,1045,0.95,category,Rarely,564,11.19936457505957,,11.4798273548911,0.8613777804149048,9.894805342326016,13.281325334823837,,logit_t,estimated
Total,label_ingredients,Frequency of checking/considering package ingredients,primary,categorical,percent,5036,5036,0,5036,13797196.792731762,1045,0.95,category,Never,2298,45.631453534551234,,46.78817351228023,1.3538210344131052,44.143229502470035,49.45129127703009,,logit_t,estimated
Total,label_ingredients,Frequency of checking/considering package ingredients,primary,categorical,count,5036,5036,0,5036,13797196.792731762,1045,0.95,missing,Missing,0,0.0,,,,,,,not_applicable_missing_count,not_applicable
No caries,label_nutrition,Frequency of checking/considering package nutrition,primary,categorical,percent,2347,2347,0,2347,6258645.299423695,1045,0.95,category,Always,580,24.712398806987643,,23.26809802219902,1.484583676218615,20.482660730082223,26.307009949728887,,logit_t,estimated
No caries,label_nutrition,Frequency of checking/considering package nutrition,primary,categorical,percent,2347,2347,0,2347,6258645.299423695,1045,0.95,category,Almost always,231,9.842351938645079,,10.698952055199937,1.1867247383632342,8.583420246403856,13.260261082003474,,logit_t,estimated
No caries,label_nutrition,Frequency of checking/considering package nutrition,primary,categorical,percent,2347,2347,0,2347,6258645.299423695,1045,0.95,category,Sometimes,264,11.248402215594377,,11.18198284890299,1.1518523583829923,9.1134333849759,13.649534866324325,,logit_t,estimated
No caries,label_nutrition,Frequency of checking/considering package nutrition,primary,categorical,percent,2347,2347,0,2347,6258645.299423695,1045,0.95,category,Rarely,229,9.757136770345122,,10.622201779885764,1.1872071462772047,8.507546487875242,13.186723005904511,,logit_t,estimated
No caries,label_nutrition,Frequency of checking/considering package nutrition,primary,categorical,percent,2347,2347,0,2347,6258645.299423695,1045,0.95,category,Never,1043,44.43971026842778,,44.22876529381229,1.964042398104868,40.416970501313806,48.109784447363594,,logit_t,estimated
No caries,label_nutrition,Frequency of checking/considering package nutrition,primary,categorical,count,2347,2347,0,2347,6258645.299423695,1045,0.95,missing,Missing,0,0.0,,,,,,,not_applicable_missing_count,not_applicable
Caries,label_nutrition,Frequency of checking/considering package nutrition,primary,categorical,percent,2689,2689,0,2689,7538551.493308067,1045,0.95,category,Always,555,20.639642989959093,,19.618896199901506,1.4717375534327977,16.890421346961432,22.667912926697316,,logit_t,estimated
Caries,label_nutrition,Frequency of checking/considering package nutrition,primary,categorical,percent,2689,2689,0,2689,7538551.493308067,1045,0.95,category,Almost always,218,8.107103012272221,,7.673416424738678,0.8967886482554941,6.088474802668804,9.628645078297039,,logit_t,estimated
Caries,label_nutrition,Frequency of checking/considering package nutrition,primary,categorical,percent,2689,2689,0,2689,7538551.493308067,1045,0.95,category,Sometimes,278,10.338415767943474,,11.291873090700436,1.1011903227848128,9.304705465599845,13.639607996338368,,logit_t,estimated
Caries,label_nutrition,Frequency of checking/considering package nutrition,primary,categorical,percent,2689,2689,0,2689,7538551.493308067,1045,0.95,category,Rarely,318,11.825957605057642,,12.384155855810253,1.215119042710269,10.18999487443767,14.972012309135401,,logit_t,estimated
Caries,label_nutrition,Frequency of checking/considering package nutrition,primary,categorical,percent,2689,2689,0,2689,7538551.493308067,1045,0.95,category,Never,1320,49.08888062476757,,49.03165842884913,1.8222534018102037,45.466984206929844,52.60620732038177,,logit_t,estimated
Caries,label_nutrition,Frequency of checking/considering package nutrition,primary,categorical,count,2689,2689,0,2689,7538551.493308067,1045,0.95,missing,Missing,0,0.0,,,,,,,not_applicable_missing_count,not_applicable
Total,label_nutrition,Frequency of checking/considering package nutrition,primary,categorical,percent,5036,5036,0,5036,13797196.792731762,1045,0.95,category,Always,1135,22.537728355837967,,21.274236786461966,1.074980133271,19.241113771342196,23.459784238912704,,logit_t,estimated
Total,label_nutrition,Frequency of checking/considering package nutrition,primary,categorical,percent,5036,5036,0,5036,13797196.792731762,1045,0.95,category,Almost always,449,8.91580619539317,,9.045851321209854,0.747928988651996,7.681521578844475,10.62461436853189,,logit_t,estimated
Total,label_nutrition,Frequency of checking/considering package nutrition,primary,categorical,percent,5036,5036,0,5036,13797196.792731762,1045,0.95,category,Sometimes,542,10.762509928514694,,11.242024990712443,0.8078197014790657,9.751779878500164,12.927384544672277,,logit_t,estimated
Total,label_nutrition,Frequency of checking/considering package nutrition,primary,categorical,percent,5036,5036,0,5036,13797196.792731762,1045,0.95,category,Rarely,547,10.861795075456712,,11.584903242345003,0.9030345249284705,9.927231326170924,13.47795802759757,,logit_t,estimated
Total,label_nutrition,Frequency of checking/considering package nutrition,primary,categorical,percent,5036,5036,0,5036,13797196.792731762,1045,0.95,category,Never,2363,46.922160444797456,,46.852983659270734,1.345803906028428,44.22343792871085,49.500123628798434,,logit_t,estimated
Total,label_nutrition,Frequency of checking/considering package nutrition,primary,categorical,count,5036,5036,0,5036,13797196.792731762,1045,0.95,missing,Missing,0,0.0,,,,,,,not_applicable_missing_count,not_applicable
No caries,label_warnings,Frequency of checking/considering package warnings,primary,categorical,percent,2347,2347,0,2347,6258645.299423695,1045,0.95,category,Always,797,33.95824456753302,,34.15331241137222,1.9894126846345657,30.363376332152058,38.15709600624128,,logit_t,estimated
No caries,label_warnings,Frequency of checking/considering package warnings,primary,categorical,percent,2347,2347,0,2347,6258645.299423695,1045,0.95,category,Almost always,244,10.396250532594802,,10.944410500691076,1.2027465096167673,8.797819346929307,13.537011760168543,,logit_t,estimated
No caries,label_warnings,Frequency of checking/considering package warnings,primary,categorical,percent,2347,2347,0,2347,6258645.299423695,1045,0.95,category,Sometimes,253,10.77971878994461,,11.149881026143097,1.1101900534437743,9.150301392948165,13.52138709363635,,logit_t,estimated
No caries,label_warnings,Frequency of checking/considering package warnings,primary,categorical,percent,2347,2347,0,2347,6258645.299423695,1045,0.95,category,Rarely,203,8.649339582445675,,8.574291122358952,1.0480753928492652,6.728852746770385,10.866886892974792,,logit_t,estimated
No caries,label_warnings,Frequency of checking/considering package warnings,primary,categorical,percent,2347,2347,0,2347,6258645.299423695,1045,0.95,category,Never,850,36.21644652748189,,35.178104939434654,1.8869228245131264,31.57026734980512,38.96348233025477,,logit_t,estimated
No caries,label_warnings,Frequency of checking/considering package warnings,primary,categorical,count,2347,2347,0,2347,6258645.299423695,1045,0.95,missing,Missing,0,0.0,,,,,,,not_applicable_missing_count,not_applicable
Caries,label_warnings,Frequency of checking/considering package warnings,primary,categorical,percent,2689,2689,0,2689,7538551.493308067,1045,0.95,category,Always,773,28.746746002231312,,27.621388490758576,1.6474006381975879,24.508227947149475,30.967779674329233,,logit_t,estimated
Caries,label_warnings,Frequency of checking/considering package warnings,primary,categorical,percent,2689,2689,0,2689,7538551.493308067,1045,0.95,category,Almost always,275,10.22685013015991,,10.278158120334213,1.1104446850839023,8.2945932260691,12.67053305751171,,logit_t,estimated
Caries,label_warnings,Frequency of checking/considering package warnings,primary,categorical,percent,2689,2689,0,2689,7538551.493308067,1045,0.95,category,Sometimes,241,8.962439568612867,,9.683110044854876,1.037522391226426,7.829570305097147,11.918707193375456,,logit_t,estimated
Caries,label_warnings,Frequency of checking/considering package warnings,primary,categorical,percent,2689,2689,0,2689,7538551.493308067,1045,0.95,category,Rarely,245,9.111193752324285,,9.055351071449182,0.9764545881027835,7.31313435372905,11.162632059790651,,logit_t,estimated
Caries,label_warnings,Frequency of checking/considering package warnings,primary,categorical,percent,2689,2689,0,2689,7538551.493308067,1045,0.95,category,Never,1155,42.95277054667162,,43.36199227260315,1.7885194851910449,39.89131912167936,46.89902495982507,,logit_t,estimated
Caries,label_warnings,Frequency of checking/considering package warnings,primary,categorical,count,2689,2689,0,2689,7538551.493308067,1045,0.95,missing,Missing,0,0.0,,,,,,,not_applicable_missing_count,not_applicable
Total,label_warnings,Frequency of checking/considering package warnings,primary,categorical,percent,5036,5036,0,5036,13797196.792731762,1045,0.95,category,Always,1570,31.175536139793486,,30.584381304159447,1.3255723666645811,28.046829998153484,33.245440200982706,,logit_t,estimated
Total,label_warnings,Frequency of checking/considering package warnings,primary,categorical,percent,5036,5036,0,5036,13797196.792731762,1045,0.95,category,Almost always,519,10.305798252581415,,10.580381636544908,0.8290871193214102,9.060298187977656,12.320942966351883,,logit_t,estimated
Total,label_warnings,Frequency of checking/considering package warnings,primary,categorical,percent,5036,5036,0,5036,13797196.792731762,1045,0.95,category,Sometimes,494,9.809372517871326,,10.348462539660671,0.7398103340648907,8.984205583224002,11.892813208627436,,logit_t,estimated
Total,label_warnings,Frequency of checking/considering package warnings,primary,categorical,percent,5036,5036,0,5036,13797196.792731762,1045,0.95,category,Rarely,448,8.895949166004765,,8.837134020961027,0.7543604295873159,7.464569620300556,10.433624846906808,,logit_t,estimated
Total,label_warnings,Frequency of checking/considering package warnings,primary,categorical,percent,5036,5036,0,5036,13797196.792731762,1045,0.95,category,Never,2005,39.81334392374901,,39.649640498673946,1.3228859900133296,37.085134334593235,42.272332509031656,,logit_t,estimated
Total,label_warnings,Frequency of checking/considering package warnings,primary,categorical,count,5036,5036,0,5036,13797196.792731762,1045,0.95,missing,Missing,0,0.0,,,,,,,not_applicable_missing_count,not_applicable
No caries,label_health,Frequency of checking/considering package health,primary,categorical,percent,2347,2347,0,2347,6258645.299423695,1045,0.95,category,Always,620,26.416702172986792,,23.471301373778033,1.399213193718742,20.837634580698815,26.327134417576975,,logit_t,estimated
No caries,label_health,Frequency of checking/considering package health,primary,categorical,percent,2347,2347,0,2347,6258645.299423695,1045,0.95,category,Almost always,257,10.950149126544526,,11.288548811600577,1.1899854499581157,9.155690741010714,13.84255579734882,,logit_t,estimated
No caries,label_health,Frequency of checking/considering package health,primary,categorical,percent,2347,2347,0,2347,6258645.299423695,1045,0.95,category,Sometimes,247,10.524073285044738,,10.634005912171625,1.0906322330728326,8.67579275296575,12.971428609051708,,logit_t,estimated
No caries,label_health,Frequency of checking/considering package health,primary,categorical,percent,2347,2347,0,2347,6258645.299423695,1045,0.95,category,Rarely,230,9.7997443544951,,11.12160963907191,1.3188996741376247,8.7848135932377,13.984702417889421,,logit_t,estimated
No caries,label_health,Frequency of checking/considering package health,primary,categorical,percent,2347,2347,0,2347,6258645.299423695,1045,0.95,category,Never,993,42.30933106092885,,43.48453426337785,1.7752775454798266,40.038612183884325,46.99459102091098,,logit_t,estimated
No caries,label_health,Frequency of checking/considering package health,primary,categorical,count,2347,2347,0,2347,6258645.299423695,1045,0.95,missing,Missing,0,0.0,,,,,,,not_applicable_missing_count,not_applicable
Caries,label_health,Frequency of checking/considering package health,primary,categorical,percent,2689,2689,0,2689,7538551.493308067,1045,0.95,category,Always,603,22.424693194496093,,21.453932428988313,1.4939354061536534,18.667854070110206,24.530407471957673,,logit_t,estimated
Caries,label_health,Frequency of checking/considering package health,primary,categorical,percent,2689,2689,0,2689,7538551.493308067,1045,0.95,category,Almost always,242,8.999628114540721,,9.087328943995477,0.9722010427969628,7.351349199301177,11.183765804803325,,logit_t,estimated
Caries,label_health,Frequency of checking/considering package health,primary,categorical,percent,2689,2689,0,2689,7538551.493308067,1045,0.95,category,Sometimes,256,9.52026775753068,,10.799785011911718,1.119288986939396,8.791637923234664,13.200239424317978,,logit_t,estimated
Caries,label_health,Frequency of checking/considering package health,primary,categorical,percent,2689,2689,0,2689,7538551.493308067,1045,0.95,category,Rarely,295,10.970621048716994,,10.581821585246011,1.011150155726512,8.755362144065915,12.736116088137726,,logit_t,estimated
Caries,label_health,Frequency of checking/considering package health,primary,categorical,percent,2689,2689,0,2689,7538551.493308067,1045,0.95,category,Never,1293,48.084789884715505,,48.07713202985848,1.8398941948558662,44.48308155952738,51.69119318281581,,logit_t,estimated
Caries,label_health,Frequency of checking/considering package health,primary,categorical,count,2689,2689,0,2689,7538551.493308067,1045,0.95,missing,Missing,0,0.0,,,,,,,not_applicable_missing_count,not_applicable
Total,label_health,Frequency of checking/considering package health,primary,categorical,percent,5036,5036,0,5036,13797196.792731762,1045,0.95,category,Always,1223,24.285146942017473,,22.369045611266237,1.0217652063738931,20.428173427092702,24.437686829332577,,logit_t,estimated
Total,label_health,Frequency of checking/considering package health,primary,categorical,percent,5036,5036,0,5036,13797196.792731762,1045,0.95,category,Almost always,499,9.908657664813344,,10.085840060734938,0.7617220509998157,8.686392069376804,11.681906647815557,,logit_t,estimated
Total,label_health,Frequency of checking/considering package health,primary,categorical,percent,5036,5036,0,5036,13797196.792731762,1045,0.95,category,Sometimes,503,9.988085782366959,,10.724584766606991,0.7926465118126358,9.265524069414328,12.382052389850259,,logit_t,estimated
Total,label_health,Frequency of checking/considering package health,primary,categorical,percent,5036,5036,0,5036,13797196.792731762,1045,0.95,category,Rarely,525,10.424940428911835,,10.82667871213299,0.8845483255849536,9.209248768232813,12.68847917541093,,logit_t,estimated
Total,label_health,Frequency of checking/considering package health,primary,categorical,percent,5036,5036,0,5036,13797196.792731762,1045,0.95,category,Never,2286,45.393169181890386,,45.99385084925884,1.3353668263204563,43.38697887599824,48.6228293671929,,logit_t,estimated
Total,label_health,Frequency of checking/considering package health,primary,categorical,count,5036,5036,0,5036,13797196.792731762,1045,0.95,missing,Missing,0,0.0,,,,,,,not_applicable_missing_count,not_applicable
No caries,label_brand,Frequency of checking/considering package brand,primary,categorical,percent,2347,2347,0,2347,6258645.299423695,1045,0.95,category,Always,838,35.70515551768215,,36.10873379085345,1.8362890728962842,32.58901595025701,39.784243017792036,,logit_t,estimated
No caries,label_brand,Frequency of checking/considering package brand,primary,categorical,percent,2347,2347,0,2347,6258645.299423695,1045,0.95,category,Almost always,281,11.972731146144014,,14.694537099989688,1.4445043477134107,12.07993833833485,17.760724367057264,,logit_t,estimated
No caries,label_brand,Frequency of checking/considering package brand,primary,categorical,percent,2347,2347,0,2347,6258645.299423695,1045,0.95,category,Sometimes,250,10.651896037494675,,10.061235222214233,1.1248887115151656,8.058925014214195,12.493435121643534,,logit_t,estimated
No caries,label_brand,Frequency of checking/considering package brand,primary,categorical,percent,2347,2347,0,2347,6258645.299423695,1045,0.95,category,Rarely,199,8.478909245845761,,8.514347337813351,1.085979369685039,6.611241105811856,10.901331952050281,,logit_t,estimated
No caries,label_brand,Frequency of checking/considering package brand,primary,categorical,percent,2347,2347,0,2347,6258645.299423695,1045,0.95,category,Never,779,33.191308052833406,,30.62114654912928,1.6932682466098956,27.402657010258952,34.04040356250981,,logit_t,estimated
No caries,label_brand,Frequency of checking/considering package brand,primary,categorical,count,2347,2347,0,2347,6258645.299423695,1045,0.95,missing,Missing,0,0.0,,,,,,,not_applicable_missing_count,not_applicable
Caries,label_brand,Frequency of checking/considering package brand,primary,categorical,percent,2689,2689,0,2689,7538551.493308067,1045,0.95,category,Always,863,32.093715135738194,,35.083628207692,1.7971274209297456,31.643560263057697,38.68602395035938,,logit_t,estimated
Caries,label_brand,Frequency of checking/considering package brand,primary,categorical,percent,2689,2689,0,2689,7538551.493308067,1045,0.95,category,Almost always,295,10.970621048716994,,11.145734610888578,1.1315760774057364,9.1110773477787,13.566941103778953,,logit_t,estimated
Caries,label_brand,Frequency of checking/considering package brand,primary,categorical,percent,2689,2689,0,2689,7538551.493308067,1045,0.95,category,Sometimes,269,10.003718854592785,,9.293573596871644,0.9896165708650573,7.525330676094005,11.425967548342882,,logit_t,estimated
Caries,label_brand,Frequency of checking/considering package brand,primary,categorical,percent,2689,2689,0,2689,7538551.493308067,1045,0.95,category,Rarely,252,9.371513573819264,,8.718444527668904,0.9395198877273422,7.042628718145101,10.746924191150503,,logit_t,estimated
Caries,label_brand,Frequency of checking/considering package brand,primary,categorical,percent,2689,2689,0,2689,7538551.493308067,1045,0.95,category,Never,1010,37.560431387132766,,35.75861905687887,1.6323145362896923,32.622974184769184,39.02110564176835,,logit_t,estimated
Caries,label_brand,Frequency of checking/considering package brand,primary,categorical,count,2689,2689,0,2689,7538551.493308067,1045,0.95,missing,Missing,0,0.0,,,,,,,not_applicable_missing_count,not_applicable
Total,label_brand,Frequency of checking/considering package brand,primary,categorical,percent,5036,5036,0,5036,13797196.792731762,1045,0.95,category,Always,1701,33.77680698967434,,35.54863369654943,1.327777703455345,32.9880575679062,38.19468089548115,,logit_t,estimated
Total,label_brand,Frequency of checking/considering package brand,primary,categorical,percent,5036,5036,0,5036,13797196.792731762,1045,0.95,category,Almost always,576,11.437648927720414,,12.75553233651761,0.9087547593325052,11.076156063072741,14.647594509321493,,logit_t,estimated
Total,label_brand,Frequency of checking/considering package brand,primary,categorical,percent,5036,5036,0,5036,13797196.792731762,1045,0.95,category,Sometimes,519,10.305798252581415,,9.641798087336934,0.7208027070424925,8.317114091182768,11.151804168502668,,logit_t,estimated
Total,label_brand,Frequency of checking/considering package brand,primary,categorical,percent,5036,5036,0,5036,13797196.792731762,1045,0.95,category,Rarely,451,8.955520254169976,,8.625862538942908,0.7323963422668063,7.292971408474188,10.175619656274474,,logit_t,estimated
Total,label_brand,Frequency of checking/considering package brand,primary,categorical,percent,5036,5036,0,5036,13797196.792731762,1045,0.95,category,Never,1789,35.524225575853855,,33.42817334065312,1.1971045530408408,31.12165865883488,35.81674035126078,,logit_t,estimated
Total,label_brand,Frequency of checking/considering package brand,primary,categorical,count,5036,5036,0,5036,13797196.792731762,1045,0.95,missing,Missing,0,0.0,,,,,,,not_applicable_missing_count,not_applicable
No caries,label_discounts,Frequency of checking/considering package discounts,primary,categorical,percent,2347,2347,0,2347,6258645.299423695,1045,0.95,category,Always,989,42.13890072432893,,42.737971888693934,1.8898758919249483,39.07687860174981,46.48037990413083,,logit_t,estimated
No caries,label_discounts,Frequency of checking/considering package discounts,primary,categorical,percent,2347,2347,0,2347,6258645.299423695,1045,0.95,category,Almost always,282,12.015338730293992,,15.048316862650267,1.3760076970420223,12.542550573822151,17.95193166408876,,logit_t,estimated
No caries,label_discounts,Frequency of checking/considering package discounts,primary,categorical,percent,2347,2347,0,2347,6258645.299423695,1045,0.95,category,Sometimes,241,10.268427780144865,,10.036019937081104,1.1758465713624267,7.952807530105304,12.590283155471083,,logit_t,estimated
No caries,label_discounts,Frequency of checking/considering package discounts,primary,categorical,percent,2347,2347,0,2347,6258645.299423695,1045,0.95,category,Rarely,171,7.285896889646357,,6.451245995930514,0.9815843876509772,4.772668853494454,8.666460997201481,,logit_t,estimated
No caries,label_discounts,Frequency of checking/considering package discounts,primary,categorical,percent,2347,2347,0,2347,6258645.299423695,1045,0.95,category,Never,664,28.291435875585854,,25.726445315644174,1.6920994940113372,22.548194279418514,29.18388111005566,,logit_t,estimated
No caries,label_discounts,Frequency of checking/considering package discounts,primary,categorical,count,2347,2347,0,2347,6258645.299423695,1045,0.95,missing,Missing,0,0.0,,,,,,,not_applicable_missing_count,not_applicable
Caries,label_discounts,Frequency of checking/considering package discounts,primary,categorical,percent,2689,2689,0,2689,7538551.493308067,1045,0.95,category,Always,1152,42.84120490888806,,43.93864173280028,1.7848990652805234,40.47196282454878,47.465492074301515,,logit_t,estimated
Caries,label_discounts,Frequency of checking/considering package discounts,primary,categorical,percent,2689,2689,0,2689,7538551.493308067,1045,0.95,category,Almost always,315,11.71439196727408,,14.523459465273666,1.3005281498718202,12.15274955290559,17.265743139195838,,logit_t,estimated
Caries,label_discounts,Frequency of checking/considering package discounts,primary,categorical,percent,2689,2689,0,2689,7538551.493308067,1045,0.95,category,Sometimes,230,8.553365563406471,,7.8786109157916675,0.8737469079396366,6.325830677047023,9.772781881096954,,logit_t,estimated
Caries,label_discounts,Frequency of checking/considering package discounts,primary,categorical,percent,2689,2689,0,2689,7538551.493308067,1045,0.95,category,Rarely,198,7.363332093715136,,5.751948425071989,0.7487058290561298,4.447238572261075,7.409745596427718,,logit_t,estimated
Caries,label_discounts,Frequency of checking/considering package discounts,primary,categorical,percent,2689,2689,0,2689,7538551.493308067,1045,0.95,category,Never,794,29.527705466716252,,27.907339461062403,1.5915958135510466,24.893653318145372,31.134627064477726,,logit_t,estimated
Caries,label_discounts,Frequency of checking/considering package discounts,primary,categorical,count,2689,2689,0,2689,7538551.493308067,1045,0.95,missing,Missing,0,0.0,,,,,,,not_applicable_missing_count,not_applicable
Total,label_discounts,Frequency of checking/considering package discounts,primary,categorical,percent,5036,5036,0,5036,13797196.792731762,1045,0.95,category,Always,2141,42.51389992057188,,43.39399728154953,1.3019904710501542,40.85888691077724,45.96415320732581,,logit_t,estimated
Total,label_discounts,Frequency of checking/considering package discounts,primary,categorical,percent,5036,5036,0,5036,13797196.792731762,1045,0.95,category,Almost always,597,11.854646544876886,,14.761543790104728,0.9892739350281543,12.923900628187296,16.81003782386717,,logit_t,estimated
Total,label_discounts,Frequency of checking/considering package discounts,primary,categorical,percent,5036,5036,0,5036,13797196.792731762,1045,0.95,category,Sometimes,471,9.352660841938047,,8.857248680612154,0.704961462295721,7.567993053744036,10.34156401219567,,logit_t,estimated
Total,label_discounts,Frequency of checking/considering package discounts,primary,categorical,percent,5036,5036,0,5036,13797196.792731762,1045,0.95,category,Rarely,369,7.32724384432089,,6.069161806927766,0.6060783814214555,4.983338779399896,7.373216293751403,,logit_t,estimated
Total,label_discounts,Frequency of checking/considering package discounts,primary,categorical,percent,5036,5036,0,5036,13797196.792731762,1045,0.95,category,Never,1458,28.951548848292294,,26.91804844080582,1.1277222632462967,24.763405144681965,29.187436524714144,,logit_t,estimated
Total,label_discounts,Frequency of checking/considering package discounts,primary,categorical,count,5036,5036,0,5036,13797196.792731762,1045,0.95,missing,Missing,0,0.0,,,,,,,not_applicable_missing_count,not_applicable
No caries,water,Self-reported glasses of water per day; water source/fluoride exposure not identified,primary,numeric,glasses/day,2347,2346,1,2346,6254150.536240101,1045,0.95,mean,Mean,2346,,4.27152600170503,4.306777469196116,0.11512348554515418,4.08087794227374,4.532676996118492,3.1650830744221006,linearized_t,estimated
No caries,water,Self-reported glasses of water per day; water source/fluoride exposure not identified,primary,numeric,count,2347,2346,1,2347,6258645.299423695,1045,0.95,missing,Missing,1,0.04260758414997869,,,,,,,not_applicable_missing_count,not_applicable
Caries,water,Self-reported glasses of water per day; water source/fluoride exposure not identified,primary,numeric,glasses/day,2689,2686,3,2686,7532494.698019981,1045,0.95,mean,Mean,2686,,4.100148920327625,4.131689300223626,0.10994801804628879,3.915945265502164,4.347433334945088,3.2566206853524804,linearized_t,estimated
Caries,water,Self-reported glasses of water per day; water source/fluoride exposure not identified,primary,numeric,count,2689,2686,3,2689,7538551.493308067,1045,0.95,missing,Missing,3,0.11156563778356267,,,,,,,not_applicable_missing_count,not_applicable
Total,water,Self-reported glasses of water per day; water source/fluoride exposure not identified,primary,numeric,glasses/day,5036,5032,4,5032,13786645.234260082,1045,0.95,mean,Mean,5032,,4.180047694753577,4.211116002460616,0.08424733881264328,4.045802783423475,4.376429221497758,3.2165999629562196,linearized_t,estimated
Total,water,Self-reported glasses of water per day; water source/fluoride exposure not identified,primary,numeric,count,5036,5032,4,5036,13797196.792731762,1045,0.95,missing,Missing,4,0.07942811755361398,,,,,,,not_applicable_missing_count,not_applicable
No caries,soda_frequency,Sugar-sweetened soda consumption frequency converted to times/day,primary,numeric,times/day,2347,2347,0,2347,6258645.299423695,1045,0.95,mean,Mean,2347,,0.7324223426055553,0.7279679928112116,0.05351493694701539,0.6229590202078764,0.8329769654145468,1.7236115784470265,linearized_t,estimated
No caries,soda_frequency,Sugar-sweetened soda consumption frequency converted to times/day,primary,numeric,count,2347,2347,0,2347,6258645.299423695,1045,0.95,missing,Missing,0,0.0,,,,,,,not_applicable_missing_count,not_applicable
Caries,soda_frequency,Sugar-sweetened soda consumption frequency converted to times/day,primary,numeric,times/day,2689,2689,0,2689,7538551.493308067,1045,0.95,mean,Mean,2689,,0.7653314207795427,0.9094015105763148,0.07402095855754993,0.7641548700554037,1.0546481510972259,2.059448903048396,linearized_t,estimated
Caries,soda_frequency,Sugar-sweetened soda consumption frequency converted to times/day,primary,numeric,count,2689,2689,0,2689,7538551.493308067,1045,0.95,missing,Missing,0,0.0,,,,,,,not_applicable_missing_count,not_applicable
Total,soda_frequency,Sugar-sweetened soda consumption frequency converted to times/day,primary,numeric,times/day,5036,5036,0,5036,13797196.792731762,1045,0.95,mean,Mean,5036,,0.749994326563032,0.8271001525412788,0.04907792469803381,0.7307976481555045,0.923402656927053,1.9165518784381401,linearized_t,estimated
Total,soda_frequency,Sugar-sweetened soda consumption frequency converted to times/day,primary,numeric,count,5036,5036,0,5036,13797196.792731762,1045,0.95,missing,Missing,0,0.0,,,,,,,not_applicable_missing_count,not_applicable
No caries,juice_frequency,Sugar-sweetened juice consumption frequency converted to times/day,primary,numeric,times/day,2347,2347,0,2347,6258645.299423695,1045,0.95,mean,Mean,2347,,0.5999391320226429,0.6287186812261528,0.053341840243155546,0.524049365325606,0.7333879971266997,1.8444523900783067,linearized_t,estimated
No caries,juice_frequency,Sugar-sweetened juice consumption frequency converted to times/day,primary,numeric,count,2347,2347,0,2347,6258645.299423695,1045,0.95,missing,Missing,0,0.0,,,,,,,not_applicable_missing_count,not_applicable
Caries,juice_frequency,Sugar-sweetened juice consumption frequency converted to times/day,primary,numeric,times/day,2689,2689,0,2689,7538551.493308067,1045,0.95,mean,Mean,2689,,0.6407002071933273,0.6968074370293503,0.05956613408276259,0.5799245834033356,0.813690290655365,1.8958646194928082,linearized_t,estimated
Caries,juice_frequency,Sugar-sweetened juice consumption frequency converted to times/day,primary,numeric,count,2689,2689,0,2689,7538551.493308067,1045,0.95,missing,Missing,0,0.0,,,,,,,not_applicable_missing_count,not_applicable
Total,juice_frequency,Sugar-sweetened juice consumption frequency converted to times/day,primary,numeric,times/day,5036,5036,0,5036,13797196.792731762,1045,0.95,mean,Mean,5036,,0.6217037331215249,0.6659212086270868,0.04033340138787672,0.5867775286946548,0.7450648885595188,1.873024829285983,linearized_t,estimated
Total,juice_frequency,Sugar-sweetened juice consumption frequency converted to times/day,primary,numeric,count,5036,5036,0,5036,13797196.792731762,1045,0.95,missing,Missing,0,0.0,,,,,,,not_applicable_missing_count,not_applicable
No caries,oil,Most frequently used cooking oil/fat,primary,categorical,percent,2347,2347,0,2347,6258645.299423695,1045,0.95,category,None,11,0.4686834256497657,,0.4030513440852336,0.21113831268130012,0.1439671388850977,1.123140989674,,logit_t,estimated
No caries,oil,Most frequently used cooking oil/fat,primary,categorical,percent,2347,2347,0,2347,6258645.299423695,1045,0.95,category,Vegetable oil,2080,88.62377503195569,,91.12066940991322,0.9855938844623027,88.98714384607226,92.87396522577039,,logit_t,estimated
No caries,oil,Most frequently used cooking oil/fat,primary,categorical,percent,2347,2347,0,2347,6258645.299423695,1045,0.95,category,Olive oil,222,9.458883681295271,,7.649993907934433,0.9416648768016354,5.994967658273849,9.714704689505599,,logit_t,estimated
No caries,oil,Most frequently used cooking oil/fat,primary,categorical,percent,2347,2347,0,2347,6258645.299423695,1045,0.95,category,Lard,2,0.08521516829995739,,0.028640122380169997,0.023981879207459224,0.005537178608725389,0.14799353867863102,,logit_t,estimated
No caries,oil,Most frequently used cooking oil/fat,primary,categorical,percent,2347,2347,0,2347,6258645.299423695,1045,0.95,category,Butter,14,0.5965061780997017,,0.4793736954246912,0.2597791715417472,0.16519843546095062,1.3827733848508035,,logit_t,estimated
No caries,oil,Most frequently used cooking oil/fat,primary,categorical,percent,2347,2347,0,2347,6258645.299423695,1045,0.95,category,Margarine,17,0.7243289305496379,,0.3162859339346368,0.10014177356683124,0.16984126269148625,0.5882576342816831,,logit_t,estimated
No caries,oil,Most frequently used cooking oil/fat,primary,categorical,percent,2347,2347,0,2347,6258645.299423695,1045,0.95,category,Other,1,0.04260758414997869,,0.001985586327608784,0.0020213588369213608,0.0002693626193108456,0.014635000248099285,,logit_t,estimated
No caries,oil,Most frequently used cooking oil/fat,primary,categorical,count,2347,2347,0,2347,6258645.299423695,1045,0.95,missing,Missing,0,0.0,,,,,,,not_applicable_missing_count,not_applicable
Caries,oil,Most frequently used cooking oil/fat,primary,categorical,percent,2689,2689,0,2689,7538551.493308067,1045,0.95,category,None,14,0.5206396429899591,,0.23138227096479147,0.08167764155473617,0.11569491101611222,0.4622141325363086,,logit_t,estimated
Caries,oil,Most frequently used cooking oil/fat,primary,categorical,percent,2689,2689,0,2689,7538551.493308067,1045,0.95,category,Vegetable oil,2472,91.93008553365563,,91.71962443224237,1.086632681932962,89.3223282936767,93.61715298200647,,logit_t,estimated
Caries,oil,Most frequently used cooking oil/fat,primary,categorical,percent,2689,2689,0,2689,7538551.493308067,1045,0.95,category,Olive oil,170,6.322052807735218,,7.592318101787192,1.0693859172191171,5.742346097093219,9.975209402803307,,logit_t,estimated
Caries,oil,Most frequently used cooking oil/fat,primary,categorical,percent,2689,2689,0,2689,7538551.493308067,1045,0.95,category,Lard,3,0.11156563778356267,,0.05482035843856174,0.0509424345005994,0.008847109918611231,0.3388800105396579,,logit_t,estimated
Caries,oil,Most frequently used cooking oil/fat,primary,categorical,percent,2689,2689,0,2689,7538551.493308067,1045,0.95,category,Butter,8,0.29750836742283376,,0.1262755405679751,0.05985583074730969,0.04979609670233468,0.3198402302208984,,logit_t,estimated
Caries,oil,Most frequently used cooking oil/fat,primary,categorical,percent,2689,2689,0,2689,7538551.493308067,1045,0.95,category,Margarine,19,0.7065823726292302,,0.22912724643582677,0.08996415864111026,0.10598442412076178,0.49464067796182126,,logit_t,estimated
Caries,oil,Most frequently used cooking oil/fat,primary,categorical,percent,2689,2689,0,2689,7538551.493308067,1045,0.95,category,Other,3,0.11156563778356267,,0.0464520495632872,0.03121011674072125,0.012425667740072812,0.17349441454837408,,logit_t,estimated
Caries,oil,Most frequently used cooking oil/fat,primary,categorical,count,2689,2689,0,2689,7538551.493308067,1045,0.95,missing,Missing,0,0.0,,,,,,,not_applicable_missing_count,not_applicable
Total,oil,Most frequently used cooking oil/fat,primary,categorical,percent,5036,5036,0,5036,13797196.792731762,1045,0.95,category,None,25,0.4964257347100874,,0.3092543092985253,0.1054866068529886,0.15826682082689633,0.6034142063819526,,logit_t,estimated
Total,oil,Most frequently used cooking oil/fat,primary,categorical,percent,5036,5036,0,5036,13797196.792731762,1045,0.95,category,Vegetable oil,4552,90.38919777601271,,91.44792815281832,0.7361151382030129,89.8885534948807,92.78611777548056,,logit_t,estimated
Total,oil,Most frequently used cooking oil/fat,primary,categorical,percent,5036,5036,0,5036,13797196.792731762,1045,0.95,category,Olive oil,392,7.78395552025417,,7.6184808374831885,0.7110784852196951,6.335200436461337,9.136351107392256,,logit_t,estimated
Total,oil,Most frequently used cooking oil/fat,primary,categorical,percent,5036,5036,0,5036,13797196.792731762,1045,0.95,category,Lard,5,0.09928514694201747,,0.042944553968557196,0.028761970597543284,0.011535831466226625,0.1597335012759525,,logit_t,estimated
Total,oil,Most frequently used cooking oil/fat,primary,categorical,percent,5036,5036,0,5036,13797196.792731762,1045,0.95,category,Butter,22,0.4368546465448769,,0.28644692467792193,0.12246741194858701,0.12369763408123263,0.6619067752276612,,logit_t,estimated
Total,oil,Most frequently used cooking oil/fat,primary,categorical,percent,5036,5036,0,5036,13797196.792731762,1045,0.95,category,Margarine,36,0.7148530579825259,,0.26866392319800264,0.06672669587631677,0.16498204967331104,0.437218627116275,,logit_t,estimated
Total,oil,Most frequently used cooking oil/fat,primary,categorical,percent,5036,5036,0,5036,13797196.792731762,1045,0.95,category,Other,4,0.07942811755361398,,0.02628129855547516,0.017065890925875866,0.007348703652558122,0.09394444574502542,,logit_t,estimated
Total,oil,Most frequently used cooking oil/fat,primary,categorical,count,5036,5036,0,5036,13797196.792731762,1045,0.95,missing,Missing,0,0.0,,,,,,,not_applicable_missing_count,not_applicable
No caries,age_group,"Age at survey, using the original manuscript age boundaries",secondary descriptive grouping,categorical,percent,2347,2347,0,2347,6258645.299423695,1045,0.95,category,15–24,449,19.130805283340436,,25.872078609516958,1.6418090727345729,22.782925841442587,29.221580666185325,,logit_t,estimated
No caries,age_group,"Age at survey, using the original manuscript age boundaries",secondary descriptive grouping,categorical,percent,2347,2347,0,2347,6258645.299423695,1045,0.95,category,25–44,741,31.572219855134215,,37.06643235279961,1.9105776548070417,33.401491366630594,40.886625443469214,,logit_t,estimated
No caries,age_group,"Age at survey, using the original manuscript age boundaries",secondary descriptive grouping,categorical,percent,2347,2347,0,2347,6258645.299423695,1045,0.95,category,45–64,725,30.890498508734556,,27.518040157655964,1.6970029158925477,24.315746997690393,30.969494235867856,,logit_t,estimated
No caries,age_group,"Age at survey, using the original manuscript age boundaries",secondary descriptive grouping,categorical,percent,2347,2347,0,2347,6258645.299423695,1045,0.95,category,65+,432,18.406476352790797,,9.543448880027467,0.7838814163108605,8.11224116007976,11.196391422970533,,logit_t,estimated
No caries,age_group,"Age at survey, using the original manuscript age boundaries",secondary descriptive grouping,categorical,count,2347,2347,0,2347,6258645.299423695,1045,0.95,missing,Missing,0,0.0,,,,,,,not_applicable_missing_count,not_applicable
Caries,age_group,"Age at survey, using the original manuscript age boundaries",secondary descriptive grouping,categorical,percent,2689,2689,0,2689,7538551.493308067,1045,0.95,category,15–24,280,10.412792859799183,,14.8395798937284,1.1138207265357414,12.78410988505749,17.16050903814949,,logit_t,estimated
Caries,age_group,"Age at survey, using the original manuscript age boundaries",secondary descriptive grouping,categorical,percent,2689,2689,0,2689,7538551.493308067,1045,0.95,category,25–44,828,30.792116028263294,,40.908927678178344,1.7633206062006204,37.49906542194147,44.40854575639233,,logit_t,estimated
Caries,age_group,"Age at survey, using the original manuscript age boundaries",secondary descriptive grouping,categorical,percent,2689,2689,0,2689,7538551.493308067,1045,0.95,category,45–64,1034,38.45295648940127,,33.649282884917056,1.530628157902494,30.71479804886788,36.715559578088545,,logit_t,estimated
Caries,age_group,"Age at survey, using the original manuscript age boundaries",secondary descriptive grouping,categorical,percent,2689,2689,0,2689,7538551.493308067,1045,0.95,category,65+,547,20.34213462253626,,10.602209543176192,0.8759707317440549,9.002058206824833,12.447885603195028,,logit_t,estimated
Caries,age_group,"Age at survey, using the original manuscript age boundaries",secondary descriptive grouping,categorical,count,2689,2689,0,2689,7538551.493308067,1045,0.95,missing,Missing,0,0.0,,,,,,,not_applicable_missing_count,not_applicable
Total,age_group,"Age at survey, using the original manuscript age boundaries",secondary descriptive grouping,categorical,percent,5036,5036,0,5036,13797196.792731762,1045,0.95,category,15–24,729,14.475774424146147,,19.844110688334602,1.006345515208961,17.943034608136582,21.892867914744794,,logit_t,estimated
Total,age_group,"Age at survey, using the original manuscript age boundaries",secondary descriptive grouping,categorical,percent,5036,5036,0,5036,13797196.792731762,1045,0.95,category,25–44,1569,31.15567911040508,,39.165905840662205,1.3108195014302038,36.625941031407386,41.765928844161714,,logit_t,estimated
Total,age_group,"Age at survey, using the original manuscript age boundaries",secondary descriptive grouping,categorical,percent,5036,5036,0,5036,13797196.792731762,1045,0.95,category,45–64,1759,34.928514694201745,,30.868045938669177,1.138174998750086,28.68047558219703,33.14492704536479,,logit_t,estimated
Total,age_group,"Age at survey, using the original manuscript age boundaries",secondary descriptive grouping,categorical,percent,5036,5036,0,5036,13797196.792731762,1045,0.95,category,65+,979,19.44003177124702,,10.121937532334018,0.6418935223041385,8.93009726833717,11.45284066752852,,logit_t,estimated
Total,age_group,"Age at survey, using the original manuscript age boundaries",secondary descriptive grouping,categorical,count,5036,5036,0,5036,13797196.792731762,1045,0.95,missing,Missing,0,0.0,,,,,,,not_applicable_missing_count,not_applicable
No caries,decayed_teeth,"Total clinically observed decayed teeth, upper plus lower jaw",additional clinical summary,numeric,teeth,2347,2347,0,2347,6258645.299423695,1045,0.95,mean,Mean,2347,,0.0,0.0,0.0,0.0,0.0,0.0,linearized_t,estimated
No caries,decayed_teeth,"Total clinically observed decayed teeth, upper plus lower jaw",additional clinical summary,numeric,count,2347,2347,0,2347,6258645.299423695,1045,0.95,missing,Missing,0,0.0,,,,,,,not_applicable_missing_count,not_applicable
Caries,decayed_teeth,"Total clinically observed decayed teeth, upper plus lower jaw",additional clinical summary,numeric,teeth,2689,2689,0,2689,7538551.493308067,1045,0.95,mean,Mean,2689,,2.8129416139828933,2.6778619850347316,0.08158145374259747,2.517779863486526,2.8379441065829374,2.4602258710846145,linearized_t,estimated
Caries,decayed_teeth,"Total clinically observed decayed teeth, upper plus lower jaw",additional clinical summary,numeric,count,2689,2689,0,2689,7538551.493308067,1045,0.95,missing,Missing,0,0.0,,,,,,,not_applicable_missing_count,not_applicable
Total,decayed_teeth,"Total clinically observed decayed teeth, upper plus lower jaw",additional clinical summary,numeric,teeth,5036,5036,0,5036,13797196.792731762,1045,0.95,mean,Mean,5036,,1.5019857029388404,1.4631378220821578,0.058908728207608466,1.3475449543829074,1.5787306897814082,2.254862843606009,linearized_t,estimated
Total,decayed_teeth,"Total clinically observed decayed teeth, upper plus lower jaw",additional clinical summary,numeric,count,5036,5036,0,5036,13797196.792731762,1045,0.95,missing,Missing,0,0.0,,,,,,,not_applicable_missing_count,not_applicable
No caries,water_group,"Reported water intake, using the existing descriptive group boundaries",secondary descriptive grouping,categorical,percent,2347,2346,1,2346,6254150.536240101,1045,0.95,category,0,175,7.4595055413469735,,7.55532882887648,1.0239520574159229,5.775649199571505,9.826201966797282,,logit_t,estimated
No caries,water_group,"Reported water intake, using the existing descriptive group boundaries",secondary descriptive grouping,categorical,percent,2347,2346,1,2346,6254150.536240101,1045,0.95,category,>0–2,589,25.106564364876384,,24.83066943137771,1.6366402012376964,21.759754948848084,28.178886471029703,,logit_t,estimated
No caries,water_group,"Reported water intake, using the existing descriptive group boundaries",secondary descriptive grouping,categorical,percent,2347,2346,1,2346,6254150.536240101,1045,0.95,category,>2–4,707,30.136402387041773,,28.284205264261942,1.7420797221214286,24.9940238869965,31.823738594381123,,logit_t,estimated
No caries,water_group,"Reported water intake, using the existing descriptive group boundaries",secondary descriptive grouping,categorical,percent,2347,2346,1,2346,6254150.536240101,1045,0.95,category,>4–6,412,17.561807331628305,,18.3152328307259,1.515244383094655,15.526727844397225,21.47720891904128,,logit_t,estimated
No caries,water_group,"Reported water intake, using the existing descriptive group boundaries",secondary descriptive grouping,categorical,percent,2347,2346,1,2346,6254150.536240101,1045,0.95,category,>6–10,387,16.49616368286445,,18.029422313469897,1.5225732670997527,15.23208769334468,21.21192863026254,,logit_t,estimated
No caries,water_group,"Reported water intake, using the existing descriptive group boundaries",secondary descriptive grouping,categorical,percent,2347,2346,1,2346,6254150.536240101,1045,0.95,category,>10,76,3.239556692242114,,2.985141331288068,0.6044322502728048,2.0020858674108353,4.429076670233382,,logit_t,estimated
No caries,water_group,"Reported water intake, using the existing descriptive group boundaries",secondary descriptive grouping,categorical,count,2347,2346,1,2347,6258645.299423695,1045,0.95,missing,Missing,1,0.04260758414997869,,,,,,,not_applicable_missing_count,not_applicable
Caries,water_group,"Reported water intake, using the existing descriptive group boundaries",secondary descriptive grouping,categorical,percent,2689,2686,3,2686,7532494.698019981,1045,0.95,category,0,217,8.078927773641102,,7.759130274029744,0.8932112008809175,6.177900362505094,9.703218835657768,,logit_t,estimated
Caries,water_group,"Reported water intake, using the existing descriptive group boundaries",secondary descriptive grouping,categorical,percent,2689,2686,3,2686,7532494.698019981,1045,0.95,category,>0–2,735,27.364110201042443,,27.560614264663798,1.5072989928121525,24.703151208548906,30.614219416788153,,logit_t,estimated
Caries,water_group,"Reported water intake, using the existing descriptive group boundaries",secondary descriptive grouping,categorical,percent,2689,2686,3,2686,7532494.698019981,1045,0.95,category,>2–4,808,30.081906180193595,,29.272995719652478,1.642360612406335,26.157111749904153,32.59620537895297,,logit_t,estimated
Caries,water_group,"Reported water intake, using the existing descriptive group boundaries",secondary descriptive grouping,categorical,percent,2689,2686,3,2686,7532494.698019981,1045,0.95,category,>4–6,428,15.934475055845123,,16.296186197779054,1.1494642824263657,14.164330319008075,18.67908065475904,,logit_t,estimated
Caries,water_group,"Reported water intake, using the existing descriptive group boundaries",secondary descriptive grouping,categorical,percent,2689,2686,3,2686,7532494.698019981,1045,0.95,category,>6–10,424,15.785554728220403,,16.297191120291615,1.3386498518725296,13.83765734894991,19.096994914554607,,logit_t,estimated
Caries,water_group,"Reported water intake, using the existing descriptive group boundaries",secondary descriptive grouping,categorical,percent,2689,2686,3,2686,7532494.698019981,1045,0.95,category,>10,74,2.7550260610573343,,2.813882423583313,0.5324759162461044,1.9376432460473936,4.0699278111246056,,logit_t,estimated
Caries,water_group,"Reported water intake, using the existing descriptive group boundaries",secondary descriptive grouping,categorical,count,2689,2686,3,2689,7538551.493308067,1045,0.95,missing,Missing,3,0.11156563778356267,,,,,,,not_applicable_missing_count,not_applicable
Total,water_group,"Reported water intake, using the existing descriptive group boundaries",secondary descriptive grouping,categorical,percent,5036,5032,4,5032,13786645.234260082,1045,0.95,category,0,392,7.790143084260731,,7.666678129520768,0.7244464437431899,6.360562936981276,9.214605859791728,,logit_t,estimated
Total,water_group,"Reported water intake, using the existing descriptive group boundaries",secondary descriptive grouping,categorical,percent,5036,5032,4,5032,13786645.234260082,1045,0.95,category,>0–2,1324,26.31160572337043,,26.32220668596045,1.103956952249907,24.213932118944758,28.544906066707572,,logit_t,estimated
Total,water_group,"Reported water intake, using the existing descriptive group boundaries",secondary descriptive grouping,categorical,percent,5036,5032,4,5032,13786645.234260082,1045,0.95,category,>2–4,1515,30.10731319554849,,28.82444248195529,1.214503914901419,26.501059974173984,31.264871919354842,,logit_t,estimated
Total,water_group,"Reported water intake, using the existing descriptive group boundaries",secondary descriptive grouping,categorical,percent,5036,5032,4,5032,13786645.234260082,1045,0.95,category,>4–6,840,16.69316375198728,,17.21210311357514,0.9202968356584037,15.480530110368843,19.093606097297044,,logit_t,estimated
Total,water_group,"Reported water intake, using the existing descriptive group boundaries",secondary descriptive grouping,categorical,percent,5036,5032,4,5032,13786645.234260082,1045,0.95,category,>6–10,811,16.116852146263913,,17.08299756280353,1.0342849702929653,15.148053095753284,19.209149765754397,,logit_t,estimated
Total,water_group,"Reported water intake, using the existing descriptive group boundaries",secondary descriptive grouping,categorical,percent,5036,5032,4,5032,13786645.234260082,1045,0.95,category,>10,150,2.9809220985691574,,2.891572026184817,0.40238890385660686,2.1983763376602314,3.794866080140004,,logit_t,estimated
Total,water_group,"Reported water intake, using the existing descriptive group boundaries",secondary descriptive grouping,categorical,count,5036,5032,4,5036,13797196.792731762,1045,0.95,missing,Missing,4,0.07942811755361398,,,,,,,not_applicable_missing_count,not_applicable
