encoded_column,feature,mdi,training_constant,mdi_scaled,rank,model,fold,test_weight_sum,representation
numeric__age,age,0.12098869821986565,False,100.0,1.0,rf_complete_modern,1,2854394.5302591324,"Modern coding, complete cohort"
numeric__teeth_remaining,teeth_remaining,0.11147431720042385,False,92.13614068137846,2.0,rf_complete_modern,1,2854394.5302591324,"Modern coding, complete cohort"
numeric__fruit_days,fruit_days,0.037561866785526865,False,31.045764883979405,6.0,rf_complete_modern,1,2854394.5302591324,"Modern coding, complete cohort"
numeric__fruit_portions,fruit_portions,0.02890653039667425,False,23.891926123664962,8.0,rf_complete_modern,1,2854394.5302591324,"Modern coding, complete cohort"
numeric__vegetable_days,vegetable_days,0.03692807894797262,False,30.52192435434374,7.0,rf_complete_modern,1,2854394.5302591324,"Modern coding, complete cohort"
numeric__vegetable_portions,vegetable_portions,0.024185002441008033,False,19.989472402668596,9.0,rf_complete_modern,1,2854394.5302591324,"Modern coding, complete cohort"
numeric__water,water,0.04336619485352422,False,35.84317832291855,4.0,rf_complete_modern,1,2854394.5302591324,"Modern coding, complete cohort"
numeric__soda_frequency,soda_frequency,0.05250639048395234,False,43.397764631317514,3.0,rf_complete_modern,1,2854394.5302591324,"Modern coding, complete cohort"
numeric__juice_frequency,juice_frequency,0.042695632122711116,False,35.28894248049752,5.0,rf_complete_modern,1,2854394.5302591324,"Modern coding, complete cohort"
numeric_missing__missingindicator_age,age,0.0,True,0.0,89.0,rf_complete_modern,1,2854394.5302591324,"Modern coding, complete cohort"
numeric_missing__missingindicator_teeth_remaining,teeth_remaining,0.0,True,0.0,89.0,rf_complete_modern,1,2854394.5302591324,"Modern coding, complete cohort"
numeric_missing__missingindicator_fruit_days,fruit_days,0.0,True,0.0,89.0,rf_complete_modern,1,2854394.5302591324,"Modern coding, complete cohort"
numeric_missing__missingindicator_fruit_portions,fruit_portions,0.0,True,0.0,89.0,rf_complete_modern,1,2854394.5302591324,"Modern coding, complete cohort"
numeric_missing__missingindicator_vegetable_days,vegetable_days,0.0,True,0.0,89.0,rf_complete_modern,1,2854394.5302591324,"Modern coding, complete cohort"
numeric_missing__missingindicator_vegetable_portions,vegetable_portions,0.0,True,0.0,89.0,rf_complete_modern,1,2854394.5302591324,"Modern coding, complete cohort"
numeric_missing__missingindicator_water,water,0.0,True,0.0,89.0,rf_complete_modern,1,2854394.5302591324,"Modern coding, complete cohort"
numeric_missing__missingindicator_soda_frequency,soda_frequency,0.0,True,0.0,89.0,rf_complete_modern,1,2854394.5302591324,"Modern coding, complete cohort"
numeric_missing__missingindicator_juice_frequency,juice_frequency,0.0,True,0.0,89.0,rf_complete_modern,1,2854394.5302591324,"Modern coding, complete cohort"
categorical__sex_Female,sex,0.02090149439296269,False,17.275575901295866,11.0,rf_complete_modern,1,2854394.5302591324,"Modern coding, complete cohort"
categorical__sex_Male,sex,0.02144786294753612,False,17.72716234086607,10.0,rf_complete_modern,1,2854394.5302591324,"Modern coding, complete cohort"
categorical__region_01 Arica and Parinacota,region,0.0,False,0.0,89.0,rf_complete_modern,1,2854394.5302591324,"Modern coding, complete cohort"
categorical__region_02 Tarapaca,region,0.00043648191018451295,False,0.36076254774749295,83.0,rf_complete_modern,1,2854394.5302591324,"Modern coding, complete cohort"
categorical__region_03 Antofagasta,region,0.0013629560060423364,False,1.1265151424024056,76.0,rf_complete_modern,1,2854394.5302591324,"Modern coding, complete cohort"
categorical__region_04 Atacama,region,0.00010078049336977568,False,0.08329744418493801,88.0,rf_complete_modern,1,2854394.5302591324,"Modern coding, complete cohort"
categorical__region_05 Coquimbo,region,0.0003472657890883584,False,0.2870233287883573,84.0,rf_complete_modern,1,2854394.5302591324,"Modern coding, complete cohort"
categorical__region_06 Valparaiso,region,0.012965363162522784,False,10.716177091980601,21.0,rf_complete_modern,1,2854394.5302591324,"Modern coding, complete cohort"
categorical__region_07 Metropolitan,region,0.012820298306011581,False,10.596277581823392,22.0,rf_complete_modern,1,2854394.5302591324,"Modern coding, complete cohort"
categorical__region_08 O'Higgins,region,0.011663458015966263,False,9.640121918471218,24.0,rf_complete_modern,1,2854394.5302591324,"Modern coding, complete cohort"
categorical__region_09 Maule,region,0.0010246625694535407,False,0.8469076736336824,81.0,rf_complete_modern,1,2854394.5302591324,"Modern coding, complete cohort"
categorical__region_10 Biobio,region,0.009050909479158169,False,7.480789207856822,32.0,rf_complete_modern,1,2854394.5302591324,"Modern coding, complete cohort"
categorical__region_11 La Araucania,region,0.0012067198998673002,False,0.9973823320872494,80.0,rf_complete_modern,1,2854394.5302591324,"Modern coding, complete cohort"
categorical__region_12 Los Rios,region,0.0003084479177721213,False,0.25493944666765245,85.0,rf_complete_modern,1,2854394.5302591324,"Modern coding, complete cohort"
categorical__region_13 Los Lagos,region,0.0007104995465562887,False,0.5872445583844035,82.0,rf_complete_modern,1,2854394.5302591324,"Modern coding, complete cohort"
categorical__region_14 Aysen,region,0.00016456185731336727,False,0.13601423912696264,86.0,rf_complete_modern,1,2854394.5302591324,"Modern coding, complete cohort"
categorical__region_15 Magallanes and Antarctica,region,0.0,False,0.0,89.0,rf_complete_modern,1,2854394.5302591324,"Modern coding, complete cohort"
categorical__rural_Rural,rural,0.0027026093028616944,False,2.233770048463867,61.0,rf_complete_modern,1,2854394.5302591324,"Modern coding, complete cohort"
categorical__rural_Urban,rural,0.0013423367202802497,False,1.1094728185610363,77.0,rf_complete_modern,1,2854394.5302591324,"Modern coding, complete cohort"
categorical__education_High,education,0.020187763767299555,False,16.68566078016107,12.0,rf_complete_modern,1,2854394.5302591324,"Modern coding, complete cohort"
categorical__education_Intermediate,education,0.014065428481078305,False,11.625406908270085,20.0,rf_complete_modern,1,2854394.5302591324,"Modern coding, complete cohort"
categorical__education_Low,education,0.005832250016127237,False,4.820491584700442,42.0,rf_complete_modern,1,2854394.5302591324,"Modern coding, complete cohort"
categorical__indigenous_No,indigenous,0.0030053945506141283,False,2.4840291653957642,59.0,rf_complete_modern,1,2854394.5302591324,"Modern coding, complete cohort"
categorical__indigenous_Yes,indigenous,0.0023391724907148117,False,1.9333809894077636,67.0,rf_complete_modern,1,2854394.5302591324,"Modern coding, complete cohort"
categorical__born_chile_No,born_chile,0.00015867930952196064,False,0.1311521752499577,87.0,rf_complete_modern,1,2854394.5302591324,"Modern coding, complete cohort"
categorical__born_chile_Yes,born_chile,0.0,False,0.0,89.0,rf_complete_modern,1,2854394.5302591324,"Modern coding, complete cohort"
categorical__fish_Less than once/month or never,fish,0.008826688899965367,False,7.295465634257131,33.0,rf_complete_modern,1,2854394.5302591324,"Modern coding, complete cohort"
categorical__fish_Less than three times/month,fish,0.00994400732389418,False,8.218955547255762,27.0,rf_complete_modern,1,2854394.5302591324,"Modern coding, complete cohort"
categorical__fish_More than once/week,fish,0.002012963495008835,False,1.6637615947820144,71.0,rf_complete_modern,1,2854394.5302591324,"Modern coding, complete cohort"
categorical__fish_Once/week,fish,0.01173505132573945,False,9.699295470072776,23.0,rf_complete_modern,1,2854394.5302591324,"Modern coding, complete cohort"
categorical__dairy_frequency_At least once/month,dairy_frequency,0.004746809550810035,False,3.923349553016876,49.0,rf_complete_modern,1,2854394.5302591324,"Modern coding, complete cohort"
categorical__dairy_frequency_At least once/week,dairy_frequency,0.006300683402903078,False,5.207662778099502,40.0,rf_complete_modern,1,2854394.5302591324,"Modern coding, complete cohort"
categorical__dairy_frequency_At least three times/day,dairy_frequency,0.0012223368417521457,False,1.0102901012546353,79.0,rf_complete_modern,1,2854394.5302591324,"Modern coding, complete cohort"
categorical__dairy_frequency_Every other day,dairy_frequency,0.004809179934388368,False,3.9749001395559516,47.0,rf_complete_modern,1,2854394.5302591324,"Modern coding, complete cohort"
categorical__dairy_frequency_Less than three times/day,dairy_frequency,0.0023574186856768096,False,1.948461897980596,66.0,rf_complete_modern,1,2854394.5302591324,"Modern coding, complete cohort"
categorical__dairy_frequency_Never,dairy_frequency,0.007604241631597942,False,6.285084262812053,36.0,rf_complete_modern,1,2854394.5302591324,"Modern coding, complete cohort"
categorical__dairy_frequency_Once/day,dairy_frequency,0.015784369705306524,False,13.046152192349833,16.0,rf_complete_modern,1,2854394.5302591324,"Modern coding, complete cohort"
categorical__dairy_type_Full fat,dairy_type,0.010073331216567062,False,8.325844781188893,26.0,rf_complete_modern,1,2854394.5302591324,"Modern coding, complete cohort"
categorical__dairy_type_No dairy,dairy_type,0.008254862128255947,False,6.822837380442652,34.0,rf_complete_modern,1,2854394.5302591324,"Modern coding, complete cohort"
categorical__dairy_type_Reduced fat,dairy_type,0.014262838833024677,False,11.788571199522833,19.0,rf_complete_modern,1,2854394.5302591324,"Modern coding, complete cohort"
categorical__wholegrain_At least once/month,wholegrain,0.002403910278353829,False,1.9868882909917291,63.0,rf_complete_modern,1,2854394.5302591324,"Modern coding, complete cohort"
categorical__wholegrain_At least once/week,wholegrain,0.002529201208391413,False,2.0904441866092687,62.0,rf_complete_modern,1,2854394.5302591324,"Modern coding, complete cohort"
categorical__wholegrain_Daily,wholegrain,0.008169785983848255,False,6.752519949426833,35.0,rf_complete_modern,1,2854394.5302591324,"Modern coding, complete cohort"
categorical__wholegrain_Every other day,wholegrain,0.0021096532941701856,False,1.743677984150583,70.0,rf_complete_modern,1,2854394.5302591324,"Modern coding, complete cohort"
categorical__wholegrain_More than once/day,wholegrain,0.0013001246728201767,False,1.0745835701592032,78.0,rf_complete_modern,1,2854394.5302591324,"Modern coding, complete cohort"
categorical__wholegrain_Never,wholegrain,0.017683301976431833,False,14.61566430303846,13.0,rf_complete_modern,1,2854394.5302591324,"Modern coding, complete cohort"
categorical__legumes_At least once/week,legumes,0.014647942590097822,False,12.106868497319457,18.0,rf_complete_modern,1,2854394.5302591324,"Modern coding, complete cohort"
categorical__legumes_At least twice/week,legumes,0.009072652272845884,False,7.49876013737968,31.0,rf_complete_modern,1,2854394.5302591324,"Modern coding, complete cohort"
categorical__legumes_Less than once/month or never,legumes,0.0037750687746473882,False,3.120182984188472,53.0,rf_complete_modern,1,2854394.5302591324,"Modern coding, complete cohort"
categorical__legumes_One to three times/month,legumes,0.004040785897577722,False,3.3398044255626584,51.0,rf_complete_modern,1,2854394.5302591324,"Modern coding, complete cohort"
categorical__label_ingredients_Almost always,label_ingredients,0.004910777984065348,False,4.058873313225736,46.0,rf_complete_modern,1,2854394.5302591324,"Modern coding, complete cohort"
categorical__label_ingredients_Always,label_ingredients,0.005035223821372707,False,4.161730719858222,45.0,rf_complete_modern,1,2854394.5302591324,"Modern coding, complete cohort"
categorical__label_ingredients_Never,label_ingredients,0.005470233116758824,False,4.521276116896548,44.0,rf_complete_modern,1,2854394.5302591324,"Modern coding, complete cohort"
categorical__label_ingredients_Rarely,label_ingredients,0.003347769855199145,False,2.7670103939092225,56.0,rf_complete_modern,1,2854394.5302591324,"Modern coding, complete cohort"
categorical__label_ingredients_Sometimes,label_ingredients,0.0017247108343734802,False,1.425514002340338,74.0,rf_complete_modern,1,2854394.5302591324,"Modern coding, complete cohort"
categorical__label_nutrition_Almost always,label_nutrition,0.010572839852551537,False,8.738700397733131,25.0,rf_complete_modern,1,2854394.5302591324,"Modern coding, complete cohort"
categorical__label_nutrition_Always,label_nutrition,0.004797951460602141,False,3.965619542317172,48.0,rf_complete_modern,1,2854394.5302591324,"Modern coding, complete cohort"
categorical__label_nutrition_Never,label_nutrition,0.006394529739791617,False,5.285228979132592,39.0,rf_complete_modern,1,2854394.5302591324,"Modern coding, complete cohort"
categorical__label_nutrition_Rarely,label_nutrition,0.0037263418713868123,False,3.0799090544929664,55.0,rf_complete_modern,1,2854394.5302591324,"Modern coding, complete cohort"
categorical__label_nutrition_Sometimes,label_nutrition,0.0023587243513035682,False,1.9495410612792918,65.0,rf_complete_modern,1,2854394.5302591324,"Modern coding, complete cohort"
categorical__label_warnings_Almost always,label_warnings,0.0029139596072133875,False,2.4084560377019844,60.0,rf_complete_modern,1,2854394.5302591324,"Modern coding, complete cohort"
categorical__label_warnings_Always,label_warnings,0.006737691124601676,False,5.568859921409905,37.0,rf_complete_modern,1,2854394.5302591324,"Modern coding, complete cohort"
categorical__label_warnings_Never,label_warnings,0.015825138579820843,False,13.079848624425027,15.0,rf_complete_modern,1,2854394.5302591324,"Modern coding, complete cohort"
categorical__label_warnings_Rarely,label_warnings,0.0019872181135048893,False,1.6424824324447518,72.0,rf_complete_modern,1,2854394.5302591324,"Modern coding, complete cohort"
categorical__label_warnings_Sometimes,label_warnings,0.0017828064501971455,False,1.473531392954866,73.0,rf_complete_modern,1,2854394.5302591324,"Modern coding, complete cohort"
categorical__label_health_Almost always,label_health,0.003998236426005781,False,3.3046362882093505,52.0,rf_complete_modern,1,2854394.5302591324,"Modern coding, complete cohort"
categorical__label_health_Always,label_health,0.00588862378914145,False,4.867085831802571,41.0,rf_complete_modern,1,2854394.5302591324,"Modern coding, complete cohort"
categorical__label_health_Never,label_health,0.009876708700147223,False,8.163331654497895,28.0,rf_complete_modern,1,2854394.5302591324,"Modern coding, complete cohort"
categorical__label_health_Rarely,label_health,0.0037565655433704223,False,3.104889629065879,54.0,rf_complete_modern,1,2854394.5302591324,"Modern coding, complete cohort"
categorical__label_health_Sometimes,label_health,0.0016454336556899058,False,1.3599895526603285,75.0,rf_complete_modern,1,2854394.5302591324,"Modern coding, complete cohort"
categorical__label_brand_Almost always,label_brand,0.016118795156182798,False,13.322562680103442,14.0,rf_complete_modern,1,2854394.5302591324,"Modern coding, complete cohort"
categorical__label_brand_Always,label_brand,0.009809869838148794,False,8.108087765620798,29.0,rf_complete_modern,1,2854394.5302591324,"Modern coding, complete cohort"
categorical__label_brand_Never,label_brand,0.009792180085147494,False,8.09346676939423,30.0,rf_complete_modern,1,2854394.5302591324,"Modern coding, complete cohort"
categorical__label_brand_Rarely,label_brand,0.0032635542587505133,False,2.697404225987991,57.0,rf_complete_modern,1,2854394.5302591324,"Modern coding, complete cohort"
categorical__label_brand_Sometimes,label_brand,0.00301587035872233,False,2.4926876667784015,58.0,rf_complete_modern,1,2854394.5302591324,"Modern coding, complete cohort"
categorical__label_discounts_Almost always,label_discounts,0.004081818148374725,False,3.3737185443197983,50.0,rf_complete_modern,1,2854394.5302591324,"Modern coding, complete cohort"
categorical__label_discounts_Always,label_discounts,0.015627059598470872,False,12.916131695270195,17.0,rf_complete_modern,1,2854394.5302591324,"Modern coding, complete cohort"
categorical__label_discounts_Never,label_discounts,0.00649616939731153,False,5.369236542661549,38.0,rf_complete_modern,1,2854394.5302591324,"Modern coding, complete cohort"
categorical__label_discounts_Rarely,label_discounts,0.0021231890444328634,False,1.7548655995740337,69.0,rf_complete_modern,1,2854394.5302591324,"Modern coding, complete cohort"
categorical__label_discounts_Sometimes,label_discounts,0.005785436908639704,False,4.781799452148968,43.0,rf_complete_modern,1,2854394.5302591324,"Modern coding, complete cohort"
categorical__oil_Butter,oil,0.0,False,0.0,89.0,rf_complete_modern,1,2854394.5302591324,"Modern coding, complete cohort"
categorical__oil_Lard,oil,0.0,False,0.0,89.0,rf_complete_modern,1,2854394.5302591324,"Modern coding, complete cohort"
categorical__oil_Margarine,oil,0.0,False,0.0,89.0,rf_complete_modern,1,2854394.5302591324,"Modern coding, complete cohort"
categorical__oil_None,oil,0.0,False,0.0,89.0,rf_complete_modern,1,2854394.5302591324,"Modern coding, complete cohort"
categorical__oil_Olive oil,oil,0.002324475542099128,False,1.9212336162795929,68.0,rf_complete_modern,1,2854394.5302591324,"Modern coding, complete cohort"
categorical__oil_Other,oil,0.0,False,0.0,89.0,rf_complete_modern,1,2854394.5302591324,"Modern coding, complete cohort"
categorical__oil_Vegetable oil,oil,0.0023847784785845103,False,1.9710754092508647,64.0,rf_complete_modern,1,2854394.5302591324,"Modern coding, complete cohort"
numeric__age,age,0.10274075345475041,False,100.0,1.0,rf_complete_modern,2,2550707.318306923,"Modern coding, complete cohort"
numeric__teeth_remaining,teeth_remaining,0.08841813600701165,False,86.05945842703323,2.0,rf_complete_modern,2,2550707.318306923,"Modern coding, complete cohort"
numeric__fruit_days,fruit_days,0.036591196900886296,False,35.61507548900931,6.0,rf_complete_modern,2,2550707.318306923,"Modern coding, complete cohort"
numeric__fruit_portions,fruit_portions,0.03582046024888644,False,34.86489931637757,7.0,rf_complete_modern,2,2550707.318306923,"Modern coding, complete cohort"
numeric__vegetable_days,vegetable_days,0.02955040209499354,False,28.762103742998413,9.0,rf_complete_modern,2,2550707.318306923,"Modern coding, complete cohort"
numeric__vegetable_portions,vegetable_portions,0.029749491115291474,False,28.955881784917892,8.0,rf_complete_modern,2,2550707.318306923,"Modern coding, complete cohort"
numeric__water,water,0.050223474240152895,False,48.883692742503165,4.0,rf_complete_modern,2,2550707.318306923,"Modern coding, complete cohort"
numeric__soda_frequency,soda_frequency,0.050912055383018844,False,49.55390501924028,3.0,rf_complete_modern,2,2550707.318306923,"Modern coding, complete cohort"
numeric__juice_frequency,juice_frequency,0.03963829783050386,False,38.58089073481592,5.0,rf_complete_modern,2,2550707.318306923,"Modern coding, complete cohort"
numeric_missing__missingindicator_age,age,0.0,True,0.0,92.0,rf_complete_modern,2,2550707.318306923,"Modern coding, complete cohort"
numeric_missing__missingindicator_teeth_remaining,teeth_remaining,0.0,True,0.0,92.0,rf_complete_modern,2,2550707.318306923,"Modern coding, complete cohort"
numeric_missing__missingindicator_fruit_days,fruit_days,0.0,True,0.0,92.0,rf_complete_modern,2,2550707.318306923,"Modern coding, complete cohort"
numeric_missing__missingindicator_fruit_portions,fruit_portions,0.0,True,0.0,92.0,rf_complete_modern,2,2550707.318306923,"Modern coding, complete cohort"
numeric_missing__missingindicator_vegetable_days,vegetable_days,0.0,True,0.0,92.0,rf_complete_modern,2,2550707.318306923,"Modern coding, complete cohort"
numeric_missing__missingindicator_vegetable_portions,vegetable_portions,0.0,True,0.0,92.0,rf_complete_modern,2,2550707.318306923,"Modern coding, complete cohort"
numeric_missing__missingindicator_water,water,0.0,True,0.0,92.0,rf_complete_modern,2,2550707.318306923,"Modern coding, complete cohort"
numeric_missing__missingindicator_soda_frequency,soda_frequency,0.0,True,0.0,92.0,rf_complete_modern,2,2550707.318306923,"Modern coding, complete cohort"
numeric_missing__missingindicator_juice_frequency,juice_frequency,0.0,True,0.0,92.0,rf_complete_modern,2,2550707.318306923,"Modern coding, complete cohort"
categorical__sex_Female,sex,0.013999068215193543,False,13.625623469229359,19.0,rf_complete_modern,2,2550707.318306923,"Modern coding, complete cohort"
categorical__sex_Male,sex,0.014708287582399926,False,14.315923416775236,14.0,rf_complete_modern,2,2550707.318306923,"Modern coding, complete cohort"
categorical__region_01 Arica and Parinacota,region,0.00022411233929412768,False,0.21813382884410354,89.0,rf_complete_modern,2,2550707.318306923,"Modern coding, complete cohort"
categorical__region_02 Tarapaca,region,0.000661532660983827,False,0.6438853509821518,86.0,rf_complete_modern,2,2550707.318306923,"Modern coding, complete cohort"
categorical__region_03 Antofagasta,region,0.0017228058241269394,False,1.676847566516734,84.0,rf_complete_modern,2,2550707.318306923,"Modern coding, complete cohort"
categorical__region_04 Atacama,region,0.00035817945572490315,False,0.3486245172249533,88.0,rf_complete_modern,2,2550707.318306923,"Modern coding, complete cohort"
categorical__region_05 Coquimbo,region,0.0022371065523513747,False,2.1774286026982006,80.0,rf_complete_modern,2,2550707.318306923,"Modern coding, complete cohort"
categorical__region_06 Valparaiso,region,0.008145981453298808,False,7.9286759921285785,35.0,rf_complete_modern,2,2550707.318306923,"Modern coding, complete cohort"
categorical__region_07 Metropolitan,region,0.017617223128251085,False,17.147259033884886,10.0,rf_complete_modern,2,2550707.318306923,"Modern coding, complete cohort"
categorical__region_08 O'Higgins,region,0.01633988750400485,False,15.903998125925117,11.0,rf_complete_modern,2,2550707.318306923,"Modern coding, complete cohort"
categorical__region_09 Maule,region,0.003190044756184016,False,3.1049458456512014,76.0,rf_complete_modern,2,2550707.318306923,"Modern coding, complete cohort"
categorical__region_10 Biobio,region,0.00525967060828229,False,5.119361530279979,48.0,rf_complete_modern,2,2550707.318306923,"Modern coding, complete cohort"
categorical__region_11 La Araucania,region,0.0023142034747156547,False,2.2524688567082465,79.0,rf_complete_modern,2,2550707.318306923,"Modern coding, complete cohort"
categorical__region_12 Los Rios,region,0.0005527167372792648,False,0.5379722444051329,87.0,rf_complete_modern,2,2550707.318306923,"Modern coding, complete cohort"
categorical__region_13 Los Lagos,region,0.0016331757169471073,False,1.5896084679449023,85.0,rf_complete_modern,2,2550707.318306923,"Modern coding, complete cohort"
categorical__region_14 Aysen,region,0.00012011018796490894,False,0.11690608052413053,90.0,rf_complete_modern,2,2550707.318306923,"Modern coding, complete cohort"
categorical__region_15 Magallanes and Antarctica,region,6.336665361015259e-05,False,0.0616762593998893,91.0,rf_complete_modern,2,2550707.318306923,"Modern coding, complete cohort"
categorical__rural_Rural,rural,0.0036650850093611805,False,3.567313734929319,71.0,rf_complete_modern,2,2550707.318306923,"Modern coding, complete cohort"
categorical__rural_Urban,rural,0.004855583599337449,False,4.726054108096422,53.0,rf_complete_modern,2,2550707.318306923,"Modern coding, complete cohort"
categorical__education_High,education,0.012484655449743807,False,12.151609784760204,22.0,rf_complete_modern,2,2550707.318306923,"Modern coding, complete cohort"
categorical__education_Intermediate,education,0.014340377577728294,False,13.957827926621302,17.0,rf_complete_modern,2,2550707.318306923,"Modern coding, complete cohort"
categorical__education_Low,education,0.00547422015516165,False,5.328187667586683,45.0,rf_complete_modern,2,2550707.318306923,"Modern coding, complete cohort"
categorical__indigenous_No,indigenous,0.003917536115750709,False,3.813030354576959,66.0,rf_complete_modern,2,2550707.318306923,"Modern coding, complete cohort"
categorical__indigenous_Yes,indigenous,0.004226983530311212,False,4.114222826069581,60.0,rf_complete_modern,2,2550707.318306923,"Modern coding, complete cohort"
categorical__born_chile_No,born_chile,0.0018525028180690324,False,1.8030847115452788,83.0,rf_complete_modern,2,2550707.318306923,"Modern coding, complete cohort"
categorical__born_chile_Yes,born_chile,0.0021494594863194962,False,2.0921196448750705,81.0,rf_complete_modern,2,2550707.318306923,"Modern coding, complete cohort"
categorical__fish_Less than once/month or never,fish,0.012874577385642438,False,12.53113000705482,21.0,rf_complete_modern,2,2550707.318306923,"Modern coding, complete cohort"
categorical__fish_Less than three times/month,fish,0.010429847492655247,False,10.151616707043921,28.0,rf_complete_modern,2,2550707.318306923,"Modern coding, complete cohort"
categorical__fish_More than once/week,fish,0.005402805944179717,False,5.258678530675997,46.0,rf_complete_modern,2,2550707.318306923,"Modern coding, complete cohort"
categorical__fish_Once/week,fish,0.014859124302965689,False,14.462736356620178,13.0,rf_complete_modern,2,2550707.318306923,"Modern coding, complete cohort"
categorical__dairy_frequency_At least once/month,dairy_frequency,0.00414607599472215,False,4.035473612278097,63.0,rf_complete_modern,2,2550707.318306923,"Modern coding, complete cohort"
categorical__dairy_frequency_At least once/week,dairy_frequency,0.008064449851552195,False,7.849319360018106,36.0,rf_complete_modern,2,2550707.318306923,"Modern coding, complete cohort"
categorical__dairy_frequency_At least three times/day,dairy_frequency,0.0024689757565705874,False,2.403112371234445,78.0,rf_complete_modern,2,2550707.318306923,"Modern coding, complete cohort"
categorical__dairy_frequency_Every other day,dairy_frequency,0.008644189682732258,False,8.413593819456828,32.0,rf_complete_modern,2,2550707.318306923,"Modern coding, complete cohort"
categorical__dairy_frequency_Less than three times/day,dairy_frequency,0.005932274539940806,False,5.774022810289714,42.0,rf_complete_modern,2,2550707.318306923,"Modern coding, complete cohort"
categorical__dairy_frequency_Never,dairy_frequency,0.003914528539333186,False,3.810103009471546,67.0,rf_complete_modern,2,2550707.318306923,"Modern coding, complete cohort"
categorical__dairy_frequency_Once/day,dairy_frequency,0.014534449768047013,False,14.146722969525765,15.0,rf_complete_modern,2,2550707.318306923,"Modern coding, complete cohort"
categorical__dairy_type_Full fat,dairy_type,0.012334794546663917,False,12.00574663110337,23.0,rf_complete_modern,2,2550707.318306923,"Modern coding, complete cohort"
categorical__dairy_type_No dairy,dairy_type,0.0038362768594031697,False,3.733938802670706,69.0,rf_complete_modern,2,2550707.318306923,"Modern coding, complete cohort"
categorical__dairy_type_Reduced fat,dairy_type,0.014530916966483955,False,14.143284410390988,16.0,rf_complete_modern,2,2550707.318306923,"Modern coding, complete cohort"
categorical__wholegrain_At least once/month,wholegrain,0.004160754970798761,False,4.049761006114542,62.0,rf_complete_modern,2,2550707.318306923,"Modern coding, complete cohort"
categorical__wholegrain_At least once/week,wholegrain,0.004492131003418989,False,4.372297119075962,57.0,rf_complete_modern,2,2550707.318306923,"Modern coding, complete cohort"
categorical__wholegrain_Daily,wholegrain,0.008309302474256,False,8.087640196171643,33.0,rf_complete_modern,2,2550707.318306923,"Modern coding, complete cohort"
categorical__wholegrain_Every other day,wholegrain,0.0035839174690134156,False,3.488311452370127,73.0,rf_complete_modern,2,2550707.318306923,"Modern coding, complete cohort"
categorical__wholegrain_More than once/day,wholegrain,0.0018879494106357323,False,1.8375857166233773,82.0,rf_complete_modern,2,2550707.318306923,"Modern coding, complete cohort"
categorical__wholegrain_Never,wholegrain,0.015531678003722644,False,15.117348745707984,12.0,rf_complete_modern,2,2550707.318306923,"Modern coding, complete cohort"
categorical__legumes_At least once/week,legumes,0.01406188287364445,False,13.686762458713769,18.0,rf_complete_modern,2,2550707.318306923,"Modern coding, complete cohort"
categorical__legumes_At least twice/week,legumes,0.011020115949073477,False,10.726138925900528,25.0,rf_complete_modern,2,2550707.318306923,"Modern coding, complete cohort"
categorical__legumes_Less than once/month or never,legumes,0.005845049200761014,False,5.689124329164395,43.0,rf_complete_modern,2,2550707.318306923,"Modern coding, complete cohort"
categorical__legumes_One to three times/month,legumes,0.0065056336715783895,False,6.33208678428043,39.0,rf_complete_modern,2,2550707.318306923,"Modern coding, complete cohort"
categorical__label_ingredients_Almost always,label_ingredients,0.004191997214428499,False,4.080169819150449,61.0,rf_complete_modern,2,2550707.318306923,"Modern coding, complete cohort"
categorical__label_ingredients_Always,label_ingredients,0.00534683950816895,False,5.204205077709336,47.0,rf_complete_modern,2,2550707.318306923,"Modern coding, complete cohort"
categorical__label_ingredients_Never,label_ingredients,0.008750549392493607,False,8.51711623503673,31.0,rf_complete_modern,2,2550707.318306923,"Modern coding, complete cohort"
categorical__label_ingredients_Rarely,label_ingredients,0.0038981900861511805,False,3.794200407405072,68.0,rf_complete_modern,2,2550707.318306923,"Modern coding, complete cohort"
categorical__label_ingredients_Sometimes,label_ingredients,0.003356881771262461,False,3.267332249749283,74.0,rf_complete_modern,2,2550707.318306923,"Modern coding, complete cohort"
categorical__label_nutrition_Almost always,label_nutrition,0.004889044910833639,False,4.758622792256333,52.0,rf_complete_modern,2,2550707.318306923,"Modern coding, complete cohort"
categorical__label_nutrition_Always,label_nutrition,0.0056588037276823966,False,5.5078472148587805,44.0,rf_complete_modern,2,2550707.318306923,"Modern coding, complete cohort"
categorical__label_nutrition_Never,label_nutrition,0.007772323179833884,False,7.564985576300069,37.0,rf_complete_modern,2,2550707.318306923,"Modern coding, complete cohort"
categorical__label_nutrition_Rarely,label_nutrition,0.004402276471990885,False,4.284839583086917,59.0,rf_complete_modern,2,2550707.318306923,"Modern coding, complete cohort"
categorical__label_nutrition_Sometimes,label_nutrition,0.004021088104868411,False,3.913819949392719,64.0,rf_complete_modern,2,2550707.318306923,"Modern coding, complete cohort"
categorical__label_warnings_Almost always,label_warnings,0.004411016718934881,False,4.293346671705695,58.0,rf_complete_modern,2,2550707.318306923,"Modern coding, complete cohort"
categorical__label_warnings_Always,label_warnings,0.010731198619082222,False,10.444928870225299,26.0,rf_complete_modern,2,2550707.318306923,"Modern coding, complete cohort"
categorical__label_warnings_Never,label_warnings,0.011306917621005637,False,11.00528976165771,24.0,rf_complete_modern,2,2550707.318306923,"Modern coding, complete cohort"
categorical__label_warnings_Rarely,label_warnings,0.0032406802106201295,False,3.1542305284410883,75.0,rf_complete_modern,2,2550707.318306923,"Modern coding, complete cohort"
categorical__label_warnings_Sometimes,label_warnings,0.004747020411981741,False,4.620386995772273,54.0,rf_complete_modern,2,2550707.318306923,"Modern coding, complete cohort"
categorical__label_health_Almost always,label_health,0.004958641325703674,False,4.8263626253116625,51.0,rf_complete_modern,2,2550707.318306923,"Modern coding, complete cohort"
categorical__label_health_Always,label_health,0.006430499321473695,False,6.258956748166974,40.0,rf_complete_modern,2,2550707.318306923,"Modern coding, complete cohort"
categorical__label_health_Never,label_health,0.008150968243492113,False,7.933529752711034,34.0,rf_complete_modern,2,2550707.318306923,"Modern coding, complete cohort"
categorical__label_health_Rarely,label_health,0.004629411166146238,False,4.505915141244459,55.0,rf_complete_modern,2,2550707.318306923,"Modern coding, complete cohort"
categorical__label_health_Sometimes,label_health,0.0035869197056809187,False,3.4912336001708297,72.0,rf_complete_modern,2,2550707.318306923,"Modern coding, complete cohort"
categorical__label_brand_Almost always,label_brand,0.006545289866699999,False,6.370685094871052,38.0,rf_complete_modern,2,2550707.318306923,"Modern coding, complete cohort"
categorical__label_brand_Always,label_brand,0.010654603601735712,False,10.370377132213914,27.0,rf_complete_modern,2,2550707.318306923,"Modern coding, complete cohort"
categorical__label_brand_Never,label_brand,0.009385256511822955,False,9.134891653248832,30.0,rf_complete_modern,2,2550707.318306923,"Modern coding, complete cohort"
categorical__label_brand_Rarely,label_brand,0.0036896647422429048,False,3.5912377690201827,70.0,rf_complete_modern,2,2550707.318306923,"Modern coding, complete cohort"
categorical__label_brand_Sometimes,label_brand,0.005250357385819816,False,5.110296751066951,49.0,rf_complete_modern,2,2550707.318306923,"Modern coding, complete cohort"
categorical__label_discounts_Almost always,label_discounts,0.006372723159503806,False,6.202721846215107,41.0,rf_complete_modern,2,2550707.318306923,"Modern coding, complete cohort"
categorical__label_discounts_Always,label_discounts,0.013804095783942372,False,13.43585220057982,20.0,rf_complete_modern,2,2550707.318306923,"Modern coding, complete cohort"
categorical__label_discounts_Never,label_discounts,0.010082536876138547,False,9.813571087522877,29.0,rf_complete_modern,2,2550707.318306923,"Modern coding, complete cohort"
categorical__label_discounts_Rarely,label_discounts,0.0030180095766762986,False,2.9374999454384043,77.0,rf_complete_modern,2,2550707.318306923,"Modern coding, complete cohort"
categorical__label_discounts_Sometimes,label_discounts,0.005143537913066486,False,5.006326837316634,50.0,rf_complete_modern,2,2550707.318306923,"Modern coding, complete cohort"
categorical__oil_Butter,oil,0.0,False,0.0,92.0,rf_complete_modern,2,2550707.318306923,"Modern coding, complete cohort"
categorical__oil_Lard,oil,0.0,False,0.0,92.0,rf_complete_modern,2,2550707.318306923,"Modern coding, complete cohort"
categorical__oil_Margarine,oil,0.0,False,0.0,92.0,rf_complete_modern,2,2550707.318306923,"Modern coding, complete cohort"
categorical__oil_None,oil,0.0,False,0.0,92.0,rf_complete_modern,2,2550707.318306923,"Modern coding, complete cohort"
categorical__oil_Olive oil,oil,0.004505196308023341,False,4.385013888386114,56.0,rf_complete_modern,2,2550707.318306923,"Modern coding, complete cohort"
categorical__oil_Other,oil,0.0,False,0.0,92.0,rf_complete_modern,2,2550707.318306923,"Modern coding, complete cohort"
categorical__oil_Vegetable oil,oil,0.003937614036806425,False,3.8325726689756547,65.0,rf_complete_modern,2,2550707.318306923,"Modern coding, complete cohort"
numeric__age,age,0.29729508511248015,False,100.0,1.0,rf_complete_modern,3,2756937.4032588005,"Modern coding, complete cohort"
numeric__teeth_remaining,teeth_remaining,0.19750817711838617,False,66.43506300942039,2.0,rf_complete_modern,3,2756937.4032588005,"Modern coding, complete cohort"
numeric__fruit_days,fruit_days,0.06886076603139897,False,23.162430016408052,4.0,rf_complete_modern,3,2756937.4032588005,"Modern coding, complete cohort"
numeric__fruit_portions,fruit_portions,0.015422473763344208,False,5.187597957601348,10.0,rf_complete_modern,3,2756937.4032588005,"Modern coding, complete cohort"
numeric__vegetable_days,vegetable_days,0.010976134860781106,False,3.692000107108511,14.0,rf_complete_modern,3,2756937.4032588005,"Modern coding, complete cohort"
numeric__vegetable_portions,vegetable_portions,0.009825283886925584,False,3.3048928081701163,16.0,rf_complete_modern,3,2756937.4032588005,"Modern coding, complete cohort"
numeric__water,water,0.012962339282098582,False,4.360092020086489,12.0,rf_complete_modern,3,2756937.4032588005,"Modern coding, complete cohort"
numeric__soda_frequency,soda_frequency,0.03674666101198743,False,12.360332495266281,7.0,rf_complete_modern,3,2756937.4032588005,"Modern coding, complete cohort"
numeric__juice_frequency,juice_frequency,0.0756194135074,False,25.435810174523994,3.0,rf_complete_modern,3,2756937.4032588005,"Modern coding, complete cohort"
numeric_missing__missingindicator_age,age,0.0,True,0.0,47.0,rf_complete_modern,3,2756937.4032588005,"Modern coding, complete cohort"
numeric_missing__missingindicator_teeth_remaining,teeth_remaining,0.0,True,0.0,47.0,rf_complete_modern,3,2756937.4032588005,"Modern coding, complete cohort"
numeric_missing__missingindicator_fruit_days,fruit_days,0.0,True,0.0,47.0,rf_complete_modern,3,2756937.4032588005,"Modern coding, complete cohort"
numeric_missing__missingindicator_fruit_portions,fruit_portions,0.0,True,0.0,47.0,rf_complete_modern,3,2756937.4032588005,"Modern coding, complete cohort"
numeric_missing__missingindicator_vegetable_days,vegetable_days,0.0,True,0.0,47.0,rf_complete_modern,3,2756937.4032588005,"Modern coding, complete cohort"
numeric_missing__missingindicator_vegetable_portions,vegetable_portions,0.0,True,0.0,47.0,rf_complete_modern,3,2756937.4032588005,"Modern coding, complete cohort"
numeric_missing__missingindicator_water,water,0.0,True,0.0,47.0,rf_complete_modern,3,2756937.4032588005,"Modern coding, complete cohort"
numeric_missing__missingindicator_soda_frequency,soda_frequency,0.0,True,0.0,47.0,rf_complete_modern,3,2756937.4032588005,"Modern coding, complete cohort"
numeric_missing__missingindicator_juice_frequency,juice_frequency,0.0,True,0.0,47.0,rf_complete_modern,3,2756937.4032588005,"Modern coding, complete cohort"
categorical__sex_Female,sex,0.042382961904549224,False,14.25619326620009,6.0,rf_complete_modern,3,2756937.4032588005,"Modern coding, complete cohort"
categorical__sex_Male,sex,0.04794677331830538,False,16.127671031011143,5.0,rf_complete_modern,3,2756937.4032588005,"Modern coding, complete cohort"
categorical__region_01 Arica and Parinacota,region,0.0,False,0.0,47.0,rf_complete_modern,3,2756937.4032588005,"Modern coding, complete cohort"
categorical__region_02 Tarapaca,region,0.0,False,0.0,47.0,rf_complete_modern,3,2756937.4032588005,"Modern coding, complete cohort"
categorical__region_03 Antofagasta,region,0.0,False,0.0,47.0,rf_complete_modern,3,2756937.4032588005,"Modern coding, complete cohort"
categorical__region_04 Atacama,region,0.0,False,0.0,47.0,rf_complete_modern,3,2756937.4032588005,"Modern coding, complete cohort"
categorical__region_05 Coquimbo,region,0.0,False,0.0,47.0,rf_complete_modern,3,2756937.4032588005,"Modern coding, complete cohort"
categorical__region_06 Valparaiso,region,0.004373974456601881,False,1.4712569011852348,25.0,rf_complete_modern,3,2756937.4032588005,"Modern coding, complete cohort"
categorical__region_07 Metropolitan,region,0.006908749566029867,False,2.32386941863367,20.0,rf_complete_modern,3,2756937.4032588005,"Modern coding, complete cohort"
categorical__region_08 O'Higgins,region,0.001847112800923889,False,0.6213062016228902,35.0,rf_complete_modern,3,2756937.4032588005,"Modern coding, complete cohort"
categorical__region_09 Maule,region,0.0,False,0.0,47.0,rf_complete_modern,3,2756937.4032588005,"Modern coding, complete cohort"
categorical__region_10 Biobio,region,0.0,False,0.0,47.0,rf_complete_modern,3,2756937.4032588005,"Modern coding, complete cohort"
categorical__region_11 La Araucania,region,0.0,False,0.0,47.0,rf_complete_modern,3,2756937.4032588005,"Modern coding, complete cohort"
categorical__region_12 Los Rios,region,0.0,False,0.0,47.0,rf_complete_modern,3,2756937.4032588005,"Modern coding, complete cohort"
categorical__region_13 Los Lagos,region,0.0,False,0.0,47.0,rf_complete_modern,3,2756937.4032588005,"Modern coding, complete cohort"
categorical__region_14 Aysen,region,0.0,False,0.0,47.0,rf_complete_modern,3,2756937.4032588005,"Modern coding, complete cohort"
categorical__region_15 Magallanes and Antarctica,region,0.0,False,0.0,47.0,rf_complete_modern,3,2756937.4032588005,"Modern coding, complete cohort"
categorical__rural_Rural,rural,0.0,False,0.0,47.0,rf_complete_modern,3,2756937.4032588005,"Modern coding, complete cohort"
categorical__rural_Urban,rural,0.0,False,0.0,47.0,rf_complete_modern,3,2756937.4032588005,"Modern coding, complete cohort"
categorical__education_High,education,0.021717609250196942,False,7.305068377427158,9.0,rf_complete_modern,3,2756937.4032588005,"Modern coding, complete cohort"
categorical__education_Intermediate,education,0.014657279668070943,False,4.930212573990395,11.0,rf_complete_modern,3,2756937.4032588005,"Modern coding, complete cohort"
categorical__education_Low,education,0.0,False,0.0,47.0,rf_complete_modern,3,2756937.4032588005,"Modern coding, complete cohort"
categorical__indigenous_No,indigenous,0.0,False,0.0,47.0,rf_complete_modern,3,2756937.4032588005,"Modern coding, complete cohort"
categorical__indigenous_Yes,indigenous,0.0,False,0.0,47.0,rf_complete_modern,3,2756937.4032588005,"Modern coding, complete cohort"
categorical__born_chile_No,born_chile,0.0,False,0.0,47.0,rf_complete_modern,3,2756937.4032588005,"Modern coding, complete cohort"
categorical__born_chile_Yes,born_chile,0.0,False,0.0,47.0,rf_complete_modern,3,2756937.4032588005,"Modern coding, complete cohort"
categorical__fish_Less than once/month or never,fish,0.003076475239546304,False,1.0348220988525036,28.0,rf_complete_modern,3,2756937.4032588005,"Modern coding, complete cohort"
categorical__fish_Less than three times/month,fish,0.004231176720678656,False,1.4232245780577943,26.0,rf_complete_modern,3,2756937.4032588005,"Modern coding, complete cohort"
categorical__fish_More than once/week,fish,0.0,False,0.0,47.0,rf_complete_modern,3,2756937.4032588005,"Modern coding, complete cohort"
categorical__fish_Once/week,fish,0.002711197184030288,False,0.9119549295624984,32.0,rf_complete_modern,3,2756937.4032588005,"Modern coding, complete cohort"
categorical__dairy_frequency_At least once/month,dairy_frequency,0.0,False,0.0,47.0,rf_complete_modern,3,2756937.4032588005,"Modern coding, complete cohort"
categorical__dairy_frequency_At least once/week,dairy_frequency,0.0012299423097794876,False,0.41371094625198557,37.0,rf_complete_modern,3,2756937.4032588005,"Modern coding, complete cohort"
categorical__dairy_frequency_At least three times/day,dairy_frequency,0.0,False,0.0,47.0,rf_complete_modern,3,2756937.4032588005,"Modern coding, complete cohort"
categorical__dairy_frequency_Every other day,dairy_frequency,0.0007653383184349867,False,0.25743389539905265,39.0,rf_complete_modern,3,2756937.4032588005,"Modern coding, complete cohort"
categorical__dairy_frequency_Less than three times/day,dairy_frequency,0.005256010629385695,False,1.7679440033114266,23.0,rf_complete_modern,3,2756937.4032588005,"Modern coding, complete cohort"
categorical__dairy_frequency_Never,dairy_frequency,0.0,False,0.0,47.0,rf_complete_modern,3,2756937.4032588005,"Modern coding, complete cohort"
categorical__dairy_frequency_Once/day,dairy_frequency,0.011135071026737815,False,3.745460851640018,13.0,rf_complete_modern,3,2756937.4032588005,"Modern coding, complete cohort"
categorical__dairy_type_Full fat,dairy_type,0.003048761137002952,False,1.0255000131769645,29.0,rf_complete_modern,3,2756937.4032588005,"Modern coding, complete cohort"
categorical__dairy_type_No dairy,dairy_type,0.0,False,0.0,47.0,rf_complete_modern,3,2756937.4032588005,"Modern coding, complete cohort"
categorical__dairy_type_Reduced fat,dairy_type,0.0058431053425799,False,1.9654227853680089,22.0,rf_complete_modern,3,2756937.4032588005,"Modern coding, complete cohort"
categorical__wholegrain_At least once/month,wholegrain,0.0,False,0.0,47.0,rf_complete_modern,3,2756937.4032588005,"Modern coding, complete cohort"
categorical__wholegrain_At least once/week,wholegrain,0.0,False,0.0,47.0,rf_complete_modern,3,2756937.4032588005,"Modern coding, complete cohort"
categorical__wholegrain_Daily,wholegrain,0.0002486838942557361,False,0.0836488414067282,46.0,rf_complete_modern,3,2756937.4032588005,"Modern coding, complete cohort"
categorical__wholegrain_Every other day,wholegrain,0.0,False,0.0,47.0,rf_complete_modern,3,2756937.4032588005,"Modern coding, complete cohort"
categorical__wholegrain_More than once/day,wholegrain,0.0,False,0.0,47.0,rf_complete_modern,3,2756937.4032588005,"Modern coding, complete cohort"
categorical__wholegrain_Never,wholegrain,0.009803061323208413,False,3.297417890208132,17.0,rf_complete_modern,3,2756937.4032588005,"Modern coding, complete cohort"
categorical__legumes_At least once/week,legumes,0.008999924630775289,False,3.027269901677053,18.0,rf_complete_modern,3,2756937.4032588005,"Modern coding, complete cohort"
categorical__legumes_At least twice/week,legumes,0.002676079400255976,False,0.9001424962149961,33.0,rf_complete_modern,3,2756937.4032588005,"Modern coding, complete cohort"
categorical__legumes_Less than once/month or never,legumes,0.0,False,0.0,47.0,rf_complete_modern,3,2756937.4032588005,"Modern coding, complete cohort"
categorical__legumes_One to three times/month,legumes,0.0003752309007815221,False,0.126214969426607,42.0,rf_complete_modern,3,2756937.4032588005,"Modern coding, complete cohort"
categorical__label_ingredients_Almost always,label_ingredients,0.0,False,0.0,47.0,rf_complete_modern,3,2756937.4032588005,"Modern coding, complete cohort"
categorical__label_ingredients_Always,label_ingredients,0.0006600660470060754,False,0.22202386788747033,40.0,rf_complete_modern,3,2756937.4032588005,"Modern coding, complete cohort"
categorical__label_ingredients_Never,label_ingredients,0.0028728779871402817,False,0.9663388770969228,30.0,rf_complete_modern,3,2756937.4032588005,"Modern coding, complete cohort"
categorical__label_ingredients_Rarely,label_ingredients,0.0,False,0.0,47.0,rf_complete_modern,3,2756937.4032588005,"Modern coding, complete cohort"
categorical__label_ingredients_Sometimes,label_ingredients,0.0,False,0.0,47.0,rf_complete_modern,3,2756937.4032588005,"Modern coding, complete cohort"
categorical__label_nutrition_Almost always,label_nutrition,0.0,False,0.0,47.0,rf_complete_modern,3,2756937.4032588005,"Modern coding, complete cohort"
categorical__label_nutrition_Always,label_nutrition,0.00040251256835445784,False,0.13539159862066646,41.0,rf_complete_modern,3,2756937.4032588005,"Modern coding, complete cohort"
categorical__label_nutrition_Never,label_nutrition,0.0033971845917300345,False,1.1426978654708422,27.0,rf_complete_modern,3,2756937.4032588005,"Modern coding, complete cohort"
categorical__label_nutrition_Rarely,label_nutrition,0.0,False,0.0,47.0,rf_complete_modern,3,2756937.4032588005,"Modern coding, complete cohort"
categorical__label_nutrition_Sometimes,label_nutrition,0.0,False,0.0,47.0,rf_complete_modern,3,2756937.4032588005,"Modern coding, complete cohort"
categorical__label_warnings_Almost always,label_warnings,0.0,False,0.0,47.0,rf_complete_modern,3,2756937.4032588005,"Modern coding, complete cohort"
categorical__label_warnings_Always,label_warnings,0.031058223430428848,False,10.446934707540867,8.0,rf_complete_modern,3,2756937.4032588005,"Modern coding, complete cohort"
categorical__label_warnings_Never,label_warnings,0.007393218405146386,False,2.4868283316386472,19.0,rf_complete_modern,3,2756937.4032588005,"Modern coding, complete cohort"
categorical__label_warnings_Rarely,label_warnings,0.00030624784233453675,False,0.10301140438250748,44.0,rf_complete_modern,3,2756937.4032588005,"Modern coding, complete cohort"
categorical__label_warnings_Sometimes,label_warnings,0.0,False,0.0,47.0,rf_complete_modern,3,2756937.4032588005,"Modern coding, complete cohort"
categorical__label_health_Almost always,label_health,0.0,False,0.0,47.0,rf_complete_modern,3,2756937.4032588005,"Modern coding, complete cohort"
categorical__label_health_Always,label_health,0.005888430891618135,False,1.9806687653078006,21.0,rf_complete_modern,3,2756937.4032588005,"Modern coding, complete cohort"
categorical__label_health_Never,label_health,0.0011562401512074702,False,0.3889200357180518,38.0,rf_complete_modern,3,2756937.4032588005,"Modern coding, complete cohort"
categorical__label_health_Rarely,label_health,0.0,False,0.0,47.0,rf_complete_modern,3,2756937.4032588005,"Modern coding, complete cohort"
categorical__label_health_Sometimes,label_health,0.0,False,0.0,47.0,rf_complete_modern,3,2756937.4032588005,"Modern coding, complete cohort"
categorical__label_brand_Almost always,label_brand,0.0003224313004864932,False,0.10845497172094282,43.0,rf_complete_modern,3,2756937.4032588005,"Modern coding, complete cohort"
categorical__label_brand_Always,label_brand,0.0015885004288408399,False,0.5343177564606689,36.0,rf_complete_modern,3,2756937.4032588005,"Modern coding, complete cohort"
categorical__label_brand_Never,label_brand,0.010664553915656766,False,3.5871948275303254,15.0,rf_complete_modern,3,2756937.4032588005,"Modern coding, complete cohort"
categorical__label_brand_Rarely,label_brand,0.0,False,0.0,47.0,rf_complete_modern,3,2756937.4032588005,"Modern coding, complete cohort"
categorical__label_brand_Sometimes,label_brand,0.0002928587430553044,False,0.09850776474979489,45.0,rf_complete_modern,3,2756937.4032588005,"Modern coding, complete cohort"
categorical__label_discounts_Almost always,label_discounts,0.0,False,0.0,47.0,rf_complete_modern,3,2756937.4032588005,"Modern coding, complete cohort"
categorical__label_discounts_Always,label_discounts,0.004900448377576701,False,1.6483449014041518,24.0,rf_complete_modern,3,2756937.4032588005,"Modern coding, complete cohort"
categorical__label_discounts_Never,label_discounts,0.0027782447871130653,False,0.9345074729580309,31.0,rf_complete_modern,3,2756937.4032588005,"Modern coding, complete cohort"
categorical__label_discounts_Rarely,label_discounts,0.0,False,0.0,47.0,rf_complete_modern,3,2756937.4032588005,"Modern coding, complete cohort"
categorical__label_discounts_Sometimes,label_discounts,0.0018671069353712142,False,0.6280315514347651,34.0,rf_complete_modern,3,2756937.4032588005,"Modern coding, complete cohort"
categorical__oil_Butter,oil,0.0,False,0.0,47.0,rf_complete_modern,3,2756937.4032588005,"Modern coding, complete cohort"
categorical__oil_Lard,oil,0.0,False,0.0,47.0,rf_complete_modern,3,2756937.4032588005,"Modern coding, complete cohort"
categorical__oil_Margarine,oil,0.0,False,0.0,47.0,rf_complete_modern,3,2756937.4032588005,"Modern coding, complete cohort"
categorical__oil_None,oil,0.0,False,0.0,47.0,rf_complete_modern,3,2756937.4032588005,"Modern coding, complete cohort"
categorical__oil_Olive oil,oil,0.0,False,0.0,47.0,rf_complete_modern,3,2756937.4032588005,"Modern coding, complete cohort"
categorical__oil_Other,oil,0.0,False,0.0,47.0,rf_complete_modern,3,2756937.4032588005,"Modern coding, complete cohort"
categorical__oil_Vegetable oil,oil,0.0,False,0.0,47.0,rf_complete_modern,3,2756937.4032588005,"Modern coding, complete cohort"
numeric__age,age,0.16172894096737664,False,100.0,1.0,rf_complete_modern,4,2760460.2584929466,"Modern coding, complete cohort"
numeric__teeth_remaining,teeth_remaining,0.1521515616237334,False,94.07812894441993,2.0,rf_complete_modern,4,2760460.2584929466,"Modern coding, complete cohort"
numeric__fruit_days,fruit_days,0.02698072890278813,False,16.68268446043345,12.0,rf_complete_modern,4,2760460.2584929466,"Modern coding, complete cohort"
numeric__fruit_portions,fruit_portions,0.03371054925338972,False,20.843857043613294,4.0,rf_complete_modern,4,2760460.2584929466,"Modern coding, complete cohort"
numeric__vegetable_days,vegetable_days,0.03139861878061104,False,19.414347607052377,6.0,rf_complete_modern,4,2760460.2584929466,"Modern coding, complete cohort"
numeric__vegetable_portions,vegetable_portions,0.014032693271294909,False,8.676674185435699,16.0,rf_complete_modern,4,2760460.2584929466,"Modern coding, complete cohort"
numeric__water,water,0.028391228910053315,False,17.55482274244304,10.0,rf_complete_modern,4,2760460.2584929466,"Modern coding, complete cohort"
numeric__soda_frequency,soda_frequency,0.06296180494601979,False,38.93045027650321,3.0,rf_complete_modern,4,2760460.2584929466,"Modern coding, complete cohort"
numeric__juice_frequency,juice_frequency,0.03322522779187688,False,20.5437737940663,5.0,rf_complete_modern,4,2760460.2584929466,"Modern coding, complete cohort"
numeric_missing__missingindicator_age,age,0.0,True,0.0,84.0,rf_complete_modern,4,2760460.2584929466,"Modern coding, complete cohort"
numeric_missing__missingindicator_teeth_remaining,teeth_remaining,0.0,True,0.0,84.0,rf_complete_modern,4,2760460.2584929466,"Modern coding, complete cohort"
numeric_missing__missingindicator_fruit_days,fruit_days,0.0,True,0.0,84.0,rf_complete_modern,4,2760460.2584929466,"Modern coding, complete cohort"
numeric_missing__missingindicator_fruit_portions,fruit_portions,0.0,True,0.0,84.0,rf_complete_modern,4,2760460.2584929466,"Modern coding, complete cohort"
numeric_missing__missingindicator_vegetable_days,vegetable_days,0.0,True,0.0,84.0,rf_complete_modern,4,2760460.2584929466,"Modern coding, complete cohort"
numeric_missing__missingindicator_vegetable_portions,vegetable_portions,0.0,True,0.0,84.0,rf_complete_modern,4,2760460.2584929466,"Modern coding, complete cohort"
numeric_missing__missingindicator_water,water,0.0,True,0.0,84.0,rf_complete_modern,4,2760460.2584929466,"Modern coding, complete cohort"
numeric_missing__missingindicator_soda_frequency,soda_frequency,0.0,True,0.0,84.0,rf_complete_modern,4,2760460.2584929466,"Modern coding, complete cohort"
numeric_missing__missingindicator_juice_frequency,juice_frequency,0.0,True,0.0,84.0,rf_complete_modern,4,2760460.2584929466,"Modern coding, complete cohort"
categorical__sex_Female,sex,0.031224002442719855,False,19.30637909081359,7.0,rf_complete_modern,4,2760460.2584929466,"Modern coding, complete cohort"
categorical__sex_Male,sex,0.02837471462610518,False,17.544611654774158,11.0,rf_complete_modern,4,2760460.2584929466,"Modern coding, complete cohort"
categorical__region_01 Arica and Parinacota,region,0.0,False,0.0,84.0,rf_complete_modern,4,2760460.2584929466,"Modern coding, complete cohort"
categorical__region_02 Tarapaca,region,0.0,False,0.0,84.0,rf_complete_modern,4,2760460.2584929466,"Modern coding, complete cohort"
categorical__region_03 Antofagasta,region,0.0008345779743057738,False,0.5160350208897502,68.0,rf_complete_modern,4,2760460.2584929466,"Modern coding, complete cohort"
categorical__region_04 Atacama,region,0.0,False,0.0,84.0,rf_complete_modern,4,2760460.2584929466,"Modern coding, complete cohort"
categorical__region_05 Coquimbo,region,0.0005797824000205633,False,0.35849019758159106,74.0,rf_complete_modern,4,2760460.2584929466,"Modern coding, complete cohort"
categorical__region_06 Valparaiso,region,0.005414004799200927,False,3.347579454126902,39.0,rf_complete_modern,4,2760460.2584929466,"Modern coding, complete cohort"
categorical__region_07 Metropolitan,region,0.009217154120800262,False,5.699137127633521,27.0,rf_complete_modern,4,2760460.2584929466,"Modern coding, complete cohort"
categorical__region_08 O'Higgins,region,0.012393975532447619,False,7.663424652578222,20.0,rf_complete_modern,4,2760460.2584929466,"Modern coding, complete cohort"
categorical__region_09 Maule,region,0.0006865159413222644,False,0.4244855232563144,69.0,rf_complete_modern,4,2760460.2584929466,"Modern coding, complete cohort"
categorical__region_10 Biobio,region,0.004380104349706044,False,2.708299654660808,42.0,rf_complete_modern,4,2760460.2584929466,"Modern coding, complete cohort"
categorical__region_11 La Araucania,region,0.0,False,0.0,84.0,rf_complete_modern,4,2760460.2584929466,"Modern coding, complete cohort"
categorical__region_12 Los Rios,region,0.0004977941551503694,False,0.3077953470620837,76.0,rf_complete_modern,4,2760460.2584929466,"Modern coding, complete cohort"
categorical__region_13 Los Lagos,region,0.0010580790178220368,False,0.6542298561365517,64.0,rf_complete_modern,4,2760460.2584929466,"Modern coding, complete cohort"
categorical__region_14 Aysen,region,0.0,False,0.0,84.0,rf_complete_modern,4,2760460.2584929466,"Modern coding, complete cohort"
categorical__region_15 Magallanes and Antarctica,region,0.0,False,0.0,84.0,rf_complete_modern,4,2760460.2584929466,"Modern coding, complete cohort"
categorical__rural_Rural,rural,0.0018473538463313977,False,1.1422531028036838,54.0,rf_complete_modern,4,2760460.2584929466,"Modern coding, complete cohort"
categorical__rural_Urban,rural,0.0022982882778561247,False,1.421074214737934,49.0,rf_complete_modern,4,2760460.2584929466,"Modern coding, complete cohort"
categorical__education_High,education,0.029599289619622174,False,18.30178905678535,8.0,rf_complete_modern,4,2760460.2584929466,"Modern coding, complete cohort"
categorical__education_Intermediate,education,0.015989292788109864,False,9.886475909920888,15.0,rf_complete_modern,4,2760460.2584929466,"Modern coding, complete cohort"
categorical__education_Low,education,0.003503840060800159,False,2.1664892132737954,45.0,rf_complete_modern,4,2760460.2584929466,"Modern coding, complete cohort"
categorical__indigenous_No,indigenous,0.0006810700270937576,False,0.4211182136109705,70.0,rf_complete_modern,4,2760460.2584929466,"Modern coding, complete cohort"
categorical__indigenous_Yes,indigenous,0.000967770842836176,False,0.5983906387115904,66.0,rf_complete_modern,4,2760460.2584929466,"Modern coding, complete cohort"
categorical__born_chile_No,born_chile,0.0,False,0.0,84.0,rf_complete_modern,4,2760460.2584929466,"Modern coding, complete cohort"
categorical__born_chile_Yes,born_chile,0.0,False,0.0,84.0,rf_complete_modern,4,2760460.2584929466,"Modern coding, complete cohort"
categorical__fish_Less than once/month or never,fish,0.0058264220904314015,False,3.6025847047416737,36.0,rf_complete_modern,4,2760460.2584929466,"Modern coding, complete cohort"
categorical__fish_Less than three times/month,fish,0.0054194238272091185,False,3.350930139524196,38.0,rf_complete_modern,4,2760460.2584929466,"Modern coding, complete cohort"
categorical__fish_More than once/week,fish,0.007573805122278947,False,4.6830240011320585,29.0,rf_complete_modern,4,2760460.2584929466,"Modern coding, complete cohort"
categorical__fish_Once/week,fish,0.013680244303304629,False,8.458748459908705,17.0,rf_complete_modern,4,2760460.2584929466,"Modern coding, complete cohort"
categorical__dairy_frequency_At least once/month,dairy_frequency,0.0006267939111405866,False,0.38755828572884876,71.0,rf_complete_modern,4,2760460.2584929466,"Modern coding, complete cohort"
categorical__dairy_frequency_At least once/week,dairy_frequency,0.004473372371805684,False,2.7659690003832003,40.0,rf_complete_modern,4,2760460.2584929466,"Modern coding, complete cohort"
categorical__dairy_frequency_At least three times/day,dairy_frequency,0.00036175282118003084,False,0.22367847029493765,78.0,rf_complete_modern,4,2760460.2584929466,"Modern coding, complete cohort"
categorical__dairy_frequency_Every other day,dairy_frequency,0.004136551405110785,False,2.5577063575437586,43.0,rf_complete_modern,4,2760460.2584929466,"Modern coding, complete cohort"
categorical__dairy_frequency_Less than three times/day,dairy_frequency,0.010621785891393525,False,6.56764697020808,24.0,rf_complete_modern,4,2760460.2584929466,"Modern coding, complete cohort"
categorical__dairy_frequency_Never,dairy_frequency,0.0017451882275340085,False,1.0790822082276799,57.0,rf_complete_modern,4,2760460.2584929466,"Modern coding, complete cohort"
categorical__dairy_frequency_Once/day,dairy_frequency,0.022176461292264634,False,13.71211680458477,14.0,rf_complete_modern,4,2760460.2584929466,"Modern coding, complete cohort"
categorical__dairy_type_Full fat,dairy_type,0.006634810226341467,False,4.102426063421646,33.0,rf_complete_modern,4,2760460.2584929466,"Modern coding, complete cohort"
categorical__dairy_type_No dairy,dairy_type,0.0024436804646711377,False,1.510972897030265,48.0,rf_complete_modern,4,2760460.2584929466,"Modern coding, complete cohort"
categorical__dairy_type_Reduced fat,dairy_type,0.012994689181400771,False,8.034857029096612,18.0,rf_complete_modern,4,2760460.2584929466,"Modern coding, complete cohort"
categorical__wholegrain_At least once/month,wholegrain,0.001252657088818242,False,0.774541081717046,60.0,rf_complete_modern,4,2760460.2584929466,"Modern coding, complete cohort"
categorical__wholegrain_At least once/week,wholegrain,0.0013484587349900273,False,0.8337770141350479,58.0,rf_complete_modern,4,2760460.2584929466,"Modern coding, complete cohort"
categorical__wholegrain_Daily,wholegrain,0.011103519801220057,False,6.865511970093106,21.0,rf_complete_modern,4,2760460.2584929466,"Modern coding, complete cohort"
categorical__wholegrain_Every other day,wholegrain,0.0005799836398435204,False,0.3586146278918085,73.0,rf_complete_modern,4,2760460.2584929466,"Modern coding, complete cohort"
categorical__wholegrain_More than once/day,wholegrain,0.00030074602790425,False,0.18595683994796908,81.0,rf_complete_modern,4,2760460.2584929466,"Modern coding, complete cohort"
categorical__wholegrain_Never,wholegrain,0.026653665459777157,False,16.480455075232104,13.0,rf_complete_modern,4,2760460.2584929466,"Modern coding, complete cohort"
categorical__legumes_At least once/week,legumes,0.012759785085817196,False,7.88961147553118,19.0,rf_complete_modern,4,2760460.2584929466,"Modern coding, complete cohort"
categorical__legumes_At least twice/week,legumes,0.008600565681136959,False,5.317889073961,28.0,rf_complete_modern,4,2760460.2584929466,"Modern coding, complete cohort"
categorical__legumes_Less than once/month or never,legumes,0.00212712148869121,False,1.315238618374608,50.0,rf_complete_modern,4,2760460.2584929466,"Modern coding, complete cohort"
categorical__legumes_One to three times/month,legumes,0.002762263089932596,False,1.7079584355219328,47.0,rf_complete_modern,4,2760460.2584929466,"Modern coding, complete cohort"
categorical__label_ingredients_Almost always,label_ingredients,0.0011777102879079284,False,0.7282000864307222,62.0,rf_complete_modern,4,2760460.2584929466,"Modern coding, complete cohort"
categorical__label_ingredients_Always,label_ingredients,0.003329082926365781,False,2.0584336399242926,46.0,rf_complete_modern,4,2760460.2584929466,"Modern coding, complete cohort"
categorical__label_ingredients_Never,label_ingredients,0.01045993006385553,False,6.467568513891071,25.0,rf_complete_modern,4,2760460.2584929466,"Modern coding, complete cohort"
categorical__label_ingredients_Rarely,label_ingredients,0.002037495267270644,False,1.2598210654712936,53.0,rf_complete_modern,4,2760460.2584929466,"Modern coding, complete cohort"
categorical__label_ingredients_Sometimes,label_ingredients,0.00028027394855272827,False,0.17329857406861032,83.0,rf_complete_modern,4,2760460.2584929466,"Modern coding, complete cohort"
categorical__label_nutrition_Almost always,label_nutrition,0.001311802783385974,False,0.8111119602586071,59.0,rf_complete_modern,4,2760460.2584929466,"Modern coding, complete cohort"
categorical__label_nutrition_Always,label_nutrition,0.007228886629722436,False,4.46975450805717,30.0,rf_complete_modern,4,2760460.2584929466,"Modern coding, complete cohort"
categorical__label_nutrition_Never,label_nutrition,0.0063535616337037385,False,3.928524848861377,34.0,rf_complete_modern,4,2760460.2584929466,"Modern coding, complete cohort"
categorical__label_nutrition_Rarely,label_nutrition,0.0017467901688647963,False,1.080072718226203,56.0,rf_complete_modern,4,2760460.2584929466,"Modern coding, complete cohort"
categorical__label_nutrition_Sometimes,label_nutrition,0.0010628442937205163,False,0.6571763144945773,63.0,rf_complete_modern,4,2760460.2584929466,"Modern coding, complete cohort"
categorical__label_warnings_Almost always,label_warnings,0.0003005070240800328,False,0.18580905945624784,82.0,rf_complete_modern,4,2760460.2584929466,"Modern coding, complete cohort"
categorical__label_warnings_Always,label_warnings,0.01073725522374352,False,6.639043797306135,23.0,rf_complete_modern,4,2760460.2584929466,"Modern coding, complete cohort"
categorical__label_warnings_Never,label_warnings,0.028828225064205844,False,17.825025559291188,9.0,rf_complete_modern,4,2760460.2584929466,"Modern coding, complete cohort"
categorical__label_warnings_Rarely,label_warnings,0.0005220648600950439,False,0.3228023735098549,75.0,rf_complete_modern,4,2760460.2584929466,"Modern coding, complete cohort"
categorical__label_warnings_Sometimes,label_warnings,0.0009125680613256741,False,0.5642577363502022,67.0,rf_complete_modern,4,2760460.2584929466,"Modern coding, complete cohort"
categorical__label_health_Almost always,label_health,0.0020375904031720753,False,1.2598798897614067,52.0,rf_complete_modern,4,2760460.2584929466,"Modern coding, complete cohort"
categorical__label_health_Always,label_health,0.005420107659167407,False,3.3513529654910252,37.0,rf_complete_modern,4,2760460.2584929466,"Modern coding, complete cohort"
categorical__label_health_Never,label_health,0.009236424223102984,False,5.711052188838683,26.0,rf_complete_modern,4,2760460.2584929466,"Modern coding, complete cohort"
categorical__label_health_Rarely,label_health,0.0020412915009390947,False,1.2621683470683558,51.0,rf_complete_modern,4,2760460.2584929466,"Modern coding, complete cohort"
categorical__label_health_Sometimes,label_health,0.0003353918749486803,False,0.20737900894085137,79.0,rf_complete_modern,4,2760460.2584929466,"Modern coding, complete cohort"
categorical__label_brand_Almost always,label_brand,0.0037078348519117327,False,2.2926229713330426,44.0,rf_complete_modern,4,2760460.2584929466,"Modern coding, complete cohort"
categorical__label_brand_Always,label_brand,0.006640542076069302,False,4.105970172282776,32.0,rf_complete_modern,4,2760460.2584929466,"Modern coding, complete cohort"
categorical__label_brand_Never,label_brand,0.006137073232886099,False,3.7946660604944213,35.0,rf_complete_modern,4,2760460.2584929466,"Modern coding, complete cohort"
categorical__label_brand_Rarely,label_brand,0.0006167245232255541,False,0.3813321966598158,72.0,rf_complete_modern,4,2760460.2584929466,"Modern coding, complete cohort"
categorical__label_brand_Sometimes,label_brand,0.0003125927265805975,False,0.19328187318289095,80.0,rf_complete_modern,4,2760460.2584929466,"Modern coding, complete cohort"
categorical__label_discounts_Almost always,label_discounts,0.0018343661842061612,False,1.1342225907335797,55.0,rf_complete_modern,4,2760460.2584929466,"Modern coding, complete cohort"
categorical__label_discounts_Always,label_discounts,0.010974709063045061,False,6.7858659046427805,22.0,rf_complete_modern,4,2760460.2584929466,"Modern coding, complete cohort"
categorical__label_discounts_Never,label_discounts,0.004439443141074345,False,2.744989928531006,41.0,rf_complete_modern,4,2760460.2584929466,"Modern coding, complete cohort"
categorical__label_discounts_Rarely,label_discounts,0.0012488582795490638,False,0.772192207578345,61.0,rf_complete_modern,4,2760460.2584929466,"Modern coding, complete cohort"
categorical__label_discounts_Sometimes,label_discounts,0.006974483950733339,False,4.312452619188427,31.0,rf_complete_modern,4,2760460.2584929466,"Modern coding, complete cohort"
categorical__oil_Butter,oil,0.0,False,0.0,84.0,rf_complete_modern,4,2760460.2584929466,"Modern coding, complete cohort"
categorical__oil_Lard,oil,0.0,False,0.0,84.0,rf_complete_modern,4,2760460.2584929466,"Modern coding, complete cohort"
categorical__oil_Margarine,oil,0.0,False,0.0,84.0,rf_complete_modern,4,2760460.2584929466,"Modern coding, complete cohort"
categorical__oil_None,oil,0.0,False,0.0,84.0,rf_complete_modern,4,2760460.2584929466,"Modern coding, complete cohort"
categorical__oil_Olive oil,oil,0.00044273896321443186,False,0.2737537020685367,77.0,rf_complete_modern,4,2760460.2584929466,"Modern coding, complete cohort"
categorical__oil_Other,oil,0.0,False,0.0,84.0,rf_complete_modern,4,2760460.2584929466,"Modern coding, complete cohort"
categorical__oil_Vegetable oil,oil,0.00097811660578164,False,0.6047876155813955,65.0,rf_complete_modern,4,2760460.2584929466,"Modern coding, complete cohort"
numeric__age,age,0.14937868116626477,False,100.0,1.0,rf_complete_modern,5,2793890.080402851,"Modern coding, complete cohort"
numeric__teeth_remaining,teeth_remaining,0.1283705562721367,False,85.93632991661967,2.0,rf_complete_modern,5,2793890.080402851,"Modern coding, complete cohort"
numeric__fruit_days,fruit_days,0.03350700023580247,False,22.430911810305627,7.0,rf_complete_modern,5,2793890.080402851,"Modern coding, complete cohort"
numeric__fruit_portions,fruit_portions,0.03591668724357747,False,24.044051643219884,5.0,rf_complete_modern,5,2793890.080402851,"Modern coding, complete cohort"
numeric__vegetable_days,vegetable_days,0.028834810453922905,False,19.3031630944904,8.0,rf_complete_modern,5,2793890.080402851,"Modern coding, complete cohort"
numeric__vegetable_portions,vegetable_portions,0.022558312687580663,False,15.10142713234448,11.0,rf_complete_modern,5,2793890.080402851,"Modern coding, complete cohort"
numeric__water,water,0.04176147967498158,False,27.956786971829867,4.0,rf_complete_modern,5,2793890.080402851,"Modern coding, complete cohort"
numeric__soda_frequency,soda_frequency,0.04994935265889689,False,33.438073136621924,3.0,rf_complete_modern,5,2793890.080402851,"Modern coding, complete cohort"
numeric__juice_frequency,juice_frequency,0.03563254844121487,False,23.853837885711645,6.0,rf_complete_modern,5,2793890.080402851,"Modern coding, complete cohort"
numeric_missing__missingindicator_age,age,0.0,True,0.0,88.0,rf_complete_modern,5,2793890.080402851,"Modern coding, complete cohort"
numeric_missing__missingindicator_teeth_remaining,teeth_remaining,0.0,True,0.0,88.0,rf_complete_modern,5,2793890.080402851,"Modern coding, complete cohort"
numeric_missing__missingindicator_fruit_days,fruit_days,0.0,True,0.0,88.0,rf_complete_modern,5,2793890.080402851,"Modern coding, complete cohort"
numeric_missing__missingindicator_fruit_portions,fruit_portions,0.0,True,0.0,88.0,rf_complete_modern,5,2793890.080402851,"Modern coding, complete cohort"
numeric_missing__missingindicator_vegetable_days,vegetable_days,0.0,True,0.0,88.0,rf_complete_modern,5,2793890.080402851,"Modern coding, complete cohort"
numeric_missing__missingindicator_vegetable_portions,vegetable_portions,0.0,True,0.0,88.0,rf_complete_modern,5,2793890.080402851,"Modern coding, complete cohort"
numeric_missing__missingindicator_water,water,0.0,True,0.0,88.0,rf_complete_modern,5,2793890.080402851,"Modern coding, complete cohort"
numeric_missing__missingindicator_soda_frequency,soda_frequency,0.0,True,0.0,88.0,rf_complete_modern,5,2793890.080402851,"Modern coding, complete cohort"
numeric_missing__missingindicator_juice_frequency,juice_frequency,0.0,True,0.0,88.0,rf_complete_modern,5,2793890.080402851,"Modern coding, complete cohort"
categorical__sex_Female,sex,0.02140407285531802,False,14.328733316030812,12.0,rf_complete_modern,5,2793890.080402851,"Modern coding, complete cohort"
categorical__sex_Male,sex,0.022793689793764203,False,15.258997880958573,10.0,rf_complete_modern,5,2793890.080402851,"Modern coding, complete cohort"
categorical__region_01 Arica and Parinacota,region,0.0,False,0.0,88.0,rf_complete_modern,5,2793890.080402851,"Modern coding, complete cohort"
categorical__region_02 Tarapaca,region,0.0,False,0.0,88.0,rf_complete_modern,5,2793890.080402851,"Modern coding, complete cohort"
categorical__region_03 Antofagasta,region,0.0003391409606565058,False,0.2270343786735054,83.0,rf_complete_modern,5,2793890.080402851,"Modern coding, complete cohort"
categorical__region_04 Atacama,region,0.0003768635150636479,False,0.25228734925312596,82.0,rf_complete_modern,5,2793890.080402851,"Modern coding, complete cohort"
categorical__region_05 Coquimbo,region,0.002089357341786438,False,1.3986984792434307,68.0,rf_complete_modern,5,2793890.080402851,"Modern coding, complete cohort"
categorical__region_06 Valparaiso,region,0.010551942272968007,False,7.063887691727075,23.0,rf_complete_modern,5,2793890.080402851,"Modern coding, complete cohort"
categorical__region_07 Metropolitan,region,0.011670781929100522,False,7.812883229374913,19.0,rf_complete_modern,5,2793890.080402851,"Modern coding, complete cohort"
categorical__region_08 O'Higgins,region,0.009636847452253967,False,6.451287008972686,24.0,rf_complete_modern,5,2793890.080402851,"Modern coding, complete cohort"
categorical__region_09 Maule,region,0.0017049023779007863,False,1.1413291137596524,72.0,rf_complete_modern,5,2793890.080402851,"Modern coding, complete cohort"
categorical__region_10 Biobio,region,0.008331456900007058,False,5.577406919755702,29.0,rf_complete_modern,5,2793890.080402851,"Modern coding, complete cohort"
categorical__region_11 La Araucania,region,0.0009087515952528685,False,0.6083542766329485,81.0,rf_complete_modern,5,2793890.080402851,"Modern coding, complete cohort"
categorical__region_12 Los Rios,region,0.00022877261687906082,False,0.15314944213788262,86.0,rf_complete_modern,5,2793890.080402851,"Modern coding, complete cohort"
categorical__region_13 Los Lagos,region,0.002466846270773899,False,1.6514045053244213,62.0,rf_complete_modern,5,2793890.080402851,"Modern coding, complete cohort"
categorical__region_14 Aysen,region,0.0,False,0.0,88.0,rf_complete_modern,5,2793890.080402851,"Modern coding, complete cohort"
categorical__region_15 Magallanes and Antarctica,region,0.0,False,0.0,88.0,rf_complete_modern,5,2793890.080402851,"Modern coding, complete cohort"
categorical__rural_Rural,rural,0.002385568329009987,False,1.5969938349869008,64.0,rf_complete_modern,5,2793890.080402851,"Modern coding, complete cohort"
categorical__rural_Urban,rural,0.0025018746187900178,False,1.6748538675377151,61.0,rf_complete_modern,5,2793890.080402851,"Modern coding, complete cohort"
categorical__education_High,education,0.018842019828020504,False,12.613593640613644,14.0,rf_complete_modern,5,2793890.080402851,"Modern coding, complete cohort"
categorical__education_Intermediate,education,0.012328904397515904,False,8.253456451254456,17.0,rf_complete_modern,5,2793890.080402851,"Modern coding, complete cohort"
categorical__education_Low,education,0.004517861245837982,False,3.0244350870988157,51.0,rf_complete_modern,5,2793890.080402851,"Modern coding, complete cohort"
categorical__indigenous_No,indigenous,0.0018321611766038556,False,1.2265211891679395,71.0,rf_complete_modern,5,2793890.080402851,"Modern coding, complete cohort"
categorical__indigenous_Yes,indigenous,0.0010618519397132494,False,0.710845705306076,78.0,rf_complete_modern,5,2793890.080402851,"Modern coding, complete cohort"
categorical__born_chile_No,born_chile,0.00033429841663153354,False,0.2237925880865458,84.0,rf_complete_modern,5,2793890.080402851,"Modern coding, complete cohort"
categorical__born_chile_Yes,born_chile,0.00011790162268215819,False,0.07892801152189094,87.0,rf_complete_modern,5,2793890.080402851,"Modern coding, complete cohort"
categorical__fish_Less than once/month or never,fish,0.00824594065965888,False,5.5201589646388705,31.0,rf_complete_modern,5,2793890.080402851,"Modern coding, complete cohort"
categorical__fish_Less than three times/month,fish,0.00715285436273567,False,4.788403744691147,37.0,rf_complete_modern,5,2793890.080402851,"Modern coding, complete cohort"
categorical__fish_More than once/week,fish,0.0012338500302748628,False,0.8259880329921615,76.0,rf_complete_modern,5,2793890.080402851,"Modern coding, complete cohort"
categorical__fish_Once/week,fish,0.009627023998798652,False,6.444710800521373,25.0,rf_complete_modern,5,2793890.080402851,"Modern coding, complete cohort"
categorical__dairy_frequency_At least once/month,dairy_frequency,0.0009143247973702542,False,0.6120851986586843,80.0,rf_complete_modern,5,2793890.080402851,"Modern coding, complete cohort"
categorical__dairy_frequency_At least once/week,dairy_frequency,0.008617621384831669,False,5.768976749259082,26.0,rf_complete_modern,5,2793890.080402851,"Modern coding, complete cohort"
categorical__dairy_frequency_At least three times/day,dairy_frequency,0.0013675517035668056,False,0.9154932235910309,75.0,rf_complete_modern,5,2793890.080402851,"Modern coding, complete cohort"
categorical__dairy_frequency_Every other day,dairy_frequency,0.0050929118470549265,False,3.4093967139703834,46.0,rf_complete_modern,5,2793890.080402851,"Modern coding, complete cohort"
categorical__dairy_frequency_Less than three times/day,dairy_frequency,0.008210323112670347,False,5.496315169319183,32.0,rf_complete_modern,5,2793890.080402851,"Modern coding, complete cohort"
categorical__dairy_frequency_Never,dairy_frequency,0.004796341881575752,False,3.2108610439780367,48.0,rf_complete_modern,5,2793890.080402851,"Modern coding, complete cohort"
categorical__dairy_frequency_Once/day,dairy_frequency,0.01230092248211267,False,8.234724249855455,18.0,rf_complete_modern,5,2793890.080402851,"Modern coding, complete cohort"
categorical__dairy_type_Full fat,dairy_type,0.007317912983397358,False,4.898900516635444,35.0,rf_complete_modern,5,2793890.080402851,"Modern coding, complete cohort"
categorical__dairy_type_No dairy,dairy_type,0.004728065125136539,False,3.165153881546192,50.0,rf_complete_modern,5,2793890.080402851,"Modern coding, complete cohort"
categorical__dairy_type_Reduced fat,dairy_type,0.013397540389328848,False,8.968843669477053,16.0,rf_complete_modern,5,2793890.080402851,"Modern coding, complete cohort"
categorical__wholegrain_At least once/month,wholegrain,0.0019797773996806716,False,1.3253413299834238,69.0,rf_complete_modern,5,2793890.080402851,"Modern coding, complete cohort"
categorical__wholegrain_At least once/week,wholegrain,0.005250489344936895,False,3.5148853263022715,44.0,rf_complete_modern,5,2793890.080402851,"Modern coding, complete cohort"
categorical__wholegrain_Daily,wholegrain,0.011657215246946661,False,7.803801155515417,20.0,rf_complete_modern,5,2793890.080402851,"Modern coding, complete cohort"
categorical__wholegrain_Every other day,wholegrain,0.0024283006727762006,False,1.6256005567979273,63.0,rf_complete_modern,5,2793890.080402851,"Modern coding, complete cohort"
categorical__wholegrain_More than once/day,wholegrain,0.00026849431092454336,False,0.179740715896198,85.0,rf_complete_modern,5,2793890.080402851,"Modern coding, complete cohort"
categorical__wholegrain_Never,wholegrain,0.023157512573964416,False,15.502555246279842,9.0,rf_complete_modern,5,2793890.080402851,"Modern coding, complete cohort"
categorical__legumes_At least once/week,legumes,0.011112628414225185,False,7.439233180708271,22.0,rf_complete_modern,5,2793890.080402851,"Modern coding, complete cohort"
categorical__legumes_At least twice/week,legumes,0.00844248331272846,False,5.651732393681814,28.0,rf_complete_modern,5,2793890.080402851,"Modern coding, complete cohort"
categorical__legumes_Less than once/month or never,legumes,0.0033489897034146023,False,2.2419462250353086,54.0,rf_complete_modern,5,2793890.080402851,"Modern coding, complete cohort"
categorical__legumes_One to three times/month,legumes,0.004743620402375427,False,3.175567199643152,49.0,rf_complete_modern,5,2793890.080402851,"Modern coding, complete cohort"
categorical__label_ingredients_Almost always,label_ingredients,0.0028173813386285027,False,1.8860665502145106,57.0,rf_complete_modern,5,2793890.080402851,"Modern coding, complete cohort"
categorical__label_ingredients_Always,label_ingredients,0.005590150100323296,False,3.742267676135943,42.0,rf_complete_modern,5,2793890.080402851,"Modern coding, complete cohort"
categorical__label_ingredients_Never,label_ingredients,0.00659426169796081,False,4.414459711704858,39.0,rf_complete_modern,5,2793890.080402851,"Modern coding, complete cohort"
categorical__label_ingredients_Rarely,label_ingredients,0.0050274718504254,False,3.365588590804073,47.0,rf_complete_modern,5,2793890.080402851,"Modern coding, complete cohort"
categorical__label_ingredients_Sometimes,label_ingredients,0.0026523628109643292,False,1.7755966181092049,59.0,rf_complete_modern,5,2793890.080402851,"Modern coding, complete cohort"
categorical__label_nutrition_Almost always,label_nutrition,0.0026876402323969878,False,1.7992127199232204,58.0,rf_complete_modern,5,2793890.080402851,"Modern coding, complete cohort"
categorical__label_nutrition_Always,label_nutrition,0.007770714107786455,False,5.202023506377943,34.0,rf_complete_modern,5,2793890.080402851,"Modern coding, complete cohort"
categorical__label_nutrition_Never,label_nutrition,0.007796911718526059,False,5.219561223631214,33.0,rf_complete_modern,5,2793890.080402851,"Modern coding, complete cohort"
categorical__label_nutrition_Rarely,label_nutrition,0.006375442416410214,False,4.267973426083524,40.0,rf_complete_modern,5,2793890.080402851,"Modern coding, complete cohort"
categorical__label_nutrition_Sometimes,label_nutrition,0.002159228494507405,False,1.445472993635613,65.0,rf_complete_modern,5,2793890.080402851,"Modern coding, complete cohort"
categorical__label_warnings_Almost always,label_warnings,0.0030425556242194424,False,2.0368071270042543,55.0,rf_complete_modern,5,2793890.080402851,"Modern coding, complete cohort"
categorical__label_warnings_Always,label_warnings,0.020171154332067752,False,13.503368870700102,13.0,rf_complete_modern,5,2793890.080402851,"Modern coding, complete cohort"
categorical__label_warnings_Never,label_warnings,0.01504044008066466,False,10.068665731439962,15.0,rf_complete_modern,5,2793890.080402851,"Modern coding, complete cohort"
categorical__label_warnings_Rarely,label_warnings,0.001920873030868729,False,1.2859084146891862,70.0,rf_complete_modern,5,2793890.080402851,"Modern coding, complete cohort"
categorical__label_warnings_Sometimes,label_warnings,0.0026275476609342496,False,1.7589843747580542,60.0,rf_complete_modern,5,2793890.080402851,"Modern coding, complete cohort"
categorical__label_health_Almost always,label_health,0.0021528452681770192,False,1.4411998093495093,67.0,rf_complete_modern,5,2793890.080402851,"Modern coding, complete cohort"
categorical__label_health_Always,label_health,0.0066607371627023645,False,4.458961018198228,38.0,rf_complete_modern,5,2793890.080402851,"Modern coding, complete cohort"
categorical__label_health_Never,label_health,0.008293083791141617,False,5.551718442279635,30.0,rf_complete_modern,5,2793890.080402851,"Modern coding, complete cohort"
categorical__label_health_Rarely,label_health,0.0029345756613868125,False,1.964521067179932,56.0,rf_complete_modern,5,2793890.080402851,"Modern coding, complete cohort"
categorical__label_health_Sometimes,label_health,0.0016429129592526938,False,1.0998309440314729,74.0,rf_complete_modern,5,2793890.080402851,"Modern coding, complete cohort"
categorical__label_brand_Almost always,label_brand,0.005229579279222801,False,3.50088730091415,45.0,rf_complete_modern,5,2793890.080402851,"Modern coding, complete cohort"
categorical__label_brand_Always,label_brand,0.008592109515736374,False,5.751898094596909,27.0,rf_complete_modern,5,2793890.080402851,"Modern coding, complete cohort"
categorical__label_brand_Never,label_brand,0.007172132828486427,False,4.801309512502351,36.0,rf_complete_modern,5,2793890.080402851,"Modern coding, complete cohort"
categorical__label_brand_Rarely,label_brand,0.0010215170661614704,False,0.6838439449230904,79.0,rf_complete_modern,5,2793890.080402851,"Modern coding, complete cohort"
categorical__label_brand_Sometimes,label_brand,0.0038430697127124517,False,2.57270293371713,53.0,rf_complete_modern,5,2793890.080402851,"Modern coding, complete cohort"
categorical__label_discounts_Almost always,label_discounts,0.005529125962892162,False,3.7014157038500106,43.0,rf_complete_modern,5,2793890.080402851,"Modern coding, complete cohort"
categorical__label_discounts_Always,label_discounts,0.011353526078416686,False,7.600499609298152,21.0,rf_complete_modern,5,2793890.080402851,"Modern coding, complete cohort"
categorical__label_discounts_Never,label_discounts,0.006289854093560512,False,4.21067721608791,41.0,rf_complete_modern,5,2793890.080402851,"Modern coding, complete cohort"
categorical__label_discounts_Rarely,label_discounts,0.0016540534462396528,False,1.1072888268431167,73.0,rf_complete_modern,5,2793890.080402851,"Modern coding, complete cohort"
categorical__label_discounts_Sometimes,label_discounts,0.004306988318943115,False,2.883268405716647,52.0,rf_complete_modern,5,2793890.080402851,"Modern coding, complete cohort"
categorical__oil_Butter,oil,0.0,False,0.0,88.0,rf_complete_modern,5,2793890.080402851,"Modern coding, complete cohort"
categorical__oil_Lard,oil,0.0,False,0.0,88.0,rf_complete_modern,5,2793890.080402851,"Modern coding, complete cohort"
categorical__oil_Margarine,oil,0.0,False,0.0,88.0,rf_complete_modern,5,2793890.080402851,"Modern coding, complete cohort"
categorical__oil_None,oil,0.0,False,0.0,88.0,rf_complete_modern,5,2793890.080402851,"Modern coding, complete cohort"
categorical__oil_Olive oil,oil,0.0011641375388902146,False,0.7793197327766472,77.0,rf_complete_modern,5,2793890.080402851,"Modern coding, complete cohort"
categorical__oil_Other,oil,0.0,False,0.0,88.0,rf_complete_modern,5,2793890.080402851,"Modern coding, complete cohort"
categorical__oil_Vegetable oil,oil,0.0021576233879985417,False,1.4443984718254514,66.0,rf_complete_modern,5,2793890.080402851,"Modern coding, complete cohort"
die1a1_vez_a_la_semana,fish,0.01430790609463875,False,9.735250797940159,18.0,rf_complete_historical,1,2854394.5302591324,"Historical 90-term coding, complete cohort"
die1amenos_de_3_veces_al_mes,fish,0.010685618910558407,False,7.2706082453586784,27.0,rf_complete_historical,1,2854394.5302591324,"Historical 90-term coding, complete cohort"
die1amenos_de_1_vez_al_mes_o_nunca,fish,0.01077152362951686,False,7.329058725691399,26.0,rf_complete_historical,1,2854394.5302591324,"Historical 90-term coding, complete cohort"
die2menos_de_tres_veces_al_dia,dairy_frequency,0.004360865791088367,False,2.967179256810384,44.0,rf_complete_historical,1,2854394.5302591324,"Historical 90-term coding, complete cohort"
die2una_vez_al_dia,dairy_frequency,0.014109426046369007,False,9.600202871604017,19.0,rf_complete_historical,1,2854394.5302591324,"Historical 90-term coding, complete cohort"
die2dia_por_medio,dairy_frequency,0.005746168965975015,False,3.909754204500154,38.0,rf_complete_historical,1,2854394.5302591324,"Historical 90-term coding, complete cohort"
die2al_menos_una_vez_por_semana,dairy_frequency,0.006120554389454444,False,4.164490010603256,36.0,rf_complete_historical,1,2854394.5302591324,"Historical 90-term coding, complete cohort"
die2al_menos_una_vez_por_mes,dairy_frequency,0.0057276380898409595,False,3.8971456001748725,39.0,rf_complete_historical,1,2854394.5302591324,"Historical 90-term coding, complete cohort"
die2nunca,dairy_frequency,0.008875144047899531,False,6.0387419796194335,32.0,rf_complete_historical,1,2854394.5302591324,"Historical 90-term coding, complete cohort"
die3enteros,dairy_type,0.01592051295614549,False,10.832485580682395,14.0,rf_complete_historical,1,2854394.5302591324,"Historical 90-term coding, complete cohort"
die3no_consume_lacteos,dairy_type,0.009802569020316898,False,6.669771750365476,30.0,rf_complete_historical,1,2854394.5302591324,"Historical 90-term coding, complete cohort"
die4a_diario,wholegrain,0.01051526773236345,False,7.154699500048005,28.0,rf_complete_historical,1,2854394.5302591324,"Historical 90-term coding, complete cohort"
die4dia_por_medio,wholegrain,0.0016614879309430459,False,1.1304939799361762,70.0,rf_complete_historical,1,2854394.5302591324,"Historical 90-term coding, complete cohort"
die4al_menos_una_vez_por_semana,wholegrain,0.003976606822407189,False,2.7057253860115797,48.0,rf_complete_historical,1,2854394.5302591324,"Historical 90-term coding, complete cohort"
die4al_menos_una_vez_por_mes,wholegrain,0.003212185442794877,False,2.18560498568118,55.0,rf_complete_historical,1,2854394.5302591324,"Historical 90-term coding, complete cohort"
die4nunca,wholegrain,0.02620999248191507,False,17.833556394333577,9.0,rf_complete_historical,1,2854394.5302591324,"Historical 90-term coding, complete cohort"
die5al_menos_una_vez_por_semana,legumes,0.018138799637579524,False,12.341831325800381,11.0,rf_complete_historical,1,2854394.5302591324,"Historical 90-term coding, complete cohort"
die5entre_una_y_tres_veces_al_mes,legumes,0.003737256879325446,False,2.542869150517653,52.0,rf_complete_historical,1,2854394.5302591324,"Historical 90-term coding, complete cohort"
die5menos_de_una_vez_al_mes_o_nunca,legumes,0.004196360821193972,False,2.8552483335266743,46.0,rf_complete_historical,1,2854394.5302591324,"Historical 90-term coding, complete cohort"
die61,fruit_days,0.003206229730302083,False,2.181552655842399,56.0,rf_complete_historical,1,2854394.5302591324,"Historical 90-term coding, complete cohort"
die62,fruit_days,0.004597001262062156,False,3.1278483314474435,42.0,rf_complete_historical,1,2854394.5302591324,"Historical 90-term coding, complete cohort"
die63,fruit_days,0.004530742529191281,False,3.0827651880590903,43.0,rf_complete_historical,1,2854394.5302591324,"Historical 90-term coding, complete cohort"
die64,fruit_days,0.0013632564486151333,False,0.9275741217053766,72.0,rf_complete_historical,1,2854394.5302591324,"Historical 90-term coding, complete cohort"
die65,fruit_days,0.0013115752842128515,False,0.8924097102493694,74.0,rf_complete_historical,1,2854394.5302591324,"Historical 90-term coding, complete cohort"
die66,fruit_days,0.01242205623348739,False,8.452098585161211,22.0,rf_complete_historical,1,2854394.5302591324,"Historical 90-term coding, complete cohort"
die67,fruit_days,0.015056141489157593,False,10.24435808263684,17.0,rf_complete_historical,1,2854394.5302591324,"Historical 90-term coding, complete cohort"
die7,fruit_portions,0.03239346342635284,False,22.04085549510374,7.0,rf_complete_historical,1,2854394.5302591324,"Historical 90-term coding, complete cohort"
die81,vegetable_days,0.0010676395272193324,False,0.7264332384155813,77.0,rf_complete_historical,1,2854394.5302591324,"Historical 90-term coding, complete cohort"
die82,vegetable_days,0.002067279953821405,False,1.4065991688012727,67.0,rf_complete_historical,1,2854394.5302591324,"Historical 90-term coding, complete cohort"
die83,vegetable_days,0.003205322511620567,False,2.1809353746459252,57.0,rf_complete_historical,1,2854394.5302591324,"Historical 90-term coding, complete cohort"
die84,vegetable_days,0.0012245157751179713,False,0.8331734984809828,75.0,rf_complete_historical,1,2854394.5302591324,"Historical 90-term coding, complete cohort"
die85,vegetable_days,0.0013580944750523215,False,0.9240618602386104,73.0,rf_complete_historical,1,2854394.5302591324,"Historical 90-term coding, complete cohort"
die86,vegetable_days,0.0007446532529204846,False,0.5066699576256841,79.0,rf_complete_historical,1,2854394.5302591324,"Historical 90-term coding, complete cohort"
die87,vegetable_days,0.01738767686728344,False,11.830759440053525,12.0,rf_complete_historical,1,2854394.5302591324,"Historical 90-term coding, complete cohort"
die9,vegetable_portions,0.03443289089845836,False,23.428503540445323,6.0,rf_complete_historical,1,2854394.5302591324,"Historical 90-term coding, complete cohort"
die10_acasi_siempre,label_ingredients,0.004624143931011619,False,3.146316490785413,41.0,rf_complete_historical,1,2854394.5302591324,"Historical 90-term coding, complete cohort"
die10_aalgunas_veces,label_ingredients,0.0026669481113915155,False,1.8146197324581184,60.0,rf_complete_historical,1,2854394.5302591324,"Historical 90-term coding, complete cohort"
die10_arara_vez,label_ingredients,0.0036020056813497784,False,2.4508428033844165,54.0,rf_complete_historical,1,2854394.5302591324,"Historical 90-term coding, complete cohort"
die10_anunca,label_ingredients,0.009906313392848334,False,6.740360519874308,29.0,rf_complete_historical,1,2854394.5302591324,"Historical 90-term coding, complete cohort"
die10_bcasi_siempre,label_nutrition,0.01096284603992262,False,7.4592365194403,25.0,rf_complete_historical,1,2854394.5302591324,"Historical 90-term coding, complete cohort"
die10_balgunas_veces,label_nutrition,0.00250487185815936,False,1.7043413337064854,62.0,rf_complete_historical,1,2854394.5302591324,"Historical 90-term coding, complete cohort"
die10_brara_vez,label_nutrition,0.005811127853873022,False,3.953952919606297,37.0,rf_complete_historical,1,2854394.5302591324,"Historical 90-term coding, complete cohort"
die10_bnunca,label_nutrition,0.008695849109771841,False,5.916747805354601,33.0,rf_complete_historical,1,2854394.5302591324,"Historical 90-term coding, complete cohort"
die10_ccasi_siempre,label_warnings,0.004342467197252729,False,2.954660658761541,45.0,rf_complete_historical,1,2854394.5302591324,"Historical 90-term coding, complete cohort"
die10_calgunas_veces,label_warnings,0.002113744960446043,False,1.438214451277043,66.0,rf_complete_historical,1,2854394.5302591324,"Historical 90-term coding, complete cohort"
die10_crara_vez,label_warnings,0.0038060300926804264,False,2.589663173050542,51.0,rf_complete_historical,1,2854394.5302591324,"Historical 90-term coding, complete cohort"
die10_cnunca,label_warnings,0.015745235996079392,False,10.71322528123275,15.0,rf_complete_historical,1,2854394.5302591324,"Historical 90-term coding, complete cohort"
die10_dcasi_siempre,label_health,0.003673419330298549,False,2.499433406252075,53.0,rf_complete_historical,1,2854394.5302591324,"Historical 90-term coding, complete cohort"
die10_dalgunas_veces,label_health,0.002219456529448443,False,1.5101417220932625,65.0,rf_complete_historical,1,2854394.5302591324,"Historical 90-term coding, complete cohort"
die10_drara_vez,label_health,0.004062950066036948,False,2.7644742431737273,47.0,rf_complete_historical,1,2854394.5302591324,"Historical 90-term coding, complete cohort"
die10_dnunca,label_health,0.012216898252125359,False,8.31250692244357,23.0,rf_complete_historical,1,2854394.5302591324,"Historical 90-term coding, complete cohort"
die10_ecasi_siempre,label_brand,0.015409174557261101,False,10.484565520064862,16.0,rf_complete_historical,1,2854394.5302591324,"Historical 90-term coding, complete cohort"
die10_ealgunas_veces,label_brand,0.002785476072827223,False,1.895267412385062,59.0,rf_complete_historical,1,2854394.5302591324,"Historical 90-term coding, complete cohort"
die10_erara_vez,label_brand,0.0029018295850340528,False,1.974435574033755,58.0,rf_complete_historical,1,2854394.5302591324,"Historical 90-term coding, complete cohort"
die10_enunca,label_brand,0.011995331204782763,False,8.161750357494663,24.0,rf_complete_historical,1,2854394.5302591324,"Historical 90-term coding, complete cohort"
die10_fcasi_siempre,label_discounts,0.003960996330243793,False,2.695103841860763,49.0,rf_complete_historical,1,2854394.5302591324,"Historical 90-term coding, complete cohort"
die10_falgunas_veces,label_discounts,0.004995896444628705,False,3.3992608371411026,40.0,rf_complete_historical,1,2854394.5302591324,"Historical 90-term coding, complete cohort"
die10_frara_vez,label_discounts,0.0025391763191727193,False,1.727682452193302,61.0,rf_complete_historical,1,2854394.5302591324,"Historical 90-term coding, complete cohort"
die10_fnunca,label_discounts,0.009332572337285594,False,6.34998103093769,31.0,rf_complete_historical,1,2854394.5302591324,"Historical 90-term coding, complete cohort"
die11,water,0.046692941790694484,False,31.770371976117506,4.0,rf_complete_historical,1,2854394.5302591324,"Historical 90-term coding, complete cohort"
"die14aceite_vegetal_(maravilla,_maiz,_pepa_de_uva)",oil,0.002231138119182861,False,1.5180899994324477,64.0,rf_complete_historical,1,2854394.5302591324,"Historical 90-term coding, complete cohort"
die14aceite_de_oliva,oil,0.0018465630509744032,False,1.2564210511684417,69.0,rf_complete_historical,1,2854394.5302591324,"Historical 90-term coding, complete cohort"
die14manteca,oil,0.0,False,0.0,87.0,rf_complete_historical,1,2854394.5302591324,"Historical 90-term coding, complete cohort"
die14mantequilla,oil,0.0,False,0.0,87.0,rf_complete_historical,1,2854394.5302591324,"Historical 90-term coding, complete cohort"
die14margarina,oil,0.0,False,0.0,87.0,rf_complete_historical,1,2854394.5302591324,"Historical 90-term coding, complete cohort"
die14otro._especifique:,oil,0.0,False,0.0,87.0,rf_complete_historical,1,2854394.5302591324,"Historical 90-term coding, complete cohort"
frecsembebida,soda_frequency,0.05480796633197031,False,37.29192059533593,3.0,rf_complete_historical,1,2854394.5302591324,"Historical 90-term coding, complete cohort"
frecsemjugo,juice_frequency,0.046310848364100106,False,31.51039156308318,5.0,rf_complete_historical,1,2854394.5302591324,"Historical 90-term coding, complete cohort"
sexomujer,sex,0.029499448671052877,False,20.071737213963956,8.0,rf_complete_historical,1,2854394.5302591324,"Historical 90-term coding, complete cohort"
zonarural,rural,0.002416800145553334,False,1.644416407951972,63.0,rf_complete_historical,1,2854394.5302591324,"Historical 90-term coding, complete cohort"
nedu8-12,education,0.018619033884515485,False,12.668587792103533,10.0,rf_complete_historical,1,2854394.5302591324,"Historical 90-term coding, complete cohort"
nedu<8,education,0.00681556041416008,False,4.6373794684900425,35.0,rf_complete_historical,1,2854394.5302591324,"Historical 90-term coding, complete cohort"
regioni._tarapaca,region,0.0003311239755924197,False,0.22530025891147779,82.0,rf_complete_historical,1,2854394.5302591324,"Historical 90-term coding, complete cohort"
regionii._antofagasta,region,0.0020430710128727836,False,1.3901271490571911,68.0,rf_complete_historical,1,2854394.5302591324,"Historical 90-term coding, complete cohort"
regioniii._atacama,region,0.0001221648528864474,False,0.08312225937718926,85.0,rf_complete_historical,1,2854394.5302591324,"Historical 90-term coding, complete cohort"
regioniv._coquimbo,region,0.0005294568731123091,False,0.36024806231939754,80.0,rf_complete_historical,1,2854394.5302591324,"Historical 90-term coding, complete cohort"
regionv._valparaiso,region,0.016620681117236802,False,11.308887410822347,13.0,rf_complete_historical,1,2854394.5302591324,"Historical 90-term coding, complete cohort"
regionxiii._metropolitana,region,0.013259072201998059,False,9.02161311240468,20.0,rf_complete_historical,1,2854394.5302591324,"Historical 90-term coding, complete cohort"
regionvi._l._bdo._ohiggins,region,0.012754376284351183,False,8.678212666351296,21.0,rf_complete_historical,1,2854394.5302591324,"Historical 90-term coding, complete cohort"
regionvii._maule,region,0.0012236898882211718,False,0.8326115562919654,76.0,rf_complete_historical,1,2854394.5302591324,"Historical 90-term coding, complete cohort"
regionviii._biobio,region,0.007789913575351771,False,5.300339675750643,34.0,rf_complete_historical,1,2854394.5302591324,"Historical 90-term coding, complete cohort"
regionix._la_araucania,region,0.0015522059566844795,False,1.05613736758045,71.0,rf_complete_historical,1,2854394.5302591324,"Historical 90-term coding, complete cohort"
regionxiv._los_rios,region,0.00030773482458582686,False,0.2093860329238334,83.0,rf_complete_historical,1,2854394.5302591324,"Historical 90-term coding, complete cohort"
regionx._los_lagos,region,0.0009989272753335053,False,0.6796806947117604,78.0,rf_complete_historical,1,2854394.5302591324,"Historical 90-term coding, complete cohort"
regionxi._aysen,region,6.177210959055784e-05,False,0.04203039740435958,86.0,rf_complete_historical,1,2854394.5302591324,"Historical 90-term coding, complete cohort"
regionxii._magallanes_y_antartica,region,0.00033629952147078336,False,0.2288217551254483,81.0,rf_complete_historical,1,2854394.5302591324,"Historical 90-term coding, complete cohort"
indigenasi,indigenous,0.003904725769795621,False,2.6568167567429155,50.0,rf_complete_historical,1,2854394.5302591324,"Historical 90-term coding, complete cohort"
c1otro_(?cual?),born_chile,0.00014903356820730775,False,0.10140401776565434,84.0,rf_complete_historical,1,2854394.5302591324,"Historical 90-term coding, complete cohort"
remanentes,teeth_remaining,0.11648618166755959,False,79.25843135446884,2.0,rf_complete_historical,1,2854394.5302591324,"Historical 90-term coding, complete cohort"
Edad,age,0.14697008214381185,False,100.0,1.0,rf_complete_historical,1,2854394.5302591324,"Historical 90-term coding, complete cohort"
die1a1_vez_a_la_semana,fish,0.015624919904502573,False,13.60651805036979,15.0,rf_complete_historical,2,2550707.318306923,"Historical 90-term coding, complete cohort"
die1amenos_de_3_veces_al_mes,fish,0.011632050471685036,False,10.1294410258184,21.0,rf_complete_historical,2,2550707.318306923,"Historical 90-term coding, complete cohort"
die1amenos_de_1_vez_al_mes_o_nunca,fish,0.013338240793354307,False,11.615228444317056,19.0,rf_complete_historical,2,2550707.318306923,"Historical 90-term coding, complete cohort"
die2menos_de_tres_veces_al_dia,dairy_frequency,0.00645462252316774,False,5.620824836644255,37.0,rf_complete_historical,2,2550707.318306923,"Historical 90-term coding, complete cohort"
die2una_vez_al_dia,dairy_frequency,0.014009231372082692,False,12.199541546521498,18.0,rf_complete_historical,2,2550707.318306923,"Historical 90-term coding, complete cohort"
die2dia_por_medio,dairy_frequency,0.009176942273216648,False,7.99147972923315,30.0,rf_complete_historical,2,2550707.318306923,"Historical 90-term coding, complete cohort"
die2al_menos_una_vez_por_semana,dairy_frequency,0.009865463622401689,False,8.591059005351651,26.0,rf_complete_historical,2,2550707.318306923,"Historical 90-term coding, complete cohort"
die2al_menos_una_vez_por_mes,dairy_frequency,0.0035656764442441578,False,3.10506813455125,68.0,rf_complete_historical,2,2550707.318306923,"Historical 90-term coding, complete cohort"
die2nunca,dairy_frequency,0.004132522553154084,False,3.5986899809225847,62.0,rf_complete_historical,2,2550707.318306923,"Historical 90-term coding, complete cohort"
die3enteros,dairy_type,0.0175678292428487,False,15.298445506255215,12.0,rf_complete_historical,2,2550707.318306923,"Historical 90-term coding, complete cohort"
die3no_consume_lacteos,dairy_type,0.0043548224499341,False,3.7922735369740312,59.0,rf_complete_historical,2,2550707.318306923,"Historical 90-term coding, complete cohort"
die4a_diario,wholegrain,0.010487285304979393,False,9.132554769798208,24.0,rf_complete_historical,2,2550707.318306923,"Historical 90-term coding, complete cohort"
die4dia_por_medio,wholegrain,0.004962205377930891,False,4.321195721777889,53.0,rf_complete_historical,2,2550707.318306923,"Historical 90-term coding, complete cohort"
die4al_menos_una_vez_por_semana,wholegrain,0.0060723801829805435,False,5.287959943053733,39.0,rf_complete_historical,2,2550707.318306923,"Historical 90-term coding, complete cohort"
die4al_menos_una_vez_por_mes,wholegrain,0.0030929026389679053,False,2.6933664839476124,73.0,rf_complete_historical,2,2550707.318306923,"Historical 90-term coding, complete cohort"
die4nunca,wholegrain,0.016096666687509135,False,14.017325347777629,13.0,rf_complete_historical,2,2550707.318306923,"Historical 90-term coding, complete cohort"
die5al_menos_una_vez_por_semana,legumes,0.01586254556261987,False,13.813447610723713,14.0,rf_complete_historical,2,2550707.318306923,"Historical 90-term coding, complete cohort"
die5entre_una_y_tres_veces_al_mes,legumes,0.0068956209179538985,False,6.004855772835668,35.0,rf_complete_historical,2,2550707.318306923,"Historical 90-term coding, complete cohort"
die5menos_de_una_vez_al_mes_o_nunca,legumes,0.006860756207706617,False,5.974494829406842,36.0,rf_complete_historical,2,2550707.318306923,"Historical 90-term coding, complete cohort"
die61,fruit_days,0.006079759994682775,False,5.294386442629312,38.0,rf_complete_historical,2,2550707.318306923,"Historical 90-term coding, complete cohort"
die62,fruit_days,0.007219930166908089,False,6.287271278116144,32.0,rf_complete_historical,2,2550707.318306923,"Historical 90-term coding, complete cohort"
die63,fruit_days,0.0076349430680352805,False,6.6486734846449735,31.0,rf_complete_historical,2,2550707.318306923,"Historical 90-term coding, complete cohort"
die64,fruit_days,0.00507417472831413,False,4.418701052774095,51.0,rf_complete_historical,2,2550707.318306923,"Historical 90-term coding, complete cohort"
die65,fruit_days,0.002926469121834308,False,2.5484325790760587,74.0,rf_complete_historical,2,2550707.318306923,"Historical 90-term coding, complete cohort"
die66,fruit_days,0.0005932476369337611,False,0.5166128677531561,83.0,rf_complete_historical,2,2550707.318306923,"Historical 90-term coding, complete cohort"
die67,fruit_days,0.01487070948136649,False,12.9497353085126,16.0,rf_complete_historical,2,2550707.318306923,"Historical 90-term coding, complete cohort"
die7,fruit_portions,0.04152197485862707,False,36.15823337680628,6.0,rf_complete_historical,2,2550707.318306923,"Historical 90-term coding, complete cohort"
die81,vegetable_days,0.0016609897872040256,False,1.4464258158890666,79.0,rf_complete_historical,2,2550707.318306923,"Historical 90-term coding, complete cohort"
die82,vegetable_days,0.00362098994608673,False,3.1532363277868027,66.0,rf_complete_historical,2,2550707.318306923,"Historical 90-term coding, complete cohort"
die83,vegetable_days,0.006032939057937897,False,5.253613758682892,40.0,rf_complete_historical,2,2550707.318306923,"Historical 90-term coding, complete cohort"
die84,vegetable_days,0.003185896157998592,False,2.7743472507606204,71.0,rf_complete_historical,2,2550707.318306923,"Historical 90-term coding, complete cohort"
die85,vegetable_days,0.0038445143186457476,False,3.3478861838187326,63.0,rf_complete_historical,2,2550707.318306923,"Historical 90-term coding, complete cohort"
die86,vegetable_days,0.002503401807822189,False,2.180016415677452,77.0,rf_complete_historical,2,2550707.318306923,"Historical 90-term coding, complete cohort"
die87,vegetable_days,0.014096573731629114,False,12.275601161482328,17.0,rf_complete_historical,2,2550707.318306923,"Historical 90-term coding, complete cohort"
die9,vegetable_portions,0.03382191738605947,False,29.45285686097631,7.0,rf_complete_historical,2,2550707.318306923,"Historical 90-term coding, complete cohort"
die10_acasi_siempre,label_ingredients,0.0037338254166268624,False,3.251495894940415,64.0,rf_complete_historical,2,2550707.318306923,"Historical 90-term coding, complete cohort"
die10_aalgunas_veces,label_ingredients,0.004678881924499215,False,4.07447153331659,57.0,rf_complete_historical,2,2550707.318306923,"Historical 90-term coding, complete cohort"
die10_arara_vez,label_ingredients,0.004303176555378898,False,3.7472991754548826,60.0,rf_complete_historical,2,2550707.318306923,"Historical 90-term coding, complete cohort"
die10_anunca,label_ingredients,0.010801400318779169,False,9.406092914715494,23.0,rf_complete_historical,2,2550707.318306923,"Historical 90-term coding, complete cohort"
die10_bcasi_siempre,label_nutrition,0.004749552642155294,False,4.136013122092538,56.0,rf_complete_historical,2,2550707.318306923,"Historical 90-term coding, complete cohort"
die10_balgunas_veces,label_nutrition,0.0052989330248167125,False,4.61442543645247,46.0,rf_complete_historical,2,2550707.318306923,"Historical 90-term coding, complete cohort"
die10_brara_vez,label_nutrition,0.005201608942695231,False,4.529673521676894,48.0,rf_complete_historical,2,2550707.318306923,"Historical 90-term coding, complete cohort"
die10_bnunca,label_nutrition,0.009845326361335206,False,8.573523043064437,27.0,rf_complete_historical,2,2550707.318306923,"Historical 90-term coding, complete cohort"
die10_ccasi_siempre,label_warnings,0.005167258394998606,False,4.499760322112938,49.0,rf_complete_historical,2,2550707.318306923,"Historical 90-term coding, complete cohort"
die10_calgunas_veces,label_warnings,0.005988640307831288,False,5.215037449388616,41.0,rf_complete_historical,2,2550707.318306923,"Historical 90-term coding, complete cohort"
die10_crara_vez,label_warnings,0.00369777560433665,False,3.220102939031703,65.0,rf_complete_historical,2,2550707.318306923,"Historical 90-term coding, complete cohort"
die10_cnunca,label_warnings,0.011807012768595462,False,10.281801976504607,20.0,rf_complete_historical,2,2550707.318306923,"Historical 90-term coding, complete cohort"
die10_dcasi_siempre,label_health,0.005069673267237936,False,4.414781083151171,52.0,rf_complete_historical,2,2550707.318306923,"Historical 90-term coding, complete cohort"
die10_dalgunas_veces,label_health,0.004896651734400071,False,4.264110191777023,55.0,rf_complete_historical,2,2550707.318306923,"Historical 90-term coding, complete cohort"
die10_drara_vez,label_health,0.00521518296475085,False,4.541494073541783,47.0,rf_complete_historical,2,2550707.318306923,"Historical 90-term coding, complete cohort"
die10_dnunca,label_health,0.009727723031715003,False,8.471111521146826,28.0,rf_complete_historical,2,2550707.318306923,"Historical 90-term coding, complete cohort"
die10_ecasi_siempre,label_brand,0.007061814744181658,False,6.149580949684504,33.0,rf_complete_historical,2,2550707.318306923,"Historical 90-term coding, complete cohort"
die10_ealgunas_veces,label_brand,0.005820363915682835,False,5.068498729112729,43.0,rf_complete_historical,2,2550707.318306923,"Historical 90-term coding, complete cohort"
die10_erara_vez,label_brand,0.0036019193692585828,False,3.136629257195141,67.0,rf_complete_historical,2,2550707.318306923,"Historical 90-term coding, complete cohort"
die10_enunca,label_brand,0.011367413608793843,False,9.898989524388007,22.0,rf_complete_historical,2,2550707.318306923,"Historical 90-term coding, complete cohort"
die10_fcasi_siempre,label_discounts,0.006913430742604235,False,6.020364953174499,34.0,rf_complete_historical,2,2550707.318306923,"Historical 90-term coding, complete cohort"
die10_falgunas_veces,label_discounts,0.004920669053230165,False,4.285024992248352,54.0,rf_complete_historical,2,2550707.318306923,"Historical 90-term coding, complete cohort"
die10_frara_vez,label_discounts,0.0033431529458561276,False,2.911289861385468,69.0,rf_complete_historical,2,2550707.318306923,"Historical 90-term coding, complete cohort"
die10_fnunca,label_discounts,0.010368543877256841,False,9.029152167448355,25.0,rf_complete_historical,2,2550707.318306923,"Historical 90-term coding, complete cohort"
die11,water,0.058213001981389345,False,50.69314064117134,4.0,rf_complete_historical,2,2550707.318306923,"Historical 90-term coding, complete cohort"
"die14aceite_vegetal_(maravilla,_maiz,_pepa_de_uva)",oil,0.00449575846916203,False,3.9150036694350296,58.0,rf_complete_historical,2,2550707.318306923,"Historical 90-term coding, complete cohort"
die14aceite_de_oliva,oil,0.00426865837391404,False,3.717239996781449,61.0,rf_complete_historical,2,2550707.318306923,"Historical 90-term coding, complete cohort"
die14manteca,oil,0.0,False,0.0,88.0,rf_complete_historical,2,2550707.318306923,"Historical 90-term coding, complete cohort"
die14mantequilla,oil,0.0,False,0.0,88.0,rf_complete_historical,2,2550707.318306923,"Historical 90-term coding, complete cohort"
die14margarina,oil,1.3272450476237287e-05,False,0.011557936813840645,87.0,rf_complete_historical,2,2550707.318306923,"Historical 90-term coding, complete cohort"
die14otro._especifique:,oil,0.0,False,0.0,88.0,rf_complete_historical,2,2550707.318306923,"Historical 90-term coding, complete cohort"
frecsembebida,soda_frequency,0.05825231792120038,False,50.72737781153609,3.0,rf_complete_historical,2,2550707.318306923,"Historical 90-term coding, complete cohort"
frecsemjugo,juice_frequency,0.04582326455154723,False,39.903889431639726,5.0,rf_complete_historical,2,2550707.318306923,"Historical 90-term coding, complete cohort"
sexomujer,sex,0.021590829681543532,False,18.801761262131368,8.0,rf_complete_historical,2,2550707.318306923,"Historical 90-term coding, complete cohort"
zonarural,rural,0.005390486498016746,False,4.694152180223575,45.0,rf_complete_historical,2,2550707.318306923,"Historical 90-term coding, complete cohort"
nedu8-12,education,0.0195228882469585,False,17.00095315375313,9.0,rf_complete_historical,2,2550707.318306923,"Historical 90-term coding, complete cohort"
nedu<8,education,0.00594399508487565,False,5.176159424046954,42.0,rf_complete_historical,2,2550707.318306923,"Historical 90-term coding, complete cohort"
regioni._tarapaca,region,0.001002621102192872,False,0.8731041316082364,81.0,rf_complete_historical,2,2550707.318306923,"Historical 90-term coding, complete cohort"
regionii._antofagasta,region,0.0021267572853053917,False,1.8520262227343887,78.0,rf_complete_historical,2,2550707.318306923,"Historical 90-term coding, complete cohort"
regioniii._atacama,region,0.0007067569521912597,False,0.6154592334546023,82.0,rf_complete_historical,2,2550707.318306923,"Historical 90-term coding, complete cohort"
regioniv._coquimbo,region,0.002601534468848914,False,2.2654724584445054,76.0,rf_complete_historical,2,2550707.318306923,"Historical 90-term coding, complete cohort"
regionv._valparaiso,region,0.00971240314339788,False,8.457770631197272,29.0,rf_complete_historical,2,2550707.318306923,"Historical 90-term coding, complete cohort"
regionxiii._metropolitana,region,0.019100282196890302,False,16.63293866896902,10.0,rf_complete_historical,2,2550707.318306923,"Historical 90-term coding, complete cohort"
regionvi._l._bdo._ohiggins,region,0.018366676652329043,False,15.994099100834807,11.0,rf_complete_historical,2,2550707.318306923,"Historical 90-term coding, complete cohort"
regionvii._maule,region,0.003160908792495662,False,2.7525877126749987,72.0,rf_complete_historical,2,2550707.318306923,"Historical 90-term coding, complete cohort"
regionviii._biobio,region,0.00574252557032258,False,5.000715415173946,44.0,rf_complete_historical,2,2550707.318306923,"Historical 90-term coding, complete cohort"
regionix._la_araucania,region,0.0032570925019592867,False,2.8363465662862226,70.0,rf_complete_historical,2,2550707.318306923,"Historical 90-term coding, complete cohort"
regionxiv._los_rios,region,0.0004900024426807273,False,0.42670472052399666,84.0,rf_complete_historical,2,2550707.318306923,"Historical 90-term coding, complete cohort"
regionx._los_lagos,region,0.0015962428633076783,False,1.3900427947864942,80.0,rf_complete_historical,2,2550707.318306923,"Historical 90-term coding, complete cohort"
regionxi._aysen,region,0.00024855368683070005,False,0.2164459240122771,85.0,rf_complete_historical,2,2550707.318306923,"Historical 90-term coding, complete cohort"
regionxii._magallanes_y_antartica,region,0.00017193142961403234,False,0.1497216059197258,86.0,rf_complete_historical,2,2550707.318306923,"Historical 90-term coding, complete cohort"
indigenasi,indigenous,0.00508999515761786,False,4.432477824636059,50.0,rf_complete_historical,2,2550707.318306923,"Historical 90-term coding, complete cohort"
c1otro_(?cual?),born_chile,0.002773487268673424,False,2.4152126740055206,75.0,rf_complete_historical,2,2550707.318306923,"Historical 90-term coding, complete cohort"
remanentes,teeth_remaining,0.09718262733021393,False,84.6287328852079,2.0,rf_complete_historical,2,2550707.318306923,"Historical 90-term coding, complete cohort"
Edad,age,0.11483408059770243,False,100.0,1.0,rf_complete_historical,2,2550707.318306923,"Historical 90-term coding, complete cohort"
die1a1_vez_a_la_semana,fish,0.0029610732406354636,False,0.8996549865841893,27.0,rf_complete_historical,3,2756937.4032588005,"Historical 90-term coding, complete cohort"
die1amenos_de_3_veces_al_mes,fish,0.005107107945889595,False,1.5516789883783066,19.0,rf_complete_historical,3,2756937.4032588005,"Historical 90-term coding, complete cohort"
die1amenos_de_1_vez_al_mes_o_nunca,fish,0.0030076720602467332,False,0.9138129816843776,26.0,rf_complete_historical,3,2756937.4032588005,"Historical 90-term coding, complete cohort"
die2menos_de_tres_veces_al_dia,dairy_frequency,0.0026622718150520167,False,0.8088709462451795,28.0,rf_complete_historical,3,2756937.4032588005,"Historical 90-term coding, complete cohort"
die2una_vez_al_dia,dairy_frequency,0.007374429311248329,False,2.240553192684075,16.0,rf_complete_historical,3,2756937.4032588005,"Historical 90-term coding, complete cohort"
die2dia_por_medio,dairy_frequency,0.0018480952171119995,False,0.5615018416094247,30.0,rf_complete_historical,3,2756937.4032588005,"Historical 90-term coding, complete cohort"
die2al_menos_una_vez_por_semana,dairy_frequency,0.0014782331885739872,False,0.4491276477678173,31.0,rf_complete_historical,3,2756937.4032588005,"Historical 90-term coding, complete cohort"
die2al_menos_una_vez_por_mes,dairy_frequency,0.0004949491017500526,False,0.1503790657333554,36.0,rf_complete_historical,3,2756937.4032588005,"Historical 90-term coding, complete cohort"
die2nunca,dairy_frequency,0.0,False,0.0,42.0,rf_complete_historical,3,2756937.4032588005,"Historical 90-term coding, complete cohort"
die3enteros,dairy_type,0.006103383696861061,False,1.8543747930866141,17.0,rf_complete_historical,3,2756937.4032588005,"Historical 90-term coding, complete cohort"
die3no_consume_lacteos,dairy_type,0.0,False,0.0,42.0,rf_complete_historical,3,2756937.4032588005,"Historical 90-term coding, complete cohort"
die4a_diario,wholegrain,0.0006574240338508109,False,0.19974339109128056,33.0,rf_complete_historical,3,2756937.4032588005,"Historical 90-term coding, complete cohort"
die4dia_por_medio,wholegrain,0.0,False,0.0,42.0,rf_complete_historical,3,2756937.4032588005,"Historical 90-term coding, complete cohort"
die4al_menos_una_vez_por_semana,wholegrain,0.0,False,0.0,42.0,rf_complete_historical,3,2756937.4032588005,"Historical 90-term coding, complete cohort"
die4al_menos_una_vez_por_mes,wholegrain,0.0,False,0.0,42.0,rf_complete_historical,3,2756937.4032588005,"Historical 90-term coding, complete cohort"
die4nunca,wholegrain,0.013793159142722018,False,4.190738760935242,11.0,rf_complete_historical,3,2756937.4032588005,"Historical 90-term coding, complete cohort"
die5al_menos_una_vez_por_semana,legumes,0.010815545265481206,False,3.286058276839183,14.0,rf_complete_historical,3,2756937.4032588005,"Historical 90-term coding, complete cohort"
die5entre_una_y_tres_veces_al_mes,legumes,0.0,False,0.0,42.0,rf_complete_historical,3,2756937.4032588005,"Historical 90-term coding, complete cohort"
die5menos_de_una_vez_al_mes_o_nunca,legumes,0.0,False,0.0,42.0,rf_complete_historical,3,2756937.4032588005,"Historical 90-term coding, complete cohort"
die61,fruit_days,0.0,False,0.0,42.0,rf_complete_historical,3,2756937.4032588005,"Historical 90-term coding, complete cohort"
die62,fruit_days,0.0037135257309586617,False,1.1282706201987365,22.0,rf_complete_historical,3,2756937.4032588005,"Historical 90-term coding, complete cohort"
die63,fruit_days,0.00019887338628566228,False,0.06042317063132929,40.0,rf_complete_historical,3,2756937.4032588005,"Historical 90-term coding, complete cohort"
die64,fruit_days,0.0,False,0.0,42.0,rf_complete_historical,3,2756937.4032588005,"Historical 90-term coding, complete cohort"
die65,fruit_days,0.0,False,0.0,42.0,rf_complete_historical,3,2756937.4032588005,"Historical 90-term coding, complete cohort"
die66,fruit_days,0.0,False,0.0,42.0,rf_complete_historical,3,2756937.4032588005,"Historical 90-term coding, complete cohort"
die67,fruit_days,0.019740672129627126,False,5.997755771867101,7.0,rf_complete_historical,3,2756937.4032588005,"Historical 90-term coding, complete cohort"
die7,fruit_portions,0.013305933429809616,False,4.042706271836928,12.0,rf_complete_historical,3,2756937.4032588005,"Historical 90-term coding, complete cohort"
die81,vegetable_days,0.0,False,0.0,42.0,rf_complete_historical,3,2756937.4032588005,"Historical 90-term coding, complete cohort"
die82,vegetable_days,0.0,False,0.0,42.0,rf_complete_historical,3,2756937.4032588005,"Historical 90-term coding, complete cohort"
die83,vegetable_days,0.0,False,0.0,42.0,rf_complete_historical,3,2756937.4032588005,"Historical 90-term coding, complete cohort"
die84,vegetable_days,0.0,False,0.0,42.0,rf_complete_historical,3,2756937.4032588005,"Historical 90-term coding, complete cohort"
die85,vegetable_days,0.0,False,0.0,42.0,rf_complete_historical,3,2756937.4032588005,"Historical 90-term coding, complete cohort"
die86,vegetable_days,0.0,False,0.0,42.0,rf_complete_historical,3,2756937.4032588005,"Historical 90-term coding, complete cohort"
die87,vegetable_days,0.005602925641002459,False,1.7023219565168588,18.0,rf_complete_historical,3,2756937.4032588005,"Historical 90-term coding, complete cohort"
die9,vegetable_portions,0.010419120877351508,False,3.1656137121150993,15.0,rf_complete_historical,3,2756937.4032588005,"Historical 90-term coding, complete cohort"
die10_acasi_siempre,label_ingredients,0.0,False,0.0,42.0,rf_complete_historical,3,2756937.4032588005,"Historical 90-term coding, complete cohort"
die10_aalgunas_veces,label_ingredients,0.0,False,0.0,42.0,rf_complete_historical,3,2756937.4032588005,"Historical 90-term coding, complete cohort"
die10_arara_vez,label_ingredients,0.0,False,0.0,42.0,rf_complete_historical,3,2756937.4032588005,"Historical 90-term coding, complete cohort"
die10_anunca,label_ingredients,0.0035494510382102318,False,1.0784202438292156,24.0,rf_complete_historical,3,2756937.4032588005,"Historical 90-term coding, complete cohort"
die10_bcasi_siempre,label_nutrition,0.0,False,0.0,42.0,rf_complete_historical,3,2756937.4032588005,"Historical 90-term coding, complete cohort"
die10_balgunas_veces,label_nutrition,0.0,False,0.0,42.0,rf_complete_historical,3,2756937.4032588005,"Historical 90-term coding, complete cohort"
die10_brara_vez,label_nutrition,0.0,False,0.0,42.0,rf_complete_historical,3,2756937.4032588005,"Historical 90-term coding, complete cohort"
die10_bnunca,label_nutrition,0.00352191756618509,False,1.070054822445691,25.0,rf_complete_historical,3,2756937.4032588005,"Historical 90-term coding, complete cohort"
die10_ccasi_siempre,label_warnings,0.0005058271877556157,False,0.15368412559647998,35.0,rf_complete_historical,3,2756937.4032588005,"Historical 90-term coding, complete cohort"
die10_calgunas_veces,label_warnings,0.0,False,0.0,42.0,rf_complete_historical,3,2756937.4032588005,"Historical 90-term coding, complete cohort"
die10_crara_vez,label_warnings,0.0,False,0.0,42.0,rf_complete_historical,3,2756937.4032588005,"Historical 90-term coding, complete cohort"
die10_cnunca,label_warnings,0.018312033965385673,False,5.563696448090132,8.0,rf_complete_historical,3,2756937.4032588005,"Historical 90-term coding, complete cohort"
die10_dcasi_siempre,label_health,0.0,False,0.0,42.0,rf_complete_historical,3,2756937.4032588005,"Historical 90-term coding, complete cohort"
die10_dalgunas_veces,label_health,0.0,False,0.0,42.0,rf_complete_historical,3,2756937.4032588005,"Historical 90-term coding, complete cohort"
die10_drara_vez,label_health,0.0,False,0.0,42.0,rf_complete_historical,3,2756937.4032588005,"Historical 90-term coding, complete cohort"
die10_dnunca,label_health,0.00485473817873104,False,1.475002155001987,20.0,rf_complete_historical,3,2756937.4032588005,"Historical 90-term coding, complete cohort"
die10_ecasi_siempre,label_brand,0.0005848578294690179,False,0.17769579472194622,34.0,rf_complete_historical,3,2756937.4032588005,"Historical 90-term coding, complete cohort"
die10_ealgunas_veces,label_brand,0.0,False,0.0,42.0,rf_complete_historical,3,2756937.4032588005,"Historical 90-term coding, complete cohort"
die10_erara_vez,label_brand,0.0,False,0.0,42.0,rf_complete_historical,3,2756937.4032588005,"Historical 90-term coding, complete cohort"
die10_enunca,label_brand,0.015102867295426993,False,4.588663896450678,10.0,rf_complete_historical,3,2756937.4032588005,"Historical 90-term coding, complete cohort"
die10_fcasi_siempre,label_discounts,0.00021850244806163828,False,0.06638701612707128,39.0,rf_complete_historical,3,2756937.4032588005,"Historical 90-term coding, complete cohort"
die10_falgunas_veces,label_discounts,0.0008737526378284575,False,0.26546993396717344,32.0,rf_complete_historical,3,2756937.4032588005,"Historical 90-term coding, complete cohort"
die10_frara_vez,label_discounts,0.0,False,0.0,42.0,rf_complete_historical,3,2756937.4032588005,"Historical 90-term coding, complete cohort"
die10_fnunca,label_discounts,0.0025725806706933412,False,0.781620325028729,29.0,rf_complete_historical,3,2756937.4032588005,"Historical 90-term coding, complete cohort"
die11,water,0.017310556837678515,False,5.259420322958422,9.0,rf_complete_historical,3,2756937.4032588005,"Historical 90-term coding, complete cohort"
"die14aceite_vegetal_(maravilla,_maiz,_pepa_de_uva)",oil,0.0,False,0.0,42.0,rf_complete_historical,3,2756937.4032588005,"Historical 90-term coding, complete cohort"
die14aceite_de_oliva,oil,0.0,False,0.0,42.0,rf_complete_historical,3,2756937.4032588005,"Historical 90-term coding, complete cohort"
die14manteca,oil,0.0,False,0.0,42.0,rf_complete_historical,3,2756937.4032588005,"Historical 90-term coding, complete cohort"
die14mantequilla,oil,0.0,False,0.0,42.0,rf_complete_historical,3,2756937.4032588005,"Historical 90-term coding, complete cohort"
die14margarina,oil,0.0,False,0.0,42.0,rf_complete_historical,3,2756937.4032588005,"Historical 90-term coding, complete cohort"
die14otro._especifique:,oil,0.0,False,0.0,42.0,rf_complete_historical,3,2756937.4032588005,"Historical 90-term coding, complete cohort"
frecsembebida,soda_frequency,0.05061406660071295,False,15.377936885770364,5.0,rf_complete_historical,3,2756937.4032588005,"Historical 90-term coding, complete cohort"
frecsemjugo,juice_frequency,0.0975791936137459,False,29.64722618702631,3.0,rf_complete_historical,3,2756937.4032588005,"Historical 90-term coding, complete cohort"
sexomujer,sex,0.08598982306600907,False,26.126058638193307,4.0,rf_complete_historical,3,2756937.4032588005,"Historical 90-term coding, complete cohort"
zonarural,rural,0.0002775381006163775,False,0.08432366101591052,37.0,rf_complete_historical,3,2756937.4032588005,"Historical 90-term coding, complete cohort"
nedu8-12,education,0.024188608969301133,False,7.349160560816351,6.0,rf_complete_historical,3,2756937.4032588005,"Historical 90-term coding, complete cohort"
nedu<8,education,0.00010268904141487072,False,0.03119973761831453,41.0,rf_complete_historical,3,2756937.4032588005,"Historical 90-term coding, complete cohort"
regioni._tarapaca,region,0.0,False,0.0,42.0,rf_complete_historical,3,2756937.4032588005,"Historical 90-term coding, complete cohort"
regionii._antofagasta,region,0.0,False,0.0,42.0,rf_complete_historical,3,2756937.4032588005,"Historical 90-term coding, complete cohort"
regioniii._atacama,region,0.0,False,0.0,42.0,rf_complete_historical,3,2756937.4032588005,"Historical 90-term coding, complete cohort"
regioniv._coquimbo,region,0.0,False,0.0,42.0,rf_complete_historical,3,2756937.4032588005,"Historical 90-term coding, complete cohort"
regionv._valparaiso,region,0.004091509146364618,False,1.2431123133556112,21.0,rf_complete_historical,3,2756937.4032588005,"Historical 90-term coding, complete cohort"
regionxiii._metropolitana,region,0.011066490472853581,False,3.3623022900144566,13.0,rf_complete_historical,3,2756937.4032588005,"Historical 90-term coding, complete cohort"
regionvi._l._bdo._ohiggins,region,0.003562761760225439,False,1.0824644050041845,23.0,rf_complete_historical,3,2756937.4032588005,"Historical 90-term coding, complete cohort"
regionvii._maule,region,0.0,False,0.0,42.0,rf_complete_historical,3,2756937.4032588005,"Historical 90-term coding, complete cohort"
regionviii._biobio,region,0.0002363507844956288,False,0.07180982859071228,38.0,rf_complete_historical,3,2756937.4032588005,"Historical 90-term coding, complete cohort"
regionix._la_araucania,region,0.0,False,0.0,42.0,rf_complete_historical,3,2756937.4032588005,"Historical 90-term coding, complete cohort"
regionxiv._los_rios,region,0.0,False,0.0,42.0,rf_complete_historical,3,2756937.4032588005,"Historical 90-term coding, complete cohort"
regionx._los_lagos,region,0.0,False,0.0,42.0,rf_complete_historical,3,2756937.4032588005,"Historical 90-term coding, complete cohort"
regionxi._aysen,region,0.0,False,0.0,42.0,rf_complete_historical,3,2756937.4032588005,"Historical 90-term coding, complete cohort"
regionxii._magallanes_y_antartica,region,0.0,False,0.0,42.0,rf_complete_historical,3,2756937.4032588005,"Historical 90-term coding, complete cohort"
indigenasi,indigenous,0.0,False,0.0,42.0,rf_complete_historical,3,2756937.4032588005,"Historical 90-term coding, complete cohort"
c1otro_(?cual?),born_chile,0.0,False,0.0,42.0,rf_complete_historical,3,2756937.4032588005,"Historical 90-term coding, complete cohort"
remanentes,teeth_remaining,0.21646517666725112,False,65.7680373919852,2.0,rf_complete_historical,3,2756937.4032588005,"Historical 90-term coding, complete cohort"
Edad,age,0.32913431090712547,False,100.0,1.0,rf_complete_historical,3,2756937.4032588005,"Historical 90-term coding, complete cohort"
die1a1_vez_a_la_semana,fish,0.015755959894483796,False,8.644892085698979,15.0,rf_complete_historical,4,2760460.2584929466,"Historical 90-term coding, complete cohort"
die1amenos_de_3_veces_al_mes,fish,0.007478433158051535,False,4.103224941826792,27.0,rf_complete_historical,4,2760460.2584929466,"Historical 90-term coding, complete cohort"
die1amenos_de_1_vez_al_mes_o_nunca,fish,0.003878806508462204,False,2.1282018938561906,39.0,rf_complete_historical,4,2760460.2584929466,"Historical 90-term coding, complete cohort"
die2menos_de_tres_veces_al_dia,dairy_frequency,0.017055762025860344,False,9.358060260393671,14.0,rf_complete_historical,4,2760460.2584929466,"Historical 90-term coding, complete cohort"
die2una_vez_al_dia,dairy_frequency,0.026219377554928938,False,14.385901654643982,9.0,rf_complete_historical,4,2760460.2584929466,"Historical 90-term coding, complete cohort"
die2dia_por_medio,dairy_frequency,0.006863484866741274,False,3.765818547531298,29.0,rf_complete_historical,4,2760460.2584929466,"Historical 90-term coding, complete cohort"
die2al_menos_una_vez_por_semana,dairy_frequency,0.004508539392020628,False,2.473720215661806,37.0,rf_complete_historical,4,2760460.2584929466,"Historical 90-term coding, complete cohort"
die2al_menos_una_vez_por_mes,dairy_frequency,0.00015812390528459948,False,0.08675854130811966,78.0,rf_complete_historical,4,2760460.2584929466,"Historical 90-term coding, complete cohort"
die2nunca,dairy_frequency,0.00212660843417465,False,1.1668156396116194,49.0,rf_complete_historical,4,2760460.2584929466,"Historical 90-term coding, complete cohort"
die3enteros,dairy_type,0.01073548081899841,False,5.890283663442465,21.0,rf_complete_historical,4,2760460.2584929466,"Historical 90-term coding, complete cohort"
die3no_consume_lacteos,dairy_type,0.0028018244615479154,False,1.5372893987648053,44.0,rf_complete_historical,4,2760460.2584929466,"Historical 90-term coding, complete cohort"
die4a_diario,wholegrain,0.021240911257247343,False,11.654344568692364,12.0,rf_complete_historical,4,2760460.2584929466,"Historical 90-term coding, complete cohort"
die4dia_por_medio,wholegrain,0.00024399379312663505,False,0.13387315182863554,74.0,rf_complete_historical,4,2760460.2584929466,"Historical 90-term coding, complete cohort"
die4al_menos_una_vez_por_semana,wholegrain,0.0021286191638614656,False,1.1679188755472554,48.0,rf_complete_historical,4,2760460.2584929466,"Historical 90-term coding, complete cohort"
die4al_menos_una_vez_por_mes,wholegrain,0.001087681222407051,False,0.5967828589511759,60.0,rf_complete_historical,4,2760460.2584929466,"Historical 90-term coding, complete cohort"
die4nunca,wholegrain,0.03178736379532357,False,17.44091325058746,7.0,rf_complete_historical,4,2760460.2584929466,"Historical 90-term coding, complete cohort"
die5al_menos_una_vez_por_semana,legumes,0.012156059058590431,False,6.669718598718275,18.0,rf_complete_historical,4,2760460.2584929466,"Historical 90-term coding, complete cohort"
die5entre_una_y_tres_veces_al_mes,legumes,0.0037174114075686784,False,2.0396485312093673,40.0,rf_complete_historical,4,2760460.2584929466,"Historical 90-term coding, complete cohort"
die5menos_de_una_vez_al_mes_o_nunca,legumes,0.0022391192674891323,False,1.2285474553175155,47.0,rf_complete_historical,4,2760460.2584929466,"Historical 90-term coding, complete cohort"
die61,fruit_days,0.00247056030152063,False,1.3555332293867528,46.0,rf_complete_historical,4,2760460.2584929466,"Historical 90-term coding, complete cohort"
die62,fruit_days,0.00104496536250515,False,0.5733457594870516,63.0,rf_complete_historical,4,2760460.2584929466,"Historical 90-term coding, complete cohort"
die63,fruit_days,0.004686624633555303,False,2.5714310314694737,34.0,rf_complete_historical,4,2760460.2584929466,"Historical 90-term coding, complete cohort"
die64,fruit_days,0.001270215645223497,False,0.696934826698059,58.0,rf_complete_historical,4,2760460.2584929466,"Historical 90-term coding, complete cohort"
die65,fruit_days,0.0002040279255213301,False,0.11194490278046713,75.0,rf_complete_historical,4,2760460.2584929466,"Historical 90-term coding, complete cohort"
die66,fruit_days,0.0057239931162974,False,3.140608577392931,30.0,rf_complete_historical,4,2760460.2584929466,"Historical 90-term coding, complete cohort"
die67,fruit_days,0.009026575990914557,False,4.952651305753673,23.0,rf_complete_historical,4,2760460.2584929466,"Historical 90-term coding, complete cohort"
die7,fruit_portions,0.0248050627379476,False,13.609903299108097,10.0,rf_complete_historical,4,2760460.2584929466,"Historical 90-term coding, complete cohort"
die81,vegetable_days,0.0,False,0.0,81.0,rf_complete_historical,4,2760460.2584929466,"Historical 90-term coding, complete cohort"
die82,vegetable_days,0.000713719734703612,False,0.3915997582671288,66.0,rf_complete_historical,4,2760460.2584929466,"Historical 90-term coding, complete cohort"
die83,vegetable_days,0.0047472237839438014,False,2.604680234888493,33.0,rf_complete_historical,4,2760460.2584929466,"Historical 90-term coding, complete cohort"
die84,vegetable_days,0.0001743931867266376,False,0.09568507979388499,76.0,rf_complete_historical,4,2760460.2584929466,"Historical 90-term coding, complete cohort"
die85,vegetable_days,4.725711277485967e-06,False,0.0025928768729818674,80.0,rf_complete_historical,4,2760460.2584929466,"Historical 90-term coding, complete cohort"
die86,vegetable_days,0.00029973308132983203,False,0.1644558732037396,72.0,rf_complete_historical,4,2760460.2584929466,"Historical 90-term coding, complete cohort"
die87,vegetable_days,0.013447275729311316,False,7.37817615080595,17.0,rf_complete_historical,4,2760460.2584929466,"Historical 90-term coding, complete cohort"
die9,vegetable_portions,0.02036346487690057,False,11.172912188825702,13.0,rf_complete_historical,4,2760460.2584929466,"Historical 90-term coding, complete cohort"
die10_acasi_siempre,label_ingredients,0.001033048147483618,False,0.5668070885007612,64.0,rf_complete_historical,4,2760460.2584929466,"Historical 90-term coding, complete cohort"
die10_aalgunas_veces,label_ingredients,0.00127558954517597,False,0.6998833481134212,57.0,rf_complete_historical,4,2760460.2584929466,"Historical 90-term coding, complete cohort"
die10_arara_vez,label_ingredients,0.005618716380603852,False,3.082845925970849,31.0,rf_complete_historical,4,2760460.2584929466,"Historical 90-term coding, complete cohort"
die10_anunca,label_ingredients,0.011660206124443151,False,6.3976567799025785,19.0,rf_complete_historical,4,2760460.2584929466,"Historical 90-term coding, complete cohort"
die10_bcasi_siempre,label_nutrition,0.0025055676330544303,False,1.374740856554168,45.0,rf_complete_historical,4,2760460.2584929466,"Historical 90-term coding, complete cohort"
die10_balgunas_veces,label_nutrition,0.0006170819185722548,False,0.33857706098635654,69.0,rf_complete_historical,4,2760460.2584929466,"Historical 90-term coding, complete cohort"
die10_brara_vez,label_nutrition,0.003133706054366794,False,1.719384337718894,43.0,rf_complete_historical,4,2760460.2584929466,"Historical 90-term coding, complete cohort"
die10_bnunca,label_nutrition,0.010085530876892427,False,5.5336727588552,22.0,rf_complete_historical,4,2760460.2584929466,"Historical 90-term coding, complete cohort"
die10_ccasi_siempre,label_warnings,0.0007446062479430762,False,0.4085463978655301,65.0,rf_complete_historical,4,2760460.2584929466,"Historical 90-term coding, complete cohort"
die10_calgunas_veces,label_warnings,0.001776818204753653,False,0.9748946899375164,52.0,rf_complete_historical,4,2760460.2584929466,"Historical 90-term coding, complete cohort"
die10_crara_vez,label_warnings,0.0014055878931140983,False,0.7712101156839404,54.0,rf_complete_historical,4,2760460.2584929466,"Historical 90-term coding, complete cohort"
die10_cnunca,label_warnings,0.035310763580523825,False,19.374112568294223,6.0,rf_complete_historical,4,2760460.2584929466,"Historical 90-term coding, complete cohort"
die10_dcasi_siempre,label_health,0.00451357692580544,False,2.4764841815667333,36.0,rf_complete_historical,4,2760460.2584929466,"Historical 90-term coding, complete cohort"
die10_dalgunas_veces,label_health,0.001289276617550571,False,0.7073930945484195,55.0,rf_complete_historical,4,2760460.2584929466,"Historical 90-term coding, complete cohort"
die10_drara_vez,label_health,0.004602363935056316,False,2.5251993419711787,35.0,rf_complete_historical,4,2760460.2584929466,"Historical 90-term coding, complete cohort"
die10_dnunca,label_health,0.013928436371307848,False,7.642176684813526,16.0,rf_complete_historical,4,2760460.2584929466,"Historical 90-term coding, complete cohort"
die10_ecasi_siempre,label_brand,0.0033930666116811226,False,1.8616888399062912,42.0,rf_complete_historical,4,2760460.2584929466,"Historical 90-term coding, complete cohort"
die10_ealgunas_veces,label_brand,0.00029893533053648274,False,0.16401816775348646,73.0,rf_complete_historical,4,2760460.2584929466,"Historical 90-term coding, complete cohort"
die10_erara_vez,label_brand,0.0014711421728563828,False,0.8071780718048606,53.0,rf_complete_historical,4,2760460.2584929466,"Historical 90-term coding, complete cohort"
die10_enunca,label_brand,0.008649875310077087,False,4.745965279877878,25.0,rf_complete_historical,4,2760460.2584929466,"Historical 90-term coding, complete cohort"
die10_fcasi_siempre,label_discounts,0.0019536178590812956,False,1.071900136935795,50.0,rf_complete_historical,4,2760460.2584929466,"Historical 90-term coding, complete cohort"
die10_falgunas_veces,label_discounts,0.00781684967066286,False,4.28890542407832,26.0,rf_complete_historical,4,2760460.2584929466,"Historical 90-term coding, complete cohort"
die10_frara_vez,label_discounts,0.0007018694103770126,False,0.3850977884937828,67.0,rf_complete_historical,4,2760460.2584929466,"Historical 90-term coding, complete cohort"
die10_fnunca,label_discounts,0.0034059254827773677,False,1.8687441734889743,41.0,rf_complete_historical,4,2760460.2584929466,"Historical 90-term coding, complete cohort"
die11,water,0.029884119646534483,False,16.396651879702652,8.0,rf_complete_historical,4,2760460.2584929466,"Historical 90-term coding, complete cohort"
"die14aceite_vegetal_(maravilla,_maiz,_pepa_de_uva)",oil,0.0005809156272821285,False,0.31873354225205475,70.0,rf_complete_historical,4,2760460.2584929466,"Historical 90-term coding, complete cohort"
die14aceite_de_oliva,oil,0.0010735308335255414,False,0.5890189026025594,61.0,rf_complete_historical,4,2760460.2584929466,"Historical 90-term coding, complete cohort"
die14manteca,oil,0.0,False,0.0,81.0,rf_complete_historical,4,2760460.2584929466,"Historical 90-term coding, complete cohort"
die14mantequilla,oil,0.0,False,0.0,81.0,rf_complete_historical,4,2760460.2584929466,"Historical 90-term coding, complete cohort"
die14margarina,oil,0.0,False,0.0,81.0,rf_complete_historical,4,2760460.2584929466,"Historical 90-term coding, complete cohort"
die14otro._especifique:,oil,0.0,False,0.0,81.0,rf_complete_historical,4,2760460.2584929466,"Historical 90-term coding, complete cohort"
frecsembebida,soda_frequency,0.0688455384781261,False,37.7737855840573,3.0,rf_complete_historical,4,2760460.2584929466,"Historical 90-term coding, complete cohort"
frecsemjugo,juice_frequency,0.04250463201379695,False,23.321204126082172,4.0,rf_complete_historical,4,2760460.2584929466,"Historical 90-term coding, complete cohort"
sexomujer,sex,0.04207800394315673,False,23.087124218789068,5.0,rf_complete_historical,4,2760460.2584929466,"Historical 90-term coding, complete cohort"
zonarural,rural,0.0017807187195689543,False,0.977034802623939,51.0,rf_complete_historical,4,2760460.2584929466,"Historical 90-term coding, complete cohort"
nedu8-12,education,0.022919913122085495,False,12.575569935500694,11.0,rf_complete_historical,4,2760460.2584929466,"Historical 90-term coding, complete cohort"
nedu<8,education,0.003952258528666275,False,2.168503138108728,38.0,rf_complete_historical,4,2760460.2584929466,"Historical 90-term coding, complete cohort"
regioni._tarapaca,region,0.0,False,0.0,81.0,rf_complete_historical,4,2760460.2584929466,"Historical 90-term coding, complete cohort"
regionii._antofagasta,region,0.0012829324262249712,False,0.7039121990810453,56.0,rf_complete_historical,4,2760460.2584929466,"Historical 90-term coding, complete cohort"
regioniii._atacama,region,0.0,False,0.0,81.0,rf_complete_historical,4,2760460.2584929466,"Historical 90-term coding, complete cohort"
regioniv._coquimbo,region,0.00036061095725775357,False,0.19785800619518662,71.0,rf_complete_historical,4,2760460.2584929466,"Historical 90-term coding, complete cohort"
regionv._valparaiso,region,0.007235290211021976,False,3.969818627483148,28.0,rf_complete_historical,4,2760460.2584929466,"Historical 90-term coding, complete cohort"
regionxiii._metropolitana,region,0.010760582168773849,False,5.904056131858687,20.0,rf_complete_historical,4,2760460.2584929466,"Historical 90-term coding, complete cohort"
regionvi._l._bdo._ohiggins,region,0.008798110810483073,False,4.827298306419028,24.0,rf_complete_historical,4,2760460.2584929466,"Historical 90-term coding, complete cohort"
regionvii._maule,region,0.0010669156153245945,False,0.5853893016227703,62.0,rf_complete_historical,4,2760460.2584929466,"Historical 90-term coding, complete cohort"
regionviii._biobio,region,0.004904291188548935,False,2.690859101303835,32.0,rf_complete_historical,4,2760460.2584929466,"Historical 90-term coding, complete cohort"
regionix._la_araucania,region,0.00015408457153635692,False,0.08454226222480565,79.0,rf_complete_historical,4,2760460.2584929466,"Historical 90-term coding, complete cohort"
regionxiv._los_rios,region,0.00017135895771510292,False,0.09402027596449737,77.0,rf_complete_historical,4,2760460.2584929466,"Historical 90-term coding, complete cohort"
regionx._los_lagos,region,0.0006846772305344603,False,0.3756648792675523,68.0,rf_complete_historical,4,2760460.2584929466,"Historical 90-term coding, complete cohort"
regionxi._aysen,region,0.0,False,0.0,81.0,rf_complete_historical,4,2760460.2584929466,"Historical 90-term coding, complete cohort"
regionxii._magallanes_y_antartica,region,0.0,False,0.0,81.0,rf_complete_historical,4,2760460.2584929466,"Historical 90-term coding, complete cohort"
indigenasi,indigenous,0.0012620819420729834,False,0.6924720718761255,59.0,rf_complete_historical,4,2760460.2584929466,"Historical 90-term coding, complete cohort"
c1otro_(?cual?),born_chile,0.0,False,0.0,81.0,rf_complete_historical,4,2760460.2584929466,"Historical 90-term coding, complete cohort"
remanentes,teeth_remaining,0.1822574502757353,False,100.0,1.0,rf_complete_historical,4,2760460.2584929466,"Historical 90-term coding, complete cohort"
Edad,age,0.17908370262348366,False,98.25864586196607,2.0,rf_complete_historical,4,2760460.2584929466,"Historical 90-term coding, complete cohort"
die1a1_vez_a_la_semana,fish,0.011008522671271663,False,6.518679271187018,21.0,rf_complete_historical,5,2793890.080402851,"Historical 90-term coding, complete cohort"
die1amenos_de_3_veces_al_mes,fish,0.00861413638898342,False,5.100847224903562,30.0,rf_complete_historical,5,2793890.080402851,"Historical 90-term coding, complete cohort"
die1amenos_de_1_vez_al_mes_o_nunca,fish,0.00998024028975132,False,5.909783486938325,25.0,rf_complete_historical,5,2793890.080402851,"Historical 90-term coding, complete cohort"
die2menos_de_tres_veces_al_dia,dairy_frequency,0.008736083140297713,False,5.173057800629183,29.0,rf_complete_historical,5,2793890.080402851,"Historical 90-term coding, complete cohort"
die2una_vez_al_dia,dairy_frequency,0.01228058596966892,False,7.271929539412346,19.0,rf_complete_historical,5,2793890.080402851,"Historical 90-term coding, complete cohort"
die2dia_por_medio,dairy_frequency,0.004553636936165139,False,2.69642890246801,42.0,rf_complete_historical,5,2793890.080402851,"Historical 90-term coding, complete cohort"
die2al_menos_una_vez_por_semana,dairy_frequency,0.010095750873276977,False,5.978182896097596,23.0,rf_complete_historical,5,2793890.080402851,"Historical 90-term coding, complete cohort"
die2al_menos_una_vez_por_mes,dairy_frequency,0.0023411368836567235,False,1.3863004991878307,63.0,rf_complete_historical,5,2793890.080402851,"Historical 90-term coding, complete cohort"
die2nunca,dairy_frequency,0.007839295817753797,False,4.642026607371438,35.0,rf_complete_historical,5,2793890.080402851,"Historical 90-term coding, complete cohort"
die3enteros,dairy_type,0.010040775312250816,False,5.945629204672829,24.0,rf_complete_historical,5,2793890.080402851,"Historical 90-term coding, complete cohort"
die3no_consume_lacteos,dairy_type,0.005613971687881246,False,3.3243044469830645,38.0,rf_complete_historical,5,2793890.080402851,"Historical 90-term coding, complete cohort"
die4a_diario,wholegrain,0.014881569994907777,False,8.812098112100086,15.0,rf_complete_historical,5,2793890.080402851,"Historical 90-term coding, complete cohort"
die4dia_por_medio,wholegrain,0.002499028284009122,False,1.4797956419340805,61.0,rf_complete_historical,5,2793890.080402851,"Historical 90-term coding, complete cohort"
die4al_menos_una_vez_por_semana,wholegrain,0.00338414267474195,False,2.003914727100384,50.0,rf_complete_historical,5,2793890.080402851,"Historical 90-term coding, complete cohort"
die4al_menos_una_vez_por_mes,wholegrain,0.0018153643414826465,False,1.0749651207384037,72.0,rf_complete_historical,5,2793890.080402851,"Historical 90-term coding, complete cohort"
die4nunca,wholegrain,0.025672112626041608,False,15.201700847623773,8.0,rf_complete_historical,5,2793890.080402851,"Historical 90-term coding, complete cohort"
die5al_menos_una_vez_por_semana,legumes,0.016971808710891535,False,10.049829658520377,12.0,rf_complete_historical,5,2793890.080402851,"Historical 90-term coding, complete cohort"
die5entre_una_y_tres_veces_al_mes,legumes,0.003914967733225406,False,2.318241945083305,48.0,rf_complete_historical,5,2793890.080402851,"Historical 90-term coding, complete cohort"
die5menos_de_una_vez_al_mes_o_nunca,legumes,0.005209497391782218,False,3.0847956329085493,40.0,rf_complete_historical,5,2793890.080402851,"Historical 90-term coding, complete cohort"
die61,fruit_days,0.002780145580718545,False,1.6462588041178723,56.0,rf_complete_historical,5,2793890.080402851,"Historical 90-term coding, complete cohort"
die62,fruit_days,0.00419615711815952,False,2.4847477941952185,46.0,rf_complete_historical,5,2793890.080402851,"Historical 90-term coding, complete cohort"
die63,fruit_days,0.00476716587194669,False,2.822869723733724,41.0,rf_complete_historical,5,2793890.080402851,"Historical 90-term coding, complete cohort"
die64,fruit_days,0.0043372863113200445,False,2.5683172224905944,45.0,rf_complete_historical,5,2793890.080402851,"Historical 90-term coding, complete cohort"
die65,fruit_days,0.003032193711027837,False,1.7955087054399026,53.0,rf_complete_historical,5,2793890.080402851,"Historical 90-term coding, complete cohort"
die66,fruit_days,0.008791941436008036,False,5.206134201999637,28.0,rf_complete_historical,5,2793890.080402851,"Historical 90-term coding, complete cohort"
die67,fruit_days,0.013527929045422877,False,8.010541766936306,17.0,rf_complete_historical,5,2793890.080402851,"Historical 90-term coding, complete cohort"
die7,fruit_portions,0.04228479516473912,False,25.038874511845187,5.0,rf_complete_historical,5,2793890.080402851,"Historical 90-term coding, complete cohort"
die81,vegetable_days,0.0006370475485694485,False,0.3772266973167312,79.0,rf_complete_historical,5,2793890.080402851,"Historical 90-term coding, complete cohort"
die82,vegetable_days,0.0014521170525489263,False,0.8598688136865519,75.0,rf_complete_historical,5,2793890.080402851,"Historical 90-term coding, complete cohort"
die83,vegetable_days,0.0043479563339803825,False,2.5746354595162178,44.0,rf_complete_historical,5,2793890.080402851,"Historical 90-term coding, complete cohort"
die84,vegetable_days,0.000713539335644672,False,0.4225211879321292,78.0,rf_complete_historical,5,2793890.080402851,"Historical 90-term coding, complete cohort"
die85,vegetable_days,0.002291759244539645,False,1.3570616083589424,65.0,rf_complete_historical,5,2793890.080402851,"Historical 90-term coding, complete cohort"
die86,vegetable_days,0.001044204088164062,False,0.6183237976306509,77.0,rf_complete_historical,5,2793890.080402851,"Historical 90-term coding, complete cohort"
die87,vegetable_days,0.014469274383212589,False,8.56795791837795,16.0,rf_complete_historical,5,2793890.080402851,"Historical 90-term coding, complete cohort"
die9,vegetable_portions,0.0224291782597703,False,13.281402396824395,9.0,rf_complete_historical,5,2793890.080402851,"Historical 90-term coding, complete cohort"
die10_acasi_siempre,label_ingredients,0.0036035766425642165,False,2.133852203740207,49.0,rf_complete_historical,5,2793890.080402851,"Historical 90-term coding, complete cohort"
die10_aalgunas_veces,label_ingredients,0.0024683984493488282,False,1.4616582338329007,62.0,rf_complete_historical,5,2793890.080402851,"Historical 90-term coding, complete cohort"
die10_arara_vez,label_ingredients,0.006311874569276531,False,3.7375665332869303,37.0,rf_complete_historical,5,2793890.080402851,"Historical 90-term coding, complete cohort"
die10_anunca,label_ingredients,0.008121740631563108,False,4.809275856704214,33.0,rf_complete_historical,5,2793890.080402851,"Historical 90-term coding, complete cohort"
die10_bcasi_siempre,label_nutrition,0.0026543100810862814,False,1.5717455122324007,58.0,rf_complete_historical,5,2793890.080402851,"Historical 90-term coding, complete cohort"
die10_balgunas_veces,label_nutrition,0.002919963643228439,False,1.7290518484742494,54.0,rf_complete_historical,5,2793890.080402851,"Historical 90-term coding, complete cohort"
die10_brara_vez,label_nutrition,0.008292005920757255,False,4.910098178137861,32.0,rf_complete_historical,5,2793890.080402851,"Historical 90-term coding, complete cohort"
die10_bnunca,label_nutrition,0.010417067461559262,False,6.168450005143055,22.0,rf_complete_historical,5,2793890.080402851,"Historical 90-term coding, complete cohort"
die10_ccasi_siempre,label_warnings,0.004023143795578802,False,2.3822982291423775,47.0,rf_complete_historical,5,2793890.080402851,"Historical 90-term coding, complete cohort"
die10_calgunas_veces,label_warnings,0.0027024129140217614,False,1.6002295285991186,57.0,rf_complete_historical,5,2793890.080402851,"Historical 90-term coding, complete cohort"
die10_crara_vez,label_warnings,0.0026251338672913455,False,1.5544688634252817,59.0,rf_complete_historical,5,2793890.080402851,"Historical 90-term coding, complete cohort"
die10_cnunca,label_warnings,0.01973894272269713,False,11.68838368270626,11.0,rf_complete_historical,5,2793890.080402851,"Historical 90-term coding, complete cohort"
die10_dcasi_siempre,label_health,0.0020810220013976694,False,1.2322738834699671,69.0,rf_complete_historical,5,2793890.080402851,"Historical 90-term coding, complete cohort"
die10_dalgunas_veces,label_health,0.00230003454671158,False,1.3619618154386604,64.0,rf_complete_historical,5,2793890.080402851,"Historical 90-term coding, complete cohort"
die10_drara_vez,label_health,0.002606063754848321,False,1.5431765265337967,60.0,rf_complete_historical,5,2793890.080402851,"Historical 90-term coding, complete cohort"
die10_dnunca,label_health,0.011638473521115364,False,6.891703669588736,20.0,rf_complete_historical,5,2793890.080402851,"Historical 90-term coding, complete cohort"
die10_ecasi_siempre,label_brand,0.008949367814760327,False,5.299353982941602,26.0,rf_complete_historical,5,2793890.080402851,"Historical 90-term coding, complete cohort"
die10_ealgunas_veces,label_brand,0.0032335904868026314,False,1.9147654873651558,52.0,rf_complete_historical,5,2793890.080402851,"Historical 90-term coding, complete cohort"
die10_erara_vez,label_brand,0.0028479959309321294,False,1.6864362815767056,55.0,rf_complete_historical,5,2793890.080402851,"Historical 90-term coding, complete cohort"
die10_enunca,label_brand,0.008419283477192844,False,4.98546538167637,31.0,rf_complete_historical,5,2793890.080402851,"Historical 90-term coding, complete cohort"
die10_fcasi_siempre,label_discounts,0.007031369584175904,False,4.163614367260746,36.0,rf_complete_historical,5,2793890.080402851,"Historical 90-term coding, complete cohort"
die10_falgunas_veces,label_discounts,0.004530354351928835,False,2.6826421570732872,43.0,rf_complete_historical,5,2793890.080402851,"Historical 90-term coding, complete cohort"
die10_frara_vez,label_discounts,0.002161466525094424,False,1.2799089808178632,66.0,rf_complete_historical,5,2793890.080402851,"Historical 90-term coding, complete cohort"
die10_fnunca,label_discounts,0.00784220256720269,False,4.643747834455658,34.0,rf_complete_historical,5,2793890.080402851,"Historical 90-term coding, complete cohort"
die11,water,0.04441007137347037,False,26.29735345412482,4.0,rf_complete_historical,5,2793890.080402851,"Historical 90-term coding, complete cohort"
"die14aceite_vegetal_(maravilla,_maiz,_pepa_de_uva)",oil,0.001634469897293734,False,0.9678487620026004,74.0,rf_complete_historical,5,2793890.080402851,"Historical 90-term coding, complete cohort"
die14aceite_de_oliva,oil,0.0018386987093651618,False,1.0887825297372475,70.0,rf_complete_historical,5,2793890.080402851,"Historical 90-term coding, complete cohort"
die14manteca,oil,0.0,False,0.0,87.0,rf_complete_historical,5,2793890.080402851,"Historical 90-term coding, complete cohort"
die14mantequilla,oil,0.0,False,0.0,87.0,rf_complete_historical,5,2793890.080402851,"Historical 90-term coding, complete cohort"
die14margarina,oil,0.0,False,0.0,87.0,rf_complete_historical,5,2793890.080402851,"Historical 90-term coding, complete cohort"
die14otro._especifique:,oil,0.0,False,0.0,87.0,rf_complete_historical,5,2793890.080402851,"Historical 90-term coding, complete cohort"
frecsembebida,soda_frequency,0.05757768400450113,False,34.09453442672895,3.0,rf_complete_historical,5,2793890.080402851,"Historical 90-term coding, complete cohort"
frecsemjugo,juice_frequency,0.03510877547980167,False,20.789605816427397,6.0,rf_complete_historical,5,2793890.080402851,"Historical 90-term coding, complete cohort"
sexomujer,sex,0.0322684124154079,False,19.107689324687083,7.0,rf_complete_historical,5,2793890.080402851,"Historical 90-term coding, complete cohort"
zonarural,rural,0.0033231498797437857,False,1.9677979401055339,51.0,rf_complete_historical,5,2793890.080402851,"Historical 90-term coding, complete cohort"
nedu8-12,education,0.020678634447335777,False,12.244820649738488,10.0,rf_complete_historical,5,2793890.080402851,"Historical 90-term coding, complete cohort"
nedu<8,education,0.005337073351906499,False,3.1603395357188853,39.0,rf_complete_historical,5,2793890.080402851,"Historical 90-term coding, complete cohort"
regioni._tarapaca,region,9.831295181238973e-05,False,0.05821585876741463,84.0,rf_complete_historical,5,2793890.080402851,"Historical 90-term coding, complete cohort"
regionii._antofagasta,region,0.0005658276250648408,False,0.3350539323683004,80.0,rf_complete_historical,5,2793890.080402851,"Historical 90-term coding, complete cohort"
regioniii._atacama,region,0.0003161380736670276,False,0.187200659814619,81.0,rf_complete_historical,5,2793890.080402851,"Historical 90-term coding, complete cohort"
regioniv._coquimbo,region,0.0018321600035212165,False,1.0849106454237831,71.0,rf_complete_historical,5,2793890.080402851,"Historical 90-term coding, complete cohort"
regionv._valparaiso,region,0.015864855440818077,False,9.394349032166089,13.0,rf_complete_historical,5,2793890.080402851,"Historical 90-term coding, complete cohort"
regionxiii._metropolitana,region,0.015551343507486414,False,9.208703437193371,14.0,rf_complete_historical,5,2793890.080402851,"Historical 90-term coding, complete cohort"
regionvi._l._bdo._ohiggins,region,0.012898042825922135,False,7.63755563928985,18.0,rf_complete_historical,5,2793890.080402851,"Historical 90-term coding, complete cohort"
regionvii._maule,region,0.0020814721900085298,False,1.232540461943153,68.0,rf_complete_historical,5,2793890.080402851,"Historical 90-term coding, complete cohort"
regionviii._biobio,region,0.008866036249862683,False,5.25000932871734,27.0,rf_complete_historical,5,2793890.080402851,"Historical 90-term coding, complete cohort"
regionix._la_araucania,region,0.0017781530550359484,False,1.0529305163816076,73.0,rf_complete_historical,5,2793890.080402851,"Historical 90-term coding, complete cohort"
regionxiv._los_rios,region,0.0001832775486460288,False,0.10852751026717265,82.0,rf_complete_historical,5,2793890.080402851,"Historical 90-term coding, complete cohort"
regionx._los_lagos,region,0.001354583163820326,False,0.8021142758907966,76.0,rf_complete_historical,5,2793890.080402851,"Historical 90-term coding, complete cohort"
regionxi._aysen,region,8.696188768984563e-05,False,0.051494344118165565,85.0,rf_complete_historical,5,2793890.080402851,"Historical 90-term coding, complete cohort"
regionxii._magallanes_y_antartica,region,6.38244486591638e-05,False,0.03779354622715878,86.0,rf_complete_historical,5,2793890.080402851,"Historical 90-term coding, complete cohort"
indigenasi,indigenous,0.0021284864632194543,False,1.2603798893923746,67.0,rf_complete_historical,5,2793890.080402851,"Historical 90-term coding, complete cohort"
c1otro_(?cual?),born_chile,0.0001670117211639132,False,0.09889572627556802,83.0,rf_complete_historical,5,2793890.080402851,"Historical 90-term coding, complete cohort"
remanentes,teeth_remaining,0.13103484893661252,False,77.59207834447302,2.0,rf_complete_historical,5,2793890.080402851,"Historical 90-term coding, complete cohort"
Edad,age,0.16887658087321525,False,100.0,1.0,rf_complete_historical,5,2793890.080402851,"Historical 90-term coding, complete cohort"
