model,fold,repeat,brier_increase,auc_drop,n_test,test_weight_sum,feature,n_input_columns,representation
rf_complete_modern,1,1,0.006126037541725776,0.036036437668873766,997,2854394.5302591324,age,1,"Modern coding, complete cohort"
rf_complete_modern,1,2,0.0037881425174877414,0.025844240301234,997,2854394.5302591324,age,1,"Modern coding, complete cohort"
rf_complete_modern,1,3,0.00416042859084001,0.020346435010440422,997,2854394.5302591324,age,1,"Modern coding, complete cohort"
rf_complete_modern,1,4,0.0045489276641254295,0.019081465183017565,997,2854394.5302591324,age,1,"Modern coding, complete cohort"
rf_complete_modern,1,5,0.006694447008285531,0.04174956862030388,997,2854394.5302591324,age,1,"Modern coding, complete cohort"
rf_complete_modern,1,1,0.0012614564454097865,0.007412099112678705,997,2854394.5302591324,sex,1,"Modern coding, complete cohort"
rf_complete_modern,1,2,0.0018217542593566838,0.010697804380290221,997,2854394.5302591324,sex,1,"Modern coding, complete cohort"
rf_complete_modern,1,3,0.0036959112192483934,0.022792496112150507,997,2854394.5302591324,sex,1,"Modern coding, complete cohort"
rf_complete_modern,1,4,0.0018824860374225538,0.015406286499098809,997,2854394.5302591324,sex,1,"Modern coding, complete cohort"
rf_complete_modern,1,5,-0.0006492258724790922,-0.0038005197994672724,997,2854394.5302591324,sex,1,"Modern coding, complete cohort"
rf_complete_modern,1,1,0.002955712340002359,0.01987732481586768,997,2854394.5302591324,region,1,"Modern coding, complete cohort"
rf_complete_modern,1,2,0.002048728615500567,0.011605376426928937,997,2854394.5302591324,region,1,"Modern coding, complete cohort"
rf_complete_modern,1,3,0.001778334464697967,0.012828706884820407,997,2854394.5302591324,region,1,"Modern coding, complete cohort"
rf_complete_modern,1,4,0.003615271689426075,0.021227258788651948,997,2854394.5302591324,region,1,"Modern coding, complete cohort"
rf_complete_modern,1,5,0.001964903676102331,0.01086154056945865,997,2854394.5302591324,region,1,"Modern coding, complete cohort"
rf_complete_modern,1,1,-9.143239355580146e-05,-0.0010475879527477305,997,2854394.5302591324,rural,1,"Modern coding, complete cohort"
rf_complete_modern,1,2,3.3329941795945395e-05,-3.888917626337918e-05,997,2854394.5302591324,rural,1,"Modern coding, complete cohort"
rf_complete_modern,1,3,0.00019992082480507767,0.0013478659516964475,997,2854394.5302591324,rural,1,"Modern coding, complete cohort"
rf_complete_modern,1,4,0.0002777719066049955,0.0025357888824569796,997,2854394.5302591324,rural,1,"Modern coding, complete cohort"
rf_complete_modern,1,5,0.00010583165055635946,0.0009557928776755542,997,2854394.5302591324,rural,1,"Modern coding, complete cohort"
rf_complete_modern,1,1,0.0003873826789337065,-0.004117026101508325,997,2854394.5302591324,education,1,"Modern coding, complete cohort"
rf_complete_modern,1,2,0.0016186298708430746,0.007790279166445702,997,2854394.5302591324,education,1,"Modern coding, complete cohort"
rf_complete_modern,1,3,0.00022052742821182525,0.0017216291934677441,997,2854394.5302591324,education,1,"Modern coding, complete cohort"
rf_complete_modern,1,4,0.0006568054553287572,-0.006780282824906725,997,2854394.5302591324,education,1,"Modern coding, complete cohort"
rf_complete_modern,1,5,0.00021068388276346273,-0.0009505755353628187,997,2854394.5302591324,education,1,"Modern coding, complete cohort"
rf_complete_modern,1,1,6.687284465795029e-05,0.0004279286563731999,997,2854394.5302591324,indigenous,1,"Modern coding, complete cohort"
rf_complete_modern,1,2,4.7877245577226946e-05,0.0008484220622941852,997,2854394.5302591324,indigenous,1,"Modern coding, complete cohort"
rf_complete_modern,1,3,2.2066568852757706e-05,0.0003885906975179543,997,2854394.5302591324,indigenous,1,"Modern coding, complete cohort"
rf_complete_modern,1,4,-0.00017007719768352692,-0.0020652991900892426,997,2854394.5302591324,indigenous,1,"Modern coding, complete cohort"
rf_complete_modern,1,5,0.00016947458191102216,0.0020808016907611915,997,2854394.5302591324,indigenous,1,"Modern coding, complete cohort"
rf_complete_modern,1,1,-1.5972034616840158e-06,6.253375045173204e-05,997,2854394.5302591324,born_chile,1,"Modern coding, complete cohort"
rf_complete_modern,1,2,1.1127200096411327e-05,0.000289423663935362,997,2854394.5302591324,born_chile,1,"Modern coding, complete cohort"
rf_complete_modern,1,3,5.538971683261007e-07,6.833809260842205e-05,997,2854394.5302591324,born_chile,1,"Modern coding, complete cohort"
rf_complete_modern,1,4,5.521513874201522e-06,1.6140593626756683e-05,997,2854394.5302591324,born_chile,1,"Modern coding, complete cohort"
rf_complete_modern,1,5,-1.0250597913097348e-05,-6.0665370880119696e-05,997,2854394.5302591324,born_chile,1,"Modern coding, complete cohort"
rf_complete_modern,1,1,0.006406668315566633,0.04395484475695666,997,2854394.5302591324,teeth_remaining,1,"Modern coding, complete cohort"
rf_complete_modern,1,2,0.0016045945919468951,0.0006155853258101862,997,2854394.5302591324,teeth_remaining,1,"Modern coding, complete cohort"
rf_complete_modern,1,3,0.00454728908812238,0.013034164450330454,997,2854394.5302591324,teeth_remaining,1,"Modern coding, complete cohort"
rf_complete_modern,1,4,0.0056178918813623024,0.02950076054175188,997,2854394.5302591324,teeth_remaining,1,"Modern coding, complete cohort"
rf_complete_modern,1,5,0.0106117261885402,0.07737702599462026,997,2854394.5302591324,teeth_remaining,1,"Modern coding, complete cohort"
rf_complete_modern,1,1,-0.0004279987731427848,-0.0031599048709284316,997,2854394.5302591324,fish,1,"Modern coding, complete cohort"
rf_complete_modern,1,2,0.0010276423257102318,0.0044044976417838555,997,2854394.5302591324,fish,1,"Modern coding, complete cohort"
rf_complete_modern,1,3,-0.0001853872207852325,-0.0038230641486213246,997,2854394.5302591324,fish,1,"Modern coding, complete cohort"
rf_complete_modern,1,4,-0.0005015296989994422,-0.00602928271308889,997,2854394.5302591324,fish,1,"Modern coding, complete cohort"
rf_complete_modern,1,5,-0.0003883519311588812,-0.006175359116905033,997,2854394.5302591324,fish,1,"Modern coding, complete cohort"
rf_complete_modern,1,1,-0.0005713484750944076,-0.0037365080499698333,997,2854394.5302591324,dairy_frequency,1,"Modern coding, complete cohort"
rf_complete_modern,1,2,0.00039130319751681797,-0.004496324963791265,997,2854394.5302591324,dairy_frequency,1,"Modern coding, complete cohort"
rf_complete_modern,1,3,-0.0009151134717625964,-0.00749755600960289,997,2854394.5302591324,dairy_frequency,1,"Modern coding, complete cohort"
rf_complete_modern,1,4,-0.0006648462971562685,-0.009345382885656894,997,2854394.5302591324,dairy_frequency,1,"Modern coding, complete cohort"
rf_complete_modern,1,5,-0.000711427043977253,-0.00546334887630151,997,2854394.5302591324,dairy_frequency,1,"Modern coding, complete cohort"
rf_complete_modern,1,1,0.0002597904753713909,-0.0002829711157738002,997,2854394.5302591324,dairy_type,1,"Modern coding, complete cohort"
rf_complete_modern,1,2,-0.0009901708922471775,-0.011522374813467962,997,2854394.5302591324,dairy_type,1,"Modern coding, complete cohort"
rf_complete_modern,1,3,5.59076561172378e-05,-0.0014857691134397832,997,2854394.5302591324,dairy_type,1,"Modern coding, complete cohort"
rf_complete_modern,1,4,9.389215799218698e-05,-0.0022372729375913503,997,2854394.5302591324,dairy_type,1,"Modern coding, complete cohort"
rf_complete_modern,1,5,-0.0009766921495318048,-0.007360452536093964,997,2854394.5302591324,dairy_type,1,"Modern coding, complete cohort"
rf_complete_modern,1,1,0.0015022549671026286,0.0037479746438372485,997,2854394.5302591324,wholegrain,1,"Modern coding, complete cohort"
rf_complete_modern,1,2,0.0005120963619667795,0.00010615845000228052,997,2854394.5302591324,wholegrain,1,"Modern coding, complete cohort"
rf_complete_modern,1,3,0.0003252585788919016,-0.005824123960659788,997,2854394.5302591324,wholegrain,1,"Modern coding, complete cohort"
rf_complete_modern,1,4,-0.0006124571974686077,-0.0105644590222016,997,2854394.5302591324,wholegrain,1,"Modern coding, complete cohort"
rf_complete_modern,1,5,0.0016233382199920265,0.007418122724895948,997,2854394.5302591324,wholegrain,1,"Modern coding, complete cohort"
rf_complete_modern,1,1,1.2482983277245507e-05,0.001019057264207146,997,2854394.5302591324,legumes,1,"Modern coding, complete cohort"
rf_complete_modern,1,2,-8.674865425892242e-05,-0.003109296567541442,997,2854394.5302591324,legumes,1,"Modern coding, complete cohort"
rf_complete_modern,1,3,0.0008410060162115929,0.004592208232298667,997,2854394.5302591324,legumes,1,"Modern coding, complete cohort"
rf_complete_modern,1,4,0.00028548773089442925,0.002801909308087991,997,2854394.5302591324,legumes,1,"Modern coding, complete cohort"
rf_complete_modern,1,5,-0.0002771445742402734,-0.0007628946340384468,997,2854394.5302591324,legumes,1,"Modern coding, complete cohort"
rf_complete_modern,1,1,-0.0004642041722029422,-0.005839569431766889,997,2854394.5302591324,fruit_days,1,"Modern coding, complete cohort"
rf_complete_modern,1,2,-0.000351102192527486,-0.0013728395235111934,997,2854394.5302591324,fruit_days,1,"Modern coding, complete cohort"
rf_complete_modern,1,3,-0.0007121657145675309,-0.007584585518973452,997,2854394.5302591324,fruit_days,1,"Modern coding, complete cohort"
rf_complete_modern,1,4,-0.0004669433182365734,-0.006277113905291176,997,2854394.5302591324,fruit_days,1,"Modern coding, complete cohort"
rf_complete_modern,1,5,-0.0006304147702358709,-0.004029886262750693,997,2854394.5302591324,fruit_days,1,"Modern coding, complete cohort"
rf_complete_modern,1,1,-0.0003698170145671198,-0.0022071856980732107,997,2854394.5302591324,fruit_portions,1,"Modern coding, complete cohort"
rf_complete_modern,1,2,-5.1045006395133985e-05,-0.0013837426227366612,997,2854394.5302591324,fruit_portions,1,"Modern coding, complete cohort"
rf_complete_modern,1,3,-0.0008992980178211818,-0.005573150796689963,997,2854394.5302591324,fruit_portions,1,"Modern coding, complete cohort"
rf_complete_modern,1,4,-0.0005838327071580884,-0.003773664397062948,997,2854394.5302591324,fruit_portions,1,"Modern coding, complete cohort"
rf_complete_modern,1,5,0.00010316281682490325,0.00025854486490295425,997,2854394.5302591324,fruit_portions,1,"Modern coding, complete cohort"
rf_complete_modern,1,1,-0.0005464805227014258,-0.004112296574638741,997,2854394.5302591324,vegetable_days,1,"Modern coding, complete cohort"
rf_complete_modern,1,2,-0.001530234040339279,-0.008458137060687876,997,2854394.5302591324,vegetable_days,1,"Modern coding, complete cohort"
rf_complete_modern,1,3,-0.0009010158069001628,-0.00558395705276471,997,2854394.5302591324,vegetable_days,1,"Modern coding, complete cohort"
rf_complete_modern,1,4,0.000451753777778785,0.004422954979756422,997,2854394.5302591324,vegetable_days,1,"Modern coding, complete cohort"
rf_complete_modern,1,5,-0.0004101877228006867,-0.004091889745845401,997,2854394.5302591324,vegetable_days,1,"Modern coding, complete cohort"
rf_complete_modern,1,1,-0.00011518669256121994,-0.002424372754441073,997,2854394.5302591324,vegetable_portions,1,"Modern coding, complete cohort"
rf_complete_modern,1,2,-0.0005199318548695098,-0.004568893412341235,997,2854394.5302591324,vegetable_portions,1,"Modern coding, complete cohort"
rf_complete_modern,1,3,-0.00032893541566142437,-0.002298917127836475,997,2854394.5302591324,vegetable_portions,1,"Modern coding, complete cohort"
rf_complete_modern,1,4,-0.0003111166999095749,-0.0018234486139965256,997,2854394.5302591324,vegetable_portions,1,"Modern coding, complete cohort"
rf_complete_modern,1,5,0.0002398071226704379,0.0007509735453933297,997,2854394.5302591324,vegetable_portions,1,"Modern coding, complete cohort"
rf_complete_modern,1,1,1.7623618524809093e-05,0.0018525208151026762,997,2854394.5302591324,label_ingredients,1,"Modern coding, complete cohort"
rf_complete_modern,1,2,8.342502211589053e-05,0.0022658780615162355,997,2854394.5302591324,label_ingredients,1,"Modern coding, complete cohort"
rf_complete_modern,1,3,-0.0002914138019094459,0.0005609933549742818,997,2854394.5302591324,label_ingredients,1,"Modern coding, complete cohort"
rf_complete_modern,1,4,0.0003225963564181533,0.003054370185526012,997,2854394.5302591324,label_ingredients,1,"Modern coding, complete cohort"
rf_complete_modern,1,5,-7.086927639313179e-05,0.0008054598188826922,997,2854394.5302591324,label_ingredients,1,"Modern coding, complete cohort"
rf_complete_modern,1,1,-0.0015905051703138662,-0.01014707001291193,997,2854394.5302591324,label_nutrition,1,"Modern coding, complete cohort"
rf_complete_modern,1,2,-0.00042786272021372307,-0.0012307393051005366,997,2854394.5302591324,label_nutrition,1,"Modern coding, complete cohort"
rf_complete_modern,1,3,0.0007134131644682407,0.00889450641567413,997,2854394.5302591324,label_nutrition,1,"Modern coding, complete cohort"
rf_complete_modern,1,4,-0.0003973956164643744,-0.0017253203960719832,997,2854394.5302591324,label_nutrition,1,"Modern coding, complete cohort"
rf_complete_modern,1,5,-0.0007629736140927768,0.0014888767590048868,997,2854394.5302591324,label_nutrition,1,"Modern coding, complete cohort"
rf_complete_modern,1,1,0.0011664112421585493,0.0035920489614270634,997,2854394.5302591324,label_warnings,1,"Modern coding, complete cohort"
rf_complete_modern,1,2,0.0019096787436800045,0.011386537955458964,997,2854394.5302591324,label_warnings,1,"Modern coding, complete cohort"
rf_complete_modern,1,3,-0.001699881365012701,-0.014946003592033907,997,2854394.5302591324,label_warnings,1,"Modern coding, complete cohort"
rf_complete_modern,1,4,0.0009195438279675505,0.002234667936401702,997,2854394.5302591324,label_warnings,1,"Modern coding, complete cohort"
rf_complete_modern,1,5,-0.0008518990169169016,-0.007612713699267415,997,2854394.5302591324,label_warnings,1,"Modern coding, complete cohort"
rf_complete_modern,1,1,-0.00040471494036545264,-0.0026311182705008873,997,2854394.5302591324,label_health,1,"Modern coding, complete cohort"
rf_complete_modern,1,2,-0.001130034180648276,-0.00812856565423592,997,2854394.5302591324,label_health,1,"Modern coding, complete cohort"
rf_complete_modern,1,3,-0.0007834953666320255,-0.005897680376212744,997,2854394.5302591324,label_health,1,"Modern coding, complete cohort"
rf_complete_modern,1,4,-0.0013342187965555419,-0.009623492658595079,997,2854394.5302591324,label_health,1,"Modern coding, complete cohort"
rf_complete_modern,1,5,-0.0009454839416575267,-0.005134250263214457,997,2854394.5302591324,label_health,1,"Modern coding, complete cohort"
rf_complete_modern,1,1,-0.0013212955407847504,-0.006008631641290729,997,2854394.5302591324,label_brand,1,"Modern coding, complete cohort"
rf_complete_modern,1,2,-0.0009262926336366661,-0.009675742734330917,997,2854394.5302591324,label_brand,1,"Modern coding, complete cohort"
rf_complete_modern,1,3,-0.0030697082700522627,-0.021386711028846817,997,2854394.5302591324,label_brand,1,"Modern coding, complete cohort"
rf_complete_modern,1,4,-0.0015059951171036146,-0.011240715151176972,997,2854394.5302591324,label_brand,1,"Modern coding, complete cohort"
rf_complete_modern,1,5,-0.0020216142850730257,-0.014600017815420085,997,2854394.5302591324,label_brand,1,"Modern coding, complete cohort"
rf_complete_modern,1,1,-0.0003765113783916474,-0.0018170976060928323,997,2854394.5302591324,label_discounts,1,"Modern coding, complete cohort"
rf_complete_modern,1,2,-0.00044802372913335664,-0.0043164170313326755,997,2854394.5302591324,label_discounts,1,"Modern coding, complete cohort"
rf_complete_modern,1,3,-0.0006166119542531101,-0.0023462399992703054,997,2854394.5302591324,label_discounts,1,"Modern coding, complete cohort"
rf_complete_modern,1,4,-0.00034390598778399895,-0.0014886103097386805,997,2854394.5302591324,label_discounts,1,"Modern coding, complete cohort"
rf_complete_modern,1,5,-0.0007503517749619937,-0.004837602898601245,997,2854394.5302591324,label_discounts,1,"Modern coding, complete cohort"
rf_complete_modern,1,1,-0.0007262547848023437,-0.007357717598645674,997,2854394.5302591324,water,1,"Modern coding, complete cohort"
rf_complete_modern,1,2,0.0009934915493596541,0.006007732553531042,997,2854394.5302591324,water,1,"Modern coding, complete cohort"
rf_complete_modern,1,3,0.0001893067651922431,0.000420362303615307,997,2854394.5302591324,water,1,"Modern coding, complete cohort"
rf_complete_modern,1,4,-5.350457808936393e-05,-0.0008439217665742182,997,2854394.5302591324,water,1,"Modern coding, complete cohort"
rf_complete_modern,1,5,0.0004559435083238417,0.0034719734514453426,997,2854394.5302591324,water,1,"Modern coding, complete cohort"
rf_complete_modern,1,1,0.0009989422908372458,0.00778641285282855,997,2854394.5302591324,soda_frequency,1,"Modern coding, complete cohort"
rf_complete_modern,1,2,0.002777691139494498,0.021554755733731112,997,2854394.5302591324,soda_frequency,1,"Modern coding, complete cohort"
rf_complete_modern,1,3,0.0007849629445149664,0.00859744187773448,997,2854394.5302591324,soda_frequency,1,"Modern coding, complete cohort"
rf_complete_modern,1,4,0.0016014524518158657,0.01541784450412842,997,2854394.5302591324,soda_frequency,1,"Modern coding, complete cohort"
rf_complete_modern,1,5,0.00036395067802630354,0.007833800607211172,997,2854394.5302591324,soda_frequency,1,"Modern coding, complete cohort"
rf_complete_modern,1,1,-0.0010175542092163148,-0.008714607527390505,997,2854394.5302591324,juice_frequency,1,"Modern coding, complete cohort"
rf_complete_modern,1,2,-0.0007784333741820693,-0.007673895069142511,997,2854394.5302591324,juice_frequency,1,"Modern coding, complete cohort"
rf_complete_modern,1,3,9.151598680662287e-05,-0.0008172917184438022,997,2854394.5302591324,juice_frequency,1,"Modern coding, complete cohort"
rf_complete_modern,1,4,-0.001150289361357526,-0.010487790491322868,997,2854394.5302591324,juice_frequency,1,"Modern coding, complete cohort"
rf_complete_modern,1,5,-0.001306372243846221,-0.00863835452745565,997,2854394.5302591324,juice_frequency,1,"Modern coding, complete cohort"
rf_complete_modern,1,1,-0.00011840738545881857,-0.0016887452067638753,997,2854394.5302591324,oil,1,"Modern coding, complete cohort"
rf_complete_modern,1,2,2.1685451671582534e-05,-0.0017372260516340665,997,2854394.5302591324,oil,1,"Modern coding, complete cohort"
rf_complete_modern,1,3,-7.73797419359179e-05,-0.001436900578520084,997,2854394.5302591324,oil,1,"Modern coding, complete cohort"
rf_complete_modern,1,4,0.00024229579841195115,0.00010613226101940931,997,2854394.5302591324,oil,1,"Modern coding, complete cohort"
rf_complete_modern,1,5,2.9487927005772407e-05,-0.0009904761871616374,997,2854394.5302591324,oil,1,"Modern coding, complete cohort"
rf_complete_modern,2,1,0.006531189797983311,0.04830442183615813,997,2550707.318306923,age,1,"Modern coding, complete cohort"
rf_complete_modern,2,2,0.003349147001240921,0.02724832602349092,997,2550707.318306923,age,1,"Modern coding, complete cohort"
rf_complete_modern,2,3,0.0025236336322913278,0.023302058814486104,997,2550707.318306923,age,1,"Modern coding, complete cohort"
rf_complete_modern,2,4,0.006222200941431083,0.05032416039268339,997,2550707.318306923,age,1,"Modern coding, complete cohort"
rf_complete_modern,2,5,0.0038463257811146567,0.023625231065123264,997,2550707.318306923,age,1,"Modern coding, complete cohort"
rf_complete_modern,2,1,-0.0012767099059288467,-0.003048783793968557,997,2550707.318306923,sex,1,"Modern coding, complete cohort"
rf_complete_modern,2,2,0.002061910714683507,0.010983244917124546,997,2550707.318306923,sex,1,"Modern coding, complete cohort"
rf_complete_modern,2,3,-0.0013621239145112929,-0.0036571263378889496,997,2550707.318306923,sex,1,"Modern coding, complete cohort"
rf_complete_modern,2,4,0.0009400055204996649,0.010952794765796137,997,2550707.318306923,sex,1,"Modern coding, complete cohort"
rf_complete_modern,2,5,0.001850048872938076,0.006751773184990872,997,2550707.318306923,sex,1,"Modern coding, complete cohort"
rf_complete_modern,2,1,0.0006419404075341528,0.00759894074611267,997,2550707.318306923,region,1,"Modern coding, complete cohort"
rf_complete_modern,2,2,-8.100724621556976e-05,-0.003155204640485021,997,2550707.318306923,region,1,"Modern coding, complete cohort"
rf_complete_modern,2,3,-0.002285397966433067,-0.006097497318052536,997,2550707.318306923,region,1,"Modern coding, complete cohort"
rf_complete_modern,2,4,-0.00040446211522340847,-0.0012152025367420105,997,2550707.318306923,region,1,"Modern coding, complete cohort"
rf_complete_modern,2,5,0.0018116999653402521,0.010438442480656507,997,2550707.318306923,region,1,"Modern coding, complete cohort"
rf_complete_modern,2,1,0.0006595237158071587,0.0029256806323997298,997,2550707.318306923,rural,1,"Modern coding, complete cohort"
rf_complete_modern,2,2,5.310116765411266e-05,0.0008975539636266738,997,2550707.318306923,rural,1,"Modern coding, complete cohort"
rf_complete_modern,2,3,6.064569699054667e-05,0.000797639222253288,997,2550707.318306923,rural,1,"Modern coding, complete cohort"
rf_complete_modern,2,4,0.00026487349277412586,0.0009803332593389946,997,2550707.318306923,rural,1,"Modern coding, complete cohort"
rf_complete_modern,2,5,0.0003135773010478349,0.0014398285853607362,997,2550707.318306923,rural,1,"Modern coding, complete cohort"
rf_complete_modern,2,1,-0.00024302859950561806,0.0030287122980915404,997,2550707.318306923,education,1,"Modern coding, complete cohort"
rf_complete_modern,2,2,0.0005459010320818525,0.009657868564651229,997,2550707.318306923,education,1,"Modern coding, complete cohort"
rf_complete_modern,2,3,0.0011612755086863047,0.013225999505324104,997,2550707.318306923,education,1,"Modern coding, complete cohort"
rf_complete_modern,2,4,-0.00018856316796966865,0.0019489962420955464,997,2550707.318306923,education,1,"Modern coding, complete cohort"
rf_complete_modern,2,5,-0.0010134780820336975,0.004900394398971164,997,2550707.318306923,education,1,"Modern coding, complete cohort"
rf_complete_modern,2,1,-0.0008248212616538964,-0.00715969039513098,997,2550707.318306923,indigenous,1,"Modern coding, complete cohort"
rf_complete_modern,2,2,-0.0005869639470855725,-0.0026567389735216995,997,2550707.318306923,indigenous,1,"Modern coding, complete cohort"
rf_complete_modern,2,3,-0.0014149987737744618,-0.007646113136406951,997,2550707.318306923,indigenous,1,"Modern coding, complete cohort"
rf_complete_modern,2,4,-0.0008231119281724708,-0.00429554856815495,997,2550707.318306923,indigenous,1,"Modern coding, complete cohort"
rf_complete_modern,2,5,-0.0006459419270993527,-0.005618713828332789,997,2550707.318306923,indigenous,1,"Modern coding, complete cohort"
rf_complete_modern,2,1,-0.0010112177656905474,-0.0037911469581300983,997,2550707.318306923,born_chile,1,"Modern coding, complete cohort"
rf_complete_modern,2,2,-0.0011111350703719436,-0.005691330051153631,997,2550707.318306923,born_chile,1,"Modern coding, complete cohort"
rf_complete_modern,2,3,-0.0009135067242429518,-0.00397485673340936,997,2550707.318306923,born_chile,1,"Modern coding, complete cohort"
rf_complete_modern,2,4,-0.0006773567537125269,-0.003509228467814207,997,2550707.318306923,born_chile,1,"Modern coding, complete cohort"
rf_complete_modern,2,5,-0.0007035734398060933,-0.003083123508790475,997,2550707.318306923,born_chile,1,"Modern coding, complete cohort"
rf_complete_modern,2,1,0.0030228418505245935,0.015896909395415215,997,2550707.318306923,teeth_remaining,1,"Modern coding, complete cohort"
rf_complete_modern,2,2,0.005813300370556218,0.05070538788318002,997,2550707.318306923,teeth_remaining,1,"Modern coding, complete cohort"
rf_complete_modern,2,3,0.005663651372061679,0.04037750390827255,997,2550707.318306923,teeth_remaining,1,"Modern coding, complete cohort"
rf_complete_modern,2,4,0.004592216184400699,0.032244916422282,997,2550707.318306923,teeth_remaining,1,"Modern coding, complete cohort"
rf_complete_modern,2,5,0.00304511872048302,0.023943790660692077,997,2550707.318306923,teeth_remaining,1,"Modern coding, complete cohort"
rf_complete_modern,2,1,-0.0037758539427689974,-0.019894996955731048,997,2550707.318306923,fish,1,"Modern coding, complete cohort"
rf_complete_modern,2,2,-0.001946152172823401,-0.010784829437784471,997,2550707.318306923,fish,1,"Modern coding, complete cohort"
rf_complete_modern,2,3,-0.0030155028121010563,-0.01334867676185314,997,2550707.318306923,fish,1,"Modern coding, complete cohort"
rf_complete_modern,2,4,-0.0032627978255581613,-0.01857238120518545,997,2550707.318306923,fish,1,"Modern coding, complete cohort"
rf_complete_modern,2,5,-0.0016508627629774897,-0.008467005857008214,997,2550707.318306923,fish,1,"Modern coding, complete cohort"
rf_complete_modern,2,1,0.0013451503646918495,0.006678262833813786,997,2550707.318306923,dairy_frequency,1,"Modern coding, complete cohort"
rf_complete_modern,2,2,0.0009483136331201458,0.003549770573853639,997,2550707.318306923,dairy_frequency,1,"Modern coding, complete cohort"
rf_complete_modern,2,3,0.0029978197323801137,0.018517464033738884,997,2550707.318306923,dairy_frequency,1,"Modern coding, complete cohort"
rf_complete_modern,2,4,0.001555531575020419,0.012379766455995922,997,2550707.318306923,dairy_frequency,1,"Modern coding, complete cohort"
rf_complete_modern,2,5,0.0022894815543943736,0.014101621326830793,997,2550707.318306923,dairy_frequency,1,"Modern coding, complete cohort"
rf_complete_modern,2,1,-0.0024737486313165247,-0.013399977532708052,997,2550707.318306923,dairy_type,1,"Modern coding, complete cohort"
rf_complete_modern,2,2,-0.0030007546383329087,-0.01538986882721538,997,2550707.318306923,dairy_type,1,"Modern coding, complete cohort"
rf_complete_modern,2,3,-0.002786051306525511,-0.01937893955177661,997,2550707.318306923,dairy_type,1,"Modern coding, complete cohort"
rf_complete_modern,2,4,-0.00047423755855083294,-0.008302167563177809,997,2550707.318306923,dairy_type,1,"Modern coding, complete cohort"
rf_complete_modern,2,5,-0.0019847457384323808,-0.013252017918629067,997,2550707.318306923,dairy_type,1,"Modern coding, complete cohort"
rf_complete_modern,2,1,0.0007890074453705542,0.003421239157384348,997,2550707.318306923,wholegrain,1,"Modern coding, complete cohort"
rf_complete_modern,2,2,0.001511971276210805,0.005922434995346393,997,2550707.318306923,wholegrain,1,"Modern coding, complete cohort"
rf_complete_modern,2,3,0.001485137356442956,0.008529459793012117,997,2550707.318306923,wholegrain,1,"Modern coding, complete cohort"
rf_complete_modern,2,4,0.0008035538752573512,0.005203563156841451,997,2550707.318306923,wholegrain,1,"Modern coding, complete cohort"
rf_complete_modern,2,5,0.00039450290018192,-0.00042637513481236233,997,2550707.318306923,wholegrain,1,"Modern coding, complete cohort"
rf_complete_modern,2,1,0.001248103921748317,0.01082187689521985,997,2550707.318306923,legumes,1,"Modern coding, complete cohort"
rf_complete_modern,2,2,0.0008356862571824164,0.007035768544241927,997,2550707.318306923,legumes,1,"Modern coding, complete cohort"
rf_complete_modern,2,3,-0.0009060807441008956,-0.001132427992131202,997,2550707.318306923,legumes,1,"Modern coding, complete cohort"
rf_complete_modern,2,4,0.0003468592758057998,0.004573012235170815,997,2550707.318306923,legumes,1,"Modern coding, complete cohort"
rf_complete_modern,2,5,-0.0010620173180423131,-0.0038747015537161644,997,2550707.318306923,legumes,1,"Modern coding, complete cohort"
rf_complete_modern,2,1,-0.000770477588667412,-0.005041967473753961,997,2550707.318306923,fruit_days,1,"Modern coding, complete cohort"
rf_complete_modern,2,2,-0.0018790512321928132,-0.011752317443197713,997,2550707.318306923,fruit_days,1,"Modern coding, complete cohort"
rf_complete_modern,2,3,-0.00021422592574235622,-0.003660993077457153,997,2550707.318306923,fruit_days,1,"Modern coding, complete cohort"
rf_complete_modern,2,4,-0.00020149101631941613,0.0011900608871793228,997,2550707.318306923,fruit_days,1,"Modern coding, complete cohort"
rf_complete_modern,2,5,0.0002717893228617041,-0.0014581700801167274,997,2550707.318306923,fruit_days,1,"Modern coding, complete cohort"
rf_complete_modern,2,1,-0.0015013887208844834,-0.006644606215307491,997,2550707.318306923,fruit_portions,1,"Modern coding, complete cohort"
rf_complete_modern,2,2,-0.0006007538368855425,-0.0025852610862604486,997,2550707.318306923,fruit_portions,1,"Modern coding, complete cohort"
rf_complete_modern,2,3,0.00029168888165584383,-0.0001403107918842572,997,2550707.318306923,fruit_portions,1,"Modern coding, complete cohort"
rf_complete_modern,2,4,-0.001362340618556307,-0.0030786629880104055,997,2550707.318306923,fruit_portions,1,"Modern coding, complete cohort"
rf_complete_modern,2,5,-0.000448567187195853,-0.0015738619856453528,997,2550707.318306923,fruit_portions,1,"Modern coding, complete cohort"
rf_complete_modern,2,1,0.0011508981870989587,0.00870365982462995,997,2550707.318306923,vegetable_days,1,"Modern coding, complete cohort"
rf_complete_modern,2,2,0.0002104520973233992,0.002386844136014865,997,2550707.318306923,vegetable_days,1,"Modern coding, complete cohort"
rf_complete_modern,2,3,0.00012985595638936864,0.0012603500428762793,997,2550707.318306923,vegetable_days,1,"Modern coding, complete cohort"
rf_complete_modern,2,4,-0.0005761984818418164,-0.0017344817706790305,997,2550707.318306923,vegetable_days,1,"Modern coding, complete cohort"
rf_complete_modern,2,5,0.000362466783729698,0.004223898876725141,997,2550707.318306923,vegetable_days,1,"Modern coding, complete cohort"
rf_complete_modern,2,1,-0.0025597625319626616,-0.014242168136210154,997,2550707.318306923,vegetable_portions,1,"Modern coding, complete cohort"
rf_complete_modern,2,2,-0.000213711176932474,-0.002624849409806118,997,2550707.318306923,vegetable_portions,1,"Modern coding, complete cohort"
rf_complete_modern,2,3,-0.0009394382801386214,-0.008183789633433025,997,2550707.318306923,vegetable_portions,1,"Modern coding, complete cohort"
rf_complete_modern,2,4,-0.001776427706583844,-0.0104374329654221,997,2550707.318306923,vegetable_portions,1,"Modern coding, complete cohort"
rf_complete_modern,2,5,-0.0005558501901576363,-0.004341249448115425,997,2550707.318306923,vegetable_portions,1,"Modern coding, complete cohort"
rf_complete_modern,2,1,-0.0004451502971127008,-0.004371960430259336,997,2550707.318306923,label_ingredients,1,"Modern coding, complete cohort"
rf_complete_modern,2,2,-0.0011259179244952067,-0.006913036321125721,997,2550707.318306923,label_ingredients,1,"Modern coding, complete cohort"
rf_complete_modern,2,3,-0.0006156287128802063,-0.004934073723592447,997,2550707.318306923,label_ingredients,1,"Modern coding, complete cohort"
rf_complete_modern,2,4,-0.0007918452886473692,-0.0054165382241690985,997,2550707.318306923,label_ingredients,1,"Modern coding, complete cohort"
rf_complete_modern,2,5,-0.00023964217945632305,-0.0011923820738197755,997,2550707.318306923,label_ingredients,1,"Modern coding, complete cohort"
rf_complete_modern,2,1,-0.0008764038732655133,-0.0028425027432953387,997,2550707.318306923,label_nutrition,1,"Modern coding, complete cohort"
rf_complete_modern,2,2,-0.0009821435417974311,-0.004039005293066333,997,2550707.318306923,label_nutrition,1,"Modern coding, complete cohort"
rf_complete_modern,2,3,-0.0005487241687582578,-0.003047523344372305,997,2550707.318306923,label_nutrition,1,"Modern coding, complete cohort"
rf_complete_modern,2,4,-0.0008655550171283444,-0.005447316555928783,997,2550707.318306923,label_nutrition,1,"Modern coding, complete cohort"
rf_complete_modern,2,5,-0.000510977998849721,-0.0006215542582738154,997,2550707.318306923,label_nutrition,1,"Modern coding, complete cohort"
rf_complete_modern,2,1,-0.0024844220417281626,-0.01945872368278523,997,2550707.318306923,label_warnings,1,"Modern coding, complete cohort"
rf_complete_modern,2,2,-0.00033291135315341447,-0.003989263369133855,997,2550707.318306923,label_warnings,1,"Modern coding, complete cohort"
rf_complete_modern,2,3,-0.0008432093275991259,-0.0016863802429966102,997,2550707.318306923,label_warnings,1,"Modern coding, complete cohort"
rf_complete_modern,2,4,-0.0010162501431950632,-0.00804913564784393,997,2550707.318306923,label_warnings,1,"Modern coding, complete cohort"
rf_complete_modern,2,5,-0.0014743012984925474,-0.009682552253789,997,2550707.318306923,label_warnings,1,"Modern coding, complete cohort"
rf_complete_modern,2,1,2.9380854711186233e-05,-0.0035682991911594186,997,2550707.318306923,label_health,1,"Modern coding, complete cohort"
rf_complete_modern,2,2,0.000456994694317564,0.004345684175169562,997,2550707.318306923,label_health,1,"Modern coding, complete cohort"
rf_complete_modern,2,3,-0.0015417844470468067,-0.008944606699568758,997,2550707.318306923,label_health,1,"Modern coding, complete cohort"
rf_complete_modern,2,4,-2.873410332746018e-05,-1.990738796009417e-05,997,2550707.318306923,label_health,1,"Modern coding, complete cohort"
rf_complete_modern,2,5,0.000404686963774159,0.0037388883365830905,997,2550707.318306923,label_health,1,"Modern coding, complete cohort"
rf_complete_modern,2,1,0.0016377055194730372,0.00844570850490689,997,2550707.318306923,label_brand,1,"Modern coding, complete cohort"
rf_complete_modern,2,2,0.0009146334324537375,0.006490632505919747,997,2550707.318306923,label_brand,1,"Modern coding, complete cohort"
rf_complete_modern,2,3,0.0012475097553531211,0.006315333717296978,997,2550707.318306923,label_brand,1,"Modern coding, complete cohort"
rf_complete_modern,2,4,0.0008832967120254998,0.0047162165831000635,997,2550707.318306923,label_brand,1,"Modern coding, complete cohort"
rf_complete_modern,2,5,0.0009609753067017224,0.002088997906587564,997,2550707.318306923,label_brand,1,"Modern coding, complete cohort"
rf_complete_modern,2,1,-0.00021642064120336313,-0.000982195157407495,997,2550707.318306923,label_discounts,1,"Modern coding, complete cohort"
rf_complete_modern,2,2,-4.180740485676404e-05,-0.0006918888387970057,997,2550707.318306923,label_discounts,1,"Modern coding, complete cohort"
rf_complete_modern,2,3,-0.0011449038675828138,-0.007878464378024419,997,2550707.318306923,label_discounts,1,"Modern coding, complete cohort"
rf_complete_modern,2,4,4.334032291139489e-05,0.004806298591900959,997,2550707.318306923,label_discounts,1,"Modern coding, complete cohort"
rf_complete_modern,2,5,-0.0004985710741180205,0.0023356868868646963,997,2550707.318306923,label_discounts,1,"Modern coding, complete cohort"
rf_complete_modern,2,1,0.0010054953835985647,0.010667337563692092,997,2550707.318306923,water,1,"Modern coding, complete cohort"
rf_complete_modern,2,2,-0.001249839913019385,-0.00313443544605041,997,2550707.318306923,water,1,"Modern coding, complete cohort"
rf_complete_modern,2,3,-0.0012628854311567128,-0.005550002703048618,997,2550707.318306923,water,1,"Modern coding, complete cohort"
rf_complete_modern,2,4,0.0006717482064748925,0.01053637384973849,997,2550707.318306923,water,1,"Modern coding, complete cohort"
rf_complete_modern,2,5,-0.0006238824741627014,0.0016062319346458187,997,2550707.318306923,water,1,"Modern coding, complete cohort"
rf_complete_modern,2,1,0.0008639893549656774,0.01092312967171516,997,2550707.318306923,soda_frequency,1,"Modern coding, complete cohort"
rf_complete_modern,2,2,0.00048065418686749073,-0.00019569683273523708,997,2550707.318306923,soda_frequency,1,"Modern coding, complete cohort"
rf_complete_modern,2,3,0.0005778557884582591,0.008501104173477048,997,2550707.318306923,soda_frequency,1,"Modern coding, complete cohort"
rf_complete_modern,2,4,-0.0009874642359737063,-0.0017411857573127465,997,2550707.318306923,soda_frequency,1,"Modern coding, complete cohort"
rf_complete_modern,2,5,0.0007303432041168567,0.0058194644903361015,997,2550707.318306923,soda_frequency,1,"Modern coding, complete cohort"
rf_complete_modern,2,1,0.001285600252580843,0.008046166393800513,997,2550707.318306923,juice_frequency,1,"Modern coding, complete cohort"
rf_complete_modern,2,2,0.0005277882860565686,0.0012147711595063004,997,2550707.318306923,juice_frequency,1,"Modern coding, complete cohort"
rf_complete_modern,2,3,0.0017076145327913905,0.010868687435803825,997,2550707.318306923,juice_frequency,1,"Modern coding, complete cohort"
rf_complete_modern,2,4,0.0012044840273564839,0.006759415631111265,997,2550707.318306923,juice_frequency,1,"Modern coding, complete cohort"
rf_complete_modern,2,5,-7.807892244385273e-05,0.0004194344306909237,997,2550707.318306923,juice_frequency,1,"Modern coding, complete cohort"
rf_complete_modern,2,1,0.0004012743460164725,-0.00043570279264237843,997,2550707.318306923,oil,1,"Modern coding, complete cohort"
rf_complete_modern,2,2,-6.2038727973307e-05,-0.004619835600410571,997,2550707.318306923,oil,1,"Modern coding, complete cohort"
rf_complete_modern,2,3,0.0005010740586088303,-0.002083421334280522,997,2550707.318306923,oil,1,"Modern coding, complete cohort"
rf_complete_modern,2,4,0.0002586430726357336,-0.0033308529257192188,997,2550707.318306923,oil,1,"Modern coding, complete cohort"
rf_complete_modern,2,5,0.0006926359452187614,0.0013760244874497785,997,2550707.318306923,oil,1,"Modern coding, complete cohort"
rf_complete_modern,3,1,0.003089799501069357,0.027391750662957404,1005,2756937.4032588005,age,1,"Modern coding, complete cohort"
rf_complete_modern,3,2,0.006384432932861339,0.040523411496924844,1005,2756937.4032588005,age,1,"Modern coding, complete cohort"
rf_complete_modern,3,3,0.005288990068689631,0.03508066980374425,1005,2756937.4032588005,age,1,"Modern coding, complete cohort"
rf_complete_modern,3,4,0.007385994059945444,0.05536045749431495,1005,2756937.4032588005,age,1,"Modern coding, complete cohort"
rf_complete_modern,3,5,-0.002860884139987696,-0.020594232524613454,1005,2756937.4032588005,age,1,"Modern coding, complete cohort"
rf_complete_modern,3,1,0.0024379260996195973,0.015948701629727946,1005,2756937.4032588005,sex,1,"Modern coding, complete cohort"
rf_complete_modern,3,2,-0.0013883641498116939,-0.006949173938097908,1005,2756937.4032588005,sex,1,"Modern coding, complete cohort"
rf_complete_modern,3,3,0.003835763230676248,0.021033517007992608,1005,2756937.4032588005,sex,1,"Modern coding, complete cohort"
rf_complete_modern,3,4,-0.0021454796922970587,-0.007763980235567347,1005,2756937.4032588005,sex,1,"Modern coding, complete cohort"
rf_complete_modern,3,5,0.0018225749714767814,0.008379894228141116,1005,2756937.4032588005,sex,1,"Modern coding, complete cohort"
rf_complete_modern,3,1,0.00018341483641373668,0.001605090632813999,1005,2756937.4032588005,region,1,"Modern coding, complete cohort"
rf_complete_modern,3,2,8.317483046796359e-05,-0.0003972690681995905,1005,2756937.4032588005,region,1,"Modern coding, complete cohort"
rf_complete_modern,3,3,5.4192986544521204e-05,0.00015849768398712438,1005,2756937.4032588005,region,1,"Modern coding, complete cohort"
rf_complete_modern,3,4,0.0002806109645233368,0.001957516122981895,1005,2756937.4032588005,region,1,"Modern coding, complete cohort"
rf_complete_modern,3,5,0.00023901296205897093,0.0021896543303049354,1005,2756937.4032588005,region,1,"Modern coding, complete cohort"
rf_complete_modern,3,1,2.7755575615628914e-17,0.0,1005,2756937.4032588005,rural,1,"Modern coding, complete cohort"
rf_complete_modern,3,2,2.7755575615628914e-17,0.0,1005,2756937.4032588005,rural,1,"Modern coding, complete cohort"
rf_complete_modern,3,3,0.0,0.0,1005,2756937.4032588005,rural,1,"Modern coding, complete cohort"
rf_complete_modern,3,4,2.7755575615628914e-17,0.0,1005,2756937.4032588005,rural,1,"Modern coding, complete cohort"
rf_complete_modern,3,5,0.0,0.0,1005,2756937.4032588005,rural,1,"Modern coding, complete cohort"
rf_complete_modern,3,1,0.0019341143040018383,0.010716122214796564,1005,2756937.4032588005,education,1,"Modern coding, complete cohort"
rf_complete_modern,3,2,0.0014675890394570956,0.01203556781434545,1005,2756937.4032588005,education,1,"Modern coding, complete cohort"
rf_complete_modern,3,3,0.0014071113545972014,0.0075857655509879995,1005,2756937.4032588005,education,1,"Modern coding, complete cohort"
rf_complete_modern,3,4,0.001229752281074581,0.007829120733011119,1005,2756937.4032588005,education,1,"Modern coding, complete cohort"
rf_complete_modern,3,5,0.00014677780289185094,0.0023622961161474665,1005,2756937.4032588005,education,1,"Modern coding, complete cohort"
rf_complete_modern,3,1,2.7755575615628914e-17,0.0,1005,2756937.4032588005,indigenous,1,"Modern coding, complete cohort"
rf_complete_modern,3,2,0.0,0.0,1005,2756937.4032588005,indigenous,1,"Modern coding, complete cohort"
rf_complete_modern,3,3,2.7755575615628914e-17,0.0,1005,2756937.4032588005,indigenous,1,"Modern coding, complete cohort"
rf_complete_modern,3,4,0.0,0.0,1005,2756937.4032588005,indigenous,1,"Modern coding, complete cohort"
rf_complete_modern,3,5,2.7755575615628914e-17,0.0,1005,2756937.4032588005,indigenous,1,"Modern coding, complete cohort"
rf_complete_modern,3,1,0.0,0.0,1005,2756937.4032588005,born_chile,1,"Modern coding, complete cohort"
rf_complete_modern,3,2,2.7755575615628914e-17,0.0,1005,2756937.4032588005,born_chile,1,"Modern coding, complete cohort"
rf_complete_modern,3,3,2.7755575615628914e-17,0.0,1005,2756937.4032588005,born_chile,1,"Modern coding, complete cohort"
rf_complete_modern,3,4,2.7755575615628914e-17,0.0,1005,2756937.4032588005,born_chile,1,"Modern coding, complete cohort"
rf_complete_modern,3,5,0.0,0.0,1005,2756937.4032588005,born_chile,1,"Modern coding, complete cohort"
rf_complete_modern,3,1,0.00912142990016171,0.04978570705731211,1005,2756937.4032588005,teeth_remaining,1,"Modern coding, complete cohort"
rf_complete_modern,3,2,0.006799853361751429,0.024275281669670523,1005,2756937.4032588005,teeth_remaining,1,"Modern coding, complete cohort"
rf_complete_modern,3,3,0.006017479346234839,0.03102712582552536,1005,2756937.4032588005,teeth_remaining,1,"Modern coding, complete cohort"
rf_complete_modern,3,4,0.00825048427770389,0.0479156794432366,1005,2756937.4032588005,teeth_remaining,1,"Modern coding, complete cohort"
rf_complete_modern,3,5,0.007497576490447522,0.058337324578769945,1005,2756937.4032588005,teeth_remaining,1,"Modern coding, complete cohort"
rf_complete_modern,3,1,-0.0004384554561528142,-0.001234116115932271,1005,2756937.4032588005,fish,1,"Modern coding, complete cohort"
rf_complete_modern,3,2,-0.00010688486881932358,7.276008757828301e-06,1005,2756937.4032588005,fish,1,"Modern coding, complete cohort"
rf_complete_modern,3,3,-8.288250394850039e-05,0.000923097608846013,1005,2756937.4032588005,fish,1,"Modern coding, complete cohort"
rf_complete_modern,3,4,-6.230197459144993e-05,0.0006559352164704491,1005,2756937.4032588005,fish,1,"Modern coding, complete cohort"
rf_complete_modern,3,5,-8.439010861852059e-05,0.0014601723507926545,1005,2756937.4032588005,fish,1,"Modern coding, complete cohort"
rf_complete_modern,3,1,-0.00013973021393751117,-0.00038767165478659216,1005,2756937.4032588005,dairy_frequency,1,"Modern coding, complete cohort"
rf_complete_modern,3,2,-0.00011527059782973081,-0.0011958580815929487,1005,2756937.4032588005,dairy_frequency,1,"Modern coding, complete cohort"
rf_complete_modern,3,3,0.00024136235972288533,0.002994099941774242,1005,2756937.4032588005,dairy_frequency,1,"Modern coding, complete cohort"
rf_complete_modern,3,4,0.0002862525641941227,0.0012474314886370408,1005,2756937.4032588005,dairy_frequency,1,"Modern coding, complete cohort"
rf_complete_modern,3,5,-0.00012621303039728193,0.00012402635519304095,1005,2756937.4032588005,dairy_frequency,1,"Modern coding, complete cohort"
rf_complete_modern,3,1,7.107648611304196e-05,-0.0005444040765374414,1005,2756937.4032588005,dairy_type,1,"Modern coding, complete cohort"
rf_complete_modern,3,2,0.00018140320896858908,0.0003720790753481973,1005,2756937.4032588005,dairy_type,1,"Modern coding, complete cohort"
rf_complete_modern,3,3,-3.5123385826146825e-05,-0.0007909927901004199,1005,2756937.4032588005,dairy_type,1,"Modern coding, complete cohort"
rf_complete_modern,3,4,-9.620430895740384e-05,-0.001540559723719137,1005,2756937.4032588005,dairy_type,1,"Modern coding, complete cohort"
rf_complete_modern,3,5,0.00016744695300102697,0.0005022882804406326,1005,2756937.4032588005,dairy_type,1,"Modern coding, complete cohort"
rf_complete_modern,3,1,0.0002909370969629843,0.001579080607951755,1005,2756937.4032588005,wholegrain,1,"Modern coding, complete cohort"
rf_complete_modern,3,2,0.00012942540341492892,0.0004618926310011595,1005,2756937.4032588005,wholegrain,1,"Modern coding, complete cohort"
rf_complete_modern,3,3,0.00042711557170027614,0.002491443108115443,1005,2756937.4032588005,wholegrain,1,"Modern coding, complete cohort"
rf_complete_modern,3,4,0.0002603904328650486,0.0013966694044788008,1005,2756937.4032588005,wholegrain,1,"Modern coding, complete cohort"
rf_complete_modern,3,5,0.00024288436371619482,0.0023347641452311496,1005,2756937.4032588005,wholegrain,1,"Modern coding, complete cohort"
rf_complete_modern,3,1,6.56771953720936e-05,0.0011943587789452481,1005,2756937.4032588005,legumes,1,"Modern coding, complete cohort"
rf_complete_modern,3,2,-0.00017695610596293876,-0.00039626558208849527,1005,2756937.4032588005,legumes,1,"Modern coding, complete cohort"
rf_complete_modern,3,3,0.00014184270669434507,0.00204319739782044,1005,2756937.4032588005,legumes,1,"Modern coding, complete cohort"
rf_complete_modern,3,4,-0.0002083752965846286,-3.229209039234959e-05,1005,2756937.4032588005,legumes,1,"Modern coding, complete cohort"
rf_complete_modern,3,5,-6.79622741652508e-05,0.00044071351782881685,1005,2756937.4032588005,legumes,1,"Modern coding, complete cohort"
rf_complete_modern,3,1,-0.0004222499464162366,0.0007241418145504941,1005,2756937.4032588005,fruit_days,1,"Modern coding, complete cohort"
rf_complete_modern,3,2,-0.00025960308634748186,0.0011456390501694003,1005,2756937.4032588005,fruit_days,1,"Modern coding, complete cohort"
rf_complete_modern,3,3,7.001720735777539e-05,0.0036615577489491624,1005,2756937.4032588005,fruit_days,1,"Modern coding, complete cohort"
rf_complete_modern,3,4,-0.0012915314713287107,-0.008826683218156162,1005,2756937.4032588005,fruit_days,1,"Modern coding, complete cohort"
rf_complete_modern,3,5,0.0003107017109498511,0.000615068137939212,1005,2756937.4032588005,fruit_days,1,"Modern coding, complete cohort"
rf_complete_modern,3,1,-0.00010199413925809919,-0.0008694082986119289,1005,2756937.4032588005,fruit_portions,1,"Modern coding, complete cohort"
rf_complete_modern,3,2,0.0002443685357655656,0.0018161855613146871,1005,2756937.4032588005,fruit_portions,1,"Modern coding, complete cohort"
rf_complete_modern,3,3,0.00022644719610667718,0.0028635548872955052,1005,2756937.4032588005,fruit_portions,1,"Modern coding, complete cohort"
rf_complete_modern,3,4,-0.00015061630983195795,-0.0011911544254121775,1005,2756937.4032588005,fruit_portions,1,"Modern coding, complete cohort"
rf_complete_modern,3,5,-7.040634459956618e-05,-0.0008567771641055932,1005,2756937.4032588005,fruit_portions,1,"Modern coding, complete cohort"
rf_complete_modern,3,1,0.00019438073641364628,0.002613806268297325,1005,2756937.4032588005,vegetable_days,1,"Modern coding, complete cohort"
rf_complete_modern,3,2,0.00023365094391905594,0.0026507966683696482,1005,2756937.4032588005,vegetable_days,1,"Modern coding, complete cohort"
rf_complete_modern,3,3,0.00032450875347569963,0.0033804285654787103,1005,2756937.4032588005,vegetable_days,1,"Modern coding, complete cohort"
rf_complete_modern,3,4,0.00010423586071101054,0.0007908592933144609,1005,2756937.4032588005,vegetable_days,1,"Modern coding, complete cohort"
rf_complete_modern,3,5,0.00042714147333883234,0.0037512160611321566,1005,2756937.4032588005,vegetable_days,1,"Modern coding, complete cohort"
rf_complete_modern,3,1,9.81894541150774e-05,0.002134525521895525,1005,2756937.4032588005,vegetable_portions,1,"Modern coding, complete cohort"
rf_complete_modern,3,2,0.0001399602073058337,0.0014710153281346505,1005,2756937.4032588005,vegetable_portions,1,"Modern coding, complete cohort"
rf_complete_modern,3,3,0.00010362138820990685,0.0013803715955617024,1005,2756937.4032588005,vegetable_portions,1,"Modern coding, complete cohort"
rf_complete_modern,3,4,-0.00017467675450513753,0.0003463258122402557,1005,2756937.4032588005,vegetable_portions,1,"Modern coding, complete cohort"
rf_complete_modern,3,5,0.0002684854390219982,0.0025320767721414006,1005,2756937.4032588005,vegetable_portions,1,"Modern coding, complete cohort"
rf_complete_modern,3,1,-8.436152391472218e-05,-4.9083502253188804e-05,1005,2756937.4032588005,label_ingredients,1,"Modern coding, complete cohort"
rf_complete_modern,3,2,-7.11847489409112e-05,-0.0003002833501491997,1005,2756937.4032588005,label_ingredients,1,"Modern coding, complete cohort"
rf_complete_modern,3,3,-2.3378377801114292e-05,-8.31828344517449e-05,1005,2756937.4032588005,label_ingredients,1,"Modern coding, complete cohort"
rf_complete_modern,3,4,-7.925370035202772e-05,-4.35910823352037e-05,1005,2756937.4032588005,label_ingredients,1,"Modern coding, complete cohort"
rf_complete_modern,3,5,-0.00012963554290038037,-0.00017000964472613234,1005,2756937.4032588005,label_ingredients,1,"Modern coding, complete cohort"
rf_complete_modern,3,1,0.00036720486888239257,0.0012647538164399785,1005,2756937.4032588005,label_nutrition,1,"Modern coding, complete cohort"
rf_complete_modern,3,2,0.00037230983432595677,0.0011726808249120646,1005,2756937.4032588005,label_nutrition,1,"Modern coding, complete cohort"
rf_complete_modern,3,3,0.0001279332712633141,0.00019040200928011064,1005,2756937.4032588005,label_nutrition,1,"Modern coding, complete cohort"
rf_complete_modern,3,4,0.0001686487514991064,0.00019016513280212255,1005,2756937.4032588005,label_nutrition,1,"Modern coding, complete cohort"
rf_complete_modern,3,5,0.00045018841790367414,0.0017875669412140693,1005,2756937.4032588005,label_nutrition,1,"Modern coding, complete cohort"
rf_complete_modern,3,1,0.00033512814903005617,-0.00047012776733212913,1005,2756937.4032588005,label_warnings,1,"Modern coding, complete cohort"
rf_complete_modern,3,2,0.0008865458172869767,0.004289692615106033,1005,2756937.4032588005,label_warnings,1,"Modern coding, complete cohort"
rf_complete_modern,3,3,-0.0006006593179278819,-0.0075898463237573655,1005,2756937.4032588005,label_warnings,1,"Modern coding, complete cohort"
rf_complete_modern,3,4,-0.00041022745093990953,-0.0011207570590876514,1005,2756937.4032588005,label_warnings,1,"Modern coding, complete cohort"
rf_complete_modern,3,5,0.0015909350992316662,0.008293020820581143,1005,2756937.4032588005,label_warnings,1,"Modern coding, complete cohort"
rf_complete_modern,3,1,0.00017753786161775476,0.002687719724426052,1005,2756937.4032588005,label_health,1,"Modern coding, complete cohort"
rf_complete_modern,3,2,-3.209728565875536e-05,0.000748249946974866,1005,2756937.4032588005,label_health,1,"Modern coding, complete cohort"
rf_complete_modern,3,3,7.524832318017705e-05,0.002111013866722078,1005,2756937.4032588005,label_health,1,"Modern coding, complete cohort"
rf_complete_modern,3,4,-1.562449332420668e-05,0.0015687175902622252,1005,2756937.4032588005,label_health,1,"Modern coding, complete cohort"
rf_complete_modern,3,5,0.00018384430767373616,0.0032955326298432785,1005,2756937.4032588005,label_health,1,"Modern coding, complete cohort"
rf_complete_modern,3,1,-5.366525739805561e-05,-0.0001661597001729742,1005,2756937.4032588005,label_brand,1,"Modern coding, complete cohort"
rf_complete_modern,3,2,-0.0004496843724579591,-0.0020621941303177183,1005,2756937.4032588005,label_brand,1,"Modern coding, complete cohort"
rf_complete_modern,3,3,-0.00041522289658568745,-0.0023243118164799625,1005,2756937.4032588005,label_brand,1,"Modern coding, complete cohort"
rf_complete_modern,3,4,-0.00033828915807662674,-0.001756974052196436,1005,2756937.4032588005,label_brand,1,"Modern coding, complete cohort"
rf_complete_modern,3,5,6.370612612580095e-05,0.0004225260149061105,1005,2756937.4032588005,label_brand,1,"Modern coding, complete cohort"
rf_complete_modern,3,1,-7.361368325001227e-05,0.0005246801414512392,1005,2756937.4032588005,label_discounts,1,"Modern coding, complete cohort"
rf_complete_modern,3,2,-0.00010758788310352707,-0.0006919343104356823,1005,2756937.4032588005,label_discounts,1,"Modern coding, complete cohort"
rf_complete_modern,3,3,-2.1042117815422978e-05,0.00036083827368549315,1005,2756937.4032588005,label_discounts,1,"Modern coding, complete cohort"
rf_complete_modern,3,4,-0.0001116065469632943,1.3419036317685595e-05,1005,2756937.4032588005,label_discounts,1,"Modern coding, complete cohort"
rf_complete_modern,3,5,-1.5053806419473847e-06,0.0005089697205640231,1005,2756937.4032588005,label_discounts,1,"Modern coding, complete cohort"
rf_complete_modern,3,1,-8.779735465250238e-05,0.00024381696010900011,1005,2756937.4032588005,water,1,"Modern coding, complete cohort"
rf_complete_modern,3,2,0.000180563852266169,0.003066373988786286,1005,2756937.4032588005,water,1,"Modern coding, complete cohort"
rf_complete_modern,3,3,0.00013646847126938533,0.0011751399760863146,1005,2756937.4032588005,water,1,"Modern coding, complete cohort"
rf_complete_modern,3,4,-1.9849859610732157e-05,0.0006732410797171129,1005,2756937.4032588005,water,1,"Modern coding, complete cohort"
rf_complete_modern,3,5,6.086509906563786e-05,0.0011131408006255228,1005,2756937.4032588005,water,1,"Modern coding, complete cohort"
rf_complete_modern,3,1,0.0002838645376510851,0.0009835318278528238,1005,2756937.4032588005,soda_frequency,1,"Modern coding, complete cohort"
rf_complete_modern,3,2,0.0005428062278701185,0.0059267192066395635,1005,2756937.4032588005,soda_frequency,1,"Modern coding, complete cohort"
rf_complete_modern,3,3,-0.0008236253391245008,-0.0070722250747873305,1005,2756937.4032588005,soda_frequency,1,"Modern coding, complete cohort"
rf_complete_modern,3,4,0.0008499793274491796,0.006789590999990658,1005,2756937.4032588005,soda_frequency,1,"Modern coding, complete cohort"
rf_complete_modern,3,5,-7.392355256258254e-05,-0.0008931665835928415,1005,2756937.4032588005,soda_frequency,1,"Modern coding, complete cohort"
rf_complete_modern,3,1,-0.0004684195903984778,-0.0022099911900934632,1005,2756937.4032588005,juice_frequency,1,"Modern coding, complete cohort"
rf_complete_modern,3,2,-0.002528287714329308,-0.019560993611666855,1005,2756937.4032588005,juice_frequency,1,"Modern coding, complete cohort"
rf_complete_modern,3,3,0.0007921969934081841,0.00852125893442035,1005,2756937.4032588005,juice_frequency,1,"Modern coding, complete cohort"
rf_complete_modern,3,4,0.00082536367173075,0.00151006520609831,1005,2756937.4032588005,juice_frequency,1,"Modern coding, complete cohort"
rf_complete_modern,3,5,0.00013172330098912277,-0.00014566572316943027,1005,2756937.4032588005,juice_frequency,1,"Modern coding, complete cohort"
rf_complete_modern,3,1,0.0,0.0,1005,2756937.4032588005,oil,1,"Modern coding, complete cohort"
rf_complete_modern,3,2,2.7755575615628914e-17,0.0,1005,2756937.4032588005,oil,1,"Modern coding, complete cohort"
rf_complete_modern,3,3,2.7755575615628914e-17,0.0,1005,2756937.4032588005,oil,1,"Modern coding, complete cohort"
rf_complete_modern,3,4,2.7755575615628914e-17,0.0,1005,2756937.4032588005,oil,1,"Modern coding, complete cohort"
rf_complete_modern,3,5,0.0,0.0,1005,2756937.4032588005,oil,1,"Modern coding, complete cohort"
rf_complete_modern,4,1,0.004559149774165161,0.04936329866751821,995,2760460.2584929466,age,1,"Modern coding, complete cohort"
rf_complete_modern,4,2,0.004031911197425159,0.03979398969325043,995,2760460.2584929466,age,1,"Modern coding, complete cohort"
rf_complete_modern,4,3,0.0015701837919946948,0.019378969261607648,995,2760460.2584929466,age,1,"Modern coding, complete cohort"
rf_complete_modern,4,4,0.003622640366007651,0.034462667853593754,995,2760460.2584929466,age,1,"Modern coding, complete cohort"
rf_complete_modern,4,5,0.0011245880260676022,0.007531242046086906,995,2760460.2584929466,age,1,"Modern coding, complete cohort"
rf_complete_modern,4,1,0.002716341258122229,0.016097086694263796,995,2760460.2584929466,sex,1,"Modern coding, complete cohort"
rf_complete_modern,4,2,0.0014623877272451347,0.010768235951888472,995,2760460.2584929466,sex,1,"Modern coding, complete cohort"
rf_complete_modern,4,3,0.0018446950837089637,0.008963971418665118,995,2760460.2584929466,sex,1,"Modern coding, complete cohort"
rf_complete_modern,4,4,0.00251112312182436,0.013734494050689938,995,2760460.2584929466,sex,1,"Modern coding, complete cohort"
rf_complete_modern,4,5,3.64759848692775e-05,-0.009487410100579519,995,2760460.2584929466,sex,1,"Modern coding, complete cohort"
rf_complete_modern,4,1,0.0013681975562140625,0.014350218366173118,995,2760460.2584929466,region,1,"Modern coding, complete cohort"
rf_complete_modern,4,2,0.0014645717323953367,0.014759080740459951,995,2760460.2584929466,region,1,"Modern coding, complete cohort"
rf_complete_modern,4,3,0.001263728579356832,0.012162143835296013,995,2760460.2584929466,region,1,"Modern coding, complete cohort"
rf_complete_modern,4,4,0.001256862015931004,0.012275723877566258,995,2760460.2584929466,region,1,"Modern coding, complete cohort"
rf_complete_modern,4,5,0.00043209176093322865,0.006426247321288048,995,2760460.2584929466,region,1,"Modern coding, complete cohort"
rf_complete_modern,4,1,-0.00014963169506676532,-0.0016169130907897067,995,2760460.2584929466,rural,1,"Modern coding, complete cohort"
rf_complete_modern,4,2,5.05714933231316e-05,-4.390680282939652e-05,995,2760460.2584929466,rural,1,"Modern coding, complete cohort"
rf_complete_modern,4,3,6.524374344235584e-05,0.00017122137373815072,995,2760460.2584929466,rural,1,"Modern coding, complete cohort"
rf_complete_modern,4,4,4.4683670379297435e-05,-6.669368608935855e-06,995,2760460.2584929466,rural,1,"Modern coding, complete cohort"
rf_complete_modern,4,5,-5.237001869046187e-05,-0.0008210545630630284,995,2760460.2584929466,rural,1,"Modern coding, complete cohort"
rf_complete_modern,4,1,-0.00037508817914030934,-0.005255408292955455,995,2760460.2584929466,education,1,"Modern coding, complete cohort"
rf_complete_modern,4,2,0.00018208833298904992,0.0022407474623358237,995,2760460.2584929466,education,1,"Modern coding, complete cohort"
rf_complete_modern,4,3,-0.00013078525535495378,-0.00010199404428501424,995,2760460.2584929466,education,1,"Modern coding, complete cohort"
rf_complete_modern,4,4,0.00048635023530779753,0.009078851453059311,995,2760460.2584929466,education,1,"Modern coding, complete cohort"
rf_complete_modern,4,5,0.001314550027445932,0.017610298147945347,995,2760460.2584929466,education,1,"Modern coding, complete cohort"
rf_complete_modern,4,1,3.194734676334465e-05,-3.0162317886661683e-05,995,2760460.2584929466,indigenous,1,"Modern coding, complete cohort"
rf_complete_modern,4,2,0.0001172936250769252,0.0014337864065173678,995,2760460.2584929466,indigenous,1,"Modern coding, complete cohort"
rf_complete_modern,4,3,0.0001220911128385349,0.0007219765811083967,995,2760460.2584929466,indigenous,1,"Modern coding, complete cohort"
rf_complete_modern,4,4,8.255936816398135e-05,0.0011355511033330767,995,2760460.2584929466,indigenous,1,"Modern coding, complete cohort"
rf_complete_modern,4,5,9.60456037619184e-05,0.0008120592747896671,995,2760460.2584929466,indigenous,1,"Modern coding, complete cohort"
rf_complete_modern,4,1,0.0,0.0,995,2760460.2584929466,born_chile,1,"Modern coding, complete cohort"
rf_complete_modern,4,2,-5.551115123125783e-17,0.0,995,2760460.2584929466,born_chile,1,"Modern coding, complete cohort"
rf_complete_modern,4,3,0.0,0.0,995,2760460.2584929466,born_chile,1,"Modern coding, complete cohort"
rf_complete_modern,4,4,0.0,0.0,995,2760460.2584929466,born_chile,1,"Modern coding, complete cohort"
rf_complete_modern,4,5,0.0,0.0,995,2760460.2584929466,born_chile,1,"Modern coding, complete cohort"
rf_complete_modern,4,1,0.00530968769295434,0.056865922419301995,995,2760460.2584929466,teeth_remaining,1,"Modern coding, complete cohort"
rf_complete_modern,4,2,0.002397562643845219,0.019255486564797142,995,2760460.2584929466,teeth_remaining,1,"Modern coding, complete cohort"
rf_complete_modern,4,3,-0.00013806155932186148,0.0005781996969124181,995,2760460.2584929466,teeth_remaining,1,"Modern coding, complete cohort"
rf_complete_modern,4,4,0.002050628320893172,0.01415219188096617,995,2760460.2584929466,teeth_remaining,1,"Modern coding, complete cohort"
rf_complete_modern,4,5,0.000971031780491266,0.012705047421846638,995,2760460.2584929466,teeth_remaining,1,"Modern coding, complete cohort"
rf_complete_modern,4,1,-0.000975807729840239,-0.0066596085696651874,995,2760460.2584929466,fish,1,"Modern coding, complete cohort"
rf_complete_modern,4,2,-0.0003780684286244784,-0.001374302626973467,995,2760460.2584929466,fish,1,"Modern coding, complete cohort"
rf_complete_modern,4,3,-0.000624315718624785,-0.006767763187362608,995,2760460.2584929466,fish,1,"Modern coding, complete cohort"
rf_complete_modern,4,4,-0.00014164957793236232,0.0013134728586425837,995,2760460.2584929466,fish,1,"Modern coding, complete cohort"
rf_complete_modern,4,5,-0.0009500011808482867,-0.006264885494737027,995,2760460.2584929466,fish,1,"Modern coding, complete cohort"
rf_complete_modern,4,1,-0.00029304451427253353,-0.001595892577806346,995,2760460.2584929466,dairy_frequency,1,"Modern coding, complete cohort"
rf_complete_modern,4,2,-0.001037601634067603,-0.009571354846073521,995,2760460.2584929466,dairy_frequency,1,"Modern coding, complete cohort"
rf_complete_modern,4,3,-0.0005481808270180188,-0.005774623863988193,995,2760460.2584929466,dairy_frequency,1,"Modern coding, complete cohort"
rf_complete_modern,4,4,-0.0007762065096207083,-0.0059924736810264,995,2760460.2584929466,dairy_frequency,1,"Modern coding, complete cohort"
rf_complete_modern,4,5,-0.0002780000911942748,-0.002207654097064693,995,2760460.2584929466,dairy_frequency,1,"Modern coding, complete cohort"
rf_complete_modern,4,1,0.00011047509553555046,0.0018142540357173331,995,2760460.2584929466,dairy_type,1,"Modern coding, complete cohort"
rf_complete_modern,4,2,0.0002150157811484643,0.0016410228892498324,995,2760460.2584929466,dairy_type,1,"Modern coding, complete cohort"
rf_complete_modern,4,3,-4.388423230264338e-05,-0.00048652957770944916,995,2760460.2584929466,dairy_type,1,"Modern coding, complete cohort"
rf_complete_modern,4,4,0.0007340326430372579,0.007429650462799975,995,2760460.2584929466,dairy_type,1,"Modern coding, complete cohort"
rf_complete_modern,4,5,0.0006156046466640475,0.004913236129976739,995,2760460.2584929466,dairy_type,1,"Modern coding, complete cohort"
rf_complete_modern,4,1,0.0005599287250155627,0.003027010655310969,995,2760460.2584929466,wholegrain,1,"Modern coding, complete cohort"
rf_complete_modern,4,2,-0.00011951531669898707,-0.00563692575126884,995,2760460.2584929466,wholegrain,1,"Modern coding, complete cohort"
rf_complete_modern,4,3,-0.00022582527445055844,-0.006959019038146663,995,2760460.2584929466,wholegrain,1,"Modern coding, complete cohort"
rf_complete_modern,4,4,-7.859608507668203e-05,-0.003124816669892727,995,2760460.2584929466,wholegrain,1,"Modern coding, complete cohort"
rf_complete_modern,4,5,3.519651513628208e-06,-0.0034832915424815036,995,2760460.2584929466,wholegrain,1,"Modern coding, complete cohort"
rf_complete_modern,4,1,5.4170827889082895e-05,-0.0004340324083103031,995,2760460.2584929466,legumes,1,"Modern coding, complete cohort"
rf_complete_modern,4,2,8.141511038581295e-05,0.0006924143297535323,995,2760460.2584929466,legumes,1,"Modern coding, complete cohort"
rf_complete_modern,4,3,-2.289093133611697e-05,-0.001533480005222132,995,2760460.2584929466,legumes,1,"Modern coding, complete cohort"
rf_complete_modern,4,4,0.00012807227878464111,0.0014870645691515971,995,2760460.2584929466,legumes,1,"Modern coding, complete cohort"
rf_complete_modern,4,5,0.0002604710086043238,-5.6622370579795245e-05,995,2760460.2584929466,legumes,1,"Modern coding, complete cohort"
rf_complete_modern,4,1,8.016620613288117e-05,0.0009461719348244912,995,2760460.2584929466,fruit_days,1,"Modern coding, complete cohort"
rf_complete_modern,4,2,5.157869338701104e-05,0.0018051410747087493,995,2760460.2584929466,fruit_days,1,"Modern coding, complete cohort"
rf_complete_modern,4,3,5.4665232685158216e-05,0.0005696398231223032,995,2760460.2584929466,fruit_days,1,"Modern coding, complete cohort"
rf_complete_modern,4,4,9.661283058182146e-05,0.0017280635248136944,995,2760460.2584929466,fruit_days,1,"Modern coding, complete cohort"
rf_complete_modern,4,5,0.00029741291399970615,0.0019844723196449365,995,2760460.2584929466,fruit_days,1,"Modern coding, complete cohort"
rf_complete_modern,4,1,-0.0002205699440608888,-0.0012115977131031963,995,2760460.2584929466,fruit_portions,1,"Modern coding, complete cohort"
rf_complete_modern,4,2,0.00031203931484100056,0.001444573702014118,995,2760460.2584929466,fruit_portions,1,"Modern coding, complete cohort"
rf_complete_modern,4,3,0.00048622725042260506,0.00709915729763555,995,2760460.2584929466,fruit_portions,1,"Modern coding, complete cohort"
rf_complete_modern,4,4,0.0005265981536496378,0.003325473333335327,995,2760460.2584929466,fruit_portions,1,"Modern coding, complete cohort"
rf_complete_modern,4,5,-0.0005414263992976898,-0.008805899434515041,995,2760460.2584929466,fruit_portions,1,"Modern coding, complete cohort"
rf_complete_modern,4,1,-0.00040413271392342187,-0.004409316781818107,995,2760460.2584929466,vegetable_days,1,"Modern coding, complete cohort"
rf_complete_modern,4,2,-0.000889415975469543,-0.009472883021196199,995,2760460.2584929466,vegetable_days,1,"Modern coding, complete cohort"
rf_complete_modern,4,3,-0.00015993960662094575,-0.0025005295791775684,995,2760460.2584929466,vegetable_days,1,"Modern coding, complete cohort"
rf_complete_modern,4,4,-0.0010848817519796272,-0.010684375516517464,995,2760460.2584929466,vegetable_days,1,"Modern coding, complete cohort"
rf_complete_modern,4,5,9.729333077293512e-05,-5.827645933986769e-05,995,2760460.2584929466,vegetable_days,1,"Modern coding, complete cohort"
rf_complete_modern,4,1,0.00010164939596601918,0.0002669741420471272,995,2760460.2584929466,vegetable_portions,1,"Modern coding, complete cohort"
rf_complete_modern,4,2,-4.1628437144836106e-05,-0.001057997076636008,995,2760460.2584929466,vegetable_portions,1,"Modern coding, complete cohort"
rf_complete_modern,4,3,-0.00018142527632009076,-0.0016465424548331997,995,2760460.2584929466,vegetable_portions,1,"Modern coding, complete cohort"
rf_complete_modern,4,4,-0.0001441672908532865,-0.00044291147229835737,995,2760460.2584929466,vegetable_portions,1,"Modern coding, complete cohort"
rf_complete_modern,4,5,-0.00019813506544591464,-0.0032691100118393823,995,2760460.2584929466,vegetable_portions,1,"Modern coding, complete cohort"
rf_complete_modern,4,1,-0.00025597781117181473,-0.004048312824126654,995,2760460.2584929466,label_ingredients,1,"Modern coding, complete cohort"
rf_complete_modern,4,2,9.120614657573411e-05,-0.0018373697081873752,995,2760460.2584929466,label_ingredients,1,"Modern coding, complete cohort"
rf_complete_modern,4,3,8.476753144909255e-05,-0.0026211781729630346,995,2760460.2584929466,label_ingredients,1,"Modern coding, complete cohort"
rf_complete_modern,4,4,8.877136471269198e-05,-0.0007637469699578459,995,2760460.2584929466,label_ingredients,1,"Modern coding, complete cohort"
rf_complete_modern,4,5,-9.144884906525652e-06,-0.00010033826107436195,995,2760460.2584929466,label_ingredients,1,"Modern coding, complete cohort"
rf_complete_modern,4,1,0.00014765358480281487,-0.0001254780600261629,995,2760460.2584929466,label_nutrition,1,"Modern coding, complete cohort"
rf_complete_modern,4,2,1.1602825916057213e-05,-0.0017997695987884699,995,2760460.2584929466,label_nutrition,1,"Modern coding, complete cohort"
rf_complete_modern,4,3,0.00036618643488764424,0.0016374538146005646,995,2760460.2584929466,label_nutrition,1,"Modern coding, complete cohort"
rf_complete_modern,4,4,0.0005445292956152981,0.0022869388684838565,995,2760460.2584929466,label_nutrition,1,"Modern coding, complete cohort"
rf_complete_modern,4,5,0.0003213335906604442,0.0014721592137956208,995,2760460.2584929466,label_nutrition,1,"Modern coding, complete cohort"
rf_complete_modern,4,1,0.0012261642679572138,0.013375562756379189,995,2760460.2584929466,label_warnings,1,"Modern coding, complete cohort"
rf_complete_modern,4,2,0.0010693559371814931,0.009912649161468279,995,2760460.2584929466,label_warnings,1,"Modern coding, complete cohort"
rf_complete_modern,4,3,-0.00012889968408136276,-0.0037264135383320296,995,2760460.2584929466,label_warnings,1,"Modern coding, complete cohort"
rf_complete_modern,4,4,0.001006352394860549,0.0052652042535492605,995,2760460.2584929466,label_warnings,1,"Modern coding, complete cohort"
rf_complete_modern,4,5,4.199330761395226e-05,0.0007376557248306437,995,2760460.2584929466,label_warnings,1,"Modern coding, complete cohort"
rf_complete_modern,4,1,-0.00010688972665387486,-0.0038898968553322533,995,2760460.2584929466,label_health,1,"Modern coding, complete cohort"
rf_complete_modern,4,2,0.00025396675206756925,-9.69860936028688e-05,995,2760460.2584929466,label_health,1,"Modern coding, complete cohort"
rf_complete_modern,4,3,-4.71854475808664e-06,-0.0016748615938730893,995,2760460.2584929466,label_health,1,"Modern coding, complete cohort"
rf_complete_modern,4,4,1.0293069216432693e-05,-0.0008993100014552668,995,2760460.2584929466,label_health,1,"Modern coding, complete cohort"
rf_complete_modern,4,5,2.4320108044928457e-05,-0.0024452950642179783,995,2760460.2584929466,label_health,1,"Modern coding, complete cohort"
rf_complete_modern,4,1,0.0001768693122198295,-3.7976387702531866e-05,995,2760460.2584929466,label_brand,1,"Modern coding, complete cohort"
rf_complete_modern,4,2,3.821802991105239e-06,-0.0018021280007312068,995,2760460.2584929466,label_brand,1,"Modern coding, complete cohort"
rf_complete_modern,4,3,0.00020804388881423552,0.00048529953836506934,995,2760460.2584929466,label_brand,1,"Modern coding, complete cohort"
rf_complete_modern,4,4,2.2950445314334766e-05,-0.0010115907967408466,995,2760460.2584929466,label_brand,1,"Modern coding, complete cohort"
rf_complete_modern,4,5,-9.89089272621091e-06,-0.0013945581066763246,995,2760460.2584929466,label_brand,1,"Modern coding, complete cohort"
rf_complete_modern,4,1,0.0003763123691657988,0.004067038011138391,995,2760460.2584929466,label_discounts,1,"Modern coding, complete cohort"
rf_complete_modern,4,2,0.0004486655446129806,0.003768271375126142,995,2760460.2584929466,label_discounts,1,"Modern coding, complete cohort"
rf_complete_modern,4,3,0.0002701724616465673,0.002075427422500331,995,2760460.2584929466,label_discounts,1,"Modern coding, complete cohort"
rf_complete_modern,4,4,0.0002071516033566867,0.001035852064272702,995,2760460.2584929466,label_discounts,1,"Modern coding, complete cohort"
rf_complete_modern,4,5,0.0003391097833081169,0.003357306911004554,995,2760460.2584929466,label_discounts,1,"Modern coding, complete cohort"
rf_complete_modern,4,1,-0.00010643060617915312,-0.0009160756239221524,995,2760460.2584929466,water,1,"Modern coding, complete cohort"
rf_complete_modern,4,2,-1.8368962827891577e-05,-0.0011474564516281704,995,2760460.2584929466,water,1,"Modern coding, complete cohort"
rf_complete_modern,4,3,0.000156028676092268,0.0006933021305951526,995,2760460.2584929466,water,1,"Modern coding, complete cohort"
rf_complete_modern,4,4,-4.9881840562066015e-05,-0.0003235900359865873,995,2760460.2584929466,water,1,"Modern coding, complete cohort"
rf_complete_modern,4,5,-0.0002464417598135038,-0.002902975416333109,995,2760460.2584929466,water,1,"Modern coding, complete cohort"
rf_complete_modern,4,1,-2.143725447062428e-05,-0.00266016681177339,995,2760460.2584929466,soda_frequency,1,"Modern coding, complete cohort"
rf_complete_modern,4,2,-0.001396293528640652,-0.015368745848933885,995,2760460.2584929466,soda_frequency,1,"Modern coding, complete cohort"
rf_complete_modern,4,3,-0.0002455827670126143,-0.005160443128597092,995,2760460.2584929466,soda_frequency,1,"Modern coding, complete cohort"
rf_complete_modern,4,4,-0.0007924112493160884,-0.01099952068010901,995,2760460.2584929466,soda_frequency,1,"Modern coding, complete cohort"
rf_complete_modern,4,5,-0.0007680899885935122,-0.009139427298675229,995,2760460.2584929466,soda_frequency,1,"Modern coding, complete cohort"
rf_complete_modern,4,1,0.00027853788089321485,0.004782010658691882,995,2760460.2584929466,juice_frequency,1,"Modern coding, complete cohort"
rf_complete_modern,4,2,7.581703913217552e-05,-0.0004846966369100869,995,2760460.2584929466,juice_frequency,1,"Modern coding, complete cohort"
rf_complete_modern,4,3,0.00022787093686077453,0.0007151208150659727,995,2760460.2584929466,juice_frequency,1,"Modern coding, complete cohort"
rf_complete_modern,4,4,0.0005070240306063734,0.00425917005049592,995,2760460.2584929466,juice_frequency,1,"Modern coding, complete cohort"
rf_complete_modern,4,5,0.00026363281479205303,0.002507464024572803,995,2760460.2584929466,juice_frequency,1,"Modern coding, complete cohort"
rf_complete_modern,4,1,6.190491808069631e-05,0.00033290686122366964,995,2760460.2584929466,oil,1,"Modern coding, complete cohort"
rf_complete_modern,4,2,5.753754605614114e-05,-1.477645419167839e-05,995,2760460.2584929466,oil,1,"Modern coding, complete cohort"
rf_complete_modern,4,3,5.4770338878934455e-05,-7.760908156917434e-05,995,2760460.2584929466,oil,1,"Modern coding, complete cohort"
rf_complete_modern,4,4,1.561849354908551e-05,-0.0007991676244292201,995,2760460.2584929466,oil,1,"Modern coding, complete cohort"
rf_complete_modern,4,5,4.475529863459671e-05,0.00027642540537575755,995,2760460.2584929466,oil,1,"Modern coding, complete cohort"
rf_complete_modern,5,1,-0.002111301673001831,-0.0036314805604132916,1000,2793890.080402851,age,1,"Modern coding, complete cohort"
rf_complete_modern,5,2,-0.0002780018379231475,-0.0013149523601238,1000,2793890.080402851,age,1,"Modern coding, complete cohort"
rf_complete_modern,5,3,-0.0015052493107145515,-0.0016908416257220837,1000,2793890.080402851,age,1,"Modern coding, complete cohort"
rf_complete_modern,5,4,0.004385212878315475,0.0375527150430538,1000,2793890.080402851,age,1,"Modern coding, complete cohort"
rf_complete_modern,5,5,0.0022086372521190334,0.01714150616577892,1000,2793890.080402851,age,1,"Modern coding, complete cohort"
rf_complete_modern,5,1,0.003218563736343355,0.01885045768056537,1000,2793890.080402851,sex,1,"Modern coding, complete cohort"
rf_complete_modern,5,2,-0.0005734857145509031,-0.0058959976253364355,1000,2793890.080402851,sex,1,"Modern coding, complete cohort"
rf_complete_modern,5,3,-0.00038604420048149457,-0.009913080187070489,1000,2793890.080402851,sex,1,"Modern coding, complete cohort"
rf_complete_modern,5,4,0.0011272264684363265,-0.003168703889804503,1000,2793890.080402851,sex,1,"Modern coding, complete cohort"
rf_complete_modern,5,5,0.0013293292089411324,0.006439214162894502,1000,2793890.080402851,sex,1,"Modern coding, complete cohort"
rf_complete_modern,5,1,0.0005921925215411072,0.0021130959607668087,1000,2793890.080402851,region,1,"Modern coding, complete cohort"
rf_complete_modern,5,2,0.0007877647915252028,0.006422746091260145,1000,2793890.080402851,region,1,"Modern coding, complete cohort"
rf_complete_modern,5,3,0.0017219941690831686,0.01129632511254508,1000,2793890.080402851,region,1,"Modern coding, complete cohort"
rf_complete_modern,5,4,0.0017276294531282654,0.008487448624548422,1000,2793890.080402851,region,1,"Modern coding, complete cohort"
rf_complete_modern,5,5,0.0013138924284803455,0.011773169727845367,1000,2793890.080402851,region,1,"Modern coding, complete cohort"
rf_complete_modern,5,1,8.62142786913489e-05,0.0003108480126023938,1000,2793890.080402851,rural,1,"Modern coding, complete cohort"
rf_complete_modern,5,2,-1.3759785837619276e-05,0.00013898253552524498,1000,2793890.080402851,rural,1,"Modern coding, complete cohort"
rf_complete_modern,5,3,1.419713906603004e-05,-1.2683788408351937e-05,1000,2793890.080402851,rural,1,"Modern coding, complete cohort"
rf_complete_modern,5,4,-5.276212133059621e-05,-0.0008114806437069522,1000,2793890.080402851,rural,1,"Modern coding, complete cohort"
rf_complete_modern,5,5,8.287015248839569e-05,0.001372526206466551,1000,2793890.080402851,rural,1,"Modern coding, complete cohort"
rf_complete_modern,5,1,0.0008493504100051119,0.005069689909984132,1000,2793890.080402851,education,1,"Modern coding, complete cohort"
rf_complete_modern,5,2,0.0003781222663418182,0.003279702523360739,1000,2793890.080402851,education,1,"Modern coding, complete cohort"
rf_complete_modern,5,3,0.002249008697575855,0.013053840390306326,1000,2793890.080402851,education,1,"Modern coding, complete cohort"
rf_complete_modern,5,4,0.00013662006497819346,-0.002097727841891883,1000,2793890.080402851,education,1,"Modern coding, complete cohort"
rf_complete_modern,5,5,-0.00021219635266292447,0.00077280164078386,1000,2793890.080402851,education,1,"Modern coding, complete cohort"
rf_complete_modern,5,1,7.75039761133356e-06,-0.0002104763776209495,1000,2793890.080402851,indigenous,1,"Modern coding, complete cohort"
rf_complete_modern,5,2,-5.248496235593647e-05,0.00018844209225310493,1000,2793890.080402851,indigenous,1,"Modern coding, complete cohort"
rf_complete_modern,5,3,8.129763918457433e-05,0.00048388552844924604,1000,2793890.080402851,indigenous,1,"Modern coding, complete cohort"
rf_complete_modern,5,4,6.31685200913612e-05,0.0007395103623636379,1000,2793890.080402851,indigenous,1,"Modern coding, complete cohort"
rf_complete_modern,5,5,0.0001678642476178882,0.0012791826007773066,1000,2793890.080402851,indigenous,1,"Modern coding, complete cohort"
rf_complete_modern,5,1,3.768353705824179e-05,0.00018030744768460227,1000,2793890.080402851,born_chile,1,"Modern coding, complete cohort"
rf_complete_modern,5,2,2.0641889819955628e-05,0.00018696391532546652,1000,2793890.080402851,born_chile,1,"Modern coding, complete cohort"
rf_complete_modern,5,3,1.7477997271697632e-08,9.491446371867607e-05,1000,2793890.080402851,born_chile,1,"Modern coding, complete cohort"
rf_complete_modern,5,4,-6.381937990920794e-05,-0.0005919624409111979,1000,2793890.080402851,born_chile,1,"Modern coding, complete cohort"
rf_complete_modern,5,5,-3.184673740896926e-05,-0.00010638153904096725,1000,2793890.080402851,born_chile,1,"Modern coding, complete cohort"
rf_complete_modern,5,1,-0.001986264397375176,-0.01465254561616458,1000,2793890.080402851,teeth_remaining,1,"Modern coding, complete cohort"
rf_complete_modern,5,2,0.001224774151689506,0.012844885760961988,1000,2793890.080402851,teeth_remaining,1,"Modern coding, complete cohort"
rf_complete_modern,5,3,1.2479549242799814e-05,0.006169082425516392,1000,2793890.080402851,teeth_remaining,1,"Modern coding, complete cohort"
rf_complete_modern,5,4,-0.002642562478047644,-0.023155160291063015,1000,2793890.080402851,teeth_remaining,1,"Modern coding, complete cohort"
rf_complete_modern,5,5,0.0017629762051788733,0.019430071051944275,1000,2793890.080402851,teeth_remaining,1,"Modern coding, complete cohort"
rf_complete_modern,5,1,-0.0008013761463418756,-0.005000983879786092,1000,2793890.080402851,fish,1,"Modern coding, complete cohort"
rf_complete_modern,5,2,-0.00026046687000713664,-0.0013703309481066794,1000,2793890.080402851,fish,1,"Modern coding, complete cohort"
rf_complete_modern,5,3,-8.377392450645282e-05,-0.001241776220127,1000,2793890.080402851,fish,1,"Modern coding, complete cohort"
rf_complete_modern,5,4,-0.00015375147408730472,-0.001466116455458244,1000,2793890.080402851,fish,1,"Modern coding, complete cohort"
rf_complete_modern,5,5,-0.000739757277472497,-0.004819614688649332,1000,2793890.080402851,fish,1,"Modern coding, complete cohort"
rf_complete_modern,5,1,0.0014836011792777049,0.007166846400697868,1000,2793890.080402851,dairy_frequency,1,"Modern coding, complete cohort"
rf_complete_modern,5,2,0.0012114981117110624,0.0054066921160065284,1000,2793890.080402851,dairy_frequency,1,"Modern coding, complete cohort"
rf_complete_modern,5,3,0.0019092725708344804,0.00653343972461784,1000,2793890.080402851,dairy_frequency,1,"Modern coding, complete cohort"
rf_complete_modern,5,4,0.000670008470998712,0.00461072273934382,1000,2793890.080402851,dairy_frequency,1,"Modern coding, complete cohort"
rf_complete_modern,5,5,0.00033813534691098934,-0.000386652364285367,1000,2793890.080402851,dairy_frequency,1,"Modern coding, complete cohort"
rf_complete_modern,5,1,0.0008861037434967634,0.008282547742551438,1000,2793890.080402851,dairy_type,1,"Modern coding, complete cohort"
rf_complete_modern,5,2,0.0003053265895606727,0.002827570627841225,1000,2793890.080402851,dairy_type,1,"Modern coding, complete cohort"
rf_complete_modern,5,3,-9.937739781995525e-05,-0.0016194875953267074,1000,2793890.080402851,dairy_type,1,"Modern coding, complete cohort"
rf_complete_modern,5,4,0.0007262082942458281,0.006331890006342156,1000,2793890.080402851,dairy_type,1,"Modern coding, complete cohort"
rf_complete_modern,5,5,0.0009652587404652135,0.006954895735500233,1000,2793890.080402851,dairy_type,1,"Modern coding, complete cohort"
rf_complete_modern,5,1,-0.0011186992413840524,-0.011947220709002226,1000,2793890.080402851,wholegrain,1,"Modern coding, complete cohort"
rf_complete_modern,5,2,-0.0010923227929088841,-0.00886714460743876,1000,2793890.080402851,wholegrain,1,"Modern coding, complete cohort"
rf_complete_modern,5,3,-0.00012641593188075784,-0.003244252527063618,1000,2793890.080402851,wholegrain,1,"Modern coding, complete cohort"
rf_complete_modern,5,4,-0.0016352396996979768,-0.014444197705205886,1000,2793890.080402851,wholegrain,1,"Modern coding, complete cohort"
rf_complete_modern,5,5,-0.0015374285760761663,-0.011830086113629679,1000,2793890.080402851,wholegrain,1,"Modern coding, complete cohort"
rf_complete_modern,5,1,-7.665585625701854e-05,-0.002418116588626229,1000,2793890.080402851,legumes,1,"Modern coding, complete cohort"
rf_complete_modern,5,2,0.00030027130541457336,0.0015977357882845933,1000,2793890.080402851,legumes,1,"Modern coding, complete cohort"
rf_complete_modern,5,3,8.810870580591712e-05,-0.0016949235994568879,1000,2793890.080402851,legumes,1,"Modern coding, complete cohort"
rf_complete_modern,5,4,-3.359135316560735e-05,-0.002674958771994418,1000,2793890.080402851,legumes,1,"Modern coding, complete cohort"
rf_complete_modern,5,5,0.0002578547115458796,0.0022685138512409386,1000,2793890.080402851,legumes,1,"Modern coding, complete cohort"
rf_complete_modern,5,1,0.0012760332501158267,0.008806263529835934,1000,2793890.080402851,fruit_days,1,"Modern coding, complete cohort"
rf_complete_modern,5,2,0.0004039600941052046,0.0013047674795942932,1000,2793890.080402851,fruit_days,1,"Modern coding, complete cohort"
rf_complete_modern,5,3,0.0002956374591191746,0.0020422689768788693,1000,2793890.080402851,fruit_days,1,"Modern coding, complete cohort"
rf_complete_modern,5,4,0.0007962316512369894,0.005000073430633689,1000,2793890.080402851,fruit_days,1,"Modern coding, complete cohort"
rf_complete_modern,5,5,5.983975595022506e-05,0.0018759832961021683,1000,2793890.080402851,fruit_days,1,"Modern coding, complete cohort"
rf_complete_modern,5,1,-0.00027980135055646893,0.0006167636952372213,1000,2793890.080402851,fruit_portions,1,"Modern coding, complete cohort"
rf_complete_modern,5,2,-0.0016065341694672386,-0.00998288121229185,1000,2793890.080402851,fruit_portions,1,"Modern coding, complete cohort"
rf_complete_modern,5,3,-0.0007910030583764271,-0.0065197770618851125,1000,2793890.080402851,fruit_portions,1,"Modern coding, complete cohort"
rf_complete_modern,5,4,-0.0014638228346793014,-0.01117259418195038,1000,2793890.080402851,fruit_portions,1,"Modern coding, complete cohort"
rf_complete_modern,5,5,-0.0009569078971874978,-0.006950790910355553,1000,2793890.080402851,fruit_portions,1,"Modern coding, complete cohort"
rf_complete_modern,5,1,5.894902828559867e-05,-0.0009451487801693803,1000,2793890.080402851,vegetable_days,1,"Modern coding, complete cohort"
rf_complete_modern,5,2,0.0003627397756133799,0.0006551332592008574,1000,2793890.080402851,vegetable_days,1,"Modern coding, complete cohort"
rf_complete_modern,5,3,-0.00022292500736112442,-0.0027296366356185375,1000,2793890.080402851,vegetable_days,1,"Modern coding, complete cohort"
rf_complete_modern,5,4,-0.00015549234902631492,-2.8522508181083595e-05,1000,2793890.080402851,vegetable_days,1,"Modern coding, complete cohort"
rf_complete_modern,5,5,-0.000852768607395582,-0.007053260705619846,1000,2793890.080402851,vegetable_days,1,"Modern coding, complete cohort"
rf_complete_modern,5,1,0.0006623232563159331,0.004586995987743925,1000,2793890.080402851,vegetable_portions,1,"Modern coding, complete cohort"
rf_complete_modern,5,2,-0.00032248413764734973,-0.0010408598421209891,1000,2793890.080402851,vegetable_portions,1,"Modern coding, complete cohort"
rf_complete_modern,5,3,0.00028836676980970033,0.002039948819243742,1000,2793890.080402851,vegetable_portions,1,"Modern coding, complete cohort"
rf_complete_modern,5,4,-6.339412871120276e-05,-0.0011563463303636556,1000,2793890.080402851,vegetable_portions,1,"Modern coding, complete cohort"
rf_complete_modern,5,5,-0.00025155807296084465,-0.0020198829633583104,1000,2793890.080402851,vegetable_portions,1,"Modern coding, complete cohort"
rf_complete_modern,5,1,-0.0006972769066658779,-0.006119971915546474,1000,2793890.080402851,label_ingredients,1,"Modern coding, complete cohort"
rf_complete_modern,5,2,-0.000568306029220228,-0.004900875439742602,1000,2793890.080402851,label_ingredients,1,"Modern coding, complete cohort"
rf_complete_modern,5,3,-0.0011117463005790307,-0.008009297870855359,1000,2793890.080402851,label_ingredients,1,"Modern coding, complete cohort"
rf_complete_modern,5,4,-0.0005238278454575418,-0.0043510791620129385,1000,2793890.080402851,label_ingredients,1,"Modern coding, complete cohort"
rf_complete_modern,5,5,-0.0011587570435116767,-0.009384535753822698,1000,2793890.080402851,label_ingredients,1,"Modern coding, complete cohort"
rf_complete_modern,5,1,-0.00119454315881376,-0.009542682175191941,1000,2793890.080402851,label_nutrition,1,"Modern coding, complete cohort"
rf_complete_modern,5,2,-0.00042098652092206756,-0.0022142594450885733,1000,2793890.080402851,label_nutrition,1,"Modern coding, complete cohort"
rf_complete_modern,5,3,0.00046582361466468436,0.002832073550677716,1000,2793890.080402851,label_nutrition,1,"Modern coding, complete cohort"
rf_complete_modern,5,4,-0.0007309348488294676,-0.005430529715419463,1000,2793890.080402851,label_nutrition,1,"Modern coding, complete cohort"
rf_complete_modern,5,5,-0.0006803599275654326,-0.005733349468139859,1000,2793890.080402851,label_nutrition,1,"Modern coding, complete cohort"
rf_complete_modern,5,1,0.0006599647523222452,0.0007632511017131582,1000,2793890.080402851,label_warnings,1,"Modern coding, complete cohort"
rf_complete_modern,5,2,-0.00024814418729013354,-0.0036709422198523134,1000,2793890.080402851,label_warnings,1,"Modern coding, complete cohort"
rf_complete_modern,5,3,-0.00013590231969784483,-0.001838738088457914,1000,2793890.080402851,label_warnings,1,"Modern coding, complete cohort"
rf_complete_modern,5,4,-0.0003887666366061693,-0.0022251896591820586,1000,2793890.080402851,label_warnings,1,"Modern coding, complete cohort"
rf_complete_modern,5,5,0.0007111048801873299,0.003074052089276358,1000,2793890.080402851,label_warnings,1,"Modern coding, complete cohort"
rf_complete_modern,5,1,-1.2420115291955636e-05,-0.001697544425650177,1000,2793890.080402851,label_health,1,"Modern coding, complete cohort"
rf_complete_modern,5,2,0.00046756594034516596,0.003719951378883146,1000,2793890.080402851,label_health,1,"Modern coding, complete cohort"
rf_complete_modern,5,3,0.0004384765474256813,0.002712270003189743,1000,2793890.080402851,label_health,1,"Modern coding, complete cohort"
rf_complete_modern,5,4,0.00034877596291268964,0.0012874613454642025,1000,2793890.080402851,label_health,1,"Modern coding, complete cohort"
rf_complete_modern,5,5,0.0004002756804508678,0.004234658926370427,1000,2793890.080402851,label_health,1,"Modern coding, complete cohort"
rf_complete_modern,5,1,-0.00034825779316235983,-0.0034044624379356847,1000,2793890.080402851,label_brand,1,"Modern coding, complete cohort"
rf_complete_modern,5,2,-0.00032451912132866467,-0.0033597996138972075,1000,2793890.080402851,label_brand,1,"Modern coding, complete cohort"
rf_complete_modern,5,3,-0.0001144072087103376,-0.0028452681889065135,1000,2793890.080402851,label_brand,1,"Modern coding, complete cohort"
rf_complete_modern,5,4,8.544282584316276e-05,-0.00035074345126206996,1000,2793890.080402851,label_brand,1,"Modern coding, complete cohort"
rf_complete_modern,5,5,-0.0006647660258433663,-0.006269986056839816,1000,2793890.080402851,label_brand,1,"Modern coding, complete cohort"
rf_complete_modern,5,1,-0.00014277932883624556,-0.0018281119529517387,1000,2793890.080402851,label_discounts,1,"Modern coding, complete cohort"
rf_complete_modern,5,2,0.00026251805281060636,0.002066493527482338,1000,2793890.080402851,label_discounts,1,"Modern coding, complete cohort"
rf_complete_modern,5,3,-2.9225917222736042e-05,0.0022103426811784788,1000,2793890.080402851,label_discounts,1,"Modern coding, complete cohort"
rf_complete_modern,5,4,5.621391533300324e-05,0.002281565001720498,1000,2793890.080402851,label_discounts,1,"Modern coding, complete cohort"
rf_complete_modern,5,5,-9.823134181075055e-08,0.0008620681995005208,1000,2793890.080402851,label_discounts,1,"Modern coding, complete cohort"
rf_complete_modern,5,1,-0.0003892416143868038,-0.005710691213215768,1000,2793890.080402851,water,1,"Modern coding, complete cohort"
rf_complete_modern,5,2,-0.00018171807791936279,-0.002336599803292705,1000,2793890.080402851,water,1,"Modern coding, complete cohort"
rf_complete_modern,5,3,-0.000302361584994304,-0.003535073130743638,1000,2793890.080402851,water,1,"Modern coding, complete cohort"
rf_complete_modern,5,4,-0.001159849418920389,-0.008371423696285407,1000,2793890.080402851,water,1,"Modern coding, complete cohort"
rf_complete_modern,5,5,-0.0004940844574839176,-0.0036869119054249166,1000,2793890.080402851,water,1,"Modern coding, complete cohort"
rf_complete_modern,5,1,0.0006243653104883173,0.0062267716723111155,1000,2793890.080402851,soda_frequency,1,"Modern coding, complete cohort"
rf_complete_modern,5,2,0.0006135253983428901,0.0034931379915733585,1000,2793890.080402851,soda_frequency,1,"Modern coding, complete cohort"
rf_complete_modern,5,3,-0.000566834925664228,-0.00342433806498621,1000,2793890.080402851,soda_frequency,1,"Modern coding, complete cohort"
rf_complete_modern,5,4,0.0006289000863722027,0.004627421051739522,1000,2793890.080402851,soda_frequency,1,"Modern coding, complete cohort"
rf_complete_modern,5,5,0.0002151000516637802,0.00024009538333824576,1000,2793890.080402851,soda_frequency,1,"Modern coding, complete cohort"
rf_complete_modern,5,1,0.0008515756442317168,0.00493783419512106,1000,2793890.080402851,juice_frequency,1,"Modern coding, complete cohort"
rf_complete_modern,5,2,0.0004442239162018302,0.0019627117263162353,1000,2793890.080402851,juice_frequency,1,"Modern coding, complete cohort"
rf_complete_modern,5,3,0.00044916681835605043,0.003681788917213713,1000,2793890.080402851,juice_frequency,1,"Modern coding, complete cohort"
rf_complete_modern,5,4,0.00019998315156452562,0.0007924749991438107,1000,2793890.080402851,juice_frequency,1,"Modern coding, complete cohort"
rf_complete_modern,5,5,2.5113559893874537e-05,-0.0007684676237019739,1000,2793890.080402851,juice_frequency,1,"Modern coding, complete cohort"
rf_complete_modern,5,1,0.00011316862599225486,0.0008128420918684931,1000,2793890.080402851,oil,1,"Modern coding, complete cohort"
rf_complete_modern,5,2,9.237766129452374e-05,0.00017425808940296772,1000,2793890.080402851,oil,1,"Modern coding, complete cohort"
rf_complete_modern,5,3,3.089321982888138e-05,3.2980372069890684e-05,1000,2793890.080402851,oil,1,"Modern coding, complete cohort"
rf_complete_modern,5,4,-5.460129958670401e-05,-0.000731519526243507,1000,2793890.080402851,oil,1,"Modern coding, complete cohort"
rf_complete_modern,5,5,0.0002916347249510842,0.0008440878122375484,1000,2793890.080402851,oil,1,"Modern coding, complete cohort"
rf_complete_historical,1,1,0.00736117285698526,0.04911246442350925,997,2854394.5302591324,age,1,"Historical 90-term coding, complete cohort"
rf_complete_historical,1,2,0.004495997361615933,0.03107816974754496,997,2854394.5302591324,age,1,"Historical 90-term coding, complete cohort"
rf_complete_historical,1,3,0.005918802877015433,0.03371780239447031,997,2854394.5302591324,age,1,"Historical 90-term coding, complete cohort"
rf_complete_historical,1,4,0.00552706284473492,0.02661420858157315,997,2854394.5302591324,age,1,"Historical 90-term coding, complete cohort"
rf_complete_historical,1,5,0.007763573075723756,0.046582269589843905,997,2854394.5302591324,age,1,"Historical 90-term coding, complete cohort"
rf_complete_historical,1,1,0.0006689124973852101,0.0050740984143894385,997,2854394.5302591324,sex,1,"Historical 90-term coding, complete cohort"
rf_complete_historical,1,2,0.0013681819937735873,0.010681234417852625,997,2854394.5302591324,sex,1,"Historical 90-term coding, complete cohort"
rf_complete_historical,1,3,0.0024445620697761683,0.014367527638352251,997,2854394.5302591324,sex,1,"Historical 90-term coding, complete cohort"
rf_complete_historical,1,4,0.0010511720909207323,0.009083276951278307,997,2854394.5302591324,sex,1,"Historical 90-term coding, complete cohort"
rf_complete_historical,1,5,-0.0002735236351142367,-0.0008548103354175662,997,2854394.5302591324,sex,1,"Historical 90-term coding, complete cohort"
rf_complete_historical,1,1,0.0026516714741991465,0.020830854443831148,997,2854394.5302591324,region,14,"Historical 90-term coding, complete cohort"
rf_complete_historical,1,2,0.0017269413384418397,0.011813074871591445,997,2854394.5302591324,region,14,"Historical 90-term coding, complete cohort"
rf_complete_historical,1,3,0.0017119948160922993,0.016314546004513875,997,2854394.5302591324,region,14,"Historical 90-term coding, complete cohort"
rf_complete_historical,1,4,0.0028345614464453106,0.020828853971159855,997,2854394.5302591324,region,14,"Historical 90-term coding, complete cohort"
rf_complete_historical,1,5,0.0015479322892927028,0.01004311920471812,997,2854394.5302591324,region,14,"Historical 90-term coding, complete cohort"
rf_complete_historical,1,1,-7.745527003047425e-05,-0.0015295845022541554,997,2854394.5302591324,rural,1,"Historical 90-term coding, complete cohort"
rf_complete_historical,1,2,8.950103069371718e-05,0.00018801284275993257,997,2854394.5302591324,rural,1,"Historical 90-term coding, complete cohort"
rf_complete_historical,1,3,0.00013626460854146427,3.1784313805571784e-05,997,2854394.5302591324,rural,1,"Historical 90-term coding, complete cohort"
rf_complete_historical,1,4,9.071221783929495e-05,-0.00011694351779600876,997,2854394.5302591324,rural,1,"Historical 90-term coding, complete cohort"
rf_complete_historical,1,5,0.0001613187818390316,0.00026777803510835696,997,2854394.5302591324,rural,1,"Historical 90-term coding, complete cohort"
rf_complete_historical,1,1,0.0011914191061449808,0.004754711344277074,997,2854394.5302591324,education,2,"Historical 90-term coding, complete cohort"
rf_complete_historical,1,2,0.0013830237661446865,0.008175769876996086,997,2854394.5302591324,education,2,"Historical 90-term coding, complete cohort"
rf_complete_historical,1,3,0.0006854923285708192,0.0038828111188768943,997,2854394.5302591324,education,2,"Historical 90-term coding, complete cohort"
rf_complete_historical,1,4,0.0011814058334009003,0.004358489624473161,997,2854394.5302591324,education,2,"Historical 90-term coding, complete cohort"
rf_complete_historical,1,5,0.0005932036331082469,0.004094938799738546,997,2854394.5302591324,education,2,"Historical 90-term coding, complete cohort"
rf_complete_historical,1,1,5.495774338840076e-05,7.296055814176583e-05,997,2854394.5302591324,indigenous,1,"Historical 90-term coding, complete cohort"
rf_complete_historical,1,2,9.627952054264144e-05,0.000876689294313282,997,2854394.5302591324,indigenous,1,"Historical 90-term coding, complete cohort"
rf_complete_historical,1,3,5.75887699397204e-05,0.0006132141803675273,997,2854394.5302591324,indigenous,1,"Historical 90-term coding, complete cohort"
rf_complete_historical,1,4,-6.727887400104215e-05,-0.0012197628062824428,997,2854394.5302591324,indigenous,1,"Historical 90-term coding, complete cohort"
rf_complete_historical,1,5,0.000168326134175667,0.0012867683084881731,997,2854394.5302591324,indigenous,1,"Historical 90-term coding, complete cohort"
rf_complete_historical,1,1,-2.6066967434568156e-05,-7.728896225422943e-05,997,2854394.5302591324,born_chile,1,"Historical 90-term coding, complete cohort"
rf_complete_historical,1,2,-1.5350701760619145e-05,-8.078721156346003e-05,997,2854394.5302591324,born_chile,1,"Historical 90-term coding, complete cohort"
rf_complete_historical,1,3,-3.020070998829838e-05,-0.00022603490236305923,997,2854394.5302591324,born_chile,1,"Historical 90-term coding, complete cohort"
rf_complete_historical,1,4,-3.1308013527714396e-05,2.725553200655373e-05,997,2854394.5302591324,born_chile,1,"Historical 90-term coding, complete cohort"
rf_complete_historical,1,5,-1.6261351273694213e-05,-5.5755325791828625e-06,997,2854394.5302591324,born_chile,1,"Historical 90-term coding, complete cohort"
rf_complete_historical,1,1,0.0072938177157749196,0.051040267439396936,997,2854394.5302591324,teeth_remaining,1,"Historical 90-term coding, complete cohort"
rf_complete_historical,1,2,0.002501362856624806,0.002106947364274192,997,2854394.5302591324,teeth_remaining,1,"Historical 90-term coding, complete cohort"
rf_complete_historical,1,3,0.005526317867520059,0.022350564389304717,997,2854394.5302591324,teeth_remaining,1,"Historical 90-term coding, complete cohort"
rf_complete_historical,1,4,0.006060684635493779,0.03464598795500118,997,2854394.5302591324,teeth_remaining,1,"Historical 90-term coding, complete cohort"
rf_complete_historical,1,5,0.011891007758291772,0.08942935633446458,997,2854394.5302591324,teeth_remaining,1,"Historical 90-term coding, complete cohort"
rf_complete_historical,1,1,-0.0006830466471926255,-0.006779989369381401,997,2854394.5302591324,fish,3,"Historical 90-term coding, complete cohort"
rf_complete_historical,1,2,0.0001409056297262401,-0.0003123449927965316,997,2854394.5302591324,fish,3,"Historical 90-term coding, complete cohort"
rf_complete_historical,1,3,-0.0001747199504358865,-0.004018184151665549,997,2854394.5302591324,fish,3,"Historical 90-term coding, complete cohort"
rf_complete_historical,1,4,-0.0007070677111329915,-0.007440986910501324,997,2854394.5302591324,fish,3,"Historical 90-term coding, complete cohort"
rf_complete_historical,1,5,-0.0009351810347240919,-0.009034434394304403,997,2854394.5302591324,fish,3,"Historical 90-term coding, complete cohort"
rf_complete_historical,1,1,-0.00033527049095744,-0.006647740966004512,997,2854394.5302591324,dairy_frequency,6,"Historical 90-term coding, complete cohort"
rf_complete_historical,1,2,4.348604511666965e-05,-0.005964991185740232,997,2854394.5302591324,dairy_frequency,6,"Historical 90-term coding, complete cohort"
rf_complete_historical,1,3,-0.00041748238833674844,-0.0044104406073144364,997,2854394.5302591324,dairy_frequency,6,"Historical 90-term coding, complete cohort"
rf_complete_historical,1,4,-0.00022560442580360496,-0.007115494606982131,997,2854394.5302591324,dairy_frequency,6,"Historical 90-term coding, complete cohort"
rf_complete_historical,1,5,0.00024207607472090387,-0.0012958457855236638,997,2854394.5302591324,dairy_frequency,6,"Historical 90-term coding, complete cohort"
rf_complete_historical,1,1,-0.000383782142877237,-0.003490033530851644,997,2854394.5302591324,dairy_type,2,"Historical 90-term coding, complete cohort"
rf_complete_historical,1,2,-0.0009668586571884297,-0.008585827439441807,997,2854394.5302591324,dairy_type,2,"Historical 90-term coding, complete cohort"
rf_complete_historical,1,3,-0.0002876863168729815,-0.0029133904731216687,997,2854394.5302591324,dairy_type,2,"Historical 90-term coding, complete cohort"
rf_complete_historical,1,4,-0.00017283092279399281,-0.0030777837305577815,997,2854394.5302591324,dairy_type,2,"Historical 90-term coding, complete cohort"
rf_complete_historical,1,5,-0.0003034209205054761,-0.00441153824123619,997,2854394.5302591324,dairy_type,2,"Historical 90-term coding, complete cohort"
rf_complete_historical,1,1,0.002115370300901004,0.011491331810524086,997,2854394.5302591324,wholegrain,5,"Historical 90-term coding, complete cohort"
rf_complete_historical,1,2,0.0007786754977207322,0.006733556861900025,997,2854394.5302591324,wholegrain,5,"Historical 90-term coding, complete cohort"
rf_complete_historical,1,3,0.00047595226505012245,-0.0008746776302721582,997,2854394.5302591324,wholegrain,5,"Historical 90-term coding, complete cohort"
rf_complete_historical,1,4,-0.0006760750964227014,-0.009328333188741045,997,2854394.5302591324,wholegrain,5,"Historical 90-term coding, complete cohort"
rf_complete_historical,1,5,0.002124514311829251,0.013646765454543353,997,2854394.5302591324,wholegrain,5,"Historical 90-term coding, complete cohort"
rf_complete_historical,1,1,-0.0003475717343481566,-0.0018438408202338108,997,2854394.5302591324,legumes,3,"Historical 90-term coding, complete cohort"
rf_complete_historical,1,2,0.00017386212429035264,0.0002359634772097774,997,2854394.5302591324,legumes,3,"Historical 90-term coding, complete cohort"
rf_complete_historical,1,3,9.177773619487017e-05,0.00041944875718213925,997,2854394.5302591324,legumes,3,"Historical 90-term coding, complete cohort"
rf_complete_historical,1,4,0.00032542897241005786,0.003673869734545976,997,2854394.5302591324,legumes,3,"Historical 90-term coding, complete cohort"
rf_complete_historical,1,5,-0.0005660934848265298,-0.003144405998888322,997,2854394.5302591324,legumes,3,"Historical 90-term coding, complete cohort"
rf_complete_historical,1,1,-0.0003555162766376574,-0.007176284045696701,997,2854394.5302591324,fruit_days,7,"Historical 90-term coding, complete cohort"
rf_complete_historical,1,2,-0.00015823805407019775,-0.003603134954422771,997,2854394.5302591324,fruit_days,7,"Historical 90-term coding, complete cohort"
rf_complete_historical,1,3,-0.001277327942868306,-0.012209097950405812,997,2854394.5302591324,fruit_days,7,"Historical 90-term coding, complete cohort"
rf_complete_historical,1,4,-0.0006252743786742954,-0.009662389780431213,997,2854394.5302591324,fruit_days,7,"Historical 90-term coding, complete cohort"
rf_complete_historical,1,5,-0.0020572660740064697,-0.018173016535552144,997,2854394.5302591324,fruit_days,7,"Historical 90-term coding, complete cohort"
rf_complete_historical,1,1,-0.00020333107856951305,-0.00123944624547212,997,2854394.5302591324,fruit_portions,1,"Historical 90-term coding, complete cohort"
rf_complete_historical,1,2,6.634115587350609e-06,0.0009606784741947871,997,2854394.5302591324,fruit_portions,1,"Historical 90-term coding, complete cohort"
rf_complete_historical,1,3,-0.00029207392041016855,-0.000733983152625739,997,2854394.5302591324,fruit_portions,1,"Historical 90-term coding, complete cohort"
rf_complete_historical,1,4,-0.00012018581831046982,-0.0012227565234290694,997,2854394.5302591324,fruit_portions,1,"Historical 90-term coding, complete cohort"
rf_complete_historical,1,5,0.0007591599230261925,0.005201664706707021,997,2854394.5302591324,fruit_portions,1,"Historical 90-term coding, complete cohort"
rf_complete_historical,1,1,-0.00040807554482202857,-0.004581691559739198,997,2854394.5302591324,vegetable_days,7,"Historical 90-term coding, complete cohort"
rf_complete_historical,1,2,-0.0014540785921125787,-0.011145823613284311,997,2854394.5302591324,vegetable_days,7,"Historical 90-term coding, complete cohort"
rf_complete_historical,1,3,-0.0007389302223913541,-0.004374327968752367,997,2854394.5302591324,vegetable_days,7,"Historical 90-term coding, complete cohort"
rf_complete_historical,1,4,-4.4270317220651556e-05,-0.0017133898965152605,997,2854394.5302591324,vegetable_days,7,"Historical 90-term coding, complete cohort"
rf_complete_historical,1,5,-0.0007585180565339023,-0.006258331283054197,997,2854394.5302591324,vegetable_days,7,"Historical 90-term coding, complete cohort"
rf_complete_historical,1,1,0.00020254915146156183,-0.0020949809176449286,997,2854394.5302591324,vegetable_portions,1,"Historical 90-term coding, complete cohort"
rf_complete_historical,1,2,1.3663265718610873e-05,-0.0054382122610089345,997,2854394.5302591324,vegetable_portions,1,"Historical 90-term coding, complete cohort"
rf_complete_historical,1,3,-0.00030512744575836304,-0.0023782849855528143,997,2854394.5302591324,vegetable_portions,1,"Historical 90-term coding, complete cohort"
rf_complete_historical,1,4,-0.0002513049642697551,-0.0036588361001044234,997,2854394.5302591324,vegetable_portions,1,"Historical 90-term coding, complete cohort"
rf_complete_historical,1,5,0.0002722200964845878,-0.001604418502838878,997,2854394.5302591324,vegetable_portions,1,"Historical 90-term coding, complete cohort"
rf_complete_historical,1,1,-0.0001256238474544591,0.0018166716345117129,997,2854394.5302591324,label_ingredients,4,"Historical 90-term coding, complete cohort"
rf_complete_historical,1,2,9.149822409121322e-05,0.0011523541805144033,997,2854394.5302591324,label_ingredients,4,"Historical 90-term coding, complete cohort"
rf_complete_historical,1,3,-0.0002968971835528855,-0.0004173874952670964,997,2854394.5302591324,label_ingredients,4,"Historical 90-term coding, complete cohort"
rf_complete_historical,1,4,0.0003462492429057995,0.0025830090248447624,997,2854394.5302591324,label_ingredients,4,"Historical 90-term coding, complete cohort"
rf_complete_historical,1,5,1.4660408164612893e-05,0.001244340716378911,997,2854394.5302591324,label_ingredients,4,"Historical 90-term coding, complete cohort"
rf_complete_historical,1,1,-0.0020806047454737797,-0.012983536907148152,997,2854394.5302591324,label_nutrition,4,"Historical 90-term coding, complete cohort"
rf_complete_historical,1,2,-0.0003464113582077877,0.0019031748025670758,997,2854394.5302591324,label_nutrition,4,"Historical 90-term coding, complete cohort"
rf_complete_historical,1,3,0.00038323593579203674,0.005520139276929181,997,2854394.5302591324,label_nutrition,4,"Historical 90-term coding, complete cohort"
rf_complete_historical,1,4,-0.00024784281848627687,-0.0023873582987786746,997,2854394.5302591324,label_nutrition,4,"Historical 90-term coding, complete cohort"
rf_complete_historical,1,5,-0.0009643369433160742,-0.0033524476027676497,997,2854394.5302591324,label_nutrition,4,"Historical 90-term coding, complete cohort"
rf_complete_historical,1,1,0.0014605924687763894,0.004542493235040079,997,2854394.5302591324,label_warnings,4,"Historical 90-term coding, complete cohort"
rf_complete_historical,1,2,0.0008497689842404399,0.006095793403219973,997,2854394.5302591324,label_warnings,4,"Historical 90-term coding, complete cohort"
rf_complete_historical,1,3,-0.0017778677259828735,-0.01660138224386254,997,2854394.5302591324,label_warnings,4,"Historical 90-term coding, complete cohort"
rf_complete_historical,1,4,0.0009077578795019248,0.0036631691785332654,997,2854394.5302591324,label_warnings,4,"Historical 90-term coding, complete cohort"
rf_complete_historical,1,5,-0.0006720872175444981,-0.004004632436362843,997,2854394.5302591324,label_warnings,4,"Historical 90-term coding, complete cohort"
rf_complete_historical,1,1,0.00036351611664828254,0.004243812360128052,997,2854394.5302591324,label_health,4,"Historical 90-term coding, complete cohort"
rf_complete_historical,1,2,-0.00039448524110580196,-0.005221747506741425,997,2854394.5302591324,label_health,4,"Historical 90-term coding, complete cohort"
rf_complete_historical,1,3,-0.00044861184421415845,-0.0032949213345113693,997,2854394.5302591324,label_health,4,"Historical 90-term coding, complete cohort"
rf_complete_historical,1,4,-0.00035838993789027995,-0.0014053993625207095,997,2854394.5302591324,label_health,4,"Historical 90-term coding, complete cohort"
rf_complete_historical,1,5,8.187517894076013e-05,0.0018745243181391702,997,2854394.5302591324,label_health,4,"Historical 90-term coding, complete cohort"
rf_complete_historical,1,1,-0.0010464315624210963,-0.0006409037157099062,997,2854394.5302591324,label_brand,4,"Historical 90-term coding, complete cohort"
rf_complete_historical,1,2,-0.0008115492235004629,-0.005661402013429684,997,2854394.5302591324,label_brand,4,"Historical 90-term coding, complete cohort"
rf_complete_historical,1,3,-0.0030022210318783327,-0.018960983123725517,997,2854394.5302591324,label_brand,4,"Historical 90-term coding, complete cohort"
rf_complete_historical,1,4,-0.000978402000889389,-8.923595609411361e-05,997,2854394.5302591324,label_brand,4,"Historical 90-term coding, complete cohort"
rf_complete_historical,1,5,-0.0011583104377962672,-0.005214729853267652,997,2854394.5302591324,label_brand,4,"Historical 90-term coding, complete cohort"
rf_complete_historical,1,1,0.0002686847651671709,0.002720241043811189,997,2854394.5302591324,label_discounts,4,"Historical 90-term coding, complete cohort"
rf_complete_historical,1,2,-0.0001238945196037622,-0.0012199359936020393,997,2854394.5302591324,label_discounts,4,"Historical 90-term coding, complete cohort"
rf_complete_historical,1,3,0.00015845437885880775,0.00047982122500522806,997,2854394.5302591324,label_discounts,4,"Historical 90-term coding, complete cohort"
rf_complete_historical,1,4,0.000159117182243651,-0.00033011078347200407,997,2854394.5302591324,label_discounts,4,"Historical 90-term coding, complete cohort"
rf_complete_historical,1,5,0.00026499910701180407,0.0012075800178240614,997,2854394.5302591324,label_discounts,4,"Historical 90-term coding, complete cohort"
rf_complete_historical,1,1,-0.0010595526658184473,-0.008999438054664188,997,2854394.5302591324,water,1,"Historical 90-term coding, complete cohort"
rf_complete_historical,1,2,0.000784816384410969,0.009611721473095303,997,2854394.5302591324,water,1,"Historical 90-term coding, complete cohort"
rf_complete_historical,1,3,-0.00018507422032881804,-0.001937361348831379,997,2854394.5302591324,water,1,"Historical 90-term coding, complete cohort"
rf_complete_historical,1,4,-0.00014265924915904393,0.002177107315029514,997,2854394.5302591324,water,1,"Historical 90-term coding, complete cohort"
rf_complete_historical,1,5,0.0004943969000454351,0.00743962426540512,997,2854394.5302591324,water,1,"Historical 90-term coding, complete cohort"
rf_complete_historical,1,1,0.0006594338302214342,0.007708628169280418,997,2854394.5302591324,soda_frequency,1,"Historical 90-term coding, complete cohort"
rf_complete_historical,1,2,0.0017636242127067048,0.014810052950648744,997,2854394.5302591324,soda_frequency,1,"Historical 90-term coding, complete cohort"
rf_complete_historical,1,3,0.0003593662147861332,0.005942590803863057,997,2854394.5302591324,soda_frequency,1,"Historical 90-term coding, complete cohort"
rf_complete_historical,1,4,0.000905121276070453,0.0102267204243639,997,2854394.5302591324,soda_frequency,1,"Historical 90-term coding, complete cohort"
rf_complete_historical,1,5,0.00012127909486603361,0.004712219978911247,997,2854394.5302591324,soda_frequency,1,"Historical 90-term coding, complete cohort"
rf_complete_historical,1,1,-0.000899829343955133,-0.0035573851612950014,997,2854394.5302591324,juice_frequency,1,"Historical 90-term coding, complete cohort"
rf_complete_historical,1,2,-0.0005660752611439945,-0.0016200463914424201,997,2854394.5302591324,juice_frequency,1,"Historical 90-term coding, complete cohort"
rf_complete_historical,1,3,3.199388621688559e-05,0.0020682845310809883,997,2854394.5302591324,juice_frequency,1,"Historical 90-term coding, complete cohort"
rf_complete_historical,1,4,-0.0006924116505915567,-0.0018194844066855564,997,2854394.5302591324,juice_frequency,1,"Historical 90-term coding, complete cohort"
rf_complete_historical,1,5,-0.0009350148158872307,-0.004235972784501496,997,2854394.5302591324,juice_frequency,1,"Historical 90-term coding, complete cohort"
rf_complete_historical,1,1,-0.00010059331880238331,-0.0012692790915124208,997,2854394.5302591324,oil,6,"Historical 90-term coding, complete cohort"
rf_complete_historical,1,2,-9.390982659479574e-06,-0.0008488061574881689,997,2854394.5302591324,oil,6,"Historical 90-term coding, complete cohort"
rf_complete_historical,1,3,-8.434692839145996e-05,-0.001563048651052057,997,2854394.5302591324,oil,6,"Historical 90-term coding, complete cohort"
rf_complete_historical,1,4,0.00024637878181557604,0.0015586929739473954,997,2854394.5302591324,oil,6,"Historical 90-term coding, complete cohort"
rf_complete_historical,1,5,-6.022563841703854e-05,-0.0007606592114587363,997,2854394.5302591324,oil,6,"Historical 90-term coding, complete cohort"
rf_complete_historical,2,1,0.006741219885613631,0.05014532184775278,997,2550707.318306923,age,1,"Historical 90-term coding, complete cohort"
rf_complete_historical,2,2,0.0026408012818365523,0.014662676026496624,997,2550707.318306923,age,1,"Historical 90-term coding, complete cohort"
rf_complete_historical,2,3,0.0019865437666415076,0.023857470853526852,997,2550707.318306923,age,1,"Historical 90-term coding, complete cohort"
rf_complete_historical,2,4,0.007274245831588727,0.05987022314781676,997,2550707.318306923,age,1,"Historical 90-term coding, complete cohort"
rf_complete_historical,2,5,0.003425256665024634,0.020584522611934553,997,2550707.318306923,age,1,"Historical 90-term coding, complete cohort"
rf_complete_historical,2,1,0.0002140671539750949,0.003452613028244844,997,2550707.318306923,sex,1,"Historical 90-term coding, complete cohort"
rf_complete_historical,2,2,0.0013193644944916316,0.005616184337785657,997,2550707.318306923,sex,1,"Historical 90-term coding, complete cohort"
rf_complete_historical,2,3,0.0006710147104086461,0.00768738936163027,997,2550707.318306923,sex,1,"Historical 90-term coding, complete cohort"
rf_complete_historical,2,4,0.0023644925036603037,0.019043950020508515,997,2550707.318306923,sex,1,"Historical 90-term coding, complete cohort"
rf_complete_historical,2,5,0.0024956583719536185,0.013714053535844872,997,2550707.318306923,sex,1,"Historical 90-term coding, complete cohort"
rf_complete_historical,2,1,0.00045416431298531124,0.002384556693404871,997,2550707.318306923,region,14,"Historical 90-term coding, complete cohort"
rf_complete_historical,2,2,0.0012632824429995304,0.0006043341049726259,997,2550707.318306923,region,14,"Historical 90-term coding, complete cohort"
rf_complete_historical,2,3,-0.0020151073156857158,-0.00669444675669173,997,2550707.318306923,region,14,"Historical 90-term coding, complete cohort"
rf_complete_historical,2,4,-0.0002629867887763704,-0.007472849446228613,997,2550707.318306923,region,14,"Historical 90-term coding, complete cohort"
rf_complete_historical,2,5,0.0014771305921399136,0.005815006661103128,997,2550707.318306923,region,14,"Historical 90-term coding, complete cohort"
rf_complete_historical,2,1,0.0004800242799371801,0.002296487526808777,997,2550707.318306923,rural,1,"Historical 90-term coding, complete cohort"
rf_complete_historical,2,2,0.00017981619454593423,0.001160566950138442,997,2550707.318306923,rural,1,"Historical 90-term coding, complete cohort"
rf_complete_historical,2,3,0.00048447593815592604,0.0030096450957202148,997,2550707.318306923,rural,1,"Historical 90-term coding, complete cohort"
rf_complete_historical,2,4,0.00031190095465788437,0.001285044779860467,997,2550707.318306923,rural,1,"Historical 90-term coding, complete cohort"
rf_complete_historical,2,5,0.00034008193340043236,0.0020272335327732316,997,2550707.318306923,rural,1,"Historical 90-term coding, complete cohort"
rf_complete_historical,2,1,0.00035881738737120195,0.005519840940169329,997,2550707.318306923,education,2,"Historical 90-term coding, complete cohort"
rf_complete_historical,2,2,0.0011217190615269712,0.00918346595620756,997,2550707.318306923,education,2,"Historical 90-term coding, complete cohort"
rf_complete_historical,2,3,0.0007926147539226158,0.004793872150528733,997,2550707.318306923,education,2,"Historical 90-term coding, complete cohort"
rf_complete_historical,2,4,0.0012324055167929615,0.006706426745341831,997,2550707.318306923,education,2,"Historical 90-term coding, complete cohort"
rf_complete_historical,2,5,3.0632446846867722e-06,0.006468592602372758,997,2550707.318306923,education,2,"Historical 90-term coding, complete cohort"
rf_complete_historical,2,1,-0.0004894814146758908,-0.003636023429357871,997,2550707.318306923,indigenous,1,"Historical 90-term coding, complete cohort"
rf_complete_historical,2,2,-0.0002166099719006498,-0.0010568853762118469,997,2550707.318306923,indigenous,1,"Historical 90-term coding, complete cohort"
rf_complete_historical,2,3,-0.0003192864337629442,-0.0023505358770894436,997,2550707.318306923,indigenous,1,"Historical 90-term coding, complete cohort"
rf_complete_historical,2,4,-0.0002840715697258467,-0.0016440421681108708,997,2550707.318306923,indigenous,1,"Historical 90-term coding, complete cohort"
rf_complete_historical,2,5,-0.0004935242358087011,-0.00326621343227651,997,2550707.318306923,indigenous,1,"Historical 90-term coding, complete cohort"
rf_complete_historical,2,1,-0.00043476575572565235,-0.001772618603042786,997,2550707.318306923,born_chile,1,"Historical 90-term coding, complete cohort"
rf_complete_historical,2,2,-0.0005154500804539497,-0.002725163598477298,997,2550707.318306923,born_chile,1,"Historical 90-term coding, complete cohort"
rf_complete_historical,2,3,-0.00048625489490855545,-0.002713696469846427,997,2550707.318306923,born_chile,1,"Historical 90-term coding, complete cohort"
rf_complete_historical,2,4,-5.404769935316023e-05,0.00048589186710035204,997,2550707.318306923,born_chile,1,"Historical 90-term coding, complete cohort"
rf_complete_historical,2,5,-0.00038896271889751755,-0.002140859011064311,997,2550707.318306923,born_chile,1,"Historical 90-term coding, complete cohort"
rf_complete_historical,2,1,0.004349408996189907,0.026280238158761904,997,2550707.318306923,teeth_remaining,1,"Historical 90-term coding, complete cohort"
rf_complete_historical,2,2,0.005998292494009155,0.04469029849413242,997,2550707.318306923,teeth_remaining,1,"Historical 90-term coding, complete cohort"
rf_complete_historical,2,3,0.006557427328077126,0.04184317671618287,997,2550707.318306923,teeth_remaining,1,"Historical 90-term coding, complete cohort"
rf_complete_historical,2,4,0.005189387329676137,0.032807352311287286,997,2550707.318306923,teeth_remaining,1,"Historical 90-term coding, complete cohort"
rf_complete_historical,2,5,0.004204335908795681,0.033748500031071105,997,2550707.318306923,teeth_remaining,1,"Historical 90-term coding, complete cohort"
rf_complete_historical,2,1,-0.003747525207983965,-0.023638800715928165,997,2550707.318306923,fish,3,"Historical 90-term coding, complete cohort"
rf_complete_historical,2,2,-0.0010228769173291352,-0.006899949606638978,997,2550707.318306923,fish,3,"Historical 90-term coding, complete cohort"
rf_complete_historical,2,3,-0.004290231605972944,-0.023000855250121743,997,2550707.318306923,fish,3,"Historical 90-term coding, complete cohort"
rf_complete_historical,2,4,-0.0028632301846651664,-0.015697125829580383,997,2550707.318306923,fish,3,"Historical 90-term coding, complete cohort"
rf_complete_historical,2,5,-0.0004913178754898107,-0.0040123609688804684,997,2550707.318306923,fish,3,"Historical 90-term coding, complete cohort"
rf_complete_historical,2,1,0.0007140011118299538,0.005524905488387022,997,2550707.318306923,dairy_frequency,6,"Historical 90-term coding, complete cohort"
rf_complete_historical,2,2,0.0003841410721139582,0.001498043503087243,997,2550707.318306923,dairy_frequency,6,"Historical 90-term coding, complete cohort"
rf_complete_historical,2,3,0.0025902203978183935,0.012989893524778973,997,2550707.318306923,dairy_frequency,6,"Historical 90-term coding, complete cohort"
rf_complete_historical,2,4,0.000676200056769577,0.005263233282725377,997,2550707.318306923,dairy_frequency,6,"Historical 90-term coding, complete cohort"
rf_complete_historical,2,5,0.0010981852817676385,0.007680821924438419,997,2550707.318306923,dairy_frequency,6,"Historical 90-term coding, complete cohort"
rf_complete_historical,2,1,-0.001367718864107692,-0.00868635307300858,997,2550707.318306923,dairy_type,2,"Historical 90-term coding, complete cohort"
rf_complete_historical,2,2,-0.0019273528537493423,-0.015005577505095902,997,2550707.318306923,dairy_type,2,"Historical 90-term coding, complete cohort"
rf_complete_historical,2,3,-0.003186648983281637,-0.022564818754612914,997,2550707.318306923,dairy_type,2,"Historical 90-term coding, complete cohort"
rf_complete_historical,2,4,-0.0008459468920103408,-0.008198921270141324,997,2550707.318306923,dairy_type,2,"Historical 90-term coding, complete cohort"
rf_complete_historical,2,5,-0.0018514112261273086,-0.014648133203319147,997,2550707.318306923,dairy_type,2,"Historical 90-term coding, complete cohort"
rf_complete_historical,2,1,0.0013647839157636676,0.008063086944612996,997,2550707.318306923,wholegrain,5,"Historical 90-term coding, complete cohort"
rf_complete_historical,2,2,0.002001770972866357,0.008499464241338517,997,2550707.318306923,wholegrain,5,"Historical 90-term coding, complete cohort"
rf_complete_historical,2,3,0.002019881129987744,0.011155154165498393,997,2550707.318306923,wholegrain,5,"Historical 90-term coding, complete cohort"
rf_complete_historical,2,4,0.0013819498414723297,0.010890780016399537,997,2550707.318306923,wholegrain,5,"Historical 90-term coding, complete cohort"
rf_complete_historical,2,5,0.002106651283479255,0.012212525880514247,997,2550707.318306923,wholegrain,5,"Historical 90-term coding, complete cohort"
rf_complete_historical,2,1,0.0004138647079148239,0.004123642279613371,997,2550707.318306923,legumes,3,"Historical 90-term coding, complete cohort"
rf_complete_historical,2,2,-0.000647075522328372,-0.0007217438167719248,997,2550707.318306923,legumes,3,"Historical 90-term coding, complete cohort"
rf_complete_historical,2,3,-0.0013364279360279507,-0.005793526615386679,997,2550707.318306923,legumes,3,"Historical 90-term coding, complete cohort"
rf_complete_historical,2,4,-0.0010512944539347313,-0.0028815737714026346,997,2550707.318306923,legumes,3,"Historical 90-term coding, complete cohort"
rf_complete_historical,2,5,-0.001792752659837804,-0.007540123873124638,997,2550707.318306923,legumes,3,"Historical 90-term coding, complete cohort"
rf_complete_historical,2,1,0.0008557255043137868,0.0007875270007453583,997,2550707.318306923,fruit_days,7,"Historical 90-term coding, complete cohort"
rf_complete_historical,2,2,-0.0004626829923293496,-0.0039618534117022985,997,2550707.318306923,fruit_days,7,"Historical 90-term coding, complete cohort"
rf_complete_historical,2,3,-0.0004817162404305575,-0.003947384358926942,997,2550707.318306923,fruit_days,7,"Historical 90-term coding, complete cohort"
rf_complete_historical,2,4,0.0007284723600707033,0.00832438975696248,997,2550707.318306923,fruit_days,7,"Historical 90-term coding, complete cohort"
rf_complete_historical,2,5,0.000300566465040647,0.00012838517912361347,997,2550707.318306923,fruit_days,7,"Historical 90-term coding, complete cohort"
rf_complete_historical,2,1,0.0007528324729264846,0.00573294615089337,997,2550707.318306923,fruit_portions,1,"Historical 90-term coding, complete cohort"
rf_complete_historical,2,2,-0.00012663663360684696,0.002992806654844693,997,2550707.318306923,fruit_portions,1,"Historical 90-term coding, complete cohort"
rf_complete_historical,2,3,0.0008716303671751913,0.00496927393397073,997,2550707.318306923,fruit_portions,1,"Historical 90-term coding, complete cohort"
rf_complete_historical,2,4,-9.377778060631892e-05,-0.0005434023849233416,997,2550707.318306923,fruit_portions,1,"Historical 90-term coding, complete cohort"
rf_complete_historical,2,5,-0.00021466503464395714,0.0004360718725163748,997,2550707.318306923,fruit_portions,1,"Historical 90-term coding, complete cohort"
rf_complete_historical,2,1,-3.974858040561857e-05,-0.0005474463346502034,997,2550707.318306923,vegetable_days,7,"Historical 90-term coding, complete cohort"
rf_complete_historical,2,2,0.0017386770045760835,0.007595900194174443,997,2550707.318306923,vegetable_days,7,"Historical 90-term coding, complete cohort"
rf_complete_historical,2,3,0.0008432890206627186,0.004030420223138598,997,2550707.318306923,vegetable_days,7,"Historical 90-term coding, complete cohort"
rf_complete_historical,2,4,0.00038241109498299286,0.0007949367967112764,997,2550707.318306923,vegetable_days,7,"Historical 90-term coding, complete cohort"
rf_complete_historical,2,5,8.783499571538012e-05,-3.945727313492409e-05,997,2550707.318306923,vegetable_days,7,"Historical 90-term coding, complete cohort"
rf_complete_historical,2,1,-0.0017446928238545045,-0.011251390243142034,997,2550707.318306923,vegetable_portions,1,"Historical 90-term coding, complete cohort"
rf_complete_historical,2,2,-0.00011611700672192748,-0.001679234776739591,997,2550707.318306923,vegetable_portions,1,"Historical 90-term coding, complete cohort"
rf_complete_historical,2,3,-0.0009760911816944495,-0.007626155857169192,997,2550707.318306923,vegetable_portions,1,"Historical 90-term coding, complete cohort"
rf_complete_historical,2,4,-0.0010023955611777047,-0.00634785618400957,997,2550707.318306923,vegetable_portions,1,"Historical 90-term coding, complete cohort"
rf_complete_historical,2,5,2.0557616452421268e-05,-0.0004022977861641852,997,2550707.318306923,vegetable_portions,1,"Historical 90-term coding, complete cohort"
rf_complete_historical,2,1,-0.0008291759228086781,-0.004499756330588078,997,2550707.318306923,label_ingredients,4,"Historical 90-term coding, complete cohort"
rf_complete_historical,2,2,-0.0012575285326471286,-0.004679220179592769,997,2550707.318306923,label_ingredients,4,"Historical 90-term coding, complete cohort"
rf_complete_historical,2,3,-0.0014238153071818582,-0.012029745621975008,997,2550707.318306923,label_ingredients,4,"Historical 90-term coding, complete cohort"
rf_complete_historical,2,4,-0.0003993482086716016,-0.0016894620744832833,997,2550707.318306923,label_ingredients,4,"Historical 90-term coding, complete cohort"
rf_complete_historical,2,5,-0.0014554503698108179,-0.007100440206339487,997,2550707.318306923,label_ingredients,4,"Historical 90-term coding, complete cohort"
rf_complete_historical,2,1,-0.001177906882315477,-0.005584126028263858,997,2550707.318306923,label_nutrition,4,"Historical 90-term coding, complete cohort"
rf_complete_historical,2,2,-0.0006527324278043645,-0.0036599042507441393,997,2550707.318306923,label_nutrition,4,"Historical 90-term coding, complete cohort"
rf_complete_historical,2,3,-0.0006096571415801222,-0.005248161196377277,997,2550707.318306923,label_nutrition,4,"Historical 90-term coding, complete cohort"
rf_complete_historical,2,4,-0.0010287854270199515,-0.007537335865119288,997,2550707.318306923,label_nutrition,4,"Historical 90-term coding, complete cohort"
rf_complete_historical,2,5,-0.00046342085276812606,-0.00299693283104574,997,2550707.318306923,label_nutrition,4,"Historical 90-term coding, complete cohort"
rf_complete_historical,2,1,-0.0018993700753665854,-0.01259481710188326,997,2550707.318306923,label_warnings,4,"Historical 90-term coding, complete cohort"
rf_complete_historical,2,2,-0.0014485875325790376,-0.010066725362805506,997,2550707.318306923,label_warnings,4,"Historical 90-term coding, complete cohort"
rf_complete_historical,2,3,-0.0008344506576090371,-0.003551927435275548,997,2550707.318306923,label_warnings,4,"Historical 90-term coding, complete cohort"
rf_complete_historical,2,4,-0.0016053394964753165,-0.010013370310967162,997,2550707.318306923,label_warnings,4,"Historical 90-term coding, complete cohort"
rf_complete_historical,2,5,-0.0017160109625993514,-0.010964811861463142,997,2550707.318306923,label_warnings,4,"Historical 90-term coding, complete cohort"
rf_complete_historical,2,1,-0.0012009255439622002,-0.00975041701548185,997,2550707.318306923,label_health,4,"Historical 90-term coding, complete cohort"
rf_complete_historical,2,2,0.00041100539391478175,0.0010452616608835896,997,2550707.318306923,label_health,4,"Historical 90-term coding, complete cohort"
rf_complete_historical,2,3,-0.001745885252100371,-0.011517758494473673,997,2550707.318306923,label_health,4,"Historical 90-term coding, complete cohort"
rf_complete_historical,2,4,-0.0005521558116565461,-0.005176088273169177,997,2550707.318306923,label_health,4,"Historical 90-term coding, complete cohort"
rf_complete_historical,2,5,-0.0002519803216274319,-0.0027323847383718958,997,2550707.318306923,label_health,4,"Historical 90-term coding, complete cohort"
rf_complete_historical,2,1,0.00029933331563383736,-0.0017863212351301172,997,2550707.318306923,label_brand,4,"Historical 90-term coding, complete cohort"
rf_complete_historical,2,2,0.0003665282859620367,0.0016113226353481336,997,2550707.318306923,label_brand,4,"Historical 90-term coding, complete cohort"
rf_complete_historical,2,3,0.001353595658655088,0.0060117173382173705,997,2550707.318306923,label_brand,4,"Historical 90-term coding, complete cohort"
rf_complete_historical,2,4,-0.00021240092149135692,-0.004287644117642597,997,2550707.318306923,label_brand,4,"Historical 90-term coding, complete cohort"
rf_complete_historical,2,5,0.00020560396300306483,-0.0014386399531184368,997,2550707.318306923,label_brand,4,"Historical 90-term coding, complete cohort"
rf_complete_historical,2,1,0.0007193784453184138,0.00012602940267314455,997,2550707.318306923,label_discounts,4,"Historical 90-term coding, complete cohort"
rf_complete_historical,2,2,0.0007939395643357661,0.00380267035909454,997,2550707.318306923,label_discounts,4,"Historical 90-term coding, complete cohort"
rf_complete_historical,2,3,0.00024317431485298968,-0.0007268827761979235,997,2550707.318306923,label_discounts,4,"Historical 90-term coding, complete cohort"
rf_complete_historical,2,4,0.00021784826792722867,0.0027989471279403766,997,2550707.318306923,label_discounts,4,"Historical 90-term coding, complete cohort"
rf_complete_historical,2,5,0.0006345059806712183,0.003629298855717278,997,2550707.318306923,label_discounts,4,"Historical 90-term coding, complete cohort"
rf_complete_historical,2,1,-0.0008384753908282083,-0.005302048205816257,997,2550707.318306923,water,1,"Historical 90-term coding, complete cohort"
rf_complete_historical,2,2,-0.001074161508315269,-0.0037948757317148862,997,2550707.318306923,water,1,"Historical 90-term coding, complete cohort"
rf_complete_historical,2,3,-0.0024712857320377257,-0.01272234932340277,997,2550707.318306923,water,1,"Historical 90-term coding, complete cohort"
rf_complete_historical,2,4,-0.00021007861273564243,0.001196119212825586,997,2550707.318306923,water,1,"Historical 90-term coding, complete cohort"
rf_complete_historical,2,5,-0.0015687261364517036,-0.0050434467965989604,997,2550707.318306923,water,1,"Historical 90-term coding, complete cohort"
rf_complete_historical,2,1,-0.001090301912118452,-0.002088758513197342,997,2550707.318306923,soda_frequency,1,"Historical 90-term coding, complete cohort"
rf_complete_historical,2,2,0.002099882536338693,0.011286249660234171,997,2550707.318306923,soda_frequency,1,"Historical 90-term coding, complete cohort"
rf_complete_historical,2,3,0.0009264254671249028,0.010988278125262152,997,2550707.318306923,soda_frequency,1,"Historical 90-term coding, complete cohort"
rf_complete_historical,2,4,-0.0008945854484544158,-0.004776441278347532,997,2550707.318306923,soda_frequency,1,"Historical 90-term coding, complete cohort"
rf_complete_historical,2,5,0.00038820787991997174,0.0033338502926890667,997,2550707.318306923,soda_frequency,1,"Historical 90-term coding, complete cohort"
rf_complete_historical,2,1,0.0006665357218791912,0.004408719495206825,997,2550707.318306923,juice_frequency,1,"Historical 90-term coding, complete cohort"
rf_complete_historical,2,2,4.532737243859164e-05,0.001509489391579577,997,2550707.318306923,juice_frequency,1,"Historical 90-term coding, complete cohort"
rf_complete_historical,2,3,0.002000536536124614,0.007117519388388227,997,2550707.318306923,juice_frequency,1,"Historical 90-term coding, complete cohort"
rf_complete_historical,2,4,0.0010965223711337513,0.00486832017011507,997,2550707.318306923,juice_frequency,1,"Historical 90-term coding, complete cohort"
rf_complete_historical,2,5,0.0006751242379150202,0.000124095413332026,997,2550707.318306923,juice_frequency,1,"Historical 90-term coding, complete cohort"
rf_complete_historical,2,1,0.00032855217373575774,-0.0018152118491117086,997,2550707.318306923,oil,6,"Historical 90-term coding, complete cohort"
rf_complete_historical,2,2,0.00018717774200299742,-0.002443958629314791,997,2550707.318306923,oil,6,"Historical 90-term coding, complete cohort"
rf_complete_historical,2,3,3.246773501056066e-05,-0.0037225459808860606,997,2550707.318306923,oil,6,"Historical 90-term coding, complete cohort"
rf_complete_historical,2,4,0.0002511255785877242,-0.003177223651794181,997,2550707.318306923,oil,6,"Historical 90-term coding, complete cohort"
rf_complete_historical,2,5,0.000557941011084695,0.00014964639724401874,997,2550707.318306923,oil,6,"Historical 90-term coding, complete cohort"
rf_complete_historical,3,1,0.0034217915595080584,0.02934752418260289,1005,2756937.4032588005,age,1,"Historical 90-term coding, complete cohort"
rf_complete_historical,3,2,0.0070141824109391515,0.04329942386183894,1005,2756937.4032588005,age,1,"Historical 90-term coding, complete cohort"
rf_complete_historical,3,3,0.0058350512492821305,0.037972215967432166,1005,2756937.4032588005,age,1,"Historical 90-term coding, complete cohort"
rf_complete_historical,3,4,0.008201266272997415,0.05471609013895795,1005,2756937.4032588005,age,1,"Historical 90-term coding, complete cohort"
rf_complete_historical,3,5,-0.0034917746807683614,-0.025551562868135536,1005,2756937.4032588005,age,1,"Historical 90-term coding, complete cohort"
rf_complete_historical,3,1,0.0024707099060573834,0.016829757276663915,1005,2756937.4032588005,sex,1,"Historical 90-term coding, complete cohort"
rf_complete_historical,3,2,-0.001555597415978327,-0.010306921496092136,1005,2756937.4032588005,sex,1,"Historical 90-term coding, complete cohort"
rf_complete_historical,3,3,0.003660881757495127,0.020685782524972662,1005,2756937.4032588005,sex,1,"Historical 90-term coding, complete cohort"
rf_complete_historical,3,4,-0.001975285936476945,-0.008191451554827589,1005,2756937.4032588005,sex,1,"Historical 90-term coding, complete cohort"
rf_complete_historical,3,5,0.001622970735301682,0.009378071396879406,1005,2756937.4032588005,sex,1,"Historical 90-term coding, complete cohort"
rf_complete_historical,3,1,0.0002805172184353888,0.0013683301248677004,1005,2756937.4032588005,region,14,"Historical 90-term coding, complete cohort"
rf_complete_historical,3,2,0.00010666652142107824,0.0003397516666137079,1005,2756937.4032588005,region,14,"Historical 90-term coding, complete cohort"
rf_complete_historical,3,3,0.00029713631181096933,0.001325763188772866,1005,2756937.4032588005,region,14,"Historical 90-term coding, complete cohort"
rf_complete_historical,3,4,0.0004641262693321768,0.002951312304159348,1005,2756937.4032588005,region,14,"Historical 90-term coding, complete cohort"
rf_complete_historical,3,5,0.00041303621591223805,0.0024048605636992626,1005,2756937.4032588005,region,14,"Historical 90-term coding, complete cohort"
rf_complete_historical,3,1,-1.3809121337610142e-05,-0.00017579105013920682,1005,2756937.4032588005,rural,1,"Historical 90-term coding, complete cohort"
rf_complete_historical,3,2,7.751203485450997e-06,-0.00010184265093393652,1005,2756937.4032588005,rural,1,"Historical 90-term coding, complete cohort"
rf_complete_historical,3,3,3.132195179225694e-05,0.00013659018090295127,1005,2756937.4032588005,rural,1,"Historical 90-term coding, complete cohort"
rf_complete_historical,3,4,3.4721362661138677e-06,-5.9811523994035554e-05,1005,2756937.4032588005,rural,1,"Historical 90-term coding, complete cohort"
rf_complete_historical,3,5,1.0696229780088329e-05,-6.221835668740461e-05,1005,2756937.4032588005,rural,1,"Historical 90-term coding, complete cohort"
rf_complete_historical,3,1,0.0009252173670692143,0.006206467474212274,1005,2756937.4032588005,education,2,"Historical 90-term coding, complete cohort"
rf_complete_historical,3,2,0.00022532845359574116,0.0034320699649253994,1005,2756937.4032588005,education,2,"Historical 90-term coding, complete cohort"
rf_complete_historical,3,3,0.0010857606084819504,0.007180402050997792,1005,2756937.4032588005,education,2,"Historical 90-term coding, complete cohort"
rf_complete_historical,3,4,0.0006835868725047489,0.0068165426730694145,1005,2756937.4032588005,education,2,"Historical 90-term coding, complete cohort"
rf_complete_historical,3,5,-0.0005730920599486822,-0.0021025532726611784,1005,2756937.4032588005,education,2,"Historical 90-term coding, complete cohort"
rf_complete_historical,3,1,0.0,0.0,1005,2756937.4032588005,indigenous,1,"Historical 90-term coding, complete cohort"
rf_complete_historical,3,2,0.0,0.0,1005,2756937.4032588005,indigenous,1,"Historical 90-term coding, complete cohort"
rf_complete_historical,3,3,0.0,0.0,1005,2756937.4032588005,indigenous,1,"Historical 90-term coding, complete cohort"
rf_complete_historical,3,4,0.0,0.0,1005,2756937.4032588005,indigenous,1,"Historical 90-term coding, complete cohort"
rf_complete_historical,3,5,0.0,0.0,1005,2756937.4032588005,indigenous,1,"Historical 90-term coding, complete cohort"
rf_complete_historical,3,1,0.0,0.0,1005,2756937.4032588005,born_chile,1,"Historical 90-term coding, complete cohort"
rf_complete_historical,3,2,0.0,0.0,1005,2756937.4032588005,born_chile,1,"Historical 90-term coding, complete cohort"
rf_complete_historical,3,3,0.0,0.0,1005,2756937.4032588005,born_chile,1,"Historical 90-term coding, complete cohort"
rf_complete_historical,3,4,0.0,0.0,1005,2756937.4032588005,born_chile,1,"Historical 90-term coding, complete cohort"
rf_complete_historical,3,5,0.0,0.0,1005,2756937.4032588005,born_chile,1,"Historical 90-term coding, complete cohort"
rf_complete_historical,3,1,0.010467982711376833,0.06502200418114457,1005,2756937.4032588005,teeth_remaining,1,"Historical 90-term coding, complete cohort"
rf_complete_historical,3,2,0.006363138411604657,0.02270528567342278,1005,2756937.4032588005,teeth_remaining,1,"Historical 90-term coding, complete cohort"
rf_complete_historical,3,3,0.006165683148624285,0.028701978590567112,1005,2756937.4032588005,teeth_remaining,1,"Historical 90-term coding, complete cohort"
rf_complete_historical,3,4,0.008627863321115037,0.05020319987876953,1005,2756937.4032588005,teeth_remaining,1,"Historical 90-term coding, complete cohort"
rf_complete_historical,3,5,0.008324771116968777,0.0593254886532506,1005,2756937.4032588005,teeth_remaining,1,"Historical 90-term coding, complete cohort"
rf_complete_historical,3,1,-0.00024855263254977555,-0.0015391514322995459,1005,2756937.4032588005,fish,3,"Historical 90-term coding, complete cohort"
rf_complete_historical,3,2,-8.037547999467654e-06,-0.0004047916495926174,1005,2756937.4032588005,fish,3,"Historical 90-term coding, complete cohort"
rf_complete_historical,3,3,-5.512069962163024e-05,-8.708161447090745e-05,1005,2756937.4032588005,fish,3,"Historical 90-term coding, complete cohort"
rf_complete_historical,3,4,1.7810140308022193e-05,0.0007921963175476776,1005,2756937.4032588005,fish,3,"Historical 90-term coding, complete cohort"
rf_complete_historical,3,5,5.741567749564802e-05,0.0004747248239233004,1005,2756937.4032588005,fish,3,"Historical 90-term coding, complete cohort"
rf_complete_historical,3,1,-0.00025670476904909867,-0.002470889498905837,1005,2756937.4032588005,dairy_frequency,6,"Historical 90-term coding, complete cohort"
rf_complete_historical,3,2,-0.00030130703366015865,-0.003838364300287389,1005,2756937.4032588005,dairy_frequency,6,"Historical 90-term coding, complete cohort"
rf_complete_historical,3,3,-3.558713612655806e-06,-0.0003852304318341382,1005,2756937.4032588005,dairy_frequency,6,"Historical 90-term coding, complete cohort"
rf_complete_historical,3,4,6.928425274066452e-05,-0.0007235584977670628,1005,2756937.4032588005,dairy_frequency,6,"Historical 90-term coding, complete cohort"
rf_complete_historical,3,5,-0.000363821461201147,-0.003161373000226675,1005,2756937.4032588005,dairy_frequency,6,"Historical 90-term coding, complete cohort"
rf_complete_historical,3,1,-6.630429648543656e-05,-0.000351617430411566,1005,2756937.4032588005,dairy_type,2,"Historical 90-term coding, complete cohort"
rf_complete_historical,3,2,0.00011133185997772022,0.0006149184734491886,1005,2756937.4032588005,dairy_type,2,"Historical 90-term coding, complete cohort"
rf_complete_historical,3,3,-8.120449514717465e-05,-0.0013214315772127616,1005,2756937.4032588005,dairy_type,2,"Historical 90-term coding, complete cohort"
rf_complete_historical,3,4,-0.0001037969615672596,-0.0012978689165838997,1005,2756937.4032588005,dairy_type,2,"Historical 90-term coding, complete cohort"
rf_complete_historical,3,5,4.4610040682846464e-05,0.0007777122270609116,1005,2756937.4032588005,dairy_type,2,"Historical 90-term coding, complete cohort"
rf_complete_historical,3,1,0.0005449090516281285,0.0021685478014010773,1005,2756937.4032588005,wholegrain,5,"Historical 90-term coding, complete cohort"
rf_complete_historical,3,2,0.00010414576880551918,0.0005544091918880945,1005,2756937.4032588005,wholegrain,5,"Historical 90-term coding, complete cohort"
rf_complete_historical,3,3,0.0003164357108207949,0.0016395616209131658,1005,2756937.4032588005,wholegrain,5,"Historical 90-term coding, complete cohort"
rf_complete_historical,3,4,0.0003785716585823773,0.0017381357866943503,1005,2756937.4032588005,wholegrain,5,"Historical 90-term coding, complete cohort"
rf_complete_historical,3,5,0.0004144142561711972,0.003397396531000463,1005,2756937.4032588005,wholegrain,5,"Historical 90-term coding, complete cohort"
rf_complete_historical,3,1,0.0001669861535801287,0.0018421350370986245,1005,2756937.4032588005,legumes,3,"Historical 90-term coding, complete cohort"
rf_complete_historical,3,2,-0.00024141610046968243,-0.0006190121303510931,1005,2756937.4032588005,legumes,3,"Historical 90-term coding, complete cohort"
rf_complete_historical,3,3,0.00016603161870884509,0.0018318462593645002,1005,2756937.4032588005,legumes,3,"Historical 90-term coding, complete cohort"
rf_complete_historical,3,4,-5.926005718012717e-05,-0.00013660391686143303,1005,2756937.4032588005,legumes,3,"Historical 90-term coding, complete cohort"
rf_complete_historical,3,5,-2.6195659434347096e-05,0.000681144418304136,1005,2756937.4032588005,legumes,3,"Historical 90-term coding, complete cohort"
rf_complete_historical,3,1,-2.404395602059739e-05,-0.0006487527919314395,1005,2756937.4032588005,fruit_days,7,"Historical 90-term coding, complete cohort"
rf_complete_historical,3,2,-7.63601743353215e-05,-0.0006485643544007491,1005,2756937.4032588005,fruit_days,7,"Historical 90-term coding, complete cohort"
rf_complete_historical,3,3,-0.00023719150593681793,-0.0017780061561831761,1005,2756937.4032588005,fruit_days,7,"Historical 90-term coding, complete cohort"
rf_complete_historical,3,4,-1.3420241508216302e-05,-0.001401750083334763,1005,2756937.4032588005,fruit_days,7,"Historical 90-term coding, complete cohort"
rf_complete_historical,3,5,-0.00019024521126889682,-0.0020655969394227647,1005,2756937.4032588005,fruit_days,7,"Historical 90-term coding, complete cohort"
rf_complete_historical,3,1,8.134924027181079e-06,0.0001575686655848063,1005,2756937.4032588005,fruit_portions,1,"Historical 90-term coding, complete cohort"
rf_complete_historical,3,2,0.0002837739839859632,0.0024787972925397472,1005,2756937.4032588005,fruit_portions,1,"Historical 90-term coding, complete cohort"
rf_complete_historical,3,3,0.0001963682889913887,0.0011019735114821128,1005,2756937.4032588005,fruit_portions,1,"Historical 90-term coding, complete cohort"
rf_complete_historical,3,4,-6.918827840873831e-06,0.0001861611273972219,1005,2756937.4032588005,fruit_portions,1,"Historical 90-term coding, complete cohort"
rf_complete_historical,3,5,-2.9274666858647436e-05,-9.689372667553986e-05,1005,2756937.4032588005,fruit_portions,1,"Historical 90-term coding, complete cohort"
rf_complete_historical,3,1,5.661110401619651e-05,0.00038399743110406614,1005,2756937.4032588005,vegetable_days,7,"Historical 90-term coding, complete cohort"
rf_complete_historical,3,2,0.00017129857287118133,0.0009587691816964616,1005,2756937.4032588005,vegetable_days,7,"Historical 90-term coding, complete cohort"
rf_complete_historical,3,3,0.00015888647517411925,0.0015866123136509813,1005,2756937.4032588005,vegetable_days,7,"Historical 90-term coding, complete cohort"
rf_complete_historical,3,4,-6.039551791070519e-06,-0.0005522568670166539,1005,2756937.4032588005,vegetable_days,7,"Historical 90-term coding, complete cohort"
rf_complete_historical,3,5,0.0002671045160290153,0.0025834735461017777,1005,2756937.4032588005,vegetable_days,7,"Historical 90-term coding, complete cohort"
rf_complete_historical,3,1,0.0002264351157815203,0.0017303070747297644,1005,2756937.4032588005,vegetable_portions,1,"Historical 90-term coding, complete cohort"
rf_complete_historical,3,2,0.00018990833937362894,0.0003802982186233983,1005,2756937.4032588005,vegetable_portions,1,"Historical 90-term coding, complete cohort"
rf_complete_historical,3,3,5.458409780043083e-05,0.0007151103001878933,1005,2756937.4032588005,vegetable_portions,1,"Historical 90-term coding, complete cohort"
rf_complete_historical,3,4,6.540379131667051e-05,0.00023180132575362222,1005,2756937.4032588005,vegetable_portions,1,"Historical 90-term coding, complete cohort"
rf_complete_historical,3,5,0.00042003678590807336,0.0024417073292992697,1005,2756937.4032588005,vegetable_portions,1,"Historical 90-term coding, complete cohort"
rf_complete_historical,3,1,-0.00012168718794181022,-0.0008000827377618869,1005,2756937.4032588005,label_ingredients,4,"Historical 90-term coding, complete cohort"
rf_complete_historical,3,2,-0.00015624776373729388,-0.000981437678202024,1005,2756937.4032588005,label_ingredients,4,"Historical 90-term coding, complete cohort"
rf_complete_historical,3,3,-0.0001365163727459484,-0.0005731275727303142,1005,2756937.4032588005,label_ingredients,4,"Historical 90-term coding, complete cohort"
rf_complete_historical,3,4,-0.00013788234167494418,-0.0007993874803898793,1005,2756937.4032588005,label_ingredients,4,"Historical 90-term coding, complete cohort"
rf_complete_historical,3,5,-0.00014867066355495062,-0.0007562621548509174,1005,2756937.4032588005,label_ingredients,4,"Historical 90-term coding, complete cohort"
rf_complete_historical,3,1,0.0003440475162009293,0.0008123471384475778,1005,2756937.4032588005,label_nutrition,4,"Historical 90-term coding, complete cohort"
rf_complete_historical,3,2,0.00029881599739906006,0.0010440283985659882,1005,2756937.4032588005,label_nutrition,4,"Historical 90-term coding, complete cohort"
rf_complete_historical,3,3,7.295190824818665e-05,-2.253328051726733e-05,1005,2756937.4032588005,label_nutrition,4,"Historical 90-term coding, complete cohort"
rf_complete_historical,3,4,0.00012007536081229397,0.0005255711065563773,1005,2756937.4032588005,label_nutrition,4,"Historical 90-term coding, complete cohort"
rf_complete_historical,3,5,0.00040790049352892876,0.0017904535564472468,1005,2756937.4032588005,label_nutrition,4,"Historical 90-term coding, complete cohort"
rf_complete_historical,3,1,0.0006310131786102513,0.0030298904254311143,1005,2756937.4032588005,label_warnings,4,"Historical 90-term coding, complete cohort"
rf_complete_historical,3,2,0.0002332370347842283,-0.0017984571111070435,1005,2756937.4032588005,label_warnings,4,"Historical 90-term coding, complete cohort"
rf_complete_historical,3,3,0.0002880774403793418,-0.0017439282177589277,1005,2756937.4032588005,label_warnings,4,"Historical 90-term coding, complete cohort"
rf_complete_historical,3,4,0.0005519240949052595,0.00235287521756411,1005,2756937.4032588005,label_warnings,4,"Historical 90-term coding, complete cohort"
rf_complete_historical,3,5,0.0008621621076032038,0.0034072180010698006,1005,2756937.4032588005,label_warnings,4,"Historical 90-term coding, complete cohort"
rf_complete_historical,3,1,6.857247820490908e-05,0.0004819456698295088,1005,2756937.4032588005,label_health,4,"Historical 90-term coding, complete cohort"
rf_complete_historical,3,2,-9.905788086853051e-05,-0.0006532336441027464,1005,2756937.4032588005,label_health,4,"Historical 90-term coding, complete cohort"
rf_complete_historical,3,3,3.878910505744626e-05,0.0009607217129311563,1005,2756937.4032588005,label_health,4,"Historical 90-term coding, complete cohort"
rf_complete_historical,3,4,-3.0054074021679256e-05,0.0002635869045002348,1005,2756937.4032588005,label_health,4,"Historical 90-term coding, complete cohort"
rf_complete_historical,3,5,3.0062614055276216e-05,0.0008148436756101329,1005,2756937.4032588005,label_health,4,"Historical 90-term coding, complete cohort"
rf_complete_historical,3,1,-0.00019302689835148934,-0.00233721347559257,1005,2756937.4032588005,label_brand,4,"Historical 90-term coding, complete cohort"
rf_complete_historical,3,2,-0.0007643501769544758,-0.004180318604311228,1005,2756937.4032588005,label_brand,4,"Historical 90-term coding, complete cohort"
rf_complete_historical,3,3,-0.0004597050777397915,-0.004166924321185372,1005,2756937.4032588005,label_brand,4,"Historical 90-term coding, complete cohort"
rf_complete_historical,3,4,-0.00045980454797872605,-0.002853579781393001,1005,2756937.4032588005,label_brand,4,"Historical 90-term coding, complete cohort"
rf_complete_historical,3,5,-0.0001837040863937045,-0.0006797702440448639,1005,2756937.4032588005,label_brand,4,"Historical 90-term coding, complete cohort"
rf_complete_historical,3,1,-0.0001429948522778668,-0.0013473100885924572,1005,2756937.4032588005,label_discounts,4,"Historical 90-term coding, complete cohort"
rf_complete_historical,3,2,-0.00013060458352290305,-0.0011261043885093525,1005,2756937.4032588005,label_discounts,4,"Historical 90-term coding, complete cohort"
rf_complete_historical,3,3,-5.1460021780191934e-05,-0.00025169823433490723,1005,2756937.4032588005,label_discounts,4,"Historical 90-term coding, complete cohort"
rf_complete_historical,3,4,-0.00021512628305037085,-0.0015160655222081765,1005,2756937.4032588005,label_discounts,4,"Historical 90-term coding, complete cohort"
rf_complete_historical,3,5,-0.0001523306540153202,-0.0005955350472139909,1005,2756937.4032588005,label_discounts,4,"Historical 90-term coding, complete cohort"
rf_complete_historical,3,1,-0.0003494582528648371,-0.0022648800395146385,1005,2756937.4032588005,water,1,"Historical 90-term coding, complete cohort"
rf_complete_historical,3,2,0.0001019032306921186,0.0013352178009171656,1005,2756937.4032588005,water,1,"Historical 90-term coding, complete cohort"
rf_complete_historical,3,3,-1.668181723696316e-05,-0.0012202115178696626,1005,2756937.4032588005,water,1,"Historical 90-term coding, complete cohort"
rf_complete_historical,3,4,0.00018449804827200267,0.00022202547754979207,1005,2756937.4032588005,water,1,"Historical 90-term coding, complete cohort"
rf_complete_historical,3,5,-2.050567194572528e-05,-0.001285939985290585,1005,2756937.4032588005,water,1,"Historical 90-term coding, complete cohort"
rf_complete_historical,3,1,9.155371608077223e-05,-0.00023407391577301428,1005,2756937.4032588005,soda_frequency,1,"Historical 90-term coding, complete cohort"
rf_complete_historical,3,2,0.0007309643399864285,0.005597258219786738,1005,2756937.4032588005,soda_frequency,1,"Historical 90-term coding, complete cohort"
rf_complete_historical,3,3,-0.0008821920774167158,-0.00812086863641337,1005,2756937.4032588005,soda_frequency,1,"Historical 90-term coding, complete cohort"
rf_complete_historical,3,4,0.001693685262450062,0.0121330946224395,1005,2756937.4032588005,soda_frequency,1,"Historical 90-term coding, complete cohort"
rf_complete_historical,3,5,-0.00027135652653262343,-0.004276193868529399,1005,2756937.4032588005,soda_frequency,1,"Historical 90-term coding, complete cohort"
rf_complete_historical,3,1,-0.0005514015471258515,-0.0059231392694472085,1005,2756937.4032588005,juice_frequency,1,"Historical 90-term coding, complete cohort"
rf_complete_historical,3,2,-0.0028082632956511477,-0.0250332241366511,1005,2756937.4032588005,juice_frequency,1,"Historical 90-term coding, complete cohort"
rf_complete_historical,3,3,0.0006208106109184264,0.005655164059366613,1005,2756937.4032588005,juice_frequency,1,"Historical 90-term coding, complete cohort"
rf_complete_historical,3,4,0.0010471052865590191,0.001181098636627076,1005,2756937.4032588005,juice_frequency,1,"Historical 90-term coding, complete cohort"
rf_complete_historical,3,5,-0.00012386146995987946,-0.0015220095841506076,1005,2756937.4032588005,juice_frequency,1,"Historical 90-term coding, complete cohort"
rf_complete_historical,3,1,-2.7755575615628914e-17,0.0,1005,2756937.4032588005,oil,6,"Historical 90-term coding, complete cohort"
rf_complete_historical,3,2,0.0,0.0,1005,2756937.4032588005,oil,6,"Historical 90-term coding, complete cohort"
rf_complete_historical,3,3,-2.7755575615628914e-17,0.0,1005,2756937.4032588005,oil,6,"Historical 90-term coding, complete cohort"
rf_complete_historical,3,4,0.0,0.0,1005,2756937.4032588005,oil,6,"Historical 90-term coding, complete cohort"
rf_complete_historical,3,5,0.0,0.0,1005,2756937.4032588005,oil,6,"Historical 90-term coding, complete cohort"
rf_complete_historical,4,1,0.004513340914086977,0.04659261701478701,995,2760460.2584929466,age,1,"Historical 90-term coding, complete cohort"
rf_complete_historical,4,2,0.003697006943883724,0.028989561766303407,995,2760460.2584929466,age,1,"Historical 90-term coding, complete cohort"
rf_complete_historical,4,3,0.001346891920099541,0.017023671639220583,995,2760460.2584929466,age,1,"Historical 90-term coding, complete cohort"
rf_complete_historical,4,4,0.0036504060259977544,0.03253330388253739,995,2760460.2584929466,age,1,"Historical 90-term coding, complete cohort"
rf_complete_historical,4,5,0.001044415268584703,0.0035118191485447037,995,2760460.2584929466,age,1,"Historical 90-term coding, complete cohort"
rf_complete_historical,4,1,0.0018489026111675189,0.013477249290307247,995,2760460.2584929466,sex,1,"Historical 90-term coding, complete cohort"
rf_complete_historical,4,2,0.0015369168046901749,0.012787077771071687,995,2760460.2584929466,sex,1,"Historical 90-term coding, complete cohort"
rf_complete_historical,4,3,0.001296230200505094,0.007736578602962174,995,2760460.2584929466,sex,1,"Historical 90-term coding, complete cohort"
rf_complete_historical,4,4,0.00195922866739498,0.014057196695908991,995,2760460.2584929466,sex,1,"Historical 90-term coding, complete cohort"
rf_complete_historical,4,5,-0.00016208241749007812,-0.007876137011462392,995,2760460.2584929466,sex,1,"Historical 90-term coding, complete cohort"
rf_complete_historical,4,1,0.0009342129023668377,0.010635459063065511,995,2760460.2584929466,region,14,"Historical 90-term coding, complete cohort"
rf_complete_historical,4,2,0.0011649018303890313,0.013330143355344659,995,2760460.2584929466,region,14,"Historical 90-term coding, complete cohort"
rf_complete_historical,4,3,0.0009759964535486221,0.011433353760666676,995,2760460.2584929466,region,14,"Historical 90-term coding, complete cohort"
rf_complete_historical,4,4,0.0011371636448939126,0.012123695835098758,995,2760460.2584929466,region,14,"Historical 90-term coding, complete cohort"
rf_complete_historical,4,5,0.0002408318118425623,0.0033779140743553926,995,2760460.2584929466,region,14,"Historical 90-term coding, complete cohort"
rf_complete_historical,4,1,-4.2970716150891874e-06,-8.43098660733288e-05,995,2760460.2584929466,rural,1,"Historical 90-term coding, complete cohort"
rf_complete_historical,4,2,7.161500440291957e-05,0.00023058167642153737,995,2760460.2584929466,rural,1,"Historical 90-term coding, complete cohort"
rf_complete_historical,4,3,-1.4545318632125381e-05,-0.00019187824850364077,995,2760460.2584929466,rural,1,"Historical 90-term coding, complete cohort"
rf_complete_historical,4,4,6.116447775064704e-05,0.00038672537092721004,995,2760460.2584929466,rural,1,"Historical 90-term coding, complete cohort"
rf_complete_historical,4,5,-2.320224970497886e-05,-0.00040691909863399545,995,2760460.2584929466,rural,1,"Historical 90-term coding, complete cohort"
rf_complete_historical,4,1,1.1277221696193163e-05,-0.0025924621518108593,995,2760460.2584929466,education,2,"Historical 90-term coding, complete cohort"
rf_complete_historical,4,2,0.0003018286256024627,0.0029848505336520503,995,2760460.2584929466,education,2,"Historical 90-term coding, complete cohort"
rf_complete_historical,4,3,-0.0002942280785500351,-0.005139192141495941,995,2760460.2584929466,education,2,"Historical 90-term coding, complete cohort"
rf_complete_historical,4,4,0.00014122113552700322,0.003940360084993877,995,2760460.2584929466,education,2,"Historical 90-term coding, complete cohort"
rf_complete_historical,4,5,0.0007431726883632694,0.008927488321413546,995,2760460.2584929466,education,2,"Historical 90-term coding, complete cohort"
rf_complete_historical,4,1,2.521790012199876e-06,0.0008174471398083583,995,2760460.2584929466,indigenous,1,"Historical 90-term coding, complete cohort"
rf_complete_historical,4,2,6.131191092328958e-05,0.001506796743068528,995,2760460.2584929466,indigenous,1,"Historical 90-term coding, complete cohort"
rf_complete_historical,4,3,4.9782735901254815e-05,0.0009532819808596438,995,2760460.2584929466,indigenous,1,"Historical 90-term coding, complete cohort"
rf_complete_historical,4,4,1.3624903731468407e-05,0.00030474203987385096,995,2760460.2584929466,indigenous,1,"Historical 90-term coding, complete cohort"
rf_complete_historical,4,5,7.390898779027766e-05,0.0013341977541182493,995,2760460.2584929466,indigenous,1,"Historical 90-term coding, complete cohort"
rf_complete_historical,4,1,0.0,0.0,995,2760460.2584929466,born_chile,1,"Historical 90-term coding, complete cohort"
rf_complete_historical,4,2,0.0,0.0,995,2760460.2584929466,born_chile,1,"Historical 90-term coding, complete cohort"
rf_complete_historical,4,3,0.0,0.0,995,2760460.2584929466,born_chile,1,"Historical 90-term coding, complete cohort"
rf_complete_historical,4,4,0.0,0.0,995,2760460.2584929466,born_chile,1,"Historical 90-term coding, complete cohort"
rf_complete_historical,4,5,0.0,0.0,995,2760460.2584929466,born_chile,1,"Historical 90-term coding, complete cohort"
rf_complete_historical,4,1,0.007230675835948025,0.0778751421708207,995,2760460.2584929466,teeth_remaining,1,"Historical 90-term coding, complete cohort"
rf_complete_historical,4,2,0.003313925910362586,0.028860337223090338,995,2760460.2584929466,teeth_remaining,1,"Historical 90-term coding, complete cohort"
rf_complete_historical,4,3,0.00043154404518669365,0.010672629222343022,995,2760460.2584929466,teeth_remaining,1,"Historical 90-term coding, complete cohort"
rf_complete_historical,4,4,0.002731542821301669,0.02485047499563897,995,2760460.2584929466,teeth_remaining,1,"Historical 90-term coding, complete cohort"
rf_complete_historical,4,5,0.0023907112424547405,0.024152665920997407,995,2760460.2584929466,teeth_remaining,1,"Historical 90-term coding, complete cohort"
rf_complete_historical,4,1,-3.149795709997405e-05,0.00228886018932295,995,2760460.2584929466,fish,3,"Historical 90-term coding, complete cohort"
rf_complete_historical,4,2,-0.000392565814927609,-0.0026202625993158035,995,2760460.2584929466,fish,3,"Historical 90-term coding, complete cohort"
rf_complete_historical,4,3,6.682820760994801e-06,0.0021766091919913633,995,2760460.2584929466,fish,3,"Historical 90-term coding, complete cohort"
rf_complete_historical,4,4,8.27615326741693e-05,0.003170234707773667,995,2760460.2584929466,fish,3,"Historical 90-term coding, complete cohort"
rf_complete_historical,4,5,-0.0003508558940150397,0.0003040738074906457,995,2760460.2584929466,fish,3,"Historical 90-term coding, complete cohort"
rf_complete_historical,4,1,-8.289805319491861e-05,0.0022076837611658684,995,2760460.2584929466,dairy_frequency,6,"Historical 90-term coding, complete cohort"
rf_complete_historical,4,2,-0.0008661738815851638,-0.007590602039778682,995,2760460.2584929466,dairy_frequency,6,"Historical 90-term coding, complete cohort"
rf_complete_historical,4,3,-0.0002637630371620514,-0.0011643004205055263,995,2760460.2584929466,dairy_frequency,6,"Historical 90-term coding, complete cohort"
rf_complete_historical,4,4,-0.00021000113341670956,-0.0003724228263065621,995,2760460.2584929466,dairy_frequency,6,"Historical 90-term coding, complete cohort"
rf_complete_historical,4,5,-0.00010576139108345317,-0.0004358828365675915,995,2760460.2584929466,dairy_frequency,6,"Historical 90-term coding, complete cohort"
rf_complete_historical,4,1,0.00025721582061166703,0.0008609345741990015,995,2760460.2584929466,dairy_type,2,"Historical 90-term coding, complete cohort"
rf_complete_historical,4,2,0.00029328055432667477,0.003929622162821889,995,2760460.2584929466,dairy_type,2,"Historical 90-term coding, complete cohort"
rf_complete_historical,4,3,0.00012630953643541498,0.001971639662568525,995,2760460.2584929466,dairy_type,2,"Historical 90-term coding, complete cohort"
rf_complete_historical,4,4,0.0004670909544445545,0.004597047841525148,995,2760460.2584929466,dairy_type,2,"Historical 90-term coding, complete cohort"
rf_complete_historical,4,5,0.00044437048613188423,0.003745410865111598,995,2760460.2584929466,dairy_type,2,"Historical 90-term coding, complete cohort"
rf_complete_historical,4,1,0.000642179476569249,0.003730463562610198,995,2760460.2584929466,wholegrain,5,"Historical 90-term coding, complete cohort"
rf_complete_historical,4,2,-7.324563606145307e-05,-0.0051667327758496695,995,2760460.2584929466,wholegrain,5,"Historical 90-term coding, complete cohort"
rf_complete_historical,4,3,0.0001424887367862393,-0.0039633766724598285,995,2760460.2584929466,wholegrain,5,"Historical 90-term coding, complete cohort"
rf_complete_historical,4,4,0.00016861391495737177,-0.002756197374058078,995,2760460.2584929466,wholegrain,5,"Historical 90-term coding, complete cohort"
rf_complete_historical,4,5,0.0004051634899756573,0.001188700769088391,995,2760460.2584929466,wholegrain,5,"Historical 90-term coding, complete cohort"
rf_complete_historical,4,1,3.4370284342333246e-05,0.00148107576605494,995,2760460.2584929466,legumes,3,"Historical 90-term coding, complete cohort"
rf_complete_historical,4,2,6.476624736551084e-05,0.0018858562426601333,995,2760460.2584929466,legumes,3,"Historical 90-term coding, complete cohort"
rf_complete_historical,4,3,2.2504795867933636e-05,-0.000625129177675654,995,2760460.2584929466,legumes,3,"Historical 90-term coding, complete cohort"
rf_complete_historical,4,4,-9.561396452931192e-05,0.00031080263300975464,995,2760460.2584929466,legumes,3,"Historical 90-term coding, complete cohort"
rf_complete_historical,4,5,3.438667256383532e-05,0.0005588386427756165,995,2760460.2584929466,legumes,3,"Historical 90-term coding, complete cohort"
rf_complete_historical,4,1,0.00030210180429138256,0.0020493397588136064,995,2760460.2584929466,fruit_days,7,"Historical 90-term coding, complete cohort"
rf_complete_historical,4,2,0.00016300617897571645,0.001401722312559861,995,2760460.2584929466,fruit_days,7,"Historical 90-term coding, complete cohort"
rf_complete_historical,4,3,0.00015315549278216434,0.0005994032103195934,995,2760460.2584929466,fruit_days,7,"Historical 90-term coding, complete cohort"
rf_complete_historical,4,4,0.00018085755787117241,-0.00025702911475977697,995,2760460.2584929466,fruit_days,7,"Historical 90-term coding, complete cohort"
rf_complete_historical,4,5,0.0004139411409655458,0.004286305101053212,995,2760460.2584929466,fruit_days,7,"Historical 90-term coding, complete cohort"
rf_complete_historical,4,1,-0.0004132695581478829,-0.002750811568898892,995,2760460.2584929466,fruit_portions,1,"Historical 90-term coding, complete cohort"
rf_complete_historical,4,2,1.3362220256718516e-05,0.000796016695179147,995,2760460.2584929466,fruit_portions,1,"Historical 90-term coding, complete cohort"
rf_complete_historical,4,3,0.0003950421541768778,0.005209507097887478,995,2760460.2584929466,fruit_portions,1,"Historical 90-term coding, complete cohort"
rf_complete_historical,4,4,0.0002670414040788771,0.0012590672005584613,995,2760460.2584929466,fruit_portions,1,"Historical 90-term coding, complete cohort"
rf_complete_historical,4,5,-0.0005133671900806325,-0.0059845946198950895,995,2760460.2584929466,fruit_portions,1,"Historical 90-term coding, complete cohort"
rf_complete_historical,4,1,-0.00022526764304239832,-0.0021085077556586285,995,2760460.2584929466,vegetable_days,7,"Historical 90-term coding, complete cohort"
rf_complete_historical,4,2,-0.0006992018606412909,-0.007157048740036864,995,2760460.2584929466,vegetable_days,7,"Historical 90-term coding, complete cohort"
rf_complete_historical,4,3,-0.00022505393112404182,-0.0008288628527091113,995,2760460.2584929466,vegetable_days,7,"Historical 90-term coding, complete cohort"
rf_complete_historical,4,4,-0.0008242196952270575,-0.007418024673737977,995,2760460.2584929466,vegetable_days,7,"Historical 90-term coding, complete cohort"
rf_complete_historical,4,5,-0.00025149953486958143,-0.0022814439046832113,995,2760460.2584929466,vegetable_days,7,"Historical 90-term coding, complete cohort"
rf_complete_historical,4,1,9.120649415189641e-05,-0.0004227549091689875,995,2760460.2584929466,vegetable_portions,1,"Historical 90-term coding, complete cohort"
rf_complete_historical,4,2,0.0001928625013455365,0.0019292647840598587,995,2760460.2584929466,vegetable_portions,1,"Historical 90-term coding, complete cohort"
rf_complete_historical,4,3,-0.00011495961240196029,-0.000845088112307768,995,2760460.2584929466,vegetable_portions,1,"Historical 90-term coding, complete cohort"
rf_complete_historical,4,4,-5.473991525911659e-05,0.0006804316415209843,995,2760460.2584929466,vegetable_portions,1,"Historical 90-term coding, complete cohort"
rf_complete_historical,4,5,-7.420747810504835e-05,-0.0015899010474759168,995,2760460.2584929466,vegetable_portions,1,"Historical 90-term coding, complete cohort"
rf_complete_historical,4,1,0.00011351689690583533,-0.002212502313302722,995,2760460.2584929466,label_ingredients,4,"Historical 90-term coding, complete cohort"
rf_complete_historical,4,2,0.00024275733880924077,-0.0010363439900024085,995,2760460.2584929466,label_ingredients,4,"Historical 90-term coding, complete cohort"
rf_complete_historical,4,3,0.00043912584674976607,0.004111921034436028,995,2760460.2584929466,label_ingredients,4,"Historical 90-term coding, complete cohort"
rf_complete_historical,4,4,0.0003166245418401159,0.0014500870785261188,995,2760460.2584929466,label_ingredients,4,"Historical 90-term coding, complete cohort"
rf_complete_historical,4,5,7.670429965792036e-05,0.0011331919601890172,995,2760460.2584929466,label_ingredients,4,"Historical 90-term coding, complete cohort"
rf_complete_historical,4,1,0.00016389084581042157,0.0010243609078696148,995,2760460.2584929466,label_nutrition,4,"Historical 90-term coding, complete cohort"
rf_complete_historical,4,2,0.0002934425260481821,0.002969785576730999,995,2760460.2584929466,label_nutrition,4,"Historical 90-term coding, complete cohort"
rf_complete_historical,4,3,0.0003365825427395497,0.002193695167812426,995,2760460.2584929466,label_nutrition,4,"Historical 90-term coding, complete cohort"
rf_complete_historical,4,4,0.0003784674872401306,0.003586942480167332,995,2760460.2584929466,label_nutrition,4,"Historical 90-term coding, complete cohort"
rf_complete_historical,4,5,0.0001871890855381919,0.0013739504099986588,995,2760460.2584929466,label_nutrition,4,"Historical 90-term coding, complete cohort"
rf_complete_historical,4,1,0.0006722550736307231,0.007350124563436311,995,2760460.2584929466,label_warnings,4,"Historical 90-term coding, complete cohort"
rf_complete_historical,4,2,0.0008177217421025118,0.007805834165138914,995,2760460.2584929466,label_warnings,4,"Historical 90-term coding, complete cohort"
rf_complete_historical,4,3,-0.0003444086078069064,-0.0062370705248870895,995,2760460.2584929466,label_warnings,4,"Historical 90-term coding, complete cohort"
rf_complete_historical,4,4,0.0013400192359227792,0.010166208622035433,995,2760460.2584929466,label_warnings,4,"Historical 90-term coding, complete cohort"
rf_complete_historical,4,5,-0.0004111832860046738,-0.00611282062923213,995,2760460.2584929466,label_warnings,4,"Historical 90-term coding, complete cohort"
rf_complete_historical,4,1,-0.00044854974028071815,-0.008039676095035975,995,2760460.2584929466,label_health,4,"Historical 90-term coding, complete cohort"
rf_complete_historical,4,2,0.0007124185485788415,0.006548579836940571,995,2760460.2584929466,label_health,4,"Historical 90-term coding, complete cohort"
rf_complete_historical,4,3,9.963038640131705e-05,-0.00016017733872497608,995,2760460.2584929466,label_health,4,"Historical 90-term coding, complete cohort"
rf_complete_historical,4,4,0.0005340637655350255,0.0020712457009576246,995,2760460.2584929466,label_health,4,"Historical 90-term coding, complete cohort"
rf_complete_historical,4,5,0.0002851853715754027,-0.0020086478278735775,995,2760460.2584929466,label_health,4,"Historical 90-term coding, complete cohort"
rf_complete_historical,4,1,0.0002958210265342487,0.0030432813637816247,995,2760460.2584929466,label_brand,4,"Historical 90-term coding, complete cohort"
rf_complete_historical,4,2,-0.00022627063712032935,-0.002623045976740901,995,2760460.2584929466,label_brand,4,"Historical 90-term coding, complete cohort"
rf_complete_historical,4,3,0.0001785004477652119,0.0001896756742757466,995,2760460.2584929466,label_brand,4,"Historical 90-term coding, complete cohort"
rf_complete_historical,4,4,0.0001301560864723772,0.0027013470887872204,995,2760460.2584929466,label_brand,4,"Historical 90-term coding, complete cohort"
rf_complete_historical,4,5,0.0001740678106041671,0.0016943466383949612,995,2760460.2584929466,label_brand,4,"Historical 90-term coding, complete cohort"
rf_complete_historical,4,1,0.00010754918673008818,0.0008275640434627363,995,2760460.2584929466,label_discounts,4,"Historical 90-term coding, complete cohort"
rf_complete_historical,4,2,0.00014061568416598447,0.0019145749387295963,995,2760460.2584929466,label_discounts,4,"Historical 90-term coding, complete cohort"
rf_complete_historical,4,3,0.00017644810008513034,0.0013551748918597672,995,2760460.2584929466,label_discounts,4,"Historical 90-term coding, complete cohort"
rf_complete_historical,4,4,8.459370916508169e-06,0.00013171369014097767,995,2760460.2584929466,label_discounts,4,"Historical 90-term coding, complete cohort"
rf_complete_historical,4,5,0.0003051635812909015,0.004887162140387424,995,2760460.2584929466,label_discounts,4,"Historical 90-term coding, complete cohort"
rf_complete_historical,4,1,-0.0002203301550481318,-0.0012655108874124466,995,2760460.2584929466,water,1,"Historical 90-term coding, complete cohort"
rf_complete_historical,4,2,0.00022996226008112353,0.0026851862927997905,995,2760460.2584929466,water,1,"Historical 90-term coding, complete cohort"
rf_complete_historical,4,3,7.710716582087773e-05,0.0013104925118002653,995,2760460.2584929466,water,1,"Historical 90-term coding, complete cohort"
rf_complete_historical,4,4,0.00011999130850987028,0.003012591992631708,995,2760460.2584929466,water,1,"Historical 90-term coding, complete cohort"
rf_complete_historical,4,5,-0.00014403902542287073,0.0005737977502192626,995,2760460.2584929466,water,1,"Historical 90-term coding, complete cohort"
rf_complete_historical,4,1,0.00043979559418313996,0.0011907066708917169,995,2760460.2584929466,soda_frequency,1,"Historical 90-term coding, complete cohort"
rf_complete_historical,4,2,-0.001228120268883831,-0.012643963057106689,995,2760460.2584929466,soda_frequency,1,"Historical 90-term coding, complete cohort"
rf_complete_historical,4,3,-1.9414420277474864e-05,-0.000928093728683077,995,2760460.2584929466,soda_frequency,1,"Historical 90-term coding, complete cohort"
rf_complete_historical,4,4,-0.0009432843647567135,-0.013148454577413093,995,2760460.2584929466,soda_frequency,1,"Historical 90-term coding, complete cohort"
rf_complete_historical,4,5,-0.0008391369515691471,-0.008461330706606707,995,2760460.2584929466,soda_frequency,1,"Historical 90-term coding, complete cohort"
rf_complete_historical,4,1,0.0006746576367104018,0.004788904729844945,995,2760460.2584929466,juice_frequency,1,"Historical 90-term coding, complete cohort"
rf_complete_historical,4,2,0.00023174733103892287,0.002219812463301829,995,2760460.2584929466,juice_frequency,1,"Historical 90-term coding, complete cohort"
rf_complete_historical,4,3,0.00043060500712985283,0.001909199840846032,995,2760460.2584929466,juice_frequency,1,"Historical 90-term coding, complete cohort"
rf_complete_historical,4,4,0.0007246681440459257,0.005775813598460577,995,2760460.2584929466,juice_frequency,1,"Historical 90-term coding, complete cohort"
rf_complete_historical,4,5,3.302142001537778e-05,-0.0015626367540574337,995,2760460.2584929466,juice_frequency,1,"Historical 90-term coding, complete cohort"
rf_complete_historical,4,1,1.8627408085586383e-05,0.00015854276532301093,995,2760460.2584929466,oil,6,"Historical 90-term coding, complete cohort"
rf_complete_historical,4,2,3.891599356528608e-05,0.000504043959151601,995,2760460.2584929466,oil,6,"Historical 90-term coding, complete cohort"
rf_complete_historical,4,3,1.534965131297361e-05,0.00011217844115740672,995,2760460.2584929466,oil,6,"Historical 90-term coding, complete cohort"
rf_complete_historical,4,4,6.177727775535935e-05,0.00048448507040310673,995,2760460.2584929466,oil,6,"Historical 90-term coding, complete cohort"
rf_complete_historical,4,5,-7.630863609203731e-05,-0.0004035496736122246,995,2760460.2584929466,oil,6,"Historical 90-term coding, complete cohort"
rf_complete_historical,5,1,-0.0031566814796903098,-0.003999166045032254,1000,2793890.080402851,age,1,"Historical 90-term coding, complete cohort"
rf_complete_historical,5,2,-0.00010938854910871876,0.009239834958881477,1000,2793890.080402851,age,1,"Historical 90-term coding, complete cohort"
rf_complete_historical,5,3,-0.002534554724432231,-0.0016098090962888278,1000,2793890.080402851,age,1,"Historical 90-term coding, complete cohort"
rf_complete_historical,5,4,0.0051490307152912695,0.04078987840975756,1000,2793890.080402851,age,1,"Historical 90-term coding, complete cohort"
rf_complete_historical,5,5,0.0018361468189400099,0.016515680418252687,1000,2793890.080402851,age,1,"Historical 90-term coding, complete cohort"
rf_complete_historical,5,1,0.002254251803805618,0.01360281917358519,1000,2793890.080402851,sex,1,"Historical 90-term coding, complete cohort"
rf_complete_historical,5,2,0.00015042853434335535,-0.003339801602249337,1000,2793890.080402851,sex,1,"Historical 90-term coding, complete cohort"
rf_complete_historical,5,3,0.00011516319797830188,-0.0027038178768068466,1000,2793890.080402851,sex,1,"Historical 90-term coding, complete cohort"
rf_complete_historical,5,4,0.0007200462126539242,-0.0008413072416576517,1000,2793890.080402851,sex,1,"Historical 90-term coding, complete cohort"
rf_complete_historical,5,5,0.0011237493431597023,0.00409456443745837,1000,2793890.080402851,sex,1,"Historical 90-term coding, complete cohort"
rf_complete_historical,5,1,0.0018445676537398037,0.014308472026762553,1000,2793890.080402851,region,14,"Historical 90-term coding, complete cohort"
rf_complete_historical,5,2,0.003035943970134486,0.02311842659987806,1000,2793890.080402851,region,14,"Historical 90-term coding, complete cohort"
rf_complete_historical,5,3,0.0030985219382241025,0.020505057672784877,1000,2793890.080402851,region,14,"Historical 90-term coding, complete cohort"
rf_complete_historical,5,4,0.003637097376241377,0.026680344548318025,1000,2793890.080402851,region,14,"Historical 90-term coding, complete cohort"
rf_complete_historical,5,5,0.0027025071740550966,0.02231237573033862,1000,2793890.080402851,region,14,"Historical 90-term coding, complete cohort"
rf_complete_historical,5,1,9.875963240590924e-05,0.0004500292645008841,1000,2793890.080402851,rural,1,"Historical 90-term coding, complete cohort"
rf_complete_historical,5,2,5.88158939551775e-05,0.00016599627593705257,1000,2793890.080402851,rural,1,"Historical 90-term coding, complete cohort"
rf_complete_historical,5,3,8.88478782019031e-05,0.0008560479748951355,1000,2793890.080402851,rural,1,"Historical 90-term coding, complete cohort"
rf_complete_historical,5,4,0.0001653750400896492,0.0010060339741955193,1000,2793890.080402851,rural,1,"Historical 90-term coding, complete cohort"
rf_complete_historical,5,5,0.0003186467324393094,0.002004912132102188,1000,2793890.080402851,rural,1,"Historical 90-term coding, complete cohort"
rf_complete_historical,5,1,0.0009300490589208288,0.004212419843152793,1000,2793890.080402851,education,2,"Historical 90-term coding, complete cohort"
rf_complete_historical,5,2,0.0001951731142557922,0.0005675547781760493,1000,2793890.080402851,education,2,"Historical 90-term coding, complete cohort"
rf_complete_historical,5,3,0.0013323353622534395,0.007014738964517098,1000,2793890.080402851,education,2,"Historical 90-term coding, complete cohort"
rf_complete_historical,5,4,0.0008143581980763759,0.004668372919238495,1000,2793890.080402851,education,2,"Historical 90-term coding, complete cohort"
rf_complete_historical,5,5,0.0005060407137472411,0.003572572247245276,1000,2793890.080402851,education,2,"Historical 90-term coding, complete cohort"
rf_complete_historical,5,1,0.0001455326665550094,0.0012990746307915968,1000,2793890.080402851,indigenous,1,"Historical 90-term coding, complete cohort"
rf_complete_historical,5,2,-1.2112992263807465e-05,-9.494503786877662e-05,1000,2793890.080402851,indigenous,1,"Historical 90-term coding, complete cohort"
rf_complete_historical,5,3,0.00015109504279581243,0.0013254023470379295,1000,2793890.080402851,indigenous,1,"Historical 90-term coding, complete cohort"
rf_complete_historical,5,4,-2.3248179722573648e-05,-6.436713667812288e-05,1000,2793890.080402851,indigenous,1,"Historical 90-term coding, complete cohort"
rf_complete_historical,5,5,7.098211421976974e-05,0.0010804099080388152,1000,2793890.080402851,indigenous,1,"Historical 90-term coding, complete cohort"
rf_complete_historical,5,1,3.6693227286388463e-05,0.0004600750423600086,1000,2793890.080402851,born_chile,1,"Historical 90-term coding, complete cohort"
rf_complete_historical,5,2,6.698661189269428e-06,0.0002880221542740369,1000,2793890.080402851,born_chile,1,"Historical 90-term coding, complete cohort"
rf_complete_historical,5,3,-7.457650296804896e-06,0.00018899016006634906,1000,2793890.080402851,born_chile,1,"Historical 90-term coding, complete cohort"
rf_complete_historical,5,4,-2.5310088455604562e-05,-9.117436413763613e-05,1000,2793890.080402851,born_chile,1,"Historical 90-term coding, complete cohort"
rf_complete_historical,5,5,-2.1373038716160364e-05,-3.124017028977022e-05,1000,2793890.080402851,born_chile,1,"Historical 90-term coding, complete cohort"
rf_complete_historical,5,1,-0.0017659646549350871,-0.013168306982666023,1000,2793890.080402851,teeth_remaining,1,"Historical 90-term coding, complete cohort"
rf_complete_historical,5,2,0.0017182581645890371,0.018681835002349545,1000,2793890.080402851,teeth_remaining,1,"Historical 90-term coding, complete cohort"
rf_complete_historical,5,3,0.0001362284048148088,0.0030116667952566623,1000,2793890.080402851,teeth_remaining,1,"Historical 90-term coding, complete cohort"
rf_complete_historical,5,4,-0.003091318783253333,-0.030650397890251257,1000,2793890.080402851,teeth_remaining,1,"Historical 90-term coding, complete cohort"
rf_complete_historical,5,5,0.002036173056585211,0.01913625379344497,1000,2793890.080402851,teeth_remaining,1,"Historical 90-term coding, complete cohort"
rf_complete_historical,5,1,-0.0007697403077046305,-0.0067435834524882665,1000,2793890.080402851,fish,3,"Historical 90-term coding, complete cohort"
rf_complete_historical,5,2,-0.0003131113805805996,-0.0003655797682823314,1000,2793890.080402851,fish,3,"Historical 90-term coding, complete cohort"
rf_complete_historical,5,3,-0.0003180901249924539,-0.0014433984403925404,1000,2793890.080402851,fish,3,"Historical 90-term coding, complete cohort"
rf_complete_historical,5,4,-0.0004940863865248168,-0.003789877507017425,1000,2793890.080402851,fish,3,"Historical 90-term coding, complete cohort"
rf_complete_historical,5,5,-0.0007235830817409195,-0.005523802418452073,1000,2793890.080402851,fish,3,"Historical 90-term coding, complete cohort"
rf_complete_historical,5,1,0.0003779061681563889,-0.001809754132892416,1000,2793890.080402851,dairy_frequency,6,"Historical 90-term coding, complete cohort"
rf_complete_historical,5,2,0.0004231388684890758,0.0007980400078452243,1000,2793890.080402851,dairy_frequency,6,"Historical 90-term coding, complete cohort"
rf_complete_historical,5,3,0.0007785146170228574,0.00034146754059327655,1000,2793890.080402851,dairy_frequency,6,"Historical 90-term coding, complete cohort"
rf_complete_historical,5,4,0.0007310766154808579,0.007165911849340012,1000,2793890.080402851,dairy_frequency,6,"Historical 90-term coding, complete cohort"
rf_complete_historical,5,5,-0.0009114194698370826,-0.009734299453256323,1000,2793890.080402851,dairy_frequency,6,"Historical 90-term coding, complete cohort"
rf_complete_historical,5,1,9.941279085096122e-05,-0.0013428112742154275,1000,2793890.080402851,dairy_type,2,"Historical 90-term coding, complete cohort"
rf_complete_historical,5,2,0.0002081550072877414,0.001610084353673047,1000,2793890.080402851,dairy_type,2,"Historical 90-term coding, complete cohort"
rf_complete_historical,5,3,0.0001186994862611701,0.00044280212474079317,1000,2793890.080402851,dairy_type,2,"Historical 90-term coding, complete cohort"
rf_complete_historical,5,4,2.3799442864375076e-05,0.00044892055910805695,1000,2793890.080402851,dairy_type,2,"Historical 90-term coding, complete cohort"
rf_complete_historical,5,5,0.00032042825668990305,0.001644563771254992,1000,2793890.080402851,dairy_type,2,"Historical 90-term coding, complete cohort"
rf_complete_historical,5,1,-0.0011968406908649254,-0.009866646280105362,1000,2793890.080402851,wholegrain,5,"Historical 90-term coding, complete cohort"
rf_complete_historical,5,2,-0.0007328944357692657,-0.005621762721987444,1000,2793890.080402851,wholegrain,5,"Historical 90-term coding, complete cohort"
rf_complete_historical,5,3,-0.00041038123634307144,-0.002964967707320798,1000,2793890.080402851,wholegrain,5,"Historical 90-term coding, complete cohort"
rf_complete_historical,5,4,-0.001181560916573593,-0.005491248121880399,1000,2793890.080402851,wholegrain,5,"Historical 90-term coding, complete cohort"
rf_complete_historical,5,5,-0.0017221830090696777,-0.011379824185604903,1000,2793890.080402851,wholegrain,5,"Historical 90-term coding, complete cohort"
rf_complete_historical,5,1,-0.0003237377463995439,-0.0027264563191021773,1000,2793890.080402851,legumes,3,"Historical 90-term coding, complete cohort"
rf_complete_historical,5,2,-2.951195395647921e-05,-0.0001817392817490271,1000,2793890.080402851,legumes,3,"Historical 90-term coding, complete cohort"
rf_complete_historical,5,3,0.0004119734669960906,0.003814783808467781,1000,2793890.080402851,legumes,3,"Historical 90-term coding, complete cohort"
rf_complete_historical,5,4,0.00028778904077109146,0.0016747539349151186,1000,2793890.080402851,legumes,3,"Historical 90-term coding, complete cohort"
rf_complete_historical,5,5,-0.00017065938955310167,-0.0009549697930476553,1000,2793890.080402851,legumes,3,"Historical 90-term coding, complete cohort"
rf_complete_historical,5,1,0.0007119215325575301,0.004072461806896022,1000,2793890.080402851,fruit_days,7,"Historical 90-term coding, complete cohort"
rf_complete_historical,5,2,0.0007096651304166202,0.0031804899467152703,1000,2793890.080402851,fruit_days,7,"Historical 90-term coding, complete cohort"
rf_complete_historical,5,3,0.0005304152625626168,0.0029128605884186642,1000,2793890.080402851,fruit_days,7,"Historical 90-term coding, complete cohort"
rf_complete_historical,5,4,-0.00045083396612313753,-0.006027970134408922,1000,2793890.080402851,fruit_days,7,"Historical 90-term coding, complete cohort"
rf_complete_historical,5,5,-0.00047460111223959767,-0.0028097821436625647,1000,2793890.080402851,fruit_days,7,"Historical 90-term coding, complete cohort"
rf_complete_historical,5,1,-0.0003700465069184644,-0.002488916518253781,1000,2793890.080402851,fruit_portions,1,"Historical 90-term coding, complete cohort"
rf_complete_historical,5,2,-0.002590111554287622,-0.019368834072743812,1000,2793890.080402851,fruit_portions,1,"Historical 90-term coding, complete cohort"
rf_complete_historical,5,3,-0.0012564007529783927,-0.010057789065935574,1000,2793890.080402851,fruit_portions,1,"Historical 90-term coding, complete cohort"
rf_complete_historical,5,4,-0.0017669552237248864,-0.013533805598530346,1000,2793890.080402851,fruit_portions,1,"Historical 90-term coding, complete cohort"
rf_complete_historical,5,5,-0.0019461265403520056,-0.013973221681489734,1000,2793890.080402851,fruit_portions,1,"Historical 90-term coding, complete cohort"
rf_complete_historical,5,1,-0.0001490243388270196,-0.001147661222161367,1000,2793890.080402851,vegetable_days,7,"Historical 90-term coding, complete cohort"
rf_complete_historical,5,2,-0.0004604067873567319,-0.0025729573891393187,1000,2793890.080402851,vegetable_days,7,"Historical 90-term coding, complete cohort"
rf_complete_historical,5,3,-0.000834175565432943,-0.0074708661773675855,1000,2793890.080402851,vegetable_days,7,"Historical 90-term coding, complete cohort"
rf_complete_historical,5,4,-0.0009510464245313655,-0.005885154253270852,1000,2793890.080402851,vegetable_days,7,"Historical 90-term coding, complete cohort"
rf_complete_historical,5,5,-0.0011856724981373634,-0.008893302734946484,1000,2793890.080402851,vegetable_days,7,"Historical 90-term coding, complete cohort"
rf_complete_historical,5,1,0.00020115422569283448,0.0011587959493504218,1000,2793890.080402851,vegetable_portions,1,"Historical 90-term coding, complete cohort"
rf_complete_historical,5,2,-0.0001165326888956375,0.0009068795126678797,1000,2793890.080402851,vegetable_portions,1,"Historical 90-term coding, complete cohort"
rf_complete_historical,5,3,1.2518316984122535e-05,-0.0005557761888539403,1000,2793890.080402851,vegetable_portions,1,"Historical 90-term coding, complete cohort"
rf_complete_historical,5,4,1.6399453374477124e-05,0.0009086306891112894,1000,2793890.080402851,vegetable_portions,1,"Historical 90-term coding, complete cohort"
rf_complete_historical,5,5,-0.0004509209786298374,-0.0049445690283956845,1000,2793890.080402851,vegetable_portions,1,"Historical 90-term coding, complete cohort"
rf_complete_historical,5,1,-0.00032606669620857676,-0.0042690544585402,1000,2793890.080402851,label_ingredients,4,"Historical 90-term coding, complete cohort"
rf_complete_historical,5,2,-0.00025668102560080786,-0.0033693116211384044,1000,2793890.080402851,label_ingredients,4,"Historical 90-term coding, complete cohort"
rf_complete_historical,5,3,-0.000603209119917264,-0.0033045217970265606,1000,2793890.080402851,label_ingredients,4,"Historical 90-term coding, complete cohort"
rf_complete_historical,5,4,-0.0002785592316901231,-0.0009039917889432925,1000,2793890.080402851,label_ingredients,4,"Historical 90-term coding, complete cohort"
rf_complete_historical,5,5,-0.0006621241890379381,-0.003929054605404936,1000,2793890.080402851,label_ingredients,4,"Historical 90-term coding, complete cohort"
rf_complete_historical,5,1,-0.0009924844907611974,-0.007698286569820856,1000,2793890.080402851,label_nutrition,4,"Historical 90-term coding, complete cohort"
rf_complete_historical,5,2,8.28589141531888e-05,-0.00045842663197903644,1000,2793890.080402851,label_nutrition,4,"Historical 90-term coding, complete cohort"
rf_complete_historical,5,3,0.0008237229471671492,0.006497357018176664,1000,2793890.080402851,label_nutrition,4,"Historical 90-term coding, complete cohort"
rf_complete_historical,5,4,-1.293397657503581e-05,0.000763109652056726,1000,2793890.080402851,label_nutrition,4,"Historical 90-term coding, complete cohort"
rf_complete_historical,5,5,-0.000248856762383981,-0.0014339139335521889,1000,2793890.080402851,label_nutrition,4,"Historical 90-term coding, complete cohort"
rf_complete_historical,5,1,0.0010846434498205382,0.005830147699278476,1000,2793890.080402851,label_warnings,4,"Historical 90-term coding, complete cohort"
rf_complete_historical,5,2,0.0005373187067266305,0.00265675351930017,1000,2793890.080402851,label_warnings,4,"Historical 90-term coding, complete cohort"
rf_complete_historical,5,3,0.0009892401753556768,0.0046464987445394845,1000,2793890.080402851,label_warnings,4,"Historical 90-term coding, complete cohort"
rf_complete_historical,5,4,0.0007813504138211302,0.005316436789491341,1000,2793890.080402851,label_warnings,4,"Historical 90-term coding, complete cohort"
rf_complete_historical,5,5,0.0004679959469854611,-0.0015840222410209437,1000,2793890.080402851,label_warnings,4,"Historical 90-term coding, complete cohort"
rf_complete_historical,5,1,0.00017476844452776752,0.0036254192121241147,1000,2793890.080402851,label_health,4,"Historical 90-term coding, complete cohort"
rf_complete_historical,5,2,3.753777402798475e-05,0.0002787045513620301,1000,2793890.080402851,label_health,4,"Historical 90-term coding, complete cohort"
rf_complete_historical,5,3,-0.0003242257402086002,0.0009734520736371932,1000,2793890.080402851,label_health,4,"Historical 90-term coding, complete cohort"
rf_complete_historical,5,4,0.0003783174459114913,0.0058126088876278015,1000,2793890.080402851,label_health,4,"Historical 90-term coding, complete cohort"
rf_complete_historical,5,5,0.0003651453724589082,0.0017018883444620547,1000,2793890.080402851,label_health,4,"Historical 90-term coding, complete cohort"
rf_complete_historical,5,1,-6.476778983141585e-05,-0.0007796649755976715,1000,2793890.080402851,label_brand,4,"Historical 90-term coding, complete cohort"
rf_complete_historical,5,2,-0.000121506978270014,0.0004983538377038021,1000,2793890.080402851,label_brand,4,"Historical 90-term coding, complete cohort"
rf_complete_historical,5,3,0.00012384208732202362,8.113830567535452e-06,1000,2793890.080402851,label_brand,4,"Historical 90-term coding, complete cohort"
rf_complete_historical,5,4,0.0007003763779001027,0.005518281533149039,1000,2793890.080402851,label_brand,4,"Historical 90-term coding, complete cohort"
rf_complete_historical,5,5,-0.00024034412452353382,-0.005105455088901811,1000,2793890.080402851,label_brand,4,"Historical 90-term coding, complete cohort"
rf_complete_historical,5,1,-0.0007216394568845264,-0.009028743442600295,1000,2793890.080402851,label_discounts,4,"Historical 90-term coding, complete cohort"
rf_complete_historical,5,2,-6.334320146680894e-05,-0.0015098982535002303,1000,2793890.080402851,label_discounts,4,"Historical 90-term coding, complete cohort"
rf_complete_historical,5,3,2.915762524885457e-05,1.040043728106621e-05,1000,2793890.080402851,label_discounts,4,"Historical 90-term coding, complete cohort"
rf_complete_historical,5,4,0.00030167294403202205,0.0014436085350646444,1000,2793890.080402851,label_discounts,4,"Historical 90-term coding, complete cohort"
rf_complete_historical,5,5,0.0003241217395396623,0.0008973506415203003,1000,2793890.080402851,label_discounts,4,"Historical 90-term coding, complete cohort"
rf_complete_historical,5,1,-0.0006097230039162349,-0.00869262806539195,1000,2793890.080402851,water,1,"Historical 90-term coding, complete cohort"
rf_complete_historical,5,2,-0.0004319974193859877,-0.00543826970548511,1000,2793890.080402851,water,1,"Historical 90-term coding, complete cohort"
rf_complete_historical,5,3,-7.21129778170071e-05,-0.0008950258541368106,1000,2793890.080402851,water,1,"Historical 90-term coding, complete cohort"
rf_complete_historical,5,4,-0.0013981250787117316,-0.012919508642447508,1000,2793890.080402851,water,1,"Historical 90-term coding, complete cohort"
rf_complete_historical,5,5,-0.0006017620883343455,-0.0070288790417264435,1000,2793890.080402851,water,1,"Historical 90-term coding, complete cohort"
rf_complete_historical,5,1,0.000787560950890942,0.0064258877875069675,1000,2793890.080402851,soda_frequency,1,"Historical 90-term coding, complete cohort"
rf_complete_historical,5,2,0.0008911435550894298,0.005051114922434818,1000,2793890.080402851,soda_frequency,1,"Historical 90-term coding, complete cohort"
rf_complete_historical,5,3,-0.0009237245696663288,-0.006466315065083661,1000,2793890.080402851,soda_frequency,1,"Historical 90-term coding, complete cohort"
rf_complete_historical,5,4,0.00032864876710625435,0.00042934307287889606,1000,2793890.080402851,soda_frequency,1,"Historical 90-term coding, complete cohort"
rf_complete_historical,5,5,0.00041209489599305926,0.0013859133434791504,1000,2793890.080402851,soda_frequency,1,"Historical 90-term coding, complete cohort"
rf_complete_historical,5,1,0.000800429580220724,0.005583253101087093,1000,2793890.080402851,juice_frequency,1,"Historical 90-term coding, complete cohort"
rf_complete_historical,5,2,0.0004868165154722215,0.002688872000409126,1000,2793890.080402851,juice_frequency,1,"Historical 90-term coding, complete cohort"
rf_complete_historical,5,3,0.00032119510288897146,0.001823991826615412,1000,2793890.080402851,juice_frequency,1,"Historical 90-term coding, complete cohort"
rf_complete_historical,5,4,0.00024282522772567372,0.0012608717700017813,1000,2793890.080402851,juice_frequency,1,"Historical 90-term coding, complete cohort"
rf_complete_historical,5,5,-0.000151709030573266,-0.0022791751112339886,1000,2793890.080402851,juice_frequency,1,"Historical 90-term coding, complete cohort"
rf_complete_historical,5,1,0.000260912529825269,0.003202680059933294,1000,2793890.080402851,oil,6,"Historical 90-term coding, complete cohort"
rf_complete_historical,5,2,0.00015458937921014604,0.0006176221261657844,1000,2793890.080402851,oil,6,"Historical 90-term coding, complete cohort"
rf_complete_historical,5,3,0.00015665876679146762,0.0009304754644570146,1000,2793890.080402851,oil,6,"Historical 90-term coding, complete cohort"
rf_complete_historical,5,4,-9.085427400881696e-05,-0.0007621532381326679,1000,2793890.080402851,oil,6,"Historical 90-term coding, complete cohort"
rf_complete_historical,5,5,0.00022001847405678232,0.001130277928104495,1000,2793890.080402851,oil,6,"Historical 90-term coding, complete cohort"
