model,fold,feature,repeat,brier_increase,auc_drop,n_test,test_weight_sum
spline_logistic,1,age,1,0.006443214649070467,0.05103224452922561,1006,2861322.5562906265
spline_logistic,1,age,2,0.008359750245233805,0.048680332320514164,1006,2861322.5562906265
spline_logistic,1,age,3,0.006650646611327277,0.04179260996418621,1006,2861322.5562906265
spline_logistic,1,age,4,0.007853496293261486,0.05294509112424206,1006,2861322.5562906265
spline_logistic,1,age,5,0.007722178702857241,0.053306960478672116,1006,2861322.5562906265
spline_logistic,1,sex,1,0.0005840341046255693,0.005082595947444313,1006,2861322.5562906265
spline_logistic,1,sex,2,0.0005637660597978822,0.005623694981094163,1006,2861322.5562906265
spline_logistic,1,sex,3,0.0004932102408843897,0.006884004989659243,1006,2861322.5562906265
spline_logistic,1,sex,4,0.0005139342894866783,0.003810400868155983,1006,2861322.5562906265
spline_logistic,1,sex,5,0.0009603009842289179,0.009133451136240534,1006,2861322.5562906265
spline_logistic,1,region,1,0.0005630539016550362,0.00607359906396121,1006,2861322.5562906265
spline_logistic,1,region,2,0.000179265497334824,0.0025667496762166175,1006,2861322.5562906265
spline_logistic,1,region,3,0.0004393516464397673,0.004130812831112385,1006,2861322.5562906265
spline_logistic,1,region,4,0.00030918597750689836,0.0017301354909191602,1006,2861322.5562906265
spline_logistic,1,region,5,0.00043856779620499164,0.0045768026311373555,1006,2861322.5562906265
spline_logistic,1,rural,1,3.306846095232907e-05,-0.0002741665397471005,1006,2861322.5562906265
spline_logistic,1,rural,2,-0.00011454405794117384,-0.0003932336264558245,1006,2861322.5562906265
spline_logistic,1,rural,3,-0.00012269117580798738,-0.0011397596646773867,1006,2861322.5562906265
spline_logistic,1,rural,4,-0.00031442967679790046,-0.0019705332989191637,1006,2861322.5562906265
spline_logistic,1,rural,5,-0.00013083612366512898,-0.000642512440291565,1006,2861322.5562906265
spline_logistic,1,education,1,0.00020270698179863933,0.0004567717420475015,1006,2861322.5562906265
spline_logistic,1,education,2,4.27911408324988e-05,-0.0006762112370517492,1006,2861322.5562906265
spline_logistic,1,education,3,0.0007474879206489649,0.005573800815893981,1006,2861322.5562906265
spline_logistic,1,education,4,0.0009453327693393909,0.005210451395168514,1006,2861322.5562906265
spline_logistic,1,education,5,7.138128304648439e-05,-1.0906451602621381e-05,1006,2861322.5562906265
spline_logistic,1,indigenous,1,-5.850010851043974e-05,-0.0008207831130968568,1006,2861322.5562906265
spline_logistic,1,indigenous,2,-5.2634865452039215e-05,-0.00010819503511727557,1006,2861322.5562906265
spline_logistic,1,indigenous,3,-3.0402047658806275e-05,-0.00013240370143496882,1006,2861322.5562906265
spline_logistic,1,indigenous,4,7.454334646531113e-05,0.0008957770753906802,1006,2861322.5562906265
spline_logistic,1,indigenous,5,-2.1464287883188327e-07,-0.0002589803233221666,1006,2861322.5562906265
spline_logistic,1,born_chile,1,-5.353217651843378e-05,-0.00031675269933861827,1006,2861322.5562906265
spline_logistic,1,born_chile,2,-7.971924882677062e-05,-0.0007972029698847249,1006,2861322.5562906265
spline_logistic,1,born_chile,3,-0.00010973120305551864,-0.0009032514865257024,1006,2861322.5562906265
spline_logistic,1,born_chile,4,-9.251580590280417e-05,-0.0008915499472872401,1006,2861322.5562906265
spline_logistic,1,born_chile,5,-0.00011691839102770385,-0.0007520071935031014,1006,2861322.5562906265
spline_logistic,1,teeth_remaining,1,0.006006557185520872,0.04788191810028175,1006,2861322.5562906265
spline_logistic,1,teeth_remaining,2,0.0031829824626008474,0.019068593988980864,1006,2861322.5562906265
spline_logistic,1,teeth_remaining,3,0.004690074741213884,0.025326254517876623,1006,2861322.5562906265
spline_logistic,1,teeth_remaining,4,0.006266259370107746,0.04184074479382782,1006,2861322.5562906265
spline_logistic,1,teeth_remaining,5,0.009055918672079444,0.07116055590090242,1006,2861322.5562906265
spline_logistic,1,fish,1,-0.00010335095167174346,-0.0004347111999538633,1006,2861322.5562906265
spline_logistic,1,fish,2,-2.8628337382680114e-05,0.0005946500735999338,1006,2861322.5562906265
spline_logistic,1,fish,3,-9.992117991694527e-05,-0.0006291778550434612,1006,2861322.5562906265
spline_logistic,1,fish,4,-0.00023162408514487698,-0.0026466140431976592,1006,2861322.5562906265
spline_logistic,1,fish,5,-6.0119647230655326e-05,-0.0007079549355692993,1006,2861322.5562906265
spline_logistic,1,dairy_frequency,1,0.000290152092367324,0.001309463127229571,1006,2861322.5562906265
spline_logistic,1,dairy_frequency,2,0.00010455649252674726,-0.0005368350903632857,1006,2861322.5562906265
spline_logistic,1,dairy_frequency,3,0.00038451715741077974,0.002159436853272023,1006,2861322.5562906265
spline_logistic,1,dairy_frequency,4,0.00047561367920911923,0.004184978918296722,1006,2861322.5562906265
spline_logistic,1,dairy_frequency,5,-0.00013496376499849694,-0.0031011162571860096,1006,2861322.5562906265
spline_logistic,1,dairy_type,1,-0.0008136227521592099,-0.005865340227165339,1006,2861322.5562906265
spline_logistic,1,dairy_type,2,-0.00046223678843065885,-0.003922717350603011,1006,2861322.5562906265
spline_logistic,1,dairy_type,3,0.0002502377558034896,0.0006566454520504639,1006,2861322.5562906265
spline_logistic,1,dairy_type,4,6.96717020447768e-05,0.0019121742912769912,1006,2861322.5562906265
spline_logistic,1,dairy_type,5,-7.556772893210773e-05,0.0005573252843475984,1006,2861322.5562906265
spline_logistic,1,wholegrain,1,0.00030148595401166545,0.0009969654247565796,1006,2861322.5562906265
spline_logistic,1,wholegrain,2,0.0002632167330333668,0.002328259914573305,1006,2861322.5562906265
spline_logistic,1,wholegrain,3,0.0003346899790296898,0.0027328438305679326,1006,2861322.5562906265
spline_logistic,1,wholegrain,4,-0.0003947001185913013,-0.00136205218575991,1006,2861322.5562906265
spline_logistic,1,wholegrain,5,0.0004606295433155494,0.004929817644173551,1006,2861322.5562906265
spline_logistic,1,legumes,1,0.0002431062254683869,-0.00030009840328537596,1006,2861322.5562906265
spline_logistic,1,legumes,2,-7.690842075225301e-05,-0.0014026023875233218,1006,2861322.5562906265
spline_logistic,1,legumes,3,-3.5266223378238593e-06,0.0008550005551329898,1006,2861322.5562906265
spline_logistic,1,legumes,4,-0.00029042647853266823,-0.0025740734975369106,1006,2861322.5562906265
spline_logistic,1,legumes,5,0.0002196132260514072,0.002674582817724702,1006,2861322.5562906265
spline_logistic,1,fruit_days,1,-8.980593522833757e-05,-0.0007236748421122208,1006,2861322.5562906265
spline_logistic,1,fruit_days,2,-9.676434829228309e-05,-0.0006489842253039058,1006,2861322.5562906265
spline_logistic,1,fruit_days,3,-0.0004200244190293023,-0.005260509472868158,1006,2861322.5562906265
spline_logistic,1,fruit_days,4,0.0008412645372599115,0.0052709697001611655,1006,2861322.5562906265
spline_logistic,1,fruit_days,5,-0.0012068232578738014,-0.009586296889318446,1006,2861322.5562906265
spline_logistic,1,fruit_portions,1,0.0005835573154841789,0.006968447605654515,1006,2861322.5562906265
spline_logistic,1,fruit_portions,2,-0.00022682236660889754,0.0004749572164253202,1006,2861322.5562906265
spline_logistic,1,fruit_portions,3,0.00042327835299707517,0.005605773982394147,1006,2861322.5562906265
spline_logistic,1,fruit_portions,4,0.0009092733327629443,0.008792094380614013,1006,2861322.5562906265
spline_logistic,1,fruit_portions,5,0.0007526474456532872,0.007535532718066507,1006,2861322.5562906265
spline_logistic,1,vegetable_days,1,-0.0007641863463371534,-0.004802598853608564,1006,2861322.5562906265
spline_logistic,1,vegetable_days,2,-0.00047672401031031986,-0.004989383480232368,1006,2861322.5562906265
spline_logistic,1,vegetable_days,3,-0.0006577865443426756,-0.005912598668599056,1006,2861322.5562906265
spline_logistic,1,vegetable_days,4,-0.0001315924522591605,-0.0008682395549536315,1006,2861322.5562906265
spline_logistic,1,vegetable_days,5,-0.0009326559392323908,-0.007840358162064076,1006,2861322.5562906265
spline_logistic,1,vegetable_portions,1,-0.0020876372861414194,-0.013360886953265094,1006,2861322.5562906265
spline_logistic,1,vegetable_portions,2,-0.0015677229599488363,-0.007975719865011777,1006,2861322.5562906265
spline_logistic,1,vegetable_portions,3,0.00044604131737130404,0.00695287655014365,1006,2861322.5562906265
spline_logistic,1,vegetable_portions,4,-0.0006846345987144287,-0.004378021649501629,1006,2861322.5562906265
spline_logistic,1,vegetable_portions,5,-0.0022307288051240104,-0.014686106685875111,1006,2861322.5562906265
spline_logistic,1,label_ingredients,1,7.914619680737811e-05,-0.0010295957922992205,1006,2861322.5562906265
spline_logistic,1,label_ingredients,2,0.0001514277364273453,0.00011979100459846848,1006,2861322.5562906265
spline_logistic,1,label_ingredients,3,-0.00029057237811350167,-0.0021762350678679043,1006,2861322.5562906265
spline_logistic,1,label_ingredients,4,0.00027832222357232483,0.0018852330648210236,1006,2861322.5562906265
spline_logistic,1,label_ingredients,5,-0.0004180215599906556,-0.0030056840359719006,1006,2861322.5562906265
spline_logistic,1,label_nutrition,1,-0.0004631294400563868,-0.002992330228080764,1006,2861322.5562906265
spline_logistic,1,label_nutrition,2,-0.00011363983712825432,-0.0017374517164514547,1006,2861322.5562906265
spline_logistic,1,label_nutrition,3,-2.486135269347267e-06,9.3854113649261e-05,1006,2861322.5562906265
spline_logistic,1,label_nutrition,4,-0.0001873759850994361,-0.00116566723666367,1006,2861322.5562906265
spline_logistic,1,label_nutrition,5,0.0002175796946780051,0.0028282148363244497,1006,2861322.5562906265
spline_logistic,1,label_warnings,1,0.0005140068243728868,0.002384802640113648,1006,2861322.5562906265
spline_logistic,1,label_warnings,2,-0.0007345878743972023,-0.0071351914553939855,1006,2861322.5562906265
spline_logistic,1,label_warnings,3,-6.549159360869083e-05,-0.0027888453725281037,1006,2861322.5562906265
spline_logistic,1,label_warnings,4,0.0010859637840060221,0.0061770534168354985,1006,2861322.5562906265
spline_logistic,1,label_warnings,5,0.00012956131637828494,0.000867460344862625,1006,2861322.5562906265
spline_logistic,1,label_health,1,-0.0001185588484861333,-0.001130166327760751,1006,2861322.5562906265
spline_logistic,1,label_health,2,0.0002102753185365125,0.0011425963929379002,1006,2861322.5562906265
spline_logistic,1,label_health,3,-0.0003646330813474874,-0.002533766511079283,1006,2861322.5562906265
spline_logistic,1,label_health,4,-0.000308349639669081,-0.0021803071373304173,1006,2861322.5562906265
spline_logistic,1,label_health,5,-0.0003339084895475075,-0.0023795694702579695,1006,2861322.5562906265
spline_logistic,1,label_brand,1,-0.00027977184345875927,-0.0022875857589720328,1006,2861322.5562906265
spline_logistic,1,label_brand,2,6.0676042844293177e-05,0.0016101884907430142,1006,2861322.5562906265
spline_logistic,1,label_brand,3,-0.00043367264840565856,-0.003431400456722078,1006,2861322.5562906265
spline_logistic,1,label_brand,4,0.0007117817615330813,0.0062574089675854205,1006,2861322.5562906265
spline_logistic,1,label_brand,5,-0.0005114059267080362,-0.0024275786756283724,1006,2861322.5562906265
spline_logistic,1,label_discounts,1,-0.00048761480460163265,-0.0020960750072762657,1006,2861322.5562906265
spline_logistic,1,label_discounts,2,-0.0004658575293542966,-0.000795622175130628,1006,2861322.5562906265
spline_logistic,1,label_discounts,3,-0.00019755485291420016,0.0014494881166804419,1006,2861322.5562906265
spline_logistic,1,label_discounts,4,-0.0004177571776547706,-0.0023424811671887147,1006,2861322.5562906265
spline_logistic,1,label_discounts,5,-0.0006038429362939801,-0.0020578813888699754,1006,2861322.5562906265
spline_logistic,1,water,1,0.0005096745998419694,0.0069497308530459545,1006,2861322.5562906265
spline_logistic,1,water,2,0.0004798398001001347,0.004305927942684917,1006,2861322.5562906265
spline_logistic,1,water,3,-0.0009865229042712031,-0.007669047951689212,1006,2861322.5562906265
spline_logistic,1,water,4,-0.0010437292117548291,-0.008230520444908018,1006,2861322.5562906265
spline_logistic,1,water,5,-0.00048221928271199865,-0.006107804415759643,1006,2861322.5562906265
spline_logistic,1,soda_frequency,1,0.000828107918155685,0.006679649787437514,1006,2861322.5562906265
spline_logistic,1,soda_frequency,2,-0.00021556573008962854,-0.0003406497197704361,1006,2861322.5562906265
spline_logistic,1,soda_frequency,3,-1.6879230802735457e-05,2.6510142768998435e-05,1006,2861322.5562906265
spline_logistic,1,soda_frequency,4,1.729626917801319e-06,0.0006099003463989616,1006,2861322.5562906265
spline_logistic,1,soda_frequency,5,-0.0002081795041902479,0.0008969577403283857,1006,2861322.5562906265
spline_logistic,1,juice_frequency,1,2.3383083368216928e-05,0.0003653026269510029,1006,2861322.5562906265
spline_logistic,1,juice_frequency,2,5.113840840406669e-05,0.0009158530754512784,1006,2861322.5562906265
spline_logistic,1,juice_frequency,3,0.0001506861391581682,0.0014056001967251985,1006,2861322.5562906265
spline_logistic,1,juice_frequency,4,0.0001389503660136071,0.0010375884089697252,1006,2861322.5562906265
spline_logistic,1,juice_frequency,5,-3.745498976689965e-05,-0.0001352042456473912,1006,2861322.5562906265
spline_logistic,1,oil,1,1.4394370101672438e-05,0.00022614149097865965,1006,2861322.5562906265
spline_logistic,1,oil,2,-8.332577500325122e-06,-6.828823910842718e-05,1006,2861322.5562906265
spline_logistic,1,oil,3,-2.9898910614251095e-05,-0.00016806657651147194,1006,2861322.5562906265
spline_logistic,1,oil,4,-1.5317285985222417e-05,7.6987145550933e-05,1006,2861322.5562906265
spline_logistic,1,oil,5,1.182732592225344e-06,0.00042902679210854444,1006,2861322.5562906265
spline_logistic,2,age,1,0.009230805795710118,0.054438087869202345,1007,2574325.41285038
spline_logistic,2,age,2,0.00694261416706235,0.04920896692766552,1007,2574325.41285038
spline_logistic,2,age,3,0.007177141038423429,0.04592877664821049,1007,2574325.41285038
spline_logistic,2,age,4,0.006715877725707059,0.04960994564512167,1007,2574325.41285038
spline_logistic,2,age,5,0.004153780812896191,0.025438794828079758,1007,2574325.41285038
spline_logistic,2,sex,1,0.0016253190111007176,0.011263276153037682,1007,2574325.41285038
spline_logistic,2,sex,2,0.00028790662382308096,0.0017821833462560166,1007,2574325.41285038
spline_logistic,2,sex,3,0.00072232033504252,0.004293708204564983,1007,2574325.41285038
spline_logistic,2,sex,4,0.0003009929775362741,-4.3354949534779585e-05,1007,2574325.41285038
spline_logistic,2,sex,5,0.0005126076902066956,0.003756576200676265,1007,2574325.41285038
spline_logistic,2,region,1,0.00015688806323158055,0.000983505857959588,1007,2574325.41285038
spline_logistic,2,region,2,-3.716221485489113e-05,-0.0005456105794142685,1007,2574325.41285038
spline_logistic,2,region,3,0.00023644945866418965,0.002135284040174046,1007,2574325.41285038
spline_logistic,2,region,4,0.0006830533190675392,0.0046194768031661,1007,2574325.41285038
spline_logistic,2,region,5,0.00044968744506240776,0.0028152835744174043,1007,2574325.41285038
spline_logistic,2,rural,1,0.00012343382105967082,9.93242681492923e-05,1007,2574325.41285038
spline_logistic,2,rural,2,-3.366815775696086e-05,-0.0005849185129437329,1007,2574325.41285038
spline_logistic,2,rural,3,-2.6582668713914792e-05,-0.0009762291451878014,1007,2574325.41285038
spline_logistic,2,rural,4,-5.002940743348283e-06,-0.0008742212462907739,1007,2574325.41285038
spline_logistic,2,rural,5,6.738441329923184e-08,-0.0001316150530595861,1007,2574325.41285038
spline_logistic,2,education,1,-0.0001265655579330005,-0.0008502405751422693,1007,2574325.41285038
spline_logistic,2,education,2,0.0006199719318031038,0.0034842094173656024,1007,2574325.41285038
spline_logistic,2,education,3,0.00015818973980114004,0.0011636002668589107,1007,2574325.41285038
spline_logistic,2,education,4,0.0006832315994002858,0.003670184910927299,1007,2574325.41285038
spline_logistic,2,education,5,0.0006700231947005253,0.004710021337171688,1007,2574325.41285038
spline_logistic,2,indigenous,1,9.895831490400187e-05,6.327281005347185e-05,1007,2574325.41285038
spline_logistic,2,indigenous,2,-9.163204179871154e-05,-0.0005725794999656975,1007,2574325.41285038
spline_logistic,2,indigenous,3,-6.231468946127361e-06,-2.8041243233078994e-05,1007,2574325.41285038
spline_logistic,2,indigenous,4,-0.00016190527816600797,-0.0009848218010798382,1007,2574325.41285038
spline_logistic,2,indigenous,5,0.00010459849711724756,0.0006121010870768773,1007,2574325.41285038
spline_logistic,2,born_chile,1,-0.00012165994813526093,-0.000622263878259588,1007,2574325.41285038
spline_logistic,2,born_chile,2,-0.00013349357797134975,-0.0005640049645491141,1007,2574325.41285038
spline_logistic,2,born_chile,3,-4.14120163076126e-05,-0.00023773838670559932,1007,2574325.41285038
spline_logistic,2,born_chile,4,-0.0001244924322630625,-0.0005494612718109915,1007,2574325.41285038
spline_logistic,2,born_chile,5,-2.42221032101253e-05,-0.0001269860343096063,1007,2574325.41285038
spline_logistic,2,teeth_remaining,1,0.007494793365485697,0.06232574972680316,1007,2574325.41285038
spline_logistic,2,teeth_remaining,2,0.004574708009203815,0.030538645803952602,1007,2574325.41285038
spline_logistic,2,teeth_remaining,3,0.0035158037332820025,0.030079992146992307,1007,2574325.41285038
spline_logistic,2,teeth_remaining,4,0.004584659775869998,0.03987302641419144,1007,2574325.41285038
spline_logistic,2,teeth_remaining,5,0.004964302874068599,0.036631711815745205,1007,2574325.41285038
spline_logistic,2,fish,1,-0.0010522234523576146,-0.009390617670050894,1007,2574325.41285038
spline_logistic,2,fish,2,-0.0005589746298080567,-0.004732971899029215,1007,2574325.41285038
spline_logistic,2,fish,3,-0.0010459425788435783,-0.007652284043722535,1007,2574325.41285038
spline_logistic,2,fish,4,-0.00043029268007802046,-0.0018550223165100244,1007,2574325.41285038
spline_logistic,2,fish,5,-0.000553765595171174,-0.004772176091847102,1007,2574325.41285038
spline_logistic,2,dairy_frequency,1,0.00031060842572008807,0.0013718939558166054,1007,2574325.41285038
spline_logistic,2,dairy_frequency,2,0.0001933313608630527,0.0004062339693720052,1007,2574325.41285038
spline_logistic,2,dairy_frequency,3,0.000437828402954088,0.0013796946187826231,1007,2574325.41285038
spline_logistic,2,dairy_frequency,4,0.00041198545798692976,0.001951830624723927,1007,2574325.41285038
spline_logistic,2,dairy_frequency,5,8.137273604114093e-05,0.00016582225367178793,1007,2574325.41285038
spline_logistic,2,dairy_type,1,-8.78515427863158e-05,-0.00459072162782781,1007,2574325.41285038
spline_logistic,2,dairy_type,2,-0.00028479960309288344,-0.0017742716012071336,1007,2574325.41285038
spline_logistic,2,dairy_type,3,-0.00030815194628217024,-0.004248737357588017,1007,2574325.41285038
spline_logistic,2,dairy_type,4,-0.001084944525380549,-0.011141474259757422,1007,2574325.41285038
spline_logistic,2,dairy_type,5,-0.0006131805435068416,-0.008382030687394959,1007,2574325.41285038
spline_logistic,2,wholegrain,1,0.00037632864713046943,0.0009599689330419547,1007,2574325.41285038
spline_logistic,2,wholegrain,2,0.0003203855731711003,-0.0006283914600965224,1007,2574325.41285038
spline_logistic,2,wholegrain,3,0.00023528955653695505,0.0007988177572969546,1007,2574325.41285038
spline_logistic,2,wholegrain,4,0.00029263884990410327,-0.00010781349955757413,1007,2574325.41285038
spline_logistic,2,wholegrain,5,0.0003387268997339099,0.00021907090583128674,1007,2574325.41285038
spline_logistic,2,legumes,1,-2.0498623708592456e-05,-0.00041816548770334805,1007,2574325.41285038
spline_logistic,2,legumes,2,2.2130082725918543e-05,0.001362646510851162,1007,2574325.41285038
spline_logistic,2,legumes,3,-0.0005022964017073195,-0.0034259457697199958,1007,2574325.41285038
spline_logistic,2,legumes,4,7.922010589248019e-05,0.0007483927471475527,1007,2574325.41285038
spline_logistic,2,legumes,5,-0.00017914317429820747,-0.0006298049837681896,1007,2574325.41285038
spline_logistic,2,fruit_days,1,6.232028021158076e-05,-0.002634627604257589,1007,2574325.41285038
spline_logistic,2,fruit_days,2,-0.0004112398427204844,-0.005787188112297392,1007,2574325.41285038
spline_logistic,2,fruit_days,3,-0.00018273916954181235,-0.004789934485765479,1007,2574325.41285038
spline_logistic,2,fruit_days,4,0.00014814302558727177,-0.0015379120161411741,1007,2574325.41285038
spline_logistic,2,fruit_days,5,-1.7110424010952086e-05,-0.0024580559154131487,1007,2574325.41285038
spline_logistic,2,fruit_portions,1,0.0008487163131435382,0.006076030629540985,1007,2574325.41285038
spline_logistic,2,fruit_portions,2,0.0001747075749216065,0.000878871738287601,1007,2574325.41285038
spline_logistic,2,fruit_portions,3,0.0004970490523648063,0.004042340619584639,1007,2574325.41285038
spline_logistic,2,fruit_portions,4,0.00038127989174868704,0.0032354936877481144,1007,2574325.41285038
spline_logistic,2,fruit_portions,5,0.0004937571684010822,0.0030092151990285254,1007,2574325.41285038
spline_logistic,2,vegetable_days,1,0.00039192971171259083,-0.0003491566316864425,1007,2574325.41285038
spline_logistic,2,vegetable_days,2,0.00021372341005732043,0.0003182091267971421,1007,2574325.41285038
spline_logistic,2,vegetable_days,3,-0.0001410909537294669,-0.003335541537868747,1007,2574325.41285038
spline_logistic,2,vegetable_days,4,6.240153076042532e-05,-0.0007786743525688422,1007,2574325.41285038
spline_logistic,2,vegetable_days,5,0.0003128819422579532,-0.0011267311713689665,1007,2574325.41285038
spline_logistic,2,vegetable_portions,1,-9.795647320434697e-05,-0.00080177777895718,1007,2574325.41285038
spline_logistic,2,vegetable_portions,2,-0.00021455743425172202,-0.001786704121160887,1007,2574325.41285038
spline_logistic,2,vegetable_portions,3,-0.0003323025070708363,-0.0019910778942409113,1007,2574325.41285038
spline_logistic,2,vegetable_portions,4,-0.0002470959385543481,-0.0023312069844668715,1007,2574325.41285038
spline_logistic,2,vegetable_portions,5,-0.000285470311205932,-0.0014429430880429361,1007,2574325.41285038
spline_logistic,2,label_ingredients,1,-1.3348550123415404e-05,-0.002222483370291073,1007,2574325.41285038
spline_logistic,2,label_ingredients,2,-9.638854328303248e-05,-0.0028557965807352037,1007,2574325.41285038
spline_logistic,2,label_ingredients,3,0.00024446083725548906,-0.0003066412383848638,1007,2574325.41285038
spline_logistic,2,label_ingredients,4,8.405926938956365e-05,-0.001410354764075028,1007,2574325.41285038
spline_logistic,2,label_ingredients,5,0.00012346212207867135,-0.001409172075879428,1007,2574325.41285038
spline_logistic,2,label_nutrition,1,-7.293881127887203e-05,-0.0034248044189993943,1007,2574325.41285038
spline_logistic,2,label_nutrition,2,0.00015610927424813958,-0.0009582193775677927,1007,2574325.41285038
spline_logistic,2,label_nutrition,3,0.00010143774235596426,-0.002072904435054812,1007,2574325.41285038
spline_logistic,2,label_nutrition,4,-1.1743496305505197e-05,-0.0012600755237758277,1007,2574325.41285038
spline_logistic,2,label_nutrition,5,6.084185102789297e-05,-0.0010486932209934352,1007,2574325.41285038
spline_logistic,2,label_warnings,1,0.0004832449790292681,0.0012370245347869124,1007,2574325.41285038
spline_logistic,2,label_warnings,2,-0.00011067867689262822,-0.0028952258123021712,1007,2574325.41285038
spline_logistic,2,label_warnings,3,0.00012137219803595722,-0.0020759905757937736,1007,2574325.41285038
spline_logistic,2,label_warnings,4,0.0010785062701694215,0.007736567356624202,1007,2574325.41285038
spline_logistic,2,label_warnings,5,0.000497807907326564,0.0022789793544205628,1007,2574325.41285038
spline_logistic,2,label_health,1,-0.0003789944703677106,-0.004540578985027244,1007,2574325.41285038
spline_logistic,2,label_health,2,-0.00014769570998379722,-0.0022470470023425726,1007,2574325.41285038
spline_logistic,2,label_health,3,-0.0004255908824203347,-0.006133961156406742,1007,2574325.41285038
spline_logistic,2,label_health,4,-0.0005713805717097453,-0.00442141746443292,1007,2574325.41285038
spline_logistic,2,label_health,5,-0.0002620929859748211,-0.003490798688344454,1007,2574325.41285038
spline_logistic,2,label_brand,1,-1.827083663466511e-05,7.25605154197062e-05,1007,2574325.41285038
spline_logistic,2,label_brand,2,0.0003746645249333991,0.001884978710291807,1007,2574325.41285038
spline_logistic,2,label_brand,3,0.00031167069586410245,0.0010873107262950876,1007,2574325.41285038
spline_logistic,2,label_brand,4,0.00017990851448212997,-8.559099621108235e-05,1007,2574325.41285038
spline_logistic,2,label_brand,5,0.00021601510701160787,0.0015127154983670676,1007,2574325.41285038
spline_logistic,2,label_discounts,1,-0.00027568966096427894,-0.0021714918617866674,1007,2574325.41285038
spline_logistic,2,label_discounts,2,0.0003021087503664588,0.001159988328414907,1007,2574325.41285038
spline_logistic,2,label_discounts,3,-6.791519706250693e-05,-0.00011136966530378434,1007,2574325.41285038
spline_logistic,2,label_discounts,4,9.239057625465286e-05,-8.962837468262652e-05,1007,2574325.41285038
spline_logistic,2,label_discounts,5,-0.0003601733668548712,-0.002337977611369557,1007,2574325.41285038
spline_logistic,2,water,1,-0.0008732704666476743,-0.007384380307263627,1007,2574325.41285038
spline_logistic,2,water,2,-0.0005910657804024666,-0.004594892148869212,1007,2574325.41285038
spline_logistic,2,water,3,-0.00036269237102526386,-0.0024771659521255485,1007,2574325.41285038
spline_logistic,2,water,4,-0.0007442713576016613,-0.009442612603811629,1007,2574325.41285038
spline_logistic,2,water,5,0.00027214301999287094,0.0014271884308704186,1007,2574325.41285038
spline_logistic,2,soda_frequency,1,0.00034105675885720554,0.00036208110233915125,1007,2574325.41285038
spline_logistic,2,soda_frequency,2,-0.0003779979693975255,-0.003520283812461389,1007,2574325.41285038
spline_logistic,2,soda_frequency,3,0.00042316709659745433,0.0011918775102361945,1007,2574325.41285038
spline_logistic,2,soda_frequency,4,0.0002102447239599181,-0.0005598289948703927,1007,2574325.41285038
spline_logistic,2,soda_frequency,5,-0.0005334214507915491,-0.006070325355584938,1007,2574325.41285038
spline_logistic,2,juice_frequency,1,-3.6364561838142517e-06,-0.0001644636579153369,1007,2574325.41285038
spline_logistic,2,juice_frequency,2,1.6601041852554177e-05,-0.00020453709116907692,1007,2574325.41285038
spline_logistic,2,juice_frequency,3,6.044393762372202e-05,0.0005373218152769921,1007,2574325.41285038
spline_logistic,2,juice_frequency,4,7.447443038655077e-06,-0.00014129283185593255,1007,2574325.41285038
spline_logistic,2,juice_frequency,5,4.8602592265523104e-05,0.0004389248217541164,1007,2574325.41285038
spline_logistic,2,oil,1,-1.3276011977841895e-05,9.711902434283992e-05,1007,2574325.41285038
spline_logistic,2,oil,2,2.2983171259788326e-05,0.0005062544748408726,1007,2574325.41285038
spline_logistic,2,oil,3,1.0723365723358524e-05,7.979566908900004e-05,1007,2574325.41285038
spline_logistic,2,oil,4,1.1391532005272653e-05,3.229311267860524e-05,1007,2574325.41285038
spline_logistic,2,oil,5,-1.2993400027250246e-05,7.4966616384619655e-06,1007,2574325.41285038
spline_logistic,3,age,1,0.0012426389694513151,0.013455814004636357,1011,2776332.157348156
spline_logistic,3,age,2,-0.001386060291696939,-0.020634116906294464,1011,2776332.157348156
spline_logistic,3,age,3,0.0006303272136167493,-0.0013130647359144154,1011,2776332.157348156
spline_logistic,3,age,4,0.005072574332775137,0.03806094110583147,1011,2776332.157348156
spline_logistic,3,age,5,0.00440460231621867,0.03552679379814072,1011,2776332.157348156
spline_logistic,3,sex,1,-0.0003200254596852081,-0.002131686474611816,1011,2776332.157348156
spline_logistic,3,sex,2,0.0011222824370047402,0.008930483029790937,1011,2776332.157348156
spline_logistic,3,sex,3,0.0008900994735350221,0.004912767434431142,1011,2776332.157348156
spline_logistic,3,sex,4,0.00039206352617071616,-4.772399115848813e-05,1011,2776332.157348156
spline_logistic,3,sex,5,0.00015030684871628064,0.0007066106674086248,1011,2776332.157348156
spline_logistic,3,region,1,0.00035064209097793175,0.0018112623475146084,1011,2776332.157348156
spline_logistic,3,region,2,0.0006380265171539723,0.004269284703542264,1011,2776332.157348156
spline_logistic,3,region,3,0.000804865187475523,0.006204764265590246,1011,2776332.157348156
spline_logistic,3,region,4,0.0006637196359024766,0.0031591635579028,1011,2776332.157348156
spline_logistic,3,region,5,0.0007564173398797169,0.004157946894727482,1011,2776332.157348156
spline_logistic,3,rural,1,2.906000319130575e-06,9.163271026402242e-05,1011,2776332.157348156
spline_logistic,3,rural,2,4.156425470969172e-06,0.00011795693139782237,1011,2776332.157348156
spline_logistic,3,rural,3,1.4456694688580463e-06,-1.1437012936710289e-05,1011,2776332.157348156
spline_logistic,3,rural,4,3.1042517086021792e-06,-1.982939650235771e-05,1011,2776332.157348156
spline_logistic,3,rural,5,5.784920862339504e-06,-0.00015894174962161056,1011,2776332.157348156
spline_logistic,3,education,1,-0.0007317671578249696,-0.0028932849365648217,1011,2776332.157348156
spline_logistic,3,education,2,0.00024323476452478565,0.0016698979883813525,1011,2776332.157348156
spline_logistic,3,education,3,0.0001241852777502661,0.002470206664012209,1011,2776332.157348156
spline_logistic,3,education,4,0.0001400196269673859,0.002067113985356639,1011,2776332.157348156
spline_logistic,3,education,5,0.0008811441386021579,0.007370667830975064,1011,2776332.157348156
spline_logistic,3,indigenous,1,-3.7640907071812e-05,-0.00028178441435067203,1011,2776332.157348156
spline_logistic,3,indigenous,2,0.000134379308043997,0.0008240063392697117,1011,2776332.157348156
spline_logistic,3,indigenous,3,-3.2926637417163285e-06,0.00027894606395972854,1011,2776332.157348156
spline_logistic,3,indigenous,4,1.3789584501738839e-05,0.0003433013784374106,1011,2776332.157348156
spline_logistic,3,indigenous,5,-3.1170689173659616e-05,-0.00010435170758693602,1011,2776332.157348156
spline_logistic,3,born_chile,1,-0.00010517749454336256,-0.0005926332075688601,1011,2776332.157348156
spline_logistic,3,born_chile,2,-2.4042433788423745e-05,-0.00019638576798708396,1011,2776332.157348156
spline_logistic,3,born_chile,3,-3.332602027228404e-05,-0.0002626459366570355,1011,2776332.157348156
spline_logistic,3,born_chile,4,2.8765368547678527e-06,-3.831646437268965e-05,1011,2776332.157348156
spline_logistic,3,born_chile,5,-5.683210800550009e-06,0.00017088608298732044,1011,2776332.157348156
spline_logistic,3,teeth_remaining,1,0.006988815724156966,0.057180342982352195,1011,2776332.157348156
spline_logistic,3,teeth_remaining,2,0.0043244718741276,0.03715259205341226,1011,2776332.157348156
spline_logistic,3,teeth_remaining,3,0.004096937322519728,0.03307534828036518,1011,2776332.157348156
spline_logistic,3,teeth_remaining,4,0.0034916355534177212,0.03390465124109143,1011,2776332.157348156
spline_logistic,3,teeth_remaining,5,0.004762039124799805,0.03578063255811481,1011,2776332.157348156
spline_logistic,3,fish,1,-7.90468532656241e-05,-0.0008728994406196344,1011,2776332.157348156
spline_logistic,3,fish,2,6.669141702453363e-05,0.0006165907427183592,1011,2776332.157348156
spline_logistic,3,fish,3,-3.652063058554034e-05,-0.0011556976328332969,1011,2776332.157348156
spline_logistic,3,fish,4,0.0001251557430646255,0.0008672052686088394,1011,2776332.157348156
spline_logistic,3,fish,5,7.290770190357398e-05,0.0007966132926466862,1011,2776332.157348156
spline_logistic,3,dairy_frequency,1,3.872508177102385e-05,0.0005416224439295236,1011,2776332.157348156
spline_logistic,3,dairy_frequency,2,0.0003104930026396058,0.0005960112399044926,1011,2776332.157348156
spline_logistic,3,dairy_frequency,3,-8.384875346265086e-05,-0.0010279788934877132,1011,2776332.157348156
spline_logistic,3,dairy_frequency,4,1.3619893312888376e-05,-0.0016783468018131131,1011,2776332.157348156
spline_logistic,3,dairy_frequency,5,-0.00040749105922630036,-0.0029901818456355977,1011,2776332.157348156
spline_logistic,3,dairy_type,1,0.0005709397273869765,0.0018052161355380791,1011,2776332.157348156
spline_logistic,3,dairy_type,2,0.00020937189498163034,-0.0005581398619241007,1011,2776332.157348156
spline_logistic,3,dairy_type,3,0.000371005409585734,0.0012768563947229694,1011,2776332.157348156
spline_logistic,3,dairy_type,4,0.0003773811419905404,0.0005931105782068791,1011,2776332.157348156
spline_logistic,3,dairy_type,5,0.00032651706955935667,-0.0004967705006047041,1011,2776332.157348156
spline_logistic,3,wholegrain,1,0.0003057050864389843,0.00028771316810349834,1011,2776332.157348156
spline_logistic,3,wholegrain,2,0.00011728473746591694,-0.0027091692948570945,1011,2776332.157348156
spline_logistic,3,wholegrain,3,0.0005642932399031741,0.002533167954196003,1011,2776332.157348156
spline_logistic,3,wholegrain,4,-0.0001061202595718791,-0.0035495644743298582,1011,2776332.157348156
spline_logistic,3,wholegrain,5,0.0004603052724260759,0.0011336151827809893,1011,2776332.157348156
spline_logistic,3,legumes,1,-7.311331707932078e-05,6.73001324067446e-05,1011,2776332.157348156
spline_logistic,3,legumes,2,-8.362941432327187e-05,-0.0011415303293830226,1011,2776332.157348156
spline_logistic,3,legumes,3,0.00029221024867917555,0.000589186454318047,1011,2776332.157348156
spline_logistic,3,legumes,4,0.00019930070238574626,0.0013389428044378038,1011,2776332.157348156
spline_logistic,3,legumes,5,1.303015002190877e-05,6.583071216370584e-05,1011,2776332.157348156
spline_logistic,3,fruit_days,1,3.6465073635083556e-05,-0.0009086106020170792,1011,2776332.157348156
spline_logistic,3,fruit_days,2,0.0003664673305307786,0.0030234571649818687,1011,2776332.157348156
spline_logistic,3,fruit_days,3,-0.0006737241647001568,-0.006762103998483426,1011,2776332.157348156
spline_logistic,3,fruit_days,4,-0.00013867551900392794,0.0004727295998612213,1011,2776332.157348156
spline_logistic,3,fruit_days,5,-0.00041271736095183087,-0.00872236849103647,1011,2776332.157348156
spline_logistic,3,fruit_portions,1,0.0006374211992696555,0.005412918233907882,1011,2776332.157348156
spline_logistic,3,fruit_portions,2,0.0011652572036007225,0.008274153195080292,1011,2776332.157348156
spline_logistic,3,fruit_portions,3,0.00045478278790311855,0.00468387403444015,1011,2776332.157348156
spline_logistic,3,fruit_portions,4,0.0013603587397715278,0.009846658723502655,1011,2776332.157348156
spline_logistic,3,fruit_portions,5,0.0006693977965164244,0.005264178234898775,1011,2776332.157348156
spline_logistic,3,vegetable_days,1,0.0006148547409882688,0.0024388313895842284,1011,2776332.157348156
spline_logistic,3,vegetable_days,2,0.0004434347466489019,0.002803228132878921,1011,2776332.157348156
spline_logistic,3,vegetable_days,3,0.0009974861210515495,0.006401644220012437,1011,2776332.157348156
spline_logistic,3,vegetable_days,4,0.0007680750529146241,0.0052911358491478655,1011,2776332.157348156
spline_logistic,3,vegetable_days,5,0.0008222784857157273,0.0058180966989956895,1011,2776332.157348156
spline_logistic,3,vegetable_portions,1,0.00020746363568904802,0.0010561894457922216,1011,2776332.157348156
spline_logistic,3,vegetable_portions,2,0.0002662607598684641,0.0011511189937701838,1011,2776332.157348156
spline_logistic,3,vegetable_portions,3,-0.00013508642875009746,-0.0019869222728458036,1011,2776332.157348156
spline_logistic,3,vegetable_portions,4,0.0006229202659490118,0.00429948062105312,1011,2776332.157348156
spline_logistic,3,vegetable_portions,5,0.00015054982977125153,-0.0024075442620634657,1011,2776332.157348156
spline_logistic,3,label_ingredients,1,0.00012725263970062017,0.0007164167594092552,1011,2776332.157348156
spline_logistic,3,label_ingredients,2,6.715653364741669e-06,1.0859260167861429e-05,1011,2776332.157348156
spline_logistic,3,label_ingredients,3,0.00014166919870117756,0.000936282014112999,1011,2776332.157348156
spline_logistic,3,label_ingredients,4,4.2014344229984735e-05,0.00035030082400155926,1011,2776332.157348156
spline_logistic,3,label_ingredients,5,3.0560333239837423e-06,-0.000287517812994853,1011,2776332.157348156
spline_logistic,3,label_nutrition,1,8.250191126601969e-05,-0.0010926418169635577,1011,2776332.157348156
spline_logistic,3,label_nutrition,2,0.00019196266946178153,0.0015940738282469447,1011,2776332.157348156
spline_logistic,3,label_nutrition,3,0.00032322478901500307,0.0008441553029658877,1011,2776332.157348156
spline_logistic,3,label_nutrition,4,0.00013765846361493694,-0.0003838737272553461,1011,2776332.157348156
spline_logistic,3,label_nutrition,5,0.00015891794661410108,0.0010654512704832975,1011,2776332.157348156
spline_logistic,3,label_warnings,1,-0.00046673684138065497,-0.0076634849124468385,1011,2776332.157348156
spline_logistic,3,label_warnings,2,-0.0007975054651124525,-0.011815462748512306,1011,2776332.157348156
spline_logistic,3,label_warnings,3,0.0007609678896684513,0.0013542591428621353,1011,2776332.157348156
spline_logistic,3,label_warnings,4,-0.0003772865438584627,-0.008074367364755863,1011,2776332.157348156
spline_logistic,3,label_warnings,5,0.0003266598643942853,-0.003429401254204323,1011,2776332.157348156
spline_logistic,3,label_health,1,-1.849039957027565e-05,0.00042587760534373853,1011,2776332.157348156
spline_logistic,3,label_health,2,-9.834297592686836e-06,-8.54739913770386e-05,1011,2776332.157348156
spline_logistic,3,label_health,3,-4.908598690656074e-05,-3.797771952473994e-07,1011,2776332.157348156
spline_logistic,3,label_health,4,7.755060417452553e-05,0.0007304108471540838,1011,2776332.157348156
spline_logistic,3,label_health,5,4.8075222915278104e-05,0.0004287581754116587,1011,2776332.157348156
spline_logistic,3,label_brand,1,-3.238132926050574e-05,-0.003877257299913839,1011,2776332.157348156
spline_logistic,3,label_brand,2,0.0002526026592157282,-0.0005032633945220022,1011,2776332.157348156
spline_logistic,3,label_brand,3,-6.767338041005488e-05,-0.0023376580539149483,1011,2776332.157348156
spline_logistic,3,label_brand,4,6.077045303809481e-05,-0.0023256558623088175,1011,2776332.157348156
spline_logistic,3,label_brand,5,4.427880421689623e-05,-0.0039599058437098655,1011,2776332.157348156
spline_logistic,3,label_discounts,1,1.2490822723504325e-05,-0.0006311590948182566,1011,2776332.157348156
spline_logistic,3,label_discounts,2,0.00013024885464144043,0.0006037944910525228,1011,2776332.157348156
spline_logistic,3,label_discounts,3,-8.909041070204182e-06,-0.00032691676555529625,1011,2776332.157348156
spline_logistic,3,label_discounts,4,-3.476435224836205e-05,-0.0011066563713236777,1011,2776332.157348156
spline_logistic,3,label_discounts,5,-0.0003449185900990248,-0.003355065399367696,1011,2776332.157348156
spline_logistic,3,water,1,0.00015582886377535354,0.0008654645857663068,1011,2776332.157348156
spline_logistic,3,water,2,0.00012126910085819009,0.0010146342521728524,1011,2776332.157348156
spline_logistic,3,water,3,0.00011365716886718724,0.0005008957466234865,1011,2776332.157348156
spline_logistic,3,water,4,9.97677657900431e-05,0.00022925061198630914,1011,2776332.157348156
spline_logistic,3,water,5,0.00011728544835395982,0.00042041178673135615,1011,2776332.157348156
spline_logistic,3,soda_frequency,1,0.0009317183831029918,0.007537853377850068,1011,2776332.157348156
spline_logistic,3,soda_frequency,2,0.0006223340615705009,0.00480897869399366,1011,2776332.157348156
spline_logistic,3,soda_frequency,3,0.0007124906851983248,0.0019478335357488996,1011,2776332.157348156
spline_logistic,3,soda_frequency,4,0.0006282691551207364,0.0049775624304577715,1011,2776332.157348156
spline_logistic,3,soda_frequency,5,0.0010067372129530239,0.007465471399088486,1011,2776332.157348156
spline_logistic,3,juice_frequency,1,0.00011059055465073575,0.0002760349225368053,1011,2776332.157348156
spline_logistic,3,juice_frequency,2,2.530319283558513e-05,0.0006614252069592208,1011,2776332.157348156
spline_logistic,3,juice_frequency,3,-3.3337931477833704e-05,-1.4420004383453033e-05,1011,2776332.157348156
spline_logistic,3,juice_frequency,4,0.00020521416734967102,0.001118777480042299,1011,2776332.157348156
spline_logistic,3,juice_frequency,5,0.00022272031355011213,0.0020056929262678436,1011,2776332.157348156
spline_logistic,3,oil,1,1.5940283594417792e-05,-9.837957308023171e-05,1011,2776332.157348156
spline_logistic,3,oil,2,-1.110587254610218e-05,-0.0004118662515258942,1011,2776332.157348156
spline_logistic,3,oil,3,-1.8385850606400522e-05,-6.17215900573509e-05,1011,2776332.157348156
spline_logistic,3,oil,4,-5.096160427014995e-06,-0.00014272511487967154,1011,2776332.157348156
spline_logistic,3,oil,5,-2.2630662470934926e-06,3.492741300448188e-05,1011,2776332.157348156
spline_logistic,4,age,1,0.004227578831265261,0.04888506790082203,1007,2777806.4952178
spline_logistic,4,age,2,0.007838878657720594,0.06755408045827849,1007,2777806.4952178
spline_logistic,4,age,3,0.0040854241845012795,0.029992907471413033,1007,2777806.4952178
spline_logistic,4,age,4,0.007579177986700131,0.05357848976760804,1007,2777806.4952178
spline_logistic,4,age,5,0.006353478935135798,0.053886084266695056,1007,2777806.4952178
spline_logistic,4,sex,1,0.0014471873172009486,0.008888411971276877,1007,2777806.4952178
spline_logistic,4,sex,2,0.0008334015165797348,0.003618247034140598,1007,2777806.4952178
spline_logistic,4,sex,3,0.0005782700028365839,0.000220619441695602,1007,2777806.4952178
spline_logistic,4,sex,4,0.0012063991348636172,0.004928980638511327,1007,2777806.4952178
spline_logistic,4,sex,5,0.001231188440881742,0.004671334415341288,1007,2777806.4952178
spline_logistic,4,region,1,0.0003619348292163982,0.0024399773734402608,1007,2777806.4952178
spline_logistic,4,region,2,0.0003945074984464947,0.00259671561848962,1007,2777806.4952178
spline_logistic,4,region,3,0.00026517175368329093,0.002376969826784592,1007,2777806.4952178
spline_logistic,4,region,4,0.0003855275056706686,0.0026935078900722775,1007,2777806.4952178
spline_logistic,4,region,5,0.0008114671709003041,0.005611145940676021,1007,2777806.4952178
spline_logistic,4,rural,1,-0.00012018935419788601,-0.0004191085065599065,1007,2777806.4952178
spline_logistic,4,rural,2,-3.298310596072662e-05,-0.0002647208552463143,1007,2777806.4952178
spline_logistic,4,rural,3,-6.156944365154349e-05,-0.00013573184045623243,1007,2777806.4952178
spline_logistic,4,rural,4,-2.7413446998469926e-05,-8.265917616900875e-05,1007,2777806.4952178
spline_logistic,4,rural,5,-0.00011386392344192586,-0.0001868909086604198,1007,2777806.4952178
spline_logistic,4,education,1,-0.0004973034925523367,-0.002513440716740978,1007,2777806.4952178
spline_logistic,4,education,2,-9.534767421903734e-05,0.0007869601537033866,1007,2777806.4952178
spline_logistic,4,education,3,-5.03174626123315e-05,0.0015119995167331979,1007,2777806.4952178
spline_logistic,4,education,4,-3.1762422581793626e-06,0.0013175551353976633,1007,2777806.4952178
spline_logistic,4,education,5,-0.0006083821098585851,-0.0022000406601216937,1007,2777806.4952178
spline_logistic,4,indigenous,1,1.3813275888591159e-05,0.0005300196951989466,1007,2777806.4952178
spline_logistic,4,indigenous,2,6.009980397339576e-05,0.000460138160502388,1007,2777806.4952178
spline_logistic,4,indigenous,3,-1.1132198886487643e-05,0.00014633992903123616,1007,2777806.4952178
spline_logistic,4,indigenous,4,4.791888240401887e-06,0.0003494329738225055,1007,2777806.4952178
spline_logistic,4,indigenous,5,4.176494409827147e-05,0.0008113054857322721,1007,2777806.4952178
spline_logistic,4,born_chile,1,-1.4068382214599273e-05,-0.00010281554316760033,1007,2777806.4952178
spline_logistic,4,born_chile,2,-2.5333629721346895e-05,-0.0002752866451997127,1007,2777806.4952178
spline_logistic,4,born_chile,3,-2.2597246167155305e-05,-0.00024063862516154888,1007,2777806.4952178
spline_logistic,4,born_chile,4,-3.3785050877116474e-05,-0.0005698171434430632,1007,2777806.4952178
spline_logistic,4,born_chile,5,-2.825195149058768e-05,-0.0006589071638712918,1007,2777806.4952178
spline_logistic,4,teeth_remaining,1,0.00247050054298234,0.03209907276397872,1007,2777806.4952178
spline_logistic,4,teeth_remaining,2,0.0034878771651448426,0.03348667979573283,1007,2777806.4952178
spline_logistic,4,teeth_remaining,3,0.004802747646894812,0.04842283045159079,1007,2777806.4952178
spline_logistic,4,teeth_remaining,4,0.004897869425320611,0.0463260173416129,1007,2777806.4952178
spline_logistic,4,teeth_remaining,5,0.004923456170025459,0.04377481483853374,1007,2777806.4952178
spline_logistic,4,fish,1,-0.0005805269681294911,-0.002985326817131151,1007,2777806.4952178
spline_logistic,4,fish,2,-0.0007265299769250444,-0.003903629690775179,1007,2777806.4952178
spline_logistic,4,fish,3,-0.0002361905201538339,-0.0010909586763939716,1007,2777806.4952178
spline_logistic,4,fish,4,-0.0006875080513391585,-0.004608499784815034,1007,2777806.4952178
spline_logistic,4,fish,5,-0.0008111190769114207,-0.0037847166916855635,1007,2777806.4952178
spline_logistic,4,dairy_frequency,1,0.0002985053228877488,0.002493666929748728,1007,2777806.4952178
spline_logistic,4,dairy_frequency,2,-0.0002526908883899448,-0.0014915938169848264,1007,2777806.4952178
spline_logistic,4,dairy_frequency,3,-0.00021851766316630106,-0.0004805365926863203,1007,2777806.4952178
spline_logistic,4,dairy_frequency,4,-0.0001416482910221728,-0.00017294292589653537,1007,2777806.4952178
spline_logistic,4,dairy_frequency,5,-0.0001806327108180572,-0.0026073252960254756,1007,2777806.4952178
spline_logistic,4,dairy_type,1,0.0003743884642828099,0.003923759677157745,1007,2777806.4952178
spline_logistic,4,dairy_type,2,-5.6477408687777286e-05,-0.000304192787743629,1007,2777806.4952178
spline_logistic,4,dairy_type,3,0.0005654247197052487,0.0041154775019413,1007,2777806.4952178
spline_logistic,4,dairy_type,4,0.0003636786315165119,0.0019236367888200157,1007,2777806.4952178
spline_logistic,4,dairy_type,5,0.0005751264879292617,0.0039374212670387765,1007,2777806.4952178
spline_logistic,4,wholegrain,1,-0.0001493139796610865,-0.0022347337570063353,1007,2777806.4952178
spline_logistic,4,wholegrain,2,-0.0005538425814914094,-0.005358059874404186,1007,2777806.4952178
spline_logistic,4,wholegrain,3,4.1969715240730565e-05,-0.0010418046236703171,1007,2777806.4952178
spline_logistic,4,wholegrain,4,-0.00015716037205665279,-0.0013518370197256324,1007,2777806.4952178
spline_logistic,4,wholegrain,5,-0.00014223439911811853,-0.0032214536503449853,1007,2777806.4952178
spline_logistic,4,legumes,1,0.00019873386533533766,-0.0007566726341274865,1007,2777806.4952178
spline_logistic,4,legumes,2,0.000275034004005692,0.0011496474982740645,1007,2777806.4952178
spline_logistic,4,legumes,3,0.00012596951223087238,-0.00036686519149897734,1007,2777806.4952178
spline_logistic,4,legumes,4,6.325949523200425e-05,0.0007853085261576576,1007,2777806.4952178
spline_logistic,4,legumes,5,0.0003836235634778473,0.0011413452492352594,1007,2777806.4952178
spline_logistic,4,fruit_days,1,4.476256915944554e-05,0.001596072575027585,1007,2777806.4952178
spline_logistic,4,fruit_days,2,0.000349777488479891,0.0033553091537623647,1007,2777806.4952178
spline_logistic,4,fruit_days,3,2.16377236171017e-05,0.0016012021398069676,1007,2777806.4952178
spline_logistic,4,fruit_days,4,0.0008471817793038183,0.004601937273038814,1007,2777806.4952178
spline_logistic,4,fruit_days,5,0.001067165899709177,0.007353408479384704,1007,2777806.4952178
spline_logistic,4,fruit_portions,1,-0.00033515069054637636,-0.0007359886879044764,1007,2777806.4952178
spline_logistic,4,fruit_portions,2,1.9491985097375153e-06,0.0018329095628012437,1007,2777806.4952178
spline_logistic,4,fruit_portions,3,-9.04482780511584e-06,0.0006058377797315551,1007,2777806.4952178
spline_logistic,4,fruit_portions,4,-0.000710949546697065,-0.0017892024070633727,1007,2777806.4952178
spline_logistic,4,fruit_portions,5,-3.9611940767653175e-05,0.0001463523577582837,1007,2777806.4952178
spline_logistic,4,vegetable_days,1,-0.000541045640707144,-0.004883622351124495,1007,2777806.4952178
spline_logistic,4,vegetable_days,2,-5.050397115022309e-05,0.0007842933311161815,1007,2777806.4952178
spline_logistic,4,vegetable_days,3,0.0008074679372043481,0.0066076753253514475,1007,2777806.4952178
spline_logistic,4,vegetable_days,4,-0.0007630244458970425,-0.004869888320979121,1007,2777806.4952178
spline_logistic,4,vegetable_days,5,-0.0002477079753167577,-0.001044846075460626,1007,2777806.4952178
spline_logistic,4,vegetable_portions,1,0.0002842717667284056,0.0030914532627827063,1007,2777806.4952178
spline_logistic,4,vegetable_portions,2,1.2565832136657296e-05,0.002190541583245831,1007,2777806.4952178
spline_logistic,4,vegetable_portions,3,0.00017030367870049523,0.0020321289877156534,1007,2777806.4952178
spline_logistic,4,vegetable_portions,4,0.0004918774543979099,0.004870312235065177,1007,2777806.4952178
spline_logistic,4,vegetable_portions,5,0.00016164000141133394,0.00033938858711035635,1007,2777806.4952178
spline_logistic,4,label_ingredients,1,0.00016649020244272061,0.0021967860008111906,1007,2777806.4952178
spline_logistic,4,label_ingredients,2,-3.456187840111813e-05,-8.574710786557471e-05,1007,2777806.4952178
spline_logistic,4,label_ingredients,3,-6.533640226613624e-05,0.0008050948565756499,1007,2777806.4952178
spline_logistic,4,label_ingredients,4,0.000283009422962166,0.0021273669646963977,1007,2777806.4952178
spline_logistic,4,label_ingredients,5,-0.00013325301599750872,-0.00041126568819194187,1007,2777806.4952178
spline_logistic,4,label_nutrition,1,0.0003428900555458303,0.002609587581462458,1007,2777806.4952178
spline_logistic,4,label_nutrition,2,0.00039236608899273495,0.002774714042492965,1007,2777806.4952178
spline_logistic,4,label_nutrition,3,0.00011517983129527565,0.0021461937199945824,1007,2777806.4952178
spline_logistic,4,label_nutrition,4,0.00039562851824082035,0.0025191425083597174,1007,2777806.4952178
spline_logistic,4,label_nutrition,5,0.0002368789066372612,0.0015989512056375776,1007,2777806.4952178
spline_logistic,4,label_warnings,1,0.00017625038562282813,0.0035609987758389305,1007,2777806.4952178
spline_logistic,4,label_warnings,2,-0.00018142555262892768,0.0013463761689699316,1007,2777806.4952178
spline_logistic,4,label_warnings,3,0.0011117123775644666,0.0073968219713684835,1007,2777806.4952178
spline_logistic,4,label_warnings,4,0.000772269036383666,0.007292935139306511,1007,2777806.4952178
spline_logistic,4,label_warnings,5,-1.8171974792369205e-05,0.0007846538154721028,1007,2777806.4952178
spline_logistic,4,label_health,1,-0.0001417557089058441,-0.001347522569885018,1007,2777806.4952178
spline_logistic,4,label_health,2,-0.0001229480549542472,-0.0005982390485207434,1007,2777806.4952178
spline_logistic,4,label_health,3,-0.00018470933466094297,-0.0011590234102362151,1007,2777806.4952178
spline_logistic,4,label_health,4,-7.694008671843555e-07,0.0006258914884605948,1007,2777806.4952178
spline_logistic,4,label_health,5,-0.0001840082642937113,-0.0017362095691790813,1007,2777806.4952178
spline_logistic,4,label_brand,1,-7.053443410220961e-05,-0.0008593765573108314,1007,2777806.4952178
spline_logistic,4,label_brand,2,0.00033394971874861623,0.0016403131847934072,1007,2777806.4952178
spline_logistic,4,label_brand,3,0.0003101929339187348,0.0028218638497875537,1007,2777806.4952178
spline_logistic,4,label_brand,4,0.00012402919477208507,-0.0003519536964176062,1007,2777806.4952178
spline_logistic,4,label_brand,5,0.0003217551220710546,0.0023586235172795567,1007,2777806.4952178
spline_logistic,4,label_discounts,1,0.0004230823216042068,0.003193591053890943,1007,2777806.4952178
spline_logistic,4,label_discounts,2,6.031193907851673e-05,0.00021217493351011196,1007,2777806.4952178
spline_logistic,4,label_discounts,3,5.889277633616685e-05,0.0007182157106614406,1007,2777806.4952178
spline_logistic,4,label_discounts,4,7.056199629953963e-05,0.0009450164381737958,1007,2777806.4952178
spline_logistic,4,label_discounts,5,-5.628790799641625e-05,-0.0001366008955168141,1007,2777806.4952178
spline_logistic,4,water,1,0.00011316659806456797,0.0023391282230840194,1007,2777806.4952178
spline_logistic,4,water,2,-6.371418658140948e-06,0.0005334519379919245,1007,2777806.4952178
spline_logistic,4,water,3,0.000549466400956683,0.003144889324616762,1007,2777806.4952178
spline_logistic,4,water,4,0.0001787694283659491,0.0010946915164617987,1007,2777806.4952178
spline_logistic,4,water,5,0.0005145032592793475,0.0036841161467656702,1007,2777806.4952178
spline_logistic,4,soda_frequency,1,-0.0002913093632607999,-0.0025950425297620594,1007,2777806.4952178
spline_logistic,4,soda_frequency,2,-0.0007041608194614246,-0.002448898806801658,1007,2777806.4952178
spline_logistic,4,soda_frequency,3,-0.002368624558676674,-0.016237907506111093,1007,2777806.4952178
spline_logistic,4,soda_frequency,4,-0.0008747483219467556,-0.005080099911317415,1007,2777806.4952178
spline_logistic,4,soda_frequency,5,-0.0017493638681999324,-0.007961833243202765,1007,2777806.4952178
spline_logistic,4,juice_frequency,1,2.0043724633433957e-05,0.0013328245895475321,1007,2777806.4952178
spline_logistic,4,juice_frequency,2,-0.00014288073387364042,-0.0005744158523711684,1007,2777806.4952178
spline_logistic,4,juice_frequency,3,0.0001307032710841094,0.0020199031358713038,1007,2777806.4952178
spline_logistic,4,juice_frequency,4,-0.00024532863732174004,-0.0007446271221330791,1007,2777806.4952178
spline_logistic,4,juice_frequency,5,6.672340430780022e-06,0.0005398254608589559,1007,2777806.4952178
spline_logistic,4,oil,1,-4.1476458402855965e-05,-0.0001755681740864823,1007,2777806.4952178
spline_logistic,4,oil,2,-2.7911870545960227e-06,-0.00014349343802344539,1007,2777806.4952178
spline_logistic,4,oil,3,-5.458811751229975e-05,-0.0007201843248917372,1007,2777806.4952178
spline_logistic,4,oil,4,5.3053745389691764e-05,0.0004073659479929548,1007,2777806.4952178
spline_logistic,4,oil,5,3.069640695935183e-05,-4.314892627643729e-06,1007,2777806.4952178
spline_logistic,5,age,1,-0.00019404385914170708,0.004227735489162554,1005,2807410.1710247993
spline_logistic,5,age,2,-0.0030206571988815045,-0.028955171174044225,1005,2807410.1710247993
spline_logistic,5,age,3,-0.0012250543246445367,-0.0021300476860425244,1005,2807410.1710247993
spline_logistic,5,age,4,0.002207675357729172,0.025389758000615492,1005,2807410.1710247993
spline_logistic,5,age,5,-0.00022106870024105052,0.0005827465786860664,1005,2807410.1710247993
spline_logistic,5,sex,1,-0.00035778920609505493,-0.0024414582395566597,1005,2807410.1710247993
spline_logistic,5,sex,2,0.0005547696891054499,0.004162615379166512,1005,2807410.1710247993
spline_logistic,5,sex,3,0.0003295515475553179,0.00038374384395911676,1005,2807410.1710247993
spline_logistic,5,sex,4,0.00047896862099572335,0.005317223558797934,1005,2807410.1710247993
spline_logistic,5,sex,5,0.0014502429844467368,0.008742440323931233,1005,2807410.1710247993
spline_logistic,5,region,1,2.0041539458504065e-05,0.0010387006139912502,1005,2807410.1710247993
spline_logistic,5,region,2,0.00019730691964797709,0.0007529790369071865,1005,2807410.1710247993
spline_logistic,5,region,3,0.0002589115615631854,0.002226136278328572,1005,2807410.1710247993
spline_logistic,5,region,4,0.0003986104254966871,0.0041386011247369625,1005,2807410.1710247993
spline_logistic,5,region,5,0.0003644470744481876,0.0030000116166022384,1005,2807410.1710247993
spline_logistic,5,rural,1,-0.0001077562274546251,-2.3521102242574088e-06,1005,2807410.1710247993
spline_logistic,5,rural,2,-2.838359397988599e-06,0.00015580935373482596,1005,2807410.1710247993
spline_logistic,5,rural,3,-9.616836367326576e-05,-0.0004209602207025931,1005,2807410.1710247993
spline_logistic,5,rural,4,-0.00013535161441249888,-0.0005812228888724125,1005,2807410.1710247993
spline_logistic,5,rural,5,-7.140148789017142e-05,-0.0002044972397330369,1005,2807410.1710247993
spline_logistic,5,education,1,-0.00022412480887967767,-0.0004161160819228238,1005,2807410.1710247993
spline_logistic,5,education,2,0.0001633470413045235,0.0026187762795205627,1005,2807410.1710247993
spline_logistic,5,education,3,-0.00036271174008331575,-0.0015771824722733419,1005,2807410.1710247993
spline_logistic,5,education,4,-0.00012864657102368282,-0.0013934506289932092,1005,2807410.1710247993
spline_logistic,5,education,5,-0.00035904475825307425,-0.0015472267982011845,1005,2807410.1710247993
spline_logistic,5,indigenous,1,1.2224430023327626e-05,0.00013267870106514756,1005,2807410.1710247993
spline_logistic,5,indigenous,2,-6.565029622762619e-06,-8.376854357949881e-05,1005,2807410.1710247993
spline_logistic,5,indigenous,3,9.923196132854972e-07,5.687962716383055e-05,1005,2807410.1710247993
spline_logistic,5,indigenous,4,-1.8284335358276227e-06,-0.00018407645048157395,1005,2807410.1710247993
spline_logistic,5,indigenous,5,1.1972968561896336e-05,-8.915862930536367e-05,1005,2807410.1710247993
spline_logistic,5,born_chile,1,1.3506131034568547e-05,0.00016701141064101588,1005,2807410.1710247993
spline_logistic,5,born_chile,2,-1.833698747591428e-05,-0.00011220752917129317,1005,2807410.1710247993
spline_logistic,5,born_chile,3,1.4782883147351766e-05,0.00017525589738520697,1005,2807410.1710247993
spline_logistic,5,born_chile,4,-3.065856620582119e-05,-4.778593947596388e-05,1005,2807410.1710247993
spline_logistic,5,born_chile,5,2.6887857528440362e-05,0.0005204735281068018,1005,2807410.1710247993
spline_logistic,5,teeth_remaining,1,0.006006883654980699,0.05625153408554695,1005,2807410.1710247993
spline_logistic,5,teeth_remaining,2,-0.0013106555755620086,-0.002834485050387525,1005,2807410.1710247993
spline_logistic,5,teeth_remaining,3,0.003121215250971643,0.035656750164373974,1005,2807410.1710247993
spline_logistic,5,teeth_remaining,4,-0.0012648839685230617,-0.006113157565297289,1005,2807410.1710247993
spline_logistic,5,teeth_remaining,5,0.005374034899087943,0.05502640286383653,1005,2807410.1710247993
spline_logistic,5,fish,1,-4.1650365252721144e-05,0.00027515282494205984,1005,2807410.1710247993
spline_logistic,5,fish,2,-0.00019396079418529388,-0.0005610537384719283,1005,2807410.1710247993
spline_logistic,5,fish,3,-5.493734419154128e-05,0.00015345547141043525,1005,2807410.1710247993
spline_logistic,5,fish,4,-0.00010316497902027044,-0.0005092153820768219,1005,2807410.1710247993
spline_logistic,5,fish,5,-7.016785169625117e-05,0.0003263047517724216,1005,2807410.1710247993
spline_logistic,5,dairy_frequency,1,0.00018110167231413787,-0.0003311655928682766,1005,2807410.1710247993
spline_logistic,5,dairy_frequency,2,-0.00021512323971242808,-0.0008837505252483613,1005,2807410.1710247993
spline_logistic,5,dairy_frequency,3,-7.480898887510246e-05,-0.0012021002773547895,1005,2807410.1710247993
spline_logistic,5,dairy_frequency,4,0.0005478558509481868,0.003210962196401046,1005,2807410.1710247993
spline_logistic,5,dairy_frequency,5,0.00022485768342556112,0.0016785547233966192,1005,2807410.1710247993
spline_logistic,5,dairy_type,1,0.000432741484739374,0.004182456037493787,1005,2807410.1710247993
spline_logistic,5,dairy_type,2,-0.00017038340549049846,-0.002149974756488038,1005,2807410.1710247993
spline_logistic,5,dairy_type,3,0.00021455281854740327,0.0017940280721300272,1005,2807410.1710247993
spline_logistic,5,dairy_type,4,2.1736061456695266e-05,1.5050810952543792e-05,1005,2807410.1710247993
spline_logistic,5,dairy_type,5,0.0002793510005012212,0.002329974267157753,1005,2807410.1710247993
spline_logistic,5,wholegrain,1,-0.0008747333001365987,-0.004753332850213177,1005,2807410.1710247993
spline_logistic,5,wholegrain,2,-0.0005451419580171091,-0.004078468373133748,1005,2807410.1710247993
spline_logistic,5,wholegrain,3,-9.168416676419433e-06,0.0019097707073281178,1005,2807410.1710247993
spline_logistic,5,wholegrain,4,0.000675342468787643,0.003073477542496761,1005,2807410.1710247993
spline_logistic,5,wholegrain,5,-0.00021609776584513574,-0.003259146520126377,1005,2807410.1710247993
spline_logistic,5,legumes,1,-0.00010120803780669374,0.0003490241742369893,1005,2807410.1710247993
spline_logistic,5,legumes,2,0.0001639194001938904,0.0023482339792885165,1005,2807410.1710247993
spline_logistic,5,legumes,3,-8.647444309545227e-05,0.00047938815617987185,1005,2807410.1710247993
spline_logistic,5,legumes,4,6.356014458305803e-05,0.00020379349281318682,1005,2807410.1710247993
spline_logistic,5,legumes,5,-3.301421977705554e-05,0.0006359242833904322,1005,2807410.1710247993
spline_logistic,5,fruit_days,1,0.0006542630571808594,0.004686283211369546,1005,2807410.1710247993
spline_logistic,5,fruit_days,2,0.00032337005034985267,0.0022612394348103804,1005,2807410.1710247993
spline_logistic,5,fruit_days,3,0.0005134106911502123,0.0023381365764336692,1005,2807410.1710247993
spline_logistic,5,fruit_days,4,2.5529700576343295e-05,-0.0006795704752117215,1005,2807410.1710247993
spline_logistic,5,fruit_days,5,0.0003351012760780814,0.002122205239459829,1005,2807410.1710247993
spline_logistic,5,fruit_portions,1,-0.0013261465755126378,-0.008826688621802026,1005,2807410.1710247993
spline_logistic,5,fruit_portions,2,-0.000502656311500399,-0.0012407041799455953,1005,2807410.1710247993
spline_logistic,5,fruit_portions,3,-0.0003197512181926099,-0.0013531986226640313,1005,2807410.1710247993
spline_logistic,5,fruit_portions,4,-0.0010695393126430308,-0.006818732811236572,1005,2807410.1710247993
spline_logistic,5,fruit_portions,5,-0.0008844182910215659,-0.005513780705443172,1005,2807410.1710247993
spline_logistic,5,vegetable_days,1,0.0023145824362629797,0.016355032567270777,1005,2807410.1710247993
spline_logistic,5,vegetable_days,2,-0.00024812509987431897,-0.0049320424827774545,1005,2807410.1710247993
spline_logistic,5,vegetable_days,3,-0.0012488668728095065,-0.008589680664369603,1005,2807410.1710247993
spline_logistic,5,vegetable_days,4,0.0006172614290794187,0.0044225731044331695,1005,2807410.1710247993
spline_logistic,5,vegetable_days,5,0.00027417331944165624,0.0005229637782959706,1005,2807410.1710247993
spline_logistic,5,vegetable_portions,1,0.0006688614372215573,0.006908914818465006,1005,2807410.1710247993
spline_logistic,5,vegetable_portions,2,0.00023345985151970727,0.004737482374287838,1005,2807410.1710247993
spline_logistic,5,vegetable_portions,3,6.552163640000108e-05,0.0015369354360015297,1005,2807410.1710247993
spline_logistic,5,vegetable_portions,4,0.0006953743731763773,0.006584047589985431,1005,2807410.1710247993
spline_logistic,5,vegetable_portions,5,-0.00015392518799112187,0.004323462391914834,1005,2807410.1710247993
spline_logistic,5,label_ingredients,1,-4.857655856896348e-05,-0.00096093163391342,1005,2807410.1710247993
spline_logistic,5,label_ingredients,2,-0.0001957437807658946,-0.0011677826231535349,1005,2807410.1710247993
spline_logistic,5,label_ingredients,3,0.00010633533950696328,0.00042123338383137643,1005,2807410.1710247993
spline_logistic,5,label_ingredients,4,3.837168296566551e-05,0.0023996657039651037,1005,2807410.1710247993
spline_logistic,5,label_ingredients,5,-0.00033568376387010934,-0.0024098568367747486,1005,2807410.1710247993
spline_logistic,5,label_nutrition,1,-0.00018978757828150283,-0.00021642098656671216,1005,2807410.1710247993
spline_logistic,5,label_nutrition,2,-0.00047523780734926024,-0.002912258937360579,1005,2807410.1710247993
spline_logistic,5,label_nutrition,3,0.00013454633856160858,0.0010297207767895333,1005,2807410.1710247993
spline_logistic,5,label_nutrition,4,-0.000349516416275536,-0.002090881159520608,1005,2807410.1710247993
spline_logistic,5,label_nutrition,5,-0.0003538099220938562,-0.0033953508624560147,1005,2807410.1710247993
spline_logistic,5,label_warnings,1,0.000426313066436923,0.003966192082098807,1005,2807410.1710247993
spline_logistic,5,label_warnings,2,0.0010847413513496995,0.006461000113703097,1005,2807410.1710247993
spline_logistic,5,label_warnings,3,0.00028020717601970335,0.0029242209111712825,1005,2807410.1710247993
spline_logistic,5,label_warnings,4,0.0007335146550812022,0.004851046710507734,1005,2807410.1710247993
spline_logistic,5,label_warnings,5,0.00010411184123385042,0.0019259707026024753,1005,2807410.1710247993
spline_logistic,5,label_health,1,-6.350849579686568e-05,-0.00044489023202975986,1005,2807410.1710247993
spline_logistic,5,label_health,2,1.3844296753218188e-05,-0.00035368626358733835,1005,2807410.1710247993
spline_logistic,5,label_health,3,0.0002669487416562255,0.0014322232358353615,1005,2807410.1710247993
spline_logistic,5,label_health,4,-1.7182082609007443e-05,-0.00030232118174255973,1005,2807410.1710247993
spline_logistic,5,label_health,5,-2.0375420361179453e-05,-0.0001259254537986365,1005,2807410.1710247993
spline_logistic,5,label_brand,1,0.0003965138679109803,0.0024849816817064108,1005,2807410.1710247993
spline_logistic,5,label_brand,2,0.00027159112805755226,0.0018225651570439316,1005,2807410.1710247993
spline_logistic,5,label_brand,3,0.000246466252572658,0.0026556695917756556,1005,2807410.1710247993
spline_logistic,5,label_brand,4,0.00018306460514425082,0.0009433869244598325,1005,2807410.1710247993
spline_logistic,5,label_brand,5,-4.2300255909788476e-05,-0.0009813769375226489,1005,2807410.1710247993
spline_logistic,5,label_discounts,1,-0.00020469193256217322,0.0002006827600584682,1005,2807410.1710247993
spline_logistic,5,label_discounts,2,-8.697942077229293e-05,7.12735688427335e-05,1005,2807410.1710247993
spline_logistic,5,label_discounts,3,-5.519681003540722e-06,0.0011192888937753276,1005,2807410.1710247993
spline_logistic,5,label_discounts,4,-0.00018037656336114538,0.00020146216017924434,1005,2807410.1710247993
spline_logistic,5,label_discounts,5,4.959977183316422e-05,0.0016043698460256328,1005,2807410.1710247993
spline_logistic,5,water,1,-0.0008249135735963198,-0.005433144548657176,1005,2807410.1710247993
spline_logistic,5,water,2,-0.00045214865394654913,-0.0028348350480641438,1005,2807410.1710247993
spline_logistic,5,water,3,-0.0006951204439250291,-0.005019800789969664,1005,2807410.1710247993
spline_logistic,5,water,4,-0.0005989773497479534,-0.0028754286327510314,1005,2807410.1710247993
spline_logistic,5,water,5,3.973927548631129e-05,0.0016076993826977803,1005,2807410.1710247993
spline_logistic,5,soda_frequency,1,0.0009739626830635728,0.005109372583774863,1005,2807410.1710247993
spline_logistic,5,soda_frequency,2,0.0007932709876476429,0.0037904526657374094,1005,2807410.1710247993
spline_logistic,5,soda_frequency,3,0.0003395569420575617,0.0011591884084606319,1005,2807410.1710247993
spline_logistic,5,soda_frequency,4,0.00026312997862204535,0.0032119195122873867,1005,2807410.1710247993
spline_logistic,5,soda_frequency,5,0.0011083896493528367,0.0070284601231580535,1005,2807410.1710247993
spline_logistic,5,juice_frequency,1,-0.00032986151846828293,-0.002305670754522593,1005,2807410.1710247993
spline_logistic,5,juice_frequency,2,-0.00011299625313165862,-0.0012397089164962738,1005,2807410.1710247993
spline_logistic,5,juice_frequency,3,-8.982312407473936e-05,-0.002409373051301622,1005,2807410.1710247993
spline_logistic,5,juice_frequency,4,0.00018848230389018061,0.0010717810910152448,1005,2807410.1710247993
spline_logistic,5,juice_frequency,5,0.00018895140963232082,0.0009467276664920643,1005,2807410.1710247993
spline_logistic,5,oil,1,-9.457286886496719e-05,-0.0008607379017966377,1005,2807410.1710247993
spline_logistic,5,oil,2,-3.0164189274095587e-05,-4.4867859575359326e-05,1005,2807410.1710247993
spline_logistic,5,oil,3,-8.829483006458916e-05,-0.00048437775209020373,1005,2807410.1710247993
spline_logistic,5,oil,4,2.8714591759015917e-05,0.0004497586786811336,1005,2807410.1710247993
spline_logistic,5,oil,5,-1.9038607350307934e-05,5.054333035436898e-07,1005,2807410.1710247993
random_forest,1,age,1,0.0035344993761999843,0.020893818432592526,1006,2861322.5562906265
random_forest,1,age,2,0.005041004904224239,0.03503801841677945,1006,2861322.5562906265
random_forest,1,age,3,0.004297861802174757,0.018293908744925202,1006,2861322.5562906265
random_forest,1,age,4,0.005516479305809313,0.033644322730359666,1006,2861322.5562906265
random_forest,1,age,5,0.005676001897424399,0.03330958112961657,1006,2861322.5562906265
random_forest,1,sex,1,0.0017572194589888512,0.015777644633318322,1006,2861322.5562906265
random_forest,1,sex,2,0.001189937297767757,0.01156765115765701,1006,2861322.5562906265
random_forest,1,sex,3,0.0015685169266804744,0.017262159195192583,1006,2861322.5562906265
random_forest,1,sex,4,0.0012759324786363047,0.012111482598866519,1006,2861322.5562906265
random_forest,1,sex,5,0.002252886573758911,0.017386940362670966,1006,2861322.5562906265
random_forest,1,region,1,0.0023065183586553073,0.019193324818017943,1006,2861322.5562906265
random_forest,1,region,2,0.00046287841548586783,0.008685419109356718,1006,2861322.5562906265
random_forest,1,region,3,0.0022448061478929915,0.0208825352859765,1006,2861322.5562906265
random_forest,1,region,4,0.001190505231864647,0.00942297480950216,1006,2861322.5562906265
random_forest,1,region,5,0.00125234630218779,0.015432144564870187,1006,2861322.5562906265
random_forest,1,rural,1,-0.0003871011718082906,-0.0034880080572775585,1006,2861322.5562906265
random_forest,1,rural,2,-0.0002536783310370938,-0.0015485586395851403,1006,2861322.5562906265
random_forest,1,rural,3,-0.00029367270755836783,-0.0028617211822806743,1006,2861322.5562906265
random_forest,1,rural,4,-0.0005666804584308072,-0.003697136687656255,1006,2861322.5562906265
random_forest,1,rural,5,-0.00024733474452823256,-0.001677015771557766,1006,2861322.5562906265
random_forest,1,education,1,0.00031881273699943535,-0.0014446925300847235,1006,2861322.5562906265
random_forest,1,education,2,0.00048101831430891195,0.0014682351694338402,1006,2861322.5562906265
random_forest,1,education,3,0.0011956806745780646,0.009606509987591383,1006,2861322.5562906265
random_forest,1,education,4,0.002617783473964297,0.018865307572020207,1006,2861322.5562906265
random_forest,1,education,5,1.1096370614860351e-06,-0.0010265847135561001,1006,2861322.5562906265
random_forest,1,indigenous,1,-3.1733800335775886e-05,0.0011359505511348011,1006,2861322.5562906265
random_forest,1,indigenous,2,-6.44708912968528e-05,0.0003573287746774234,1006,2861322.5562906265
random_forest,1,indigenous,3,-1.0846152949495202e-05,0.0007140900580824283,1006,2861322.5562906265
random_forest,1,indigenous,4,-0.00020374159489694454,-0.0012313031027356702,1006,2861322.5562906265
random_forest,1,indigenous,5,-0.00017955048946088903,-0.00037431857971748084,1006,2861322.5562906265
random_forest,1,born_chile,1,-6.757601731380292e-05,-0.00022135563308323114,1006,2861322.5562906265
random_forest,1,born_chile,2,-6.729084836906707e-05,-0.0005054448503548636,1006,2861322.5562906265
random_forest,1,born_chile,3,-6.61632418592073e-05,-0.0005773433776030679,1006,2861322.5562906265
random_forest,1,born_chile,4,-8.245931071823587e-05,-0.0006302556939140613,1006,2861322.5562906265
random_forest,1,born_chile,5,-0.00010691983563421159,-0.000871875408071876,1006,2861322.5562906265
random_forest,1,teeth_remaining,1,0.006216582777308577,0.048418305435101505,1006,2861322.5562906265
random_forest,1,teeth_remaining,2,0.0046986611725913785,0.03158139126421733,1006,2861322.5562906265
random_forest,1,teeth_remaining,3,0.005063963407276578,0.030429111260206976,1006,2861322.5562906265
random_forest,1,teeth_remaining,4,0.00452871941034011,0.022899925507146812,1006,2861322.5562906265
random_forest,1,teeth_remaining,5,0.007208821259298309,0.057082617516044154,1006,2861322.5562906265
random_forest,1,fish,1,-6.180939192582113e-05,-0.0005757570783783139,1006,2861322.5562906265
random_forest,1,fish,2,0.000486055078040587,0.0048738020526717385,1006,2861322.5562906265
random_forest,1,fish,3,8.70389156649165e-05,2.545399536257875e-06,1006,2861322.5562906265
random_forest,1,fish,4,0.00014525658836520017,0.0025583985897142947,1006,2861322.5562906265
random_forest,1,fish,5,0.0005009964727038796,0.003329370094163786,1006,2861322.5562906265
random_forest,1,dairy_frequency,1,0.0006024627485451683,0.004114885010424896,1006,2861322.5562906265
random_forest,1,dairy_frequency,2,7.05145610094271e-05,0.0017182529850964245,1006,2861322.5562906265
random_forest,1,dairy_frequency,3,8.308765696007914e-05,0.004109723384718711,1006,2861322.5562906265
random_forest,1,dairy_frequency,4,0.000691986139685935,0.007321147253993354,1006,2861322.5562906265
random_forest,1,dairy_frequency,5,-0.0011301771533437088,-0.0047722042200457615,1006,2861322.5562906265
random_forest,1,dairy_type,1,-0.00110530290445654,-0.007054873411491691,1006,2861322.5562906265
random_forest,1,dairy_type,2,-0.0004381993135962603,0.0011668822676508261,1006,2861322.5562906265
random_forest,1,dairy_type,3,-5.0669618970405894e-05,0.0045094787530431946,1006,2861322.5562906265
random_forest,1,dairy_type,4,-0.00032281428319699823,-0.00010636065924773952,1006,2861322.5562906265
random_forest,1,dairy_type,5,-0.00010599967106272867,0.001639546952594273,1006,2861322.5562906265
random_forest,1,wholegrain,1,0.0004497659782656538,0.0012181763308874993,1006,2861322.5562906265
random_forest,1,wholegrain,2,0.0006634631250597434,0.0011069866315147614,1006,2861322.5562906265
random_forest,1,wholegrain,3,0.0015327266262021022,0.012512090293616107,1006,2861322.5562906265
random_forest,1,wholegrain,4,-0.000627667353235134,-0.006409207269766126,1006,2861322.5562906265
random_forest,1,wholegrain,5,0.0014851502957197449,0.01061907662487993,1006,2861322.5562906265
random_forest,1,legumes,1,0.00031027144941733753,0.004138071363084861,1006,2861322.5562906265
random_forest,1,legumes,2,-0.00028139609395733123,0.0031315729365135603,1006,2861322.5562906265
random_forest,1,legumes,3,-1.1106922130410535e-05,0.002311790979438455,1006,2861322.5562906265
random_forest,1,legumes,4,-0.00036748324692109646,0.0009800179410883736,1006,2861322.5562906265
random_forest,1,legumes,5,-0.0003318826979085421,-0.00013187466126385328,1006,2861322.5562906265
random_forest,1,fruit_days,1,-0.000983265973218711,-0.0041978836584894985,1006,2861322.5562906265
random_forest,1,fruit_days,2,-0.000979771607220098,-0.005317895913464543,1006,2861322.5562906265
random_forest,1,fruit_days,3,-0.0009531814481530121,-0.005772054260051229,1006,2861322.5562906265
random_forest,1,fruit_days,4,-0.0001111967667113134,0.0009446959590388992,1006,2861322.5562906265
random_forest,1,fruit_days,5,-0.001349480022259153,-0.006140477106802766,1006,2861322.5562906265
random_forest,1,fruit_portions,1,-2.912705188248821e-05,0.0036012273622301194,1006,2861322.5562906265
random_forest,1,fruit_portions,2,-0.00012949224840969054,0.0015983450374230657,1006,2861322.5562906265
random_forest,1,fruit_portions,3,-0.0001337769009205625,0.0029041305177829324,1006,2861322.5562906265
random_forest,1,fruit_portions,4,0.0003172995108536858,0.006278643861880262,1006,2861322.5562906265
random_forest,1,fruit_portions,5,0.00012649556235042048,0.003988642601116754,1006,2861322.5562906265
random_forest,1,vegetable_days,1,6.401774417472139e-05,0.0037832328481760547,1006,2861322.5562906265
random_forest,1,vegetable_days,2,-0.0008237663427042852,-0.0034258572335289506,1006,2861322.5562906265
random_forest,1,vegetable_days,3,0.0002317259916937986,0.004128960310529339,1006,2861322.5562906265
random_forest,1,vegetable_days,4,-0.00033850066955568026,-0.002017020749377152,1006,2861322.5562906265
random_forest,1,vegetable_days,5,7.076952964701899e-06,0.00458301845700626,1006,2861322.5562906265
random_forest,1,vegetable_portions,1,-0.000970092285741575,-0.0071644068825365,1006,2861322.5562906265
random_forest,1,vegetable_portions,2,-0.0008053699815874504,-0.005167690154745275,1006,2861322.5562906265
random_forest,1,vegetable_portions,3,-0.0005408353230069995,-0.0014446910686334302,1006,2861322.5562906265
random_forest,1,vegetable_portions,4,-0.00024891751743907897,-0.0004200069373104798,1006,2861322.5562906265
random_forest,1,vegetable_portions,5,-0.0008443861701433186,-0.004838144862885918,1006,2861322.5562906265
random_forest,1,label_ingredients,1,-0.0006704610024508284,-0.0017257288881606936,1006,2861322.5562906265
random_forest,1,label_ingredients,2,-7.334164034089596e-05,0.0024028940176187286,1006,2861322.5562906265
random_forest,1,label_ingredients,3,-0.0010405613009515646,-0.004323206584014971,1006,2861322.5562906265
random_forest,1,label_ingredients,4,-0.00043743326814896233,0.0007810205580532914,1006,2861322.5562906265
random_forest,1,label_ingredients,5,-0.001103353424590059,-0.0030081080051566067,1006,2861322.5562906265
random_forest,1,label_nutrition,1,-0.0012723749141089202,-0.0016621957363933682,1006,2861322.5562906265
random_forest,1,label_nutrition,2,-0.00020827700585293596,0.0032656632063563507,1006,2861322.5562906265
random_forest,1,label_nutrition,3,-0.0003355315618455146,0.0023609392759074144,1006,2861322.5562906265
random_forest,1,label_nutrition,4,-0.000559185726743433,0.0026455083410574787,1006,2861322.5562906265
random_forest,1,label_nutrition,5,-0.0001838363269298926,0.0033119601737828797,1006,2861322.5562906265
random_forest,1,label_warnings,1,0.0010451303595364891,0.010158156663550466,1006,2861322.5562906265
random_forest,1,label_warnings,2,-0.0006212181381214932,-0.0002826753019588013,1006,2861322.5562906265
random_forest,1,label_warnings,3,-0.0005717458987227475,-0.0024415794621897025,1006,2861322.5562906265
random_forest,1,label_warnings,4,0.0015580659886589021,0.015096566346246454,1006,2861322.5562906265
random_forest,1,label_warnings,5,-0.00017789777073926039,0.008226663533775325,1006,2861322.5562906265
random_forest,1,label_health,1,-0.000361887490720858,-0.000663820753137756,1006,2861322.5562906265
random_forest,1,label_health,2,-0.0005648141751692926,0.00046957472735742467,1006,2861322.5562906265
random_forest,1,label_health,3,-0.0011948814785609219,-0.005965746902285907,1006,2861322.5562906265
random_forest,1,label_health,4,-0.0013301789652322982,-0.00572592632395974,1006,2861322.5562906265
random_forest,1,label_health,5,-0.0011674667175467779,-0.005057985547459176,1006,2861322.5562906265
random_forest,1,label_brand,1,-0.002204917970592246,-0.009764216253920766,1006,2861322.5562906265
random_forest,1,label_brand,2,-0.0008959615054187908,-0.001792638651227918,1006,2861322.5562906265
random_forest,1,label_brand,3,-0.0016397190617498392,-0.002305805748037404,1006,2861322.5562906265
random_forest,1,label_brand,4,0.0006831428783727889,0.00865514273971435,1006,2861322.5562906265
random_forest,1,label_brand,5,-0.0015732005764560186,-0.005708382893900188,1006,2861322.5562906265
random_forest,1,label_discounts,1,-0.00017763176893395571,0.004998770420162835,1006,2861322.5562906265
random_forest,1,label_discounts,2,-0.00033228723850226016,0.002428562554959046,1006,2861322.5562906265
random_forest,1,label_discounts,3,-0.0004178320993486473,0.0006580845889283538,1006,2861322.5562906265
random_forest,1,label_discounts,4,-0.0007225799781780395,-0.000517823491085978,1006,2861322.5562906265
random_forest,1,label_discounts,5,-0.000995064053857131,-0.0020946077875343416,1006,2861322.5562906265
random_forest,1,water,1,0.0007137616043735029,0.011141043472159051,1006,2861322.5562906265
random_forest,1,water,2,0.00019200458263851639,0.0020481182030163136,1006,2861322.5562906265
random_forest,1,water,3,-0.0005375301613111672,0.0008301525395741916,1006,2861322.5562906265
random_forest,1,water,4,-0.00035910521423340724,-0.0001856262583278534,1006,2861322.5562906265
random_forest,1,water,5,1.0238781450233603e-05,0.001720059791813,1006,2861322.5562906265
random_forest,1,soda_frequency,1,0.001199521061079345,0.014485361540335306,1006,2861322.5562906265
random_forest,1,soda_frequency,2,5.600278595827013e-05,0.007017861443480711,1006,2861322.5562906265
random_forest,1,soda_frequency,3,0.0005603364679717948,0.007171602806933852,1006,2861322.5562906265
random_forest,1,soda_frequency,4,0.0010465684459638191,0.01508207374562609,1006,2861322.5562906265
random_forest,1,soda_frequency,5,0.00015375689485175315,0.012538655093489837,1006,2861322.5562906265
random_forest,1,juice_frequency,1,-0.00011696235943406408,0.005304420649264063,1006,2861322.5562906265
random_forest,1,juice_frequency,2,-0.0007468508120961337,-0.002105667806478251,1006,2861322.5562906265
random_forest,1,juice_frequency,3,-0.00038561305702936033,-0.002911352427529046,1006,2861322.5562906265
random_forest,1,juice_frequency,4,-0.0004111053912423668,0.0025115499723440404,1006,2861322.5562906265
random_forest,1,juice_frequency,5,-4.371920326465273e-05,0.004470988760598371,1006,2861322.5562906265
random_forest,1,oil,1,4.245828893587045e-05,-9.926867706000486e-05,1006,2861322.5562906265
random_forest,1,oil,2,2.5824046500810827e-05,-0.0003170874623463771,1006,2861322.5562906265
random_forest,1,oil,3,-0.00020557088508824095,-0.0022899001796040652,1006,2861322.5562906265
random_forest,1,oil,4,1.780328115275065e-05,-0.0006797901866525402,1006,2861322.5562906265
random_forest,1,oil,5,-0.00012979623328948642,-0.0013576032949246253,1006,2861322.5562906265
random_forest,2,age,1,0.0037631856074751002,0.0241225951615327,1007,2574325.41285038
random_forest,2,age,2,0.006478505229611575,0.040191045352252375,1007,2574325.41285038
random_forest,2,age,3,0.004669409886775694,0.04048876644347188,1007,2574325.41285038
random_forest,2,age,4,0.0030507170063278355,0.02910505069714797,1007,2574325.41285038
random_forest,2,age,5,0.0014759199109141696,0.015596119299936206,1007,2574325.41285038
random_forest,2,sex,1,0.002593657945962946,0.024524512012765953,1007,2574325.41285038
random_forest,2,sex,2,0.002210395060942061,0.01358146579042907,1007,2574325.41285038
random_forest,2,sex,3,-0.0003353031301760734,-0.0010517605452731171,1007,2574325.41285038
random_forest,2,sex,4,-0.0018044850278956803,-0.014453849172706756,1007,2574325.41285038
random_forest,2,sex,5,0.0019042756540282035,0.014548159501816538,1007,2574325.41285038
random_forest,2,region,1,-6.271548479494515e-05,0.007684473761472743,1007,2574325.41285038
random_forest,2,region,2,-0.0002646130557822368,0.004001615811585979,1007,2574325.41285038
random_forest,2,region,3,-0.0001310191062794397,0.0029673196465693774,1007,2574325.41285038
random_forest,2,region,4,0.0006767255945838713,0.005012335379198873,1007,2574325.41285038
random_forest,2,region,5,0.0008981314741414725,0.01416338833659625,1007,2574325.41285038
random_forest,2,rural,1,-7.819273978365571e-05,0.00036556473217175256,1007,2574325.41285038
random_forest,2,rural,2,0.0002569701140754943,0.0030835634377427423,1007,2574325.41285038
random_forest,2,rural,3,-0.000198001635377143,0.0006875218478045175,1007,2574325.41285038
random_forest,2,rural,4,0.0007295431606102742,0.004857028407815545,1007,2574325.41285038
random_forest,2,rural,5,0.0005598226897884639,0.0035724368794347594,1007,2574325.41285038
random_forest,2,education,1,-0.0013828387342993964,-0.001023616743324296,1007,2574325.41285038
random_forest,2,education,2,0.0005850012131089766,0.012918168786169804,1007,2574325.41285038
random_forest,2,education,3,0.00075649758353033,0.013896159375739625,1007,2574325.41285038
random_forest,2,education,4,0.0004589685326546744,0.011771838606523533,1007,2574325.41285038
random_forest,2,education,5,0.001760143987347057,0.018731433557921284,1007,2574325.41285038
random_forest,2,indigenous,1,-0.0007678485991854389,-0.0037406851144451414,1007,2574325.41285038
random_forest,2,indigenous,2,-6.141599543690868e-05,-0.001114054599655634,1007,2574325.41285038
random_forest,2,indigenous,3,-0.0004175936455554363,-0.0030341402134187456,1007,2574325.41285038
random_forest,2,indigenous,4,-0.0005721880499174326,-0.002522195636787683,1007,2574325.41285038
random_forest,2,indigenous,5,-0.00026564613468474385,-0.002801911389058054,1007,2574325.41285038
random_forest,2,born_chile,1,-0.0006893537542332073,-0.004496122702118077,1007,2574325.41285038
random_forest,2,born_chile,2,-0.0007514689457568946,-0.003927209289093403,1007,2574325.41285038
random_forest,2,born_chile,3,-0.0005553429233488005,-0.0035887437497316155,1007,2574325.41285038
random_forest,2,born_chile,4,-0.0006002575528210319,-0.003586815570323809,1007,2574325.41285038
random_forest,2,born_chile,5,-5.640397993023072e-05,0.0014673004954883773,1007,2574325.41285038
random_forest,2,teeth_remaining,1,0.008047793440596807,0.05924494076870457,1007,2574325.41285038
random_forest,2,teeth_remaining,2,0.00523102849326379,0.037794146014053176,1007,2574325.41285038
random_forest,2,teeth_remaining,3,0.004812152879265702,0.031835002971471904,1007,2574325.41285038
random_forest,2,teeth_remaining,4,0.0019771478915895646,0.01620568567648273,1007,2574325.41285038
random_forest,2,teeth_remaining,5,0.0044498515868041655,0.03955771147581677,1007,2574325.41285038
random_forest,2,fish,1,-0.0026523490436262676,-0.018187218718912046,1007,2574325.41285038
random_forest,2,fish,2,-0.002199796356465028,-0.017427118900461225,1007,2574325.41285038
random_forest,2,fish,3,-0.0010564157767738724,-0.00395862279543846,1007,2574325.41285038
random_forest,2,fish,4,-0.002057282804025784,-0.01008830548805939,1007,2574325.41285038
random_forest,2,fish,5,-0.0031586856647453365,-0.01669262825864881,1007,2574325.41285038
random_forest,2,dairy_frequency,1,0.000519818896295765,0.004050532013282537,1007,2574325.41285038
random_forest,2,dairy_frequency,2,0.0001322436057165366,0.0031154367266392757,1007,2574325.41285038
random_forest,2,dairy_frequency,3,0.0012773367663953816,0.008179825531719809,1007,2574325.41285038
random_forest,2,dairy_frequency,4,0.00024380758019193483,-0.0002722483800576825,1007,2574325.41285038
random_forest,2,dairy_frequency,5,-0.0002884023310771866,-0.0032403491966632725,1007,2574325.41285038
random_forest,2,dairy_type,1,-0.0009175522516408352,-0.011677258082876119,1007,2574325.41285038
random_forest,2,dairy_type,2,-0.0040202989019092195,-0.02048342174654605,1007,2574325.41285038
random_forest,2,dairy_type,3,-0.003221300490914375,-0.014237233676002048,1007,2574325.41285038
random_forest,2,dairy_type,4,-0.004409266860414818,-0.03194160924351608,1007,2574325.41285038
random_forest,2,dairy_type,5,-0.001226143815620584,-0.01016868825147954,1007,2574325.41285038
random_forest,2,wholegrain,1,0.0012438365641161409,0.008157456765518267,1007,2574325.41285038
random_forest,2,wholegrain,2,-5.194652284370993e-05,0.002004025157530065,1007,2574325.41285038
random_forest,2,wholegrain,3,0.0010606408660349398,0.005514050521133518,1007,2574325.41285038
random_forest,2,wholegrain,4,0.0012712258998713866,0.004653520108643061,1007,2574325.41285038
random_forest,2,wholegrain,5,0.001738401193255884,0.01042819987697019,1007,2574325.41285038
random_forest,2,legumes,1,6.0058079828395616e-05,0.007992290974372374,1007,2574325.41285038
random_forest,2,legumes,2,8.729449631020292e-05,0.003772160987903006,1007,2574325.41285038
random_forest,2,legumes,3,-0.0012070153394271588,-0.00809963075549991,1007,2574325.41285038
random_forest,2,legumes,4,0.0004180609263916002,0.007835563331028528,1007,2574325.41285038
random_forest,2,legumes,5,1.7775601961422804e-05,0.007729455156382015,1007,2574325.41285038
random_forest,2,fruit_days,1,-0.0012226365148742535,-0.003990524909067927,1007,2574325.41285038
random_forest,2,fruit_days,2,-0.0009702748934957706,-0.0027807649447497695,1007,2574325.41285038
random_forest,2,fruit_days,3,-0.0005551259564090527,-0.0036102478887994893,1007,2574325.41285038
random_forest,2,fruit_days,4,-0.0010592011045651717,-0.005776059818342949,1007,2574325.41285038
random_forest,2,fruit_days,5,-0.0013322769929516864,-0.004824813281059215,1007,2574325.41285038
random_forest,2,fruit_portions,1,0.000195490784295288,0.003490420288018825,1007,2574325.41285038
random_forest,2,fruit_portions,2,-5.955846951255506e-05,-0.00041395722394999,1007,2574325.41285038
random_forest,2,fruit_portions,3,0.0006166136827404634,0.007358149324433683,1007,2574325.41285038
random_forest,2,fruit_portions,4,0.0006083996186674601,0.0036246497015992585,1007,2574325.41285038
random_forest,2,fruit_portions,5,0.0015795350582011314,0.010532886875666447,1007,2574325.41285038
random_forest,2,vegetable_days,1,0.0002919149609821592,0.0013857442296404399,1007,2574325.41285038
random_forest,2,vegetable_days,2,-0.0003785087870971371,-0.0010380998923972262,1007,2574325.41285038
random_forest,2,vegetable_days,3,-3.6623940599361804e-05,0.002235561711080969,1007,2574325.41285038
random_forest,2,vegetable_days,4,0.0007070889956861393,0.004936712864141435,1007,2574325.41285038
random_forest,2,vegetable_days,5,0.0004159198614004933,0.003786633327055866,1007,2574325.41285038
random_forest,2,vegetable_portions,1,-0.0004816746523946258,0.0005913602586257172,1007,2574325.41285038
random_forest,2,vegetable_portions,2,-0.00021218448782939214,0.0012924306351271841,1007,2574325.41285038
random_forest,2,vegetable_portions,3,0.00013108973019834713,0.003161674777048429,1007,2574325.41285038
random_forest,2,vegetable_portions,4,0.000347457780807664,0.0029676469716329867,1007,2574325.41285038
random_forest,2,vegetable_portions,5,-0.0008679065927872098,-0.005367958377920923,1007,2574325.41285038
random_forest,2,label_ingredients,1,-0.0006494442091974084,-0.003994411551257571,1007,2574325.41285038
random_forest,2,label_ingredients,2,0.00020165360396115495,0.002130940034301143,1007,2574325.41285038
random_forest,2,label_ingredients,3,-0.001412118246847588,-0.005510888861776864,1007,2574325.41285038
random_forest,2,label_ingredients,4,-0.0005456437449474216,-0.003937158152174547,1007,2574325.41285038
random_forest,2,label_ingredients,5,-0.0006735126423945692,-0.007221994294154266,1007,2574325.41285038
random_forest,2,label_nutrition,1,-0.0003489994109131256,-0.002105501084212813,1007,2574325.41285038
random_forest,2,label_nutrition,2,-0.00018840446616505413,-0.0007899345759961873,1007,2574325.41285038
random_forest,2,label_nutrition,3,-0.00059870389673089,-0.0061372866656191905,1007,2574325.41285038
random_forest,2,label_nutrition,4,-0.0011525510176548792,-0.007570491958207248,1007,2574325.41285038
random_forest,2,label_nutrition,5,-0.0007048360083171668,-0.0048305937234337515,1007,2574325.41285038
random_forest,2,label_warnings,1,-0.0012294992490751444,-0.008207618158417418,1007,2574325.41285038
random_forest,2,label_warnings,2,-0.0021966066410057106,-0.008335974679625324,1007,2574325.41285038
random_forest,2,label_warnings,3,-0.0034501909699136968,-0.01956440722853936,1007,2574325.41285038
random_forest,2,label_warnings,4,0.0010065512046066039,-0.003134203009593106,1007,2574325.41285038
random_forest,2,label_warnings,5,-0.0009317132548084528,-0.013230051037342871,1007,2574325.41285038
random_forest,2,label_health,1,-0.00014278943916615217,-0.002225815562660438,1007,2574325.41285038
random_forest,2,label_health,2,-0.0004657348978269471,-6.413496310575528e-05,1007,2574325.41285038
random_forest,2,label_health,3,0.00020719696968915513,0.0026795210695576,1007,2574325.41285038
random_forest,2,label_health,4,-0.0005302144058960401,-0.0019915188381983695,1007,2574325.41285038
random_forest,2,label_health,5,0.00027460713347376986,0.0031752620006832988,1007,2574325.41285038
random_forest,2,label_brand,1,-0.00019636044779633433,-0.00048374182300825463,1007,2574325.41285038
random_forest,2,label_brand,2,0.0017751480834846678,0.009680955572617389,1007,2574325.41285038
random_forest,2,label_brand,3,-0.0005407974538942373,-0.0034847678290789164,1007,2574325.41285038
random_forest,2,label_brand,4,-0.0005863541412250428,-0.004954889905115056,1007,2574325.41285038
random_forest,2,label_brand,5,0.0007496371642032318,0.006454300261894308,1007,2574325.41285038
random_forest,2,label_discounts,1,-0.0017864795553280133,-0.00898200349400513,1007,2574325.41285038
random_forest,2,label_discounts,2,-0.0007741490978215027,-0.005020400684115245,1007,2574325.41285038
random_forest,2,label_discounts,3,-0.0006912612243697158,0.00036990965678007637,1007,2574325.41285038
random_forest,2,label_discounts,4,0.0012501563094998447,0.00840745442069979,1007,2574325.41285038
random_forest,2,label_discounts,5,-0.002111873635178396,-0.013380297781953598,1007,2574325.41285038
random_forest,2,water,1,-0.0014866926902844246,-0.00545296206800816,1007,2574325.41285038
random_forest,2,water,2,-0.001615783462566911,-0.008935793384153623,1007,2574325.41285038
random_forest,2,water,3,-0.0004089789717861836,0.0003675176615238751,1007,2574325.41285038
random_forest,2,water,4,-0.0028888429542171523,-0.016214531121765074,1007,2574325.41285038
random_forest,2,water,5,0.0010752158379441212,0.007691121881811425,1007,2574325.41285038
random_forest,2,soda_frequency,1,-0.0002872433896388138,0.0019584959898968357,1007,2574325.41285038
random_forest,2,soda_frequency,2,-0.0015815271286854504,-0.004299110819139251,1007,2574325.41285038
random_forest,2,soda_frequency,3,0.0007203082235557323,0.003349810406289233,1007,2574325.41285038
random_forest,2,soda_frequency,4,0.0010903360511423932,0.006796104660969582,1007,2574325.41285038
random_forest,2,soda_frequency,5,-0.0005531536922256663,0.0038882422048860388,1007,2574325.41285038
random_forest,2,juice_frequency,1,0.0007683043429204672,0.007813845944384945,1007,2574325.41285038
random_forest,2,juice_frequency,2,0.0001378079329671933,-0.00021560558602085056,1007,2574325.41285038
random_forest,2,juice_frequency,3,0.0008300359087745901,0.005577334593499073,1007,2574325.41285038
random_forest,2,juice_frequency,4,0.0003464089239673118,0.001739619984991836,1007,2574325.41285038
random_forest,2,juice_frequency,5,0.0006150127021408158,0.004040729288610212,1007,2574325.41285038
random_forest,2,oil,1,-0.0004801045642090218,-0.005769317215138514,1007,2574325.41285038
random_forest,2,oil,2,-8.560098862650523e-05,-0.0031181360000188674,1007,2574325.41285038
random_forest,2,oil,3,-0.0005397969557493776,-0.004878967583625382,1007,2574325.41285038
random_forest,2,oil,4,0.00012211342883736154,-0.0022219485788499416,1007,2574325.41285038
random_forest,2,oil,5,0.0003182819829674055,-0.0013697883170050718,1007,2574325.41285038
random_forest,3,age,1,0.003473092007931694,0.028860542460514282,1011,2776332.157348156
random_forest,3,age,2,0.001192826966875199,0.009446690246435407,1011,2776332.157348156
random_forest,3,age,3,0.00037027821548929474,-0.0010443073200329112,1011,2776332.157348156
random_forest,3,age,4,0.006390143836276313,0.052264126740085404,1011,2776332.157348156
random_forest,3,age,5,0.005208994745513784,0.04985241899175208,1011,2776332.157348156
random_forest,3,sex,1,0.0012019641016264848,0.003350932214391422,1011,2776332.157348156
random_forest,3,sex,2,0.003623414055755253,0.018263852763653277,1011,2776332.157348156
random_forest,3,sex,3,0.003341352230705502,0.01886098671062153,1011,2776332.157348156
random_forest,3,sex,4,0.0011229337931904781,-0.0016339822903803647,1011,2776332.157348156
random_forest,3,sex,5,0.0011413029585848888,0.004427242687516819,1011,2776332.157348156
random_forest,3,region,1,6.033810494451841e-05,0.00010844333199622191,1011,2776332.157348156
random_forest,3,region,2,0.0004967672844720106,0.0030597632321115453,1011,2776332.157348156
random_forest,3,region,3,0.00032822882434321854,0.002687646386337228,1011,2776332.157348156
random_forest,3,region,4,-5.803878639187854e-06,-0.0005179925346326941,1011,2776332.157348156
random_forest,3,region,5,0.0003029296739830434,0.0006410171641123563,1011,2776332.157348156
random_forest,3,rural,1,-1.5131234473053645e-05,-2.7120144878711727e-06,1011,2776332.157348156
random_forest,3,rural,2,-2.0410020346806057e-05,-0.0001683884158097948,1011,2776332.157348156
random_forest,3,rural,3,-3.0816851078002694e-05,-0.00015014975861527002,1011,2776332.157348156
random_forest,3,rural,4,-7.362932375853948e-06,3.5214842365460797e-06,1011,2776332.157348156
random_forest,3,rural,5,-1.5039162096636138e-05,-2.3524184726064767e-05,1011,2776332.157348156
random_forest,3,education,1,-0.0002961724233835894,-0.003043303966249855,1011,2776332.157348156
random_forest,3,education,2,0.0003311000242006146,0.0013954459161870103,1011,2776332.157348156
random_forest,3,education,3,5.2668716393533543e-05,0.0015480924194726242,1011,2776332.157348156
random_forest,3,education,4,0.0006903481900778774,0.0041558941295961604,1011,2776332.157348156
random_forest,3,education,5,0.0014876298707865165,0.010912480574197247,1011,2776332.157348156
random_forest,3,indigenous,1,0.0,0.0,1011,2776332.157348156
random_forest,3,indigenous,2,0.0,0.0,1011,2776332.157348156
random_forest,3,indigenous,3,0.0,0.0,1011,2776332.157348156
random_forest,3,indigenous,4,0.0,0.0,1011,2776332.157348156
random_forest,3,indigenous,5,0.0,0.0,1011,2776332.157348156
random_forest,3,born_chile,1,0.0,0.0,1011,2776332.157348156
random_forest,3,born_chile,2,0.0,0.0,1011,2776332.157348156
random_forest,3,born_chile,3,0.0,0.0,1011,2776332.157348156
random_forest,3,born_chile,4,0.0,0.0,1011,2776332.157348156
random_forest,3,born_chile,5,0.0,0.0,1011,2776332.157348156
random_forest,3,teeth_remaining,1,0.012606712478924198,0.07540636910264986,1011,2776332.157348156
random_forest,3,teeth_remaining,2,0.005653164881909201,0.040827897051796014,1011,2776332.157348156
random_forest,3,teeth_remaining,3,0.008834970694466648,0.052046462629593004,1011,2776332.157348156
random_forest,3,teeth_remaining,4,0.005605784016474907,0.03895147055558723,1011,2776332.157348156
random_forest,3,teeth_remaining,5,0.010349633379578949,0.05007860665558883,1011,2776332.157348156
random_forest,3,fish,1,-2.9696518445421205e-06,0.0009949285100744332,1011,2776332.157348156
random_forest,3,fish,2,0.0004025622797303452,0.003919497763664737,1011,2776332.157348156
random_forest,3,fish,3,-2.5727937370795262e-05,0.0005508215724119303,1011,2776332.157348156
random_forest,3,fish,4,-7.93938136250949e-06,0.0016313468868442982,1011,2776332.157348156
random_forest,3,fish,5,-3.517048130075029e-05,0.0017093853164900086,1011,2776332.157348156
random_forest,3,dairy_frequency,1,1.8179187720346324e-05,4.928993919539604e-05,1011,2776332.157348156
random_forest,3,dairy_frequency,2,-5.6114540011364955e-05,-0.00012249533049246697,1011,2776332.157348156
random_forest,3,dairy_frequency,3,-9.215172452425868e-05,0.0007365048191002588,1011,2776332.157348156
random_forest,3,dairy_frequency,4,0.00013190305723395634,-0.00030435895118174905,1011,2776332.157348156
random_forest,3,dairy_frequency,5,0.0001618852239087254,0.0005041542371090335,1011,2776332.157348156
random_forest,3,dairy_type,1,1.4493389058817252e-05,-0.0013787284928704624,1011,2776332.157348156
random_forest,3,dairy_type,2,3.740312349653774e-05,-0.0015638069795979037,1011,2776332.157348156
random_forest,3,dairy_type,3,0.0003074194171255318,0.0008419540709422302,1011,2776332.157348156
random_forest,3,dairy_type,4,0.000279667040466558,0.0016248861161228811,1011,2776332.157348156
random_forest,3,dairy_type,5,8.687196576204204e-05,-0.0014632124519585732,1011,2776332.157348156
random_forest,3,wholegrain,1,0.00015728585062757539,-0.0005730530394695288,1011,2776332.157348156
random_forest,3,wholegrain,2,7.849310798146991e-05,-0.0004027083854092339,1011,2776332.157348156
random_forest,3,wholegrain,3,0.0003319630717202593,0.0018317521056491204,1011,2776332.157348156
random_forest,3,wholegrain,4,-8.528316899608646e-05,-0.0011847560124863543,1011,2776332.157348156
random_forest,3,wholegrain,5,0.00021357121215348496,0.00030224926210953296,1011,2776332.157348156
random_forest,3,legumes,1,3.470823009826818e-05,-0.0001734523101831753,1011,2776332.157348156
random_forest,3,legumes,2,4.1396220659961624e-06,0.0007346932577786403,1011,2776332.157348156
random_forest,3,legumes,3,0.0002011602184937844,0.0023907364229154293,1011,2776332.157348156
random_forest,3,legumes,4,0.00014796749500220474,0.0007208729122948343,1011,2776332.157348156
random_forest,3,legumes,5,5.7404779662206806e-05,0.0011227204034754967,1011,2776332.157348156
random_forest,3,fruit_days,1,-0.0015203458769502687,-0.008375868035854772,1011,2776332.157348156
random_forest,3,fruit_days,2,-0.0007257590871619646,-0.006198134853034887,1011,2776332.157348156
random_forest,3,fruit_days,3,-0.0017787045599716722,-0.009551194386809292,1011,2776332.157348156
random_forest,3,fruit_days,4,-0.0007506595459739751,-0.0021403663340947565,1011,2776332.157348156
random_forest,3,fruit_days,5,-0.0012605434023243156,-0.007631785174483707,1011,2776332.157348156
random_forest,3,fruit_portions,1,0.0004304092266129711,0.0031073066439223362,1011,2776332.157348156
random_forest,3,fruit_portions,2,0.0005468962228015184,0.005245641631748343,1011,2776332.157348156
random_forest,3,fruit_portions,3,0.00017210095038414086,0.002088079793548636,1011,2776332.157348156
random_forest,3,fruit_portions,4,-3.802066844427188e-05,-0.0004432126800907321,1011,2776332.157348156
random_forest,3,fruit_portions,5,0.00030450683253616107,0.0028592370003280854,1011,2776332.157348156
random_forest,3,vegetable_days,1,1.2005530723779856e-05,0.0001443618589934692,1011,2776332.157348156
random_forest,3,vegetable_days,2,0.0005867751667205379,0.004102812630941921,1011,2776332.157348156
random_forest,3,vegetable_days,3,0.0002481423780150427,0.0012508537061804992,1011,2776332.157348156
random_forest,3,vegetable_days,4,0.00029709600903024547,0.002211054985685079,1011,2776332.157348156
random_forest,3,vegetable_days,5,0.0003093948132490143,0.0012194167470688244,1011,2776332.157348156
random_forest,3,vegetable_portions,1,0.0003596845978327545,0.001251706733367941,1011,2776332.157348156
random_forest,3,vegetable_portions,2,0.00020864461470013196,0.0014169241630799245,1011,2776332.157348156
random_forest,3,vegetable_portions,3,-5.569791901735566e-05,0.0008156955184329684,1011,2776332.157348156
random_forest,3,vegetable_portions,4,-0.00010397045875540356,-0.0017193406872129113,1011,2776332.157348156
random_forest,3,vegetable_portions,5,0.0002625110385688356,0.0012524883740797632,1011,2776332.157348156
random_forest,3,label_ingredients,1,-6.549039856398875e-05,-0.0003225913013077397,1011,2776332.157348156
random_forest,3,label_ingredients,2,-0.00011250183891359233,-0.0010298896491384157,1011,2776332.157348156
random_forest,3,label_ingredients,3,-0.00015895569351259686,-0.001149159173873593,1011,2776332.157348156
random_forest,3,label_ingredients,4,-0.00011174255794496601,-0.0009359556397990909,1011,2776332.157348156
random_forest,3,label_ingredients,5,2.0785844043441637e-05,-0.0002708805814036763,1011,2776332.157348156
random_forest,3,label_nutrition,1,0.00023936744690519762,0.00044712042430439247,1011,2776332.157348156
random_forest,3,label_nutrition,2,0.0001336565983694471,0.00034237519859880994,1011,2776332.157348156
random_forest,3,label_nutrition,3,0.0002120115895415664,0.0005387019875039423,1011,2776332.157348156
random_forest,3,label_nutrition,4,0.0002607119228694166,0.0010762417650501677,1011,2776332.157348156
random_forest,3,label_nutrition,5,7.298760790969139e-05,0.00010477810223286088,1011,2776332.157348156
random_forest,3,label_warnings,1,-0.0018795153932410769,-0.015158358534987593,1011,2776332.157348156
random_forest,3,label_warnings,2,-0.0019084570453692107,-0.014720014763313749,1011,2776332.157348156
random_forest,3,label_warnings,3,0.0003127231793852714,0.0018609293766288504,1011,2776332.157348156
random_forest,3,label_warnings,4,-0.0013519255708608069,-0.010761477149363041,1011,2776332.157348156
random_forest,3,label_warnings,5,-0.0001307607901835095,-0.005298746343115335,1011,2776332.157348156
random_forest,3,label_health,1,-1.8131104475627158e-05,0.0015134902589039045,1011,2776332.157348156
random_forest,3,label_health,2,0.00014980658483459974,0.0038614739158224776,1011,2776332.157348156
random_forest,3,label_health,3,-0.00016397368891665765,0.00032278430250720636,1011,2776332.157348156
random_forest,3,label_health,4,8.476672863910739e-07,0.0003484177415069567,1011,2776332.157348156
random_forest,3,label_health,5,2.4761694551150848e-05,0.001283876296625297,1011,2776332.157348156
random_forest,3,label_brand,1,-0.00026361974503036345,-0.0005626599193246928,1011,2776332.157348156
random_forest,3,label_brand,2,0.0001028988097487582,0.00018293388383250342,1011,2776332.157348156
random_forest,3,label_brand,3,-0.00019033729111564424,-0.0022353865225157588,1011,2776332.157348156
random_forest,3,label_brand,4,-0.0003976780567242211,-0.0023578742678510567,1011,2776332.157348156
random_forest,3,label_brand,5,-0.0003025838167467765,-0.002339072891136773,1011,2776332.157348156
random_forest,3,label_discounts,1,-0.0001809714565059184,-0.0017294155911322662,1011,2776332.157348156
random_forest,3,label_discounts,2,-0.00011561562431874894,-0.0006611832220847491,1011,2776332.157348156
random_forest,3,label_discounts,3,-0.00022332032985392103,-0.0017382052738025289,1011,2776332.157348156
random_forest,3,label_discounts,4,-7.417228642975227e-05,-0.0009338907373285243,1011,2776332.157348156
random_forest,3,label_discounts,5,-0.000328994604924554,-0.0020203455058229736,1011,2776332.157348156
random_forest,3,water,1,8.70899949317605e-05,0.0009290182281109782,1011,2776332.157348156
random_forest,3,water,2,-0.00011300028251715055,-0.00028908117535364486,1011,2776332.157348156
random_forest,3,water,3,9.097620409298512e-05,0.001304354065222335,1011,2776332.157348156
random_forest,3,water,4,1.9885725922097475e-05,0.0003433187885882871,1011,2776332.157348156
random_forest,3,water,5,0.0001865139602382493,0.0011681152948914697,1011,2776332.157348156
random_forest,3,soda_frequency,1,3.572131822671132e-05,0.00023083466545126274,1011,2776332.157348156
random_forest,3,soda_frequency,2,9.815000739349378e-06,-3.067867271056013e-05,1011,2776332.157348156
random_forest,3,soda_frequency,3,0.000663553104806508,0.004244922236796067,1011,2776332.157348156
random_forest,3,soda_frequency,4,0.0009629139179097024,0.008011032719729028,1011,2776332.157348156
random_forest,3,soda_frequency,5,0.0007499060041569472,0.00633165182002926,1011,2776332.157348156
random_forest,3,juice_frequency,1,0.0003300662168600754,0.0007664641681088824,1011,2776332.157348156
random_forest,3,juice_frequency,2,0.0004370679376664022,0.0008062955076474365,1011,2776332.157348156
random_forest,3,juice_frequency,3,1.4078311130150123e-05,-0.00045630687457509644,1011,2776332.157348156
random_forest,3,juice_frequency,4,-0.0011614711621138474,-0.01248598218650443,1011,2776332.157348156
random_forest,3,juice_frequency,5,-0.0013259262730317967,-0.009360306646565397,1011,2776332.157348156
random_forest,3,oil,1,0.0,0.0,1011,2776332.157348156
random_forest,3,oil,2,0.0,0.0,1011,2776332.157348156
random_forest,3,oil,3,0.0,0.0,1011,2776332.157348156
random_forest,3,oil,4,0.0,0.0,1011,2776332.157348156
random_forest,3,oil,5,0.0,0.0,1011,2776332.157348156
random_forest,4,age,1,0.0028163900071102033,0.035491807729583935,1007,2777806.4952178
random_forest,4,age,2,0.005522787800746526,0.057754756668900065,1007,2777806.4952178
random_forest,4,age,3,0.0016879388357009528,0.012939277418872575,1007,2777806.4952178
random_forest,4,age,4,0.004766716739384613,0.054314110960189455,1007,2777806.4952178
random_forest,4,age,5,0.004495176019198244,0.04022659775640525,1007,2777806.4952178
random_forest,4,sex,1,0.0027913032329802967,0.01908542165204996,1007,2777806.4952178
random_forest,4,sex,2,0.0016136629317070328,0.011131902050669829,1007,2777806.4952178
random_forest,4,sex,3,0.0018906872461990631,0.005744386866126883,1007,2777806.4952178
random_forest,4,sex,4,0.0019490203624192293,0.011012841315161115,1007,2777806.4952178
random_forest,4,sex,5,0.0017419668895219675,0.010500907573021023,1007,2777806.4952178
random_forest,4,region,1,0.000907452015814797,0.010430271351455689,1007,2777806.4952178
random_forest,4,region,2,0.0008810635269442535,0.01080813293200289,1007,2777806.4952178
random_forest,4,region,3,0.0008819446904821948,0.01029790107373696,1007,2777806.4952178
random_forest,4,region,4,0.000507422154617132,0.006919595862700412,1007,2777806.4952178
random_forest,4,region,5,0.0013127298417419941,0.014331979800273897,1007,2777806.4952178
random_forest,4,rural,1,-8.887610348790043e-05,-0.0012305378967203406,1007,2777806.4952178
random_forest,4,rural,2,-5.966526789602522e-05,-0.00046883392648944255,1007,2777806.4952178
random_forest,4,rural,3,-2.0379092243449914e-05,-0.00044312654454192746,1007,2777806.4952178
random_forest,4,rural,4,-8.292087548039673e-05,-0.0004890214057504672,1007,2777806.4952178
random_forest,4,rural,5,-6.284393827749035e-05,-0.000765308294915612,1007,2777806.4952178
random_forest,4,education,1,-0.0008094264026687892,-0.006521649396371232,1007,2777806.4952178
random_forest,4,education,2,-0.0005689317207808187,-0.002115164352157417,1007,2777806.4952178
random_forest,4,education,3,8.723408726638016e-05,0.004898226264735239,1007,2777806.4952178
random_forest,4,education,4,0.00028870688380838727,0.0038095901146207867,1007,2777806.4952178
random_forest,4,education,5,-0.0011974425873467198,-0.00862188291309518,1007,2777806.4952178
random_forest,4,indigenous,1,4.470878501380837e-05,0.0009927300837769826,1007,2777806.4952178
random_forest,4,indigenous,2,6.823943675579591e-05,0.0006330414455807398,1007,2777806.4952178
random_forest,4,indigenous,3,1.7123409485064744e-06,-6.599367685711233e-05,1007,2777806.4952178
random_forest,4,indigenous,4,-4.907525577832472e-05,-0.0005313333987754243,1007,2777806.4952178
random_forest,4,indigenous,5,3.412799168467373e-05,0.0010235539161317364,1007,2777806.4952178
random_forest,4,born_chile,1,-5.551115123125783e-17,0.0,1007,2777806.4952178
random_forest,4,born_chile,2,-5.551115123125783e-17,0.0,1007,2777806.4952178
random_forest,4,born_chile,3,0.0,0.0,1007,2777806.4952178
random_forest,4,born_chile,4,-5.551115123125783e-17,0.0,1007,2777806.4952178
random_forest,4,born_chile,5,0.0,0.0,1007,2777806.4952178
random_forest,4,teeth_remaining,1,0.0015366573479237144,0.029039528273590687,1007,2777806.4952178
random_forest,4,teeth_remaining,2,0.0004628729844930457,0.010210243153255139,1007,2777806.4952178
random_forest,4,teeth_remaining,3,0.0028417077386635736,0.03402821665406597,1007,2777806.4952178
random_forest,4,teeth_remaining,4,0.0016345778692447577,0.028177363314218273,1007,2777806.4952178
random_forest,4,teeth_remaining,5,0.0004484192514144225,0.0051906386687871064,1007,2777806.4952178
random_forest,4,fish,1,-0.0006654525504992959,-0.003412743206537616,1007,2777806.4952178
random_forest,4,fish,2,-0.0011127994280458742,-0.007560853690785074,1007,2777806.4952178
random_forest,4,fish,3,-0.0006561602697010838,-0.0013262389547252784,1007,2777806.4952178
random_forest,4,fish,4,-0.000925772117280621,-0.005729526217746583,1007,2777806.4952178
random_forest,4,fish,5,-0.0012056912682278376,-0.006548937271889321,1007,2777806.4952178
random_forest,4,dairy_frequency,1,0.00017206997382376854,0.00520277651710177,1007,2777806.4952178
random_forest,4,dairy_frequency,2,-0.0005510135903892543,-0.0034891263634593273,1007,2777806.4952178
random_forest,4,dairy_frequency,3,0.00019277948599452643,0.004369421806542206,1007,2777806.4952178
random_forest,4,dairy_frequency,4,-0.00046062202604668645,-0.0014779207178468035,1007,2777806.4952178
random_forest,4,dairy_frequency,5,2.5879066879064272e-05,0.0016656291641105048,1007,2777806.4952178
random_forest,4,dairy_type,1,0.00023712114672327922,0.004552336043395999,1007,2777806.4952178
random_forest,4,dairy_type,2,8.618148297662165e-05,0.0017510181556184001,1007,2777806.4952178
random_forest,4,dairy_type,3,0.00019997080623415653,0.0035980724810275033,1007,2777806.4952178
random_forest,4,dairy_type,4,0.0005042996088345242,0.004702814410541767,1007,2777806.4952178
random_forest,4,dairy_type,5,0.00035807380603111727,0.003389699139857316,1007,2777806.4952178
random_forest,4,wholegrain,1,9.646368489463208e-06,-0.0018617432157955749,1007,2777806.4952178
random_forest,4,wholegrain,2,-0.00022401053624077072,-0.005478670626927862,1007,2777806.4952178
random_forest,4,wholegrain,3,0.0006703488585406703,0.0048790504746031305,1007,2777806.4952178
random_forest,4,wholegrain,4,0.0007214265760639438,0.005176592389278811,1007,2777806.4952178
random_forest,4,wholegrain,5,0.0005914355641495617,0.002022326467230884,1007,2777806.4952178
random_forest,4,legumes,1,0.0005637921152713277,0.0037331618064530003,1007,2777806.4952178
random_forest,4,legumes,2,0.00044389418762053046,0.00417838745163901,1007,2777806.4952178
random_forest,4,legumes,3,0.0001172264920014654,0.0017104971857178075,1007,2777806.4952178
random_forest,4,legumes,4,0.00023476174055889198,0.00013892791737635246,1007,2777806.4952178
random_forest,4,legumes,5,0.0002368457213806352,0.0006263700558104546,1007,2777806.4952178
random_forest,4,fruit_days,1,-0.00019015856408532983,-0.0002241849454718281,1007,2777806.4952178
random_forest,4,fruit_days,2,0.0001686318370467954,0.0018537283410036132,1007,2777806.4952178
random_forest,4,fruit_days,3,-0.0003983189106442353,-0.0032882160271866523,1007,2777806.4952178
random_forest,4,fruit_days,4,9.901532406655922e-05,0.0014668354168805298,1007,2777806.4952178
random_forest,4,fruit_days,5,0.0003149835066955653,0.0031109695163762385,1007,2777806.4952178
random_forest,4,fruit_portions,1,5.476206125490379e-05,0.0014175715532824817,1007,2777806.4952178
random_forest,4,fruit_portions,2,4.7318522265610286e-05,0.0008923648999690226,1007,2777806.4952178
random_forest,4,fruit_portions,3,0.00018965967224326974,0.002113500237913568,1007,2777806.4952178
random_forest,4,fruit_portions,4,9.695769880274652e-06,0.002135320732529866,1007,2777806.4952178
random_forest,4,fruit_portions,5,0.00020780961586536195,0.0008637997328341251,1007,2777806.4952178
random_forest,4,vegetable_days,1,-0.0004784540543219251,-0.00695596018591671,1007,2777806.4952178
random_forest,4,vegetable_days,2,-0.0006364669600376349,-0.007560757975199839,1007,2777806.4952178
random_forest,4,vegetable_days,3,9.694564122467164e-05,0.0026219755591279092,1007,2777806.4952178
random_forest,4,vegetable_days,4,-0.0004966256850533479,-0.002765990714775235,1007,2777806.4952178
random_forest,4,vegetable_days,5,-0.0011578031374200604,-0.009270772135481442,1007,2777806.4952178
random_forest,4,vegetable_portions,1,-0.00010126443058172674,-0.0023648441173664825,1007,2777806.4952178
random_forest,4,vegetable_portions,2,-0.00033727384002549265,-0.0037204509203327962,1007,2777806.4952178
random_forest,4,vegetable_portions,3,-3.858538179077331e-05,-0.00048072625104622624,1007,2777806.4952178
random_forest,4,vegetable_portions,4,0.0002465367461129131,0.0015181727693325264,1007,2777806.4952178
random_forest,4,vegetable_portions,5,-0.00017011277044992612,-0.0019534672857848268,1007,2777806.4952178
random_forest,4,label_ingredients,1,-8.538615785597115e-05,-0.0037469448054602283,1007,2777806.4952178
random_forest,4,label_ingredients,2,-0.00020291468462613205,-0.0035876353219136403,1007,2777806.4952178
random_forest,4,label_ingredients,3,-8.627146270973052e-05,-0.0017562996546903742,1007,2777806.4952178
random_forest,4,label_ingredients,4,0.00027341305528341686,-1.0184868345586295e-05,1007,2777806.4952178
random_forest,4,label_ingredients,5,-0.0005181737368494255,-0.008298766108101319,1007,2777806.4952178
random_forest,4,label_nutrition,1,0.00029161446463693563,0.003772605191498135,1007,2777806.4952178
random_forest,4,label_nutrition,2,0.00034425988054945234,0.0024629728530642936,1007,2777806.4952178
random_forest,4,label_nutrition,3,0.00025965285136719807,0.001147541370770222,1007,2777806.4952178
random_forest,4,label_nutrition,4,0.00027866722981503833,0.0012584269791272584,1007,2777806.4952178
random_forest,4,label_nutrition,5,0.00015758752050196168,0.0007192310962790271,1007,2777806.4952178
random_forest,4,label_warnings,1,0.00023768070610666325,0.0003013924249568589,1007,2777806.4952178
random_forest,4,label_warnings,2,-7.68689363351005e-05,0.001012426066644312,1007,2777806.4952178
random_forest,4,label_warnings,3,0.00145686789663943,0.012534960174313547,1007,2777806.4952178
random_forest,4,label_warnings,4,0.0013119167636149176,0.014222122174379459,1007,2777806.4952178
random_forest,4,label_warnings,5,0.00024535206118675434,-8.323329200576879e-05,1007,2777806.4952178
random_forest,4,label_health,1,-0.00022281620414499326,-0.004637072294360056,1007,2777806.4952178
random_forest,4,label_health,2,-0.0003724447294923827,-0.006628750281703288,1007,2777806.4952178
random_forest,4,label_health,3,-0.0004126255939293222,-0.005373370129171051,1007,2777806.4952178
random_forest,4,label_health,4,-1.2844627810731923e-05,-0.002858913038355171,1007,2777806.4952178
random_forest,4,label_health,5,-0.000529384305714059,-0.006758527002692305,1007,2777806.4952178
random_forest,4,label_brand,1,-0.00010155141769624398,-0.0009383970087607496,1007,2777806.4952178
random_forest,4,label_brand,2,-3.0133972984125457e-06,-0.0011853638065411065,1007,2777806.4952178
random_forest,4,label_brand,3,0.0002227497666027478,0.0024689134078703656,1007,2777806.4952178
random_forest,4,label_brand,4,-1.6098808449771518e-05,-0.0016549578812319332,1007,2777806.4952178
random_forest,4,label_brand,5,6.886585954773983e-05,0.00020862477977579008,1007,2777806.4952178
random_forest,4,label_discounts,1,0.0004337368335146641,0.005922253322704574,1007,2777806.4952178
random_forest,4,label_discounts,2,2.8007965452575556e-05,0.0022127353436484087,1007,2777806.4952178
random_forest,4,label_discounts,3,2.4805127545352024e-05,0.0007245563883823136,1007,2777806.4952178
random_forest,4,label_discounts,4,0.00010846071191350504,0.0030841132561496565,1007,2777806.4952178
random_forest,4,label_discounts,5,3.2060973801484316e-05,0.001749869610482735,1007,2777806.4952178
random_forest,4,water,1,8.660896432405307e-05,0.0026775025055435497,1007,2777806.4952178
random_forest,4,water,2,-0.00019075372747032193,-0.001322739169351772,1007,2777806.4952178
random_forest,4,water,3,8.983676626744819e-06,0.002475455598043408,1007,2777806.4952178
random_forest,4,water,4,-0.0001634296431868576,-0.0009181461336281727,1007,2777806.4952178
random_forest,4,water,5,-0.00011745517027045294,-0.0012988686502339863,1007,2777806.4952178
random_forest,4,soda_frequency,1,-0.00013738857890727152,-0.0021519932268436737,1007,2777806.4952178
random_forest,4,soda_frequency,2,0.00015287296894164748,0.002116608276933163,1007,2777806.4952178
random_forest,4,soda_frequency,3,-0.0008707476325523766,-0.008060286377077563,1007,2777806.4952178
random_forest,4,soda_frequency,4,-0.0005523295576669585,-0.007625862558677143,1007,2777806.4952178
random_forest,4,soda_frequency,5,-7.09285746112176e-05,0.002397263524415827,1007,2777806.4952178
random_forest,4,juice_frequency,1,0.00034145208116606596,0.002884316882128868,1007,2777806.4952178
random_forest,4,juice_frequency,2,0.00017059978757086314,0.0009984196550878455,1007,2777806.4952178
random_forest,4,juice_frequency,3,0.0005578064914744663,0.0032834634476727187,1007,2777806.4952178
random_forest,4,juice_frequency,4,-0.0002619061505491349,-0.0010192405762091683,1007,2777806.4952178
random_forest,4,juice_frequency,5,0.000652161362469067,0.007176829721488476,1007,2777806.4952178
random_forest,4,oil,1,0.0001542887124889869,0.0009410003724066307,1007,2777806.4952178
random_forest,4,oil,2,0.0001522863643642347,0.0006512447953113121,1007,2777806.4952178
random_forest,4,oil,3,0.000128312949677023,0.0006198318813893655,1007,2777806.4952178
random_forest,4,oil,4,0.00014846639522544947,0.0006758255590844087,1007,2777806.4952178
random_forest,4,oil,5,1.1381294422574406e-05,0.00015080122114119465,1007,2777806.4952178
random_forest,5,age,1,-0.00028578628964717745,-0.004389967465369793,1005,2807410.1710247993
random_forest,5,age,2,-0.00015444155718249974,-0.0017021057333805878,1005,2807410.1710247993
random_forest,5,age,3,-0.0010207951977743435,-0.0053016749680798725,1005,2807410.1710247993
random_forest,5,age,4,0.0018472123462939527,0.017556920825832045,1005,2807410.1710247993
random_forest,5,age,5,0.00028442344103726813,0.0007664728371187257,1005,2807410.1710247993
random_forest,5,sex,1,-0.0008517002950150232,-0.007297631209900457,1005,2807410.1710247993
random_forest,5,sex,2,-0.0007866552133781457,-0.00743435799798553,1005,2807410.1710247993
random_forest,5,sex,3,-4.860271414547368e-05,0.0012800671571666644,1005,2807410.1710247993
random_forest,5,sex,4,0.0013853565353045827,0.011673923832139388,1005,2807410.1710247993
random_forest,5,sex,5,0.0029022793598384444,0.01120353487101644,1005,2807410.1710247993
random_forest,5,region,1,0.00021948470714125423,-0.0006628659644132284,1005,2807410.1710247993
random_forest,5,region,2,0.0002352968472580097,0.0012735805914178,1005,2807410.1710247993
random_forest,5,region,3,0.00041111603176938183,0.003583792241319994,1005,2807410.1710247993
random_forest,5,region,4,0.0010818188968844955,0.0069552879860046435,1005,2807410.1710247993
random_forest,5,region,5,0.0010520903327221331,0.006173431129338103,1005,2807410.1710247993
random_forest,5,rural,1,-4.095139688589655e-05,0.001128868508211478,1005,2807410.1710247993
random_forest,5,rural,2,4.211842763146567e-05,0.0018690989265004454,1005,2807410.1710247993
random_forest,5,rural,3,-0.00039797709392019875,-0.002503798598554763,1005,2807410.1710247993
random_forest,5,rural,4,-9.604243300384563e-05,-0.0005289545909685778,1005,2807410.1710247993
random_forest,5,rural,5,-0.0003451080053835376,-0.003077222983349004,1005,2807410.1710247993
random_forest,5,education,1,-0.0004897031930850282,-0.00455370624050544,1005,2807410.1710247993
random_forest,5,education,2,0.0013360275514821551,0.01308484519761266,1005,2807410.1710247993
random_forest,5,education,3,-0.00020410933216968852,-0.0033112427948603917,1005,2807410.1710247993
random_forest,5,education,4,-0.00022000760725268687,-0.0041647304728165135,1005,2807410.1710247993
random_forest,5,education,5,-0.00015404098026725044,-0.0016574563926503583,1005,2807410.1710247993
random_forest,5,indigenous,1,4.846274823139263e-06,0.0003076751970596536,1005,2807410.1710247993
random_forest,5,indigenous,2,0.0001220690193738938,0.0011352990120282458,1005,2807410.1710247993
random_forest,5,indigenous,3,-9.996981615328915e-05,-0.0002340542749407204,1005,2807410.1710247993
random_forest,5,indigenous,4,-9.77311092258959e-05,-0.0009354029813885001,1005,2807410.1710247993
random_forest,5,indigenous,5,-3.790688869742542e-05,-5.570686628453281e-05,1005,2807410.1710247993
random_forest,5,born_chile,1,2.153801266407962e-05,0.0003991684303228382,1005,2807410.1710247993
random_forest,5,born_chile,2,-2.2425243028201258e-05,-6.124336208768177e-05,1005,2807410.1710247993
random_forest,5,born_chile,3,1.3708646821181114e-05,0.00038219292449170883,1005,2807410.1710247993
random_forest,5,born_chile,4,-5.920806508463716e-06,0.00024194492146412117,1005,2807410.1710247993
random_forest,5,born_chile,5,3.4399046433319924e-05,0.0005334768138063328,1005,2807410.1710247993
random_forest,5,teeth_remaining,1,0.005171957586353498,0.0438849770255163,1005,2807410.1710247993
random_forest,5,teeth_remaining,2,-0.003292074536060674,-0.019588325811097373,1005,2807410.1710247993
random_forest,5,teeth_remaining,3,0.001527953746490729,0.022205888635785986,1005,2807410.1710247993
random_forest,5,teeth_remaining,4,-0.001344716388015199,-0.002901972001708164,1005,2807410.1710247993
random_forest,5,teeth_remaining,5,0.0052997535298197895,0.051087608157991626,1005,2807410.1710247993
random_forest,5,fish,1,-0.00029064282121796237,-0.0020162205069296224,1005,2807410.1710247993
random_forest,5,fish,2,0.00023028465020030753,0.0011805124041678328,1005,2807410.1710247993
random_forest,5,fish,3,-0.00013966806995782677,0.0004060750448853234,1005,2807410.1710247993
random_forest,5,fish,4,0.0006998794038179101,0.003887605148864881,1005,2807410.1710247993
random_forest,5,fish,5,0.0002725086153020917,0.004563543872281306,1005,2807410.1710247993
random_forest,5,dairy_frequency,1,0.0010300160405409542,0.0056423852705809185,1005,2807410.1710247993
random_forest,5,dairy_frequency,2,0.0004696250589972528,0.004075438147808197,1005,2807410.1710247993
random_forest,5,dairy_frequency,3,0.0006511015804421538,0.0034379127161879852,1005,2807410.1710247993
random_forest,5,dairy_frequency,4,0.001341403063465807,0.00910636018842248,1005,2807410.1710247993
random_forest,5,dairy_frequency,5,0.0007623281883329391,0.002681168418175117,1005,2807410.1710247993
random_forest,5,dairy_type,1,0.0007728507077401081,0.00657424887841529,1005,2807410.1710247993
random_forest,5,dairy_type,2,-0.0002033980275507885,-0.0015085277615805026,1005,2807410.1710247993
random_forest,5,dairy_type,3,0.0003960698351519465,0.001956567006146215,1005,2807410.1710247993
random_forest,5,dairy_type,4,0.0002090678329700335,0.0034216904484590804,1005,2807410.1710247993
random_forest,5,dairy_type,5,0.0002074260914428916,0.001486584731028584,1005,2807410.1710247993
random_forest,5,wholegrain,1,-0.001630647870179469,-0.014022484906591748,1005,2807410.1710247993
random_forest,5,wholegrain,2,-0.001694753163046625,-0.01344278064786708,1005,2807410.1710247993
random_forest,5,wholegrain,3,-4.5635633168672474e-05,-0.0003363177242174942,1005,2807410.1710247993
random_forest,5,wholegrain,4,-8.293365325992563e-05,-0.004391693130164853,1005,2807410.1710247993
random_forest,5,wholegrain,5,-0.00040277512351558076,-0.0016839526451641884,1005,2807410.1710247993
random_forest,5,legumes,1,0.00020325333497323017,0.0019728419034720224,1005,2807410.1710247993
random_forest,5,legumes,2,0.0007569447258449769,0.005928692116634937,1005,2807410.1710247993
random_forest,5,legumes,3,0.00047048668489022005,0.003933634130190433,1005,2807410.1710247993
random_forest,5,legumes,4,0.0003781797181564017,0.0045251234809884355,1005,2807410.1710247993
random_forest,5,legumes,5,0.0003467821070275434,0.00287939170432161,1005,2807410.1710247993
random_forest,5,fruit_days,1,0.000586104031706669,0.0035129254626193873,1005,2807410.1710247993
random_forest,5,fruit_days,2,0.0005926032022618155,0.0024921805393165464,1005,2807410.1710247993
random_forest,5,fruit_days,3,0.00010273786632047921,-0.0005956203187628129,1005,2807410.1710247993
random_forest,5,fruit_days,4,0.0002353746081351915,0.001386693597408839,1005,2807410.1710247993
random_forest,5,fruit_days,5,8.946921387859019e-05,0.0011504097119184875,1005,2807410.1710247993
random_forest,5,fruit_portions,1,-0.0015169637502150946,-0.009750821864409454,1005,2807410.1710247993
random_forest,5,fruit_portions,2,-0.0002500720721670402,0.0002761762233505216,1005,2807410.1710247993
random_forest,5,fruit_portions,3,-0.0005300833523051163,-0.0033930032861670956,1005,2807410.1710247993
random_forest,5,fruit_portions,4,-0.0017807218827181892,-0.014528687309444344,1005,2807410.1710247993
random_forest,5,fruit_portions,5,-0.0014714599092590097,-0.010561899731089008,1005,2807410.1710247993
random_forest,5,vegetable_days,1,0.0016866713868518846,0.01361619075064957,1005,2807410.1710247993
random_forest,5,vegetable_days,2,-0.001280894876021177,-0.012628568992546496,1005,2807410.1710247993
random_forest,5,vegetable_days,3,-0.0012294524857132394,-0.010761001144799054,1005,2807410.1710247993
random_forest,5,vegetable_days,4,-0.0003431038030961564,-0.003016294976896483,1005,2807410.1710247993
random_forest,5,vegetable_days,5,-0.000595996763900486,-0.005796936208744552,1005,2807410.1710247993
random_forest,5,vegetable_portions,1,0.00021812208326224547,0.0018633644129042448,1005,2807410.1710247993
random_forest,5,vegetable_portions,2,0.00037927371234661167,0.003169833033157987,1005,2807410.1710247993
random_forest,5,vegetable_portions,3,4.823121426908439e-05,0.0006971941266887827,1005,2807410.1710247993
random_forest,5,vegetable_portions,4,-0.0001831101416498171,-0.0001681111605115193,1005,2807410.1710247993
random_forest,5,vegetable_portions,5,-0.00019026133085014996,-0.001126112908518384,1005,2807410.1710247993
random_forest,5,label_ingredients,1,-0.0004523882364203813,-0.002530811861726434,1005,2807410.1710247993
random_forest,5,label_ingredients,2,-0.0009797971623261015,-0.005769694679150894,1005,2807410.1710247993
random_forest,5,label_ingredients,3,-0.00032647952589018314,-0.002573299714127897,1005,2807410.1710247993
random_forest,5,label_ingredients,4,-0.0005743840948280732,-0.0018337558958239075,1005,2807410.1710247993
random_forest,5,label_ingredients,5,-0.0012227082360668495,-0.008176844118263249,1005,2807410.1710247993
random_forest,5,label_nutrition,1,-0.0010058765037166406,-0.009662956855896798,1005,2807410.1710247993
random_forest,5,label_nutrition,2,-0.0004978066531648173,-0.0038117102885006915,1005,2807410.1710247993
random_forest,5,label_nutrition,3,-0.0001863882410167994,-0.0033004763974968654,1005,2807410.1710247993
random_forest,5,label_nutrition,4,-0.0006047210411730952,-0.005828515811529655,1005,2807410.1710247993
random_forest,5,label_nutrition,5,-0.00028784539881399063,-0.002381860899554611,1005,2807410.1710247993
random_forest,5,label_warnings,1,0.00031272808822543907,0.00631261131455263,1005,2807410.1710247993
random_forest,5,label_warnings,2,0.0018838976997374857,0.01519206792293315,1005,2807410.1710247993
random_forest,5,label_warnings,3,1.168304136692222e-05,-0.002160285022345776,1005,2807410.1710247993
random_forest,5,label_warnings,4,0.0006415635482154569,0.005499937274194511,1005,2807410.1710247993
random_forest,5,label_warnings,5,-0.0009112783773683741,-0.005963626342294193,1005,2807410.1710247993
random_forest,5,label_health,1,9.145849301561704e-05,-0.0013342848410663466,1005,2807410.1710247993
random_forest,5,label_health,2,0.0003443662417768889,0.0023327104069827964,1005,2807410.1710247993
random_forest,5,label_health,3,-9.43674179331444e-05,-0.0002938432753429865,1005,2807410.1710247993
random_forest,5,label_health,4,0.00013547787057771599,0.001447005216659969,1005,2807410.1710247993
random_forest,5,label_health,5,-0.00027884299608865737,-0.00031966522692261634,1005,2807410.1710247993
random_forest,5,label_brand,1,0.0008322074194483109,0.004806199936437938,1005,2807410.1710247993
random_forest,5,label_brand,2,0.00022485861003476715,0.002791350715461327,1005,2807410.1710247993
random_forest,5,label_brand,3,0.00043471890415100467,0.00321192343298371,1005,2807410.1710247993
random_forest,5,label_brand,4,-4.3929670278136657e-05,-0.0001792847132700004,1005,2807410.1710247993
random_forest,5,label_brand,5,-6.476624910967121e-05,-0.001418255761898024,1005,2807410.1710247993
random_forest,5,label_discounts,1,-0.0001580339509980322,-0.0011752011844106125,1005,2807410.1710247993
random_forest,5,label_discounts,2,0.00038845650296054357,0.002641131927324736,1005,2807410.1710247993
random_forest,5,label_discounts,3,3.454518163875653e-05,0.0018319328107514465,1005,2807410.1710247993
random_forest,5,label_discounts,4,-0.00016940510265253672,-0.0017083251566297752,1005,2807410.1710247993
random_forest,5,label_discounts,5,0.0005068009281430641,0.003701663401725175,1005,2807410.1710247993
random_forest,5,water,1,-9.328695794280639e-05,-0.001618259311093495,1005,2807410.1710247993
random_forest,5,water,2,0.0006592605256750816,0.004503877079621077,1005,2807410.1710247993
random_forest,5,water,3,-6.942614661495372e-05,0.00023426609380139407,1005,2807410.1710247993
random_forest,5,water,4,0.0005434046939140347,0.005557399450825229,1005,2807410.1710247993
random_forest,5,water,5,0.00010308404691758422,0.0005066506113865499,1005,2807410.1710247993
random_forest,5,soda_frequency,1,0.00028711203107087413,0.005945015820495558,1005,2807410.1710247993
random_forest,5,soda_frequency,2,0.0007164871526746386,0.00625544505775788,1005,2807410.1710247993
random_forest,5,soda_frequency,3,-0.0010430811294477316,-0.005780104873610359,1005,2807410.1710247993
random_forest,5,soda_frequency,4,5.2595632369950573e-05,0.004078554474367557,1005,2807410.1710247993
random_forest,5,soda_frequency,5,0.00030214471690664935,0.0016775840793056274,1005,2807410.1710247993
random_forest,5,juice_frequency,1,-7.600027941206955e-05,-0.0012890335843911416,1005,2807410.1710247993
random_forest,5,juice_frequency,2,0.00043334167771538756,0.0036753982386996675,1005,2807410.1710247993
random_forest,5,juice_frequency,3,0.0005046138240830389,0.00320948243241459,1005,2807410.1710247993
random_forest,5,juice_frequency,4,-0.0001803379405382055,0.001094479739809806,1005,2807410.1710247993
random_forest,5,juice_frequency,5,0.00013473321217308265,0.00274745425371703,1005,2807410.1710247993
random_forest,5,oil,1,-4.8964394302519754e-05,-0.0004061752943029795,1005,2807410.1710247993
random_forest,5,oil,2,8.244284798644697e-05,-8.113795066111429e-05,1005,2807410.1710247993
random_forest,5,oil,3,-5.676679124960726e-06,-5.836109802681566e-05,1005,2807410.1710247993
random_forest,5,oil,4,0.00010098067514952014,0.00031033312535555524,1005,2807410.1710247993
random_forest,5,oil,5,8.190534592078524e-05,0.00044160283280314516,1005,2807410.1710247993
