model,fold,candidate,params,inner_weighted_log_loss,inner_fold_log_losses,selected
spline_logistic__basic,1,0,"{""C"": 0.0001}",0.6830147931048548,"[0.683521293920276, 0.6811662917526308, 0.684315705034231]",False
spline_logistic__basic,1,1,"{""C"": 0.001}",0.6746055925077317,"[0.6773672177510672, 0.6703361449483946, 0.6759075838568378]",False
spline_logistic__basic,1,2,"{""C"": 0.01}",0.6702356011237283,"[0.6774467525181904, 0.6621529924966988, 0.6705791971581716]",True
spline_logistic__basic,1,3,"{""C"": 0.1}",0.6703041759583178,"[0.6776377294275882, 0.659287688982576, 0.6734415270269248]",False
spline_logistic__basic,1,4,"{""C"": 1.0}",0.6712852817754812,"[0.6766187564548936, 0.6602140810356817, 0.6766166381611527]",False
spline_logistic__basic,1,5,"{""C"": 10.0}",0.6714346707487,"[0.6762542501491752, 0.6605163006613339, 0.6771633835638413]",False
spline_logistic__basic,2,0,"{""C"": 0.0001}",0.6855963006126755,"[0.6867134888670197, 0.6807965759097878, 0.68861081842143]",False
spline_logistic__basic,2,1,"{""C"": 0.001}",0.6773313666254512,"[0.6865029644256373, 0.6691559554023793, 0.6757969063116158]",False
spline_logistic__basic,2,2,"{""C"": 0.01}",0.6686585674779203,"[0.6845445569380564, 0.6584946815025386, 0.6626371058438552]",False
spline_logistic__basic,2,3,"{""C"": 0.1}",0.6669710103414962,"[0.6777029704444009, 0.6600835381960796, 0.6629209388701437]",True
spline_logistic__basic,2,4,"{""C"": 1.0}",0.6683274455286414,"[0.6735883978652624, 0.66430014234451, 0.6668899169664327]",False
spline_logistic__basic,2,5,"{""C"": 10.0}",0.6689397524482219,"[0.6729186850179082, 0.6664942740583525, 0.6673471960571511]",False
spline_logistic__basic,3,0,"{""C"": 0.0001}",0.6829665269152263,"[0.680935309272263, 0.6888144603064648, 0.678918002889836]",False
spline_logistic__basic,3,1,"{""C"": 0.001}",0.6715554067396243,"[0.6704836603325697, 0.6782427928233252, 0.6654589695302073]",False
spline_logistic__basic,3,2,"{""C"": 0.01}",0.663944899146951,"[0.6645977685288481, 0.6717434924661497, 0.6546046705094873]",False
spline_logistic__basic,3,3,"{""C"": 0.1}",0.6631911720609084,"[0.6667477712667613, 0.6703619051338453, 0.6511368839169451]",True
spline_logistic__basic,3,4,"{""C"": 1.0}",0.6648176297477442,"[0.6693677810322067, 0.6720643553890733, 0.6515149184136622]",False
spline_logistic__basic,3,5,"{""C"": 10.0}",0.6653453389378392,"[0.6698876510244832, 0.6727373947228068, 0.6518920236409057]",False
spline_logistic__basic,4,0,"{""C"": 0.0001}",0.6856812564621321,"[0.6830157035273812, 0.684203268707042, 0.6897059000764367]",False
spline_logistic__basic,4,1,"{""C"": 0.001}",0.6758064640501011,"[0.672086364022257, 0.6753763068052264, 0.6798619273692177]",False
spline_logistic__basic,4,2,"{""C"": 0.01}",0.669544377961309,"[0.6694416427970066, 0.6693324913857868, 0.6698476661959999]",True
spline_logistic__basic,4,3,"{""C"": 0.1}",0.6699633367794834,"[0.6766665208872522, 0.6684907111657076, 0.6648056377551781]",False
spline_logistic__basic,4,4,"{""C"": 1.0}",0.6730163880592348,"[0.6843274815344449, 0.6699368003822159, 0.6648819140562167]",False
spline_logistic__basic,4,5,"{""C"": 10.0}",0.6743177721880101,"[0.687426416358218, 0.6705279757259586, 0.6651017546357535]",False
spline_logistic__basic,5,0,"{""C"": 0.0001}",0.6834022419004838,"[0.6862726032516017, 0.6841256726124918, 0.6797606423016206]",False
spline_logistic__basic,5,1,"{""C"": 0.001}",0.6711077971850892,"[0.67469913408845, 0.6732025219742072, 0.665486121976239]",False
spline_logistic__basic,5,2,"{""C"": 0.01}",0.6654206720627152,"[0.6712579801411448, 0.664953433720204, 0.6597509891908822]",True
spline_logistic__basic,5,3,"{""C"": 0.1}",0.6684950335077959,"[0.6792918475205004, 0.663172693631592, 0.6620009232671602]",False
spline_logistic__basic,5,4,"{""C"": 1.0}",0.6718119812607174,"[0.6840619200374953, 0.6665611870167063, 0.6637382296875721]",False
spline_logistic__basic,5,5,"{""C"": 10.0}",0.6730119871197253,"[0.6855020033723971, 0.6682010943835759, 0.6642938697552024]",False
spline_logistic__context,1,0,"{""C"": 0.0001}",0.6820813217975839,"[0.682485385972196, 0.6802549013767403, 0.683469797352264]",False
spline_logistic__context,1,1,"{""C"": 0.001}",0.6684752698912252,"[0.670397812712603, 0.6643818335619134, 0.6704993589311894]",False
spline_logistic__context,1,2,"{""C"": 0.01}",0.6564659480632209,"[0.6594552616723279, 0.6483506358381711, 0.6613582001114647]",True
spline_logistic__context,1,3,"{""C"": 0.1}",0.6626199238419503,"[0.6597618384238344, 0.6491514410322158, 0.6791034767042523]",False
spline_logistic__context,1,4,"{""C"": 1.0}",0.6724245550271146,"[0.6624361653348081, 0.6584080017209956, 0.6970816718783591]",False
spline_logistic__context,1,5,"{""C"": 10.0}",0.6747992052600639,"[0.6632578305698783, 0.6609404202754264, 0.7009602595343922]",False
spline_logistic__context,2,0,"{""C"": 0.0001}",0.684991783155586,"[0.6862740420877401, 0.6801188971416314, 0.6879164205435623]",False
spline_logistic__context,2,1,"{""C"": 0.001}",0.6736522280015023,"[0.6841077259037363, 0.6649222071617341, 0.6714065435567143]",False
spline_logistic__context,2,2,"{""C"": 0.01}",0.6631373399030788,"[0.6841812066794346, 0.6508440979693265, 0.6541755685964309]",True
spline_logistic__context,2,3,"{""C"": 0.1}",0.6710103399056695,"[0.6923335331989662, 0.658600909735988, 0.6618900693012173]",False
spline_logistic__context,2,4,"{""C"": 1.0}",0.6802456013782121,"[0.6994829350028685, 0.6670117906428525, 0.6737329518996268]",False
spline_logistic__context,2,5,"{""C"": 10.0}",0.6829662918164148,"[0.7006456305527392, 0.6704101354883237, 0.6773127949568685]",False
spline_logistic__context,3,0,"{""C"": 0.0001}",0.6823212106296878,"[0.680257160395191, 0.6881489707654405, 0.6783333615135059]",False
spline_logistic__context,3,1,"{""C"": 0.001}",0.6678722151952331,"[0.6665759230211746, 0.6743143678319347, 0.6623086829853688]",False
spline_logistic__context,3,2,"{""C"": 0.01}",0.6587339408133477,"[0.6579258433279671, 0.6644510040106104, 0.6533952936366161]",True
spline_logistic__context,3,3,"{""C"": 0.1}",0.6682840887267772,"[0.6683620178179495, 0.6699010801957068, 0.66641479199066]",False
spline_logistic__context,3,4,"{""C"": 1.0}",0.6782839035472884,"[0.6773220048921472, 0.6799374377213143, 0.6775935489283995]",False
spline_logistic__context,3,5,"{""C"": 10.0}",0.680861174102941,"[0.6795775615731331, 0.6828857467079473, 0.6801400375776407]",False
spline_logistic__context,4,0,"{""C"": 0.0001}",0.684964118335188,"[0.6821985820264265, 0.6834892046377544, 0.6890837612865623]",False
spline_logistic__context,4,1,"{""C"": 0.001}",0.6715871619305566,"[0.6670284393485136, 0.6711251554959913, 0.676494565348468]",False
spline_logistic__context,4,2,"{""C"": 0.01}",0.6650686786413852,"[0.6616992759376079, 0.6651130210601321, 0.6683267913175078]",True
spline_logistic__context,4,3,"{""C"": 0.1}",0.6816056538702404,"[0.6809691105636381, 0.679513433824251, 0.6842302325057676]",False
spline_logistic__context,4,4,"{""C"": 1.0}",0.6969100901558463,"[0.6971647829378154, 0.6918438033562309, 0.7015061188174901]",False
spline_logistic__context,4,5,"{""C"": 10.0}",0.7008206600076016,"[0.7026899578195155, 0.6946908852001538, 0.7048522353556308]",False
spline_logistic__context,5,0,"{""C"": 0.0001}",0.682597198178454,"[0.6853939538673649, 0.6833396396201673, 0.6790153412301805]",False
spline_logistic__context,5,1,"{""C"": 0.001}",0.6661376819701775,"[0.6691141732340542, 0.668318984332952, 0.6610797342062862]",False
spline_logistic__context,5,2,"{""C"": 0.01}",0.6570106786830459,"[0.6606223632617271, 0.6552078585533366, 0.6548583905810308]",True
spline_logistic__context,5,3,"{""C"": 0.1}",0.670124098915936,"[0.6778557830260881, 0.6561384395757556, 0.6745856250078653]",False
spline_logistic__context,5,4,"{""C"": 1.0}",0.6828538571357151,"[0.6924067702781443, 0.663107377152266, 0.6905752393489201]",False
spline_logistic__context,5,5,"{""C"": 10.0}",0.6867535078849537,"[0.696847154752014, 0.6672061673097622, 0.6937325733876567]",False
spline_logistic__context_diet,1,0,"{""C"": 0.0001}",0.6813468950595636,"[0.6813566564207514, 0.6805825055053247, 0.6820984483451218]",False
spline_logistic__context_diet,1,1,"{""C"": 0.001}",0.6673914037699633,"[0.6674844784900595, 0.6683097161812189, 0.6663764071701168]",False
spline_logistic__context_diet,1,2,"{""C"": 0.01}",0.6653239748964471,"[0.6664552163440145, 0.6646111898338416, 0.6648244500627611]",True
spline_logistic__context_diet,1,3,"{""C"": 0.1}",0.6817227064048047,"[0.6778404023206078, 0.6773829239982164, 0.6902017526271625]",False
spline_logistic__context_diet,1,4,"{""C"": 1.0}",0.6956741660334488,"[0.6853080754379522, 0.6919078637132706, 0.7105171660462488]",False
spline_logistic__context_diet,1,5,"{""C"": 10.0}",0.6996392416403933,"[0.6885192905333068, 0.6966569202814408, 0.7145071132637292]",False
spline_logistic__context_diet,2,0,"{""C"": 0.0001}",0.6844821885730992,"[0.6857954025332206, 0.6793135307871235, 0.6876273522872678]",False
spline_logistic__context_diet,2,1,"{""C"": 0.001}",0.6740585572174354,"[0.6856535162303617, 0.6633986675592887, 0.6723916215470838]",True
spline_logistic__context_diet,2,2,"{""C"": 0.01}",0.6747520196694043,"[0.7013676841179014, 0.6568847732565716, 0.6653692525923393]",False
spline_logistic__context_diet,2,3,"{""C"": 0.1}",0.6950430467730407,"[0.7213484634553466, 0.6755592586578433, 0.6873054530152898]",False
spline_logistic__context_diet,2,4,"{""C"": 1.0}",0.7093296981627956,"[0.730147971467866, 0.6897610808427624, 0.706698026728153]",False
spline_logistic__context_diet,2,5,"{""C"": 10.0}",0.7140813676125655,"[0.7324234851354161, 0.6950918087187786, 0.7132342543576593]",False
spline_logistic__context_diet,3,0,"{""C"": 0.0001}",0.6821445000534359,"[0.679822515545066, 0.6880320035844931, 0.6783933703388172]",False
spline_logistic__context_diet,3,1,"{""C"": 0.001}",0.6696305345986023,"[0.6661281188037877, 0.6771411390225355, 0.6654787260833118]",True
spline_logistic__context_diet,3,2,"{""C"": 0.01}",0.6742205166338244,"[0.6660215305084998, 0.6858328888818358, 0.6710650763877036]",False
spline_logistic__context_diet,3,3,"{""C"": 0.1}",0.6955979168547173,"[0.6850016613566605, 0.7068659705094898, 0.6956316880793196]",False
spline_logistic__context_diet,3,4,"{""C"": 1.0}",0.7121774856813873,"[0.6968850774087552, 0.7280188569647272, 0.7126886524790543]",False
spline_logistic__context_diet,3,5,"{""C"": 10.0}",0.7176023974003233,"[0.7003937039233836, 0.7358362019212571, 0.7177297162813205]",False
spline_logistic__context_diet,4,0,"{""C"": 0.0001}",0.6838678770344729,"[0.6817718367800895, 0.6817636970620471, 0.6879335552185317]",False
spline_logistic__context_diet,4,1,"{""C"": 0.001}",0.6696451325823195,"[0.6688325811408705, 0.6654012481395608, 0.6745000232565466]",True
spline_logistic__context_diet,4,2,"{""C"": 0.01}",0.6735898645386066,"[0.6768149357382605, 0.668059204240962, 0.6757203751684295]",False
spline_logistic__context_diet,4,3,"{""C"": 0.1}",0.7025938702943648,"[0.7096088640237698, 0.6951708043239155, 0.7028218757947409]",False
spline_logistic__context_diet,4,4,"{""C"": 1.0}",0.7225012047162764,"[0.7278077178969315, 0.7109653808798587, 0.7283363022154774]",False
spline_logistic__context_diet,4,5,"{""C"": 10.0}",0.7285271850014411,"[0.7341665374142926, 0.7153329536609914, 0.7356223870261229]",False
spline_logistic__context_diet,5,0,"{""C"": 0.0001}",0.6821068947739012,"[0.6850311970729966, 0.6827127463550619, 0.6785143392811605]",False
spline_logistic__context_diet,5,1,"{""C"": 0.001}",0.6661184132183302,"[0.6695574544874698, 0.6666328567167231, 0.662070864705988]",False
spline_logistic__context_diet,5,2,"{""C"": 0.01}",0.664871705555106,"[0.6655775407237913, 0.662575087821322, 0.6661923725157453]",True
spline_logistic__context_diet,5,3,"{""C"": 0.1}",0.6869813676801345,"[0.6878170868301484, 0.6810880799836938, 0.6913877175252996]",False
spline_logistic__context_diet,5,4,"{""C"": 1.0}",0.7056081582941789,"[0.7072825251897714, 0.6970329022675766, 0.7115417723756363]",False
spline_logistic__context_diet,5,5,"{""C"": 10.0}",0.7121170160418374,"[0.7144160791666182, 0.7037030243031208, 0.7172546636783792]",False
spline_logistic__context_diet_labels,1,0,"{""C"": 0.0001}",0.6813631867603501,"[0.6817695301725768, 0.6804713764353282, 0.6818175420468596]",False
spline_logistic__context_diet_labels,1,1,"{""C"": 0.001}",0.6684903213563577,"[0.6707436063246949, 0.6690221607421636, 0.6655498331853272]",True
spline_logistic__context_diet_labels,1,2,"{""C"": 0.01}",0.6687659146509555,"[0.6735177104011023, 0.668520073092392, 0.6639280407953716]",False
spline_logistic__context_diet_labels,1,3,"{""C"": 0.1}",0.6909672119517299,"[0.693170662788527, 0.6862690669021324, 0.6932936309989067]",False
spline_logistic__context_diet_labels,1,4,"{""C"": 1.0}",0.712401623618389,"[0.7110524009713329, 0.7080164932892284, 0.7182162654924079]",False
spline_logistic__context_diet_labels,1,5,"{""C"": 10.0}",0.7179894662769734,"[0.717096725873812, 0.7141485259029595, 0.7227733288197496]",False
spline_logistic__context_diet_labels,2,0,"{""C"": 0.0001}",0.6843213206998102,"[0.6855905964565734, 0.6790157914567663, 0.687621992316843]",False
spline_logistic__context_diet_labels,2,1,"{""C"": 0.001}",0.6744624467535281,"[0.6857921485016452, 0.6629897588337589, 0.6737229569765975]",True
spline_logistic__context_diet_labels,2,2,"{""C"": 0.01}",0.6809481164457116,"[0.7076391990282361, 0.6616550584979943, 0.6726961463375949]",False
spline_logistic__context_diet_labels,2,3,"{""C"": 0.1}",0.7182904542488509,"[0.7498130613877688, 0.700658330806989, 0.7042076163048375]",False
spline_logistic__context_diet_labels,2,4,"{""C"": 1.0}",0.7499857214171904,"[0.7788416501425381, 0.7380211901602903, 0.7335796276017129]",False
spline_logistic__context_diet_labels,2,5,"{""C"": 10.0}",0.7591078234174571,"[0.7863745876127702, 0.7481021362805177, 0.7433528253854205]",False
spline_logistic__context_diet_labels,3,0,"{""C"": 0.0001}",0.6819437705811388,"[0.6795910102981058, 0.6877995447450407, 0.6782636105996245]",False
spline_logistic__context_diet_labels,3,1,"{""C"": 0.001}",0.6695929173402474,"[0.6659981153788407, 0.6772491308638521, 0.6653893232735956]",True
spline_logistic__context_diet_labels,3,2,"{""C"": 0.01}",0.676335451486989,"[0.6688091278302467, 0.6901148364761331, 0.6700086682816343]",False
spline_logistic__context_diet_labels,3,3,"{""C"": 0.1}",0.7033976893495237,"[0.6963397375173259, 0.7182357957537044, 0.6953576785393221]",False
spline_logistic__context_diet_labels,3,4,"{""C"": 1.0}",0.7260512055862539,"[0.7144614210062217, 0.7480082944126575, 0.7154969024121175]",False
spline_logistic__context_diet_labels,3,5,"{""C"": 10.0}",0.733319885052522,"[0.7185256326303568, 0.7587271249048967, 0.7227290414009603]",False
spline_logistic__context_diet_labels,4,0,"{""C"": 0.0001}",0.6836439421423992,"[0.6816164779895236, 0.6814916020023774, 0.6876885076171895]",False
spline_logistic__context_diet_labels,4,1,"{""C"": 0.001}",0.6696719628818112,"[0.669198055391186, 0.6653120260490444, 0.6743061276352477]",True
spline_logistic__context_diet_labels,4,2,"{""C"": 0.01}",0.6765076388679315,"[0.6805759186891043, 0.670565631154375, 0.678205600650567]",False
spline_logistic__context_diet_labels,4,3,"{""C"": 0.1}",0.713888073023061,"[0.7196435082928333, 0.705444949280717, 0.7163254951630602]",False
spline_logistic__context_diet_labels,4,4,"{""C"": 1.0}",0.7419240122119076,"[0.7434291759106211, 0.7283513593436926, 0.753430819878588]",False
spline_logistic__context_diet_labels,4,5,"{""C"": 10.0}",0.7504261036277284,"[0.750292765836355, 0.7353910670905077, 0.7649365751226576]",False
spline_logistic__context_diet_labels,5,0,"{""C"": 0.0001}",0.6818343346603537,"[0.6846990063930849, 0.6824906430871585, 0.6782587833289536]",False
spline_logistic__context_diet_labels,5,1,"{""C"": 0.001}",0.6654445437211577,"[0.6683606369853871, 0.6668067193159206, 0.6611831924497893]",False
spline_logistic__context_diet_labels,5,2,"{""C"": 0.01}",0.664928691065577,"[0.6621815732991774, 0.6678262228904425, 0.6651988470723545]",True
spline_logistic__context_diet_labels,5,3,"{""C"": 0.1}",0.6932184922937327,"[0.6859803598128568, 0.6941567938504878, 0.6999273127724952]",False
spline_logistic__context_diet_labels,5,4,"{""C"": 1.0}",0.719501613771422,"[0.7102239842537273, 0.7159056111874399, 0.7323984540782598]",False
spline_logistic__context_diet_labels,5,5,"{""C"": 10.0}",0.7275162547192398,"[0.7186775290534356, 0.7233303928403296, 0.7404836045654782]",False
spline_logistic__symptoms,1,0,"{""C"": 0.0001}",0.6810808973799892,"[0.6814239929297281, 0.6792565787991737, 0.6825324951672033]",False
spline_logistic__symptoms,1,1,"{""C"": 0.001}",0.6634006762024571,"[0.6647425612632977, 0.659488639930174, 0.6658650568830052]",False
spline_logistic__symptoms,1,2,"{""C"": 0.01}",0.6476592888763234,"[0.6482136410142719, 0.6407747926306788, 0.6539292331147533]",True
spline_logistic__symptoms,1,3,"{""C"": 0.1}",0.6556236699567143,"[0.6481436532539921, 0.6490305735983087, 0.6701974058830775]",False
spline_logistic__symptoms,1,4,"{""C"": 1.0}",0.670396493439633,"[0.6521275963142659, 0.666982057572309, 0.6933422772004275]",False
spline_logistic__symptoms,1,5,"{""C"": 10.0}",0.6750802558303327,"[0.652979790182393, 0.6732888357551556, 0.700506696307288]",False
spline_logistic__symptoms,2,0,"{""C"": 0.0001}",0.6840583942031305,"[0.6854439796995726, 0.6790687162473341, 0.6869865227207216]",False
spline_logistic__symptoms,2,1,"{""C"": 0.001}",0.6686925319383632,"[0.6796081962171648, 0.6591754639480069, 0.6666870346939265]",False
spline_logistic__symptoms,2,2,"{""C"": 0.01}",0.6546105745197346,"[0.6759463011458492, 0.6394415920889319, 0.6478013038622285]",True
spline_logistic__symptoms,2,3,"{""C"": 0.1}",0.6660042621378602,"[0.686684646689182, 0.6460332026326069, 0.6638378096305305]",False
spline_logistic__symptoms,2,4,"{""C"": 1.0}",0.6847203394676934,"[0.7018203532014751, 0.6572382775014309, 0.6921603492820269]",False
spline_logistic__symptoms,2,5,"{""C"": 10.0}",0.6912462840640172,"[0.7048307051425767, 0.6621387176591608, 0.7032799576906863]",False
spline_logistic__symptoms,3,0,"{""C"": 0.0001}",0.6812982576703849,"[0.6792240122884963, 0.6871952300955018, 0.677246260631789]",False
spline_logistic__symptoms,3,1,"{""C"": 0.001}",0.6627421233192583,"[0.661430106545819, 0.6697133937016131, 0.6566152462321669]",False
spline_logistic__symptoms,3,2,"{""C"": 0.01}",0.6498913047471051,"[0.6487097517613305, 0.6573864607905832, 0.6430354404337807]",True
spline_logistic__symptoms,3,3,"{""C"": 0.1}",0.6615972430140411,"[0.6576423914289924, 0.6666066489182977, 0.6607260250773438]",False
spline_logistic__symptoms,3,4,"{""C"": 1.0}",0.6767139406719181,"[0.6726784568270896, 0.6809129831107683, 0.6768282770742212]",False
spline_logistic__symptoms,3,5,"{""C"": 10.0}",0.6817881353420606,"[0.6789043239663201, 0.6854885266199657, 0.6811005019733203]",False
spline_logistic__symptoms,4,0,"{""C"": 0.0001}",0.6840214354860438,"[0.6811189494248421, 0.6828631496410695, 0.6879723982978899]",False
spline_logistic__symptoms,4,1,"{""C"": 0.001}",0.6669651175439159,"[0.6613632922138724, 0.6690172443363374, 0.6704897241694016]",False
spline_logistic__symptoms,4,2,"{""C"": 0.01}",0.656718053219255,"[0.6497510275149259, 0.6651750197492358, 0.6554542136915732]",True
spline_logistic__symptoms,4,3,"{""C"": 0.1}",0.672484469159458,"[0.6684106982693646, 0.6787400536026529, 0.67049197409763]",False
spline_logistic__symptoms,4,4,"{""C"": 1.0}",0.6913126195436454,"[0.6890071586336584, 0.6916835438338063, 0.6932161898207357]",False
spline_logistic__symptoms,4,5,"{""C"": 10.0}",0.6972147302914316,"[0.6971291107553659, 0.6958172067033898, 0.6986352236713634]",False
spline_logistic__symptoms,5,0,"{""C"": 0.0001}",0.681870805876408,"[0.6845886022121891, 0.682722816942161, 0.6782731715183927]",False
spline_logistic__symptoms,5,1,"{""C"": 0.001}",0.6628877503617487,"[0.6651312735442365, 0.66594516863901, 0.6578096241814269]",False
spline_logistic__symptoms,5,2,"{""C"": 0.01}",0.6517657128946819,"[0.6517784600503054, 0.6548716655205696, 0.6489707524061634]",True
spline_logistic__symptoms,5,3,"{""C"": 0.1}",0.665525690948712,"[0.6664478270248799, 0.6628169600184153, 0.6669898477182664]",False
spline_logistic__symptoms,5,4,"{""C"": 1.0}",0.68374165061269,"[0.6846896198757261, 0.6796001928543405, 0.686462002486402]",False
spline_logistic__symptoms,5,5,"{""C"": 10.0}",0.6904329077314226,"[0.691375280179481, 0.6874556291352577, 0.6921164676479371]",False
spline_logistic__symptoms_diet,1,0,"{""C"": 0.0001}",0.6803730089883117,"[0.6803256579185974, 0.6796069775590562, 0.6811872915637305]",False
spline_logistic__symptoms_diet,1,1,"{""C"": 0.001}",0.6627674870989543,"[0.6623113147004347, 0.6637994752395099, 0.6622266946749589]",False
spline_logistic__symptoms_diet,1,2,"{""C"": 0.01}",0.6575072033868393,"[0.656414715792963, 0.6573946102161102, 0.6587880661625022]",True
spline_logistic__symptoms_diet,1,3,"{""C"": 0.1}",0.6762749656517286,"[0.6691974582831939, 0.6746046132277447, 0.6855108194476099]",False
spline_logistic__symptoms_diet,1,4,"{""C"": 1.0}",0.6958500364451615,"[0.6807313178900893, 0.696976929120395, 0.7108990060988671]",False
spline_logistic__symptoms_diet,1,5,"{""C"": 10.0}",0.7024812381856603,"[0.6852989928372486, 0.7054920796162693, 0.7178594936432827]",False
spline_logistic__symptoms_diet,2,0,"{""C"": 0.0001}",0.6835709574692573,"[0.6849834847463808, 0.6782885118948683, 0.6867207661605339]",False
spline_logistic__symptoms_diet,2,1,"{""C"": 0.001}",0.6694886240307191,"[0.681472608484086, 0.6580266184128194, 0.6681398305700247]",False
spline_logistic__symptoms_diet,2,2,"{""C"": 0.01}",0.6671954266020164,"[0.6932113202678525, 0.64698884350973, 0.660331794162948]",True
spline_logistic__symptoms_diet,2,3,"{""C"": 0.1}",0.6914346907409624,"[0.7159517841051272, 0.6639165337936832, 0.6920998080709935]",False
spline_logistic__symptoms_diet,2,4,"{""C"": 1.0}",0.7162709497385626,"[0.7334453657616815, 0.679399473959734, 0.7315450301681892]",False
spline_logistic__symptoms_diet,2,5,"{""C"": 10.0}",0.7251504244118928,"[0.739072155183486, 0.6854073985582041, 0.7458256467776053]",False
spline_logistic__symptoms_diet,3,0,"{""C"": 0.0001}",0.6811357806681618,"[0.6787991918526848, 0.6870926403414384, 0.6773255142776171]",False
spline_logistic__symptoms_diet,3,1,"{""C"": 0.001}",0.664641485072268,"[0.6610922093645597, 0.6725687727637006, 0.6600864606341046]",True
spline_logistic__symptoms_diet,3,2,"{""C"": 0.01}",0.664719488500661,"[0.6559288265037452, 0.6769266995761947, 0.6616037017849012]",False
spline_logistic__symptoms_diet,3,3,"{""C"": 0.1}",0.6893842183831536,"[0.6736938288157605, 0.7015736366705196, 0.6943774208842545]",False
spline_logistic__symptoms_diet,3,4,"{""C"": 1.0}",0.7123042874427418,"[0.6917200221516592, 0.726259048539192, 0.7210941536700829]",False
spline_logistic__symptoms_diet,3,5,"{""C"": 10.0}",0.7204104420902704,"[0.6994219457341979, 0.7348137515061558, 0.7291810473312361]",False
spline_logistic__symptoms_diet,4,0,"{""C"": 0.0001}",0.6829493798774013,"[0.6807152102133298, 0.681168339984609, 0.6868413050178184]",False
spline_logistic__symptoms_diet,4,1,"{""C"": 0.001}",0.6656376114797417,"[0.6637462468592783, 0.664008734964726, 0.6690482068568739]",True
spline_logistic__symptoms_diet,4,2,"{""C"": 0.01}",0.6673299864000682,"[0.6669586928645036, 0.6707756852178797, 0.664398142981262]",False
spline_logistic__symptoms_diet,4,3,"{""C"": 0.1}",0.6981473970808916,"[0.7005148374145755, 0.7017633884564211, 0.692369935310453]",False
spline_logistic__symptoms_diet,4,4,"{""C"": 1.0}",0.7234578636557792,"[0.7237188044761359, 0.7218008510827905, 0.724787062646257]",False
spline_logistic__symptoms_diet,4,5,"{""C"": 10.0}",0.7324979700476226,"[0.7332741485213282, 0.72812058449226, 0.7359242924142695]",False
spline_logistic__symptoms_diet,5,0,"{""C"": 0.0001}",0.6813928900417848,"[0.6842317042990087, 0.6821096792151985, 0.6777901412252683]",False
spline_logistic__symptoms_diet,5,1,"{""C"": 0.001}",0.663144252999215,"[0.6659292815776047, 0.6645096609373701, 0.6590167034138078]",False
spline_logistic__symptoms_diet,5,2,"{""C"": 0.01}",0.6599433275002137,"[0.6578712446465347, 0.6619179618348207, 0.660335981678972]",True
spline_logistic__symptoms_diet,5,3,"{""C"": 0.1}",0.6831169838454554,"[0.6785855345191203, 0.6876028993021943, 0.6838256009883359]",False
spline_logistic__symptoms_diet,5,4,"{""C"": 1.0}",0.7090380052294978,"[0.7028993584743576, 0.71781748093946, 0.7075776040110009]",False
spline_logistic__symptoms_diet,5,5,"{""C"": 10.0}",0.7186973360661618,"[0.7123002953181466, 0.730036136189036, 0.7152143221896162]",False
spline_logistic__symptoms_diet_labels,1,0,"{""C"": 0.0001}",0.6803924013227141,"[0.6807383440718574, 0.6795011277864308, 0.6809108314474541]",False
spline_logistic__symptoms_diet_labels,1,1,"{""C"": 0.001}",0.663941178813898,"[0.6656631357860476, 0.6646235937000126, 0.66141894275141]",False
spline_logistic__symptoms_diet_labels,1,2,"{""C"": 0.01}",0.660986574236156,"[0.6636114241762725, 0.6619050424400542, 0.6572632093712449]",True
spline_logistic__symptoms_diet_labels,1,3,"{""C"": 0.1}",0.6860806922845126,"[0.6856354563997553, 0.6858730086474224, 0.6867639893788575]",False
spline_logistic__symptoms_diet_labels,1,4,"{""C"": 1.0}",0.7157149646808364,"[0.7106538832603269, 0.7187903440398258, 0.7180630045669555]",False
spline_logistic__symptoms_diet_labels,1,5,"{""C"": 10.0}",0.7260025947030698,"[0.7194968877897859, 0.7322358912399309, 0.7267479108778698]",False
spline_logistic__symptoms_diet_labels,2,0,"{""C"": 0.0001}",0.6834098263645669,"[0.6847812125410486, 0.6779934118380336, 0.6867101337676279]",False
spline_logistic__symptoms_diet_labels,2,1,"{""C"": 0.001}",0.6699249732009908,"[0.6816637314247963, 0.6576409452841434, 0.6694930100394002]",True
spline_logistic__symptoms_diet_labels,2,2,"{""C"": 0.01}",0.6729218972892713,"[0.6990714552948993, 0.6512158613192522, 0.6671975983005237]",False
spline_logistic__symptoms_diet_labels,2,3,"{""C"": 0.1}",0.7128250296182075,"[0.7430756643324106, 0.6862847151045879, 0.7074065717188014]",False
spline_logistic__symptoms_diet_labels,2,4,"{""C"": 1.0}",0.7549063155603614,"[0.7816539096513134, 0.7245418943039804, 0.7559203965290744]",False
spline_logistic__symptoms_diet_labels,2,5,"{""C"": 10.0}",0.7688382049513789,"[0.7931205001041041, 0.736436453058922, 0.7738288929732593]",False
spline_logistic__symptoms_diet_labels,3,0,"{""C"": 0.0001}",0.6809394684818496,"[0.6785690823410836, 0.6868692531059933, 0.6771985968091835]",False
spline_logistic__symptoms_diet_labels,3,1,"{""C"": 0.001}",0.6645794707480993,"[0.6609788828216415, 0.6726114568648738, 0.659969487073876]",True
spline_logistic__symptoms_diet_labels,3,2,"{""C"": 0.01}",0.665958907270745,"[0.6584505870596185, 0.6794432778198616, 0.6599353935616309]",False
spline_logistic__symptoms_diet_labels,3,3,"{""C"": 0.1}",0.6945389375428566,"[0.684466110517587, 0.7082693065875626, 0.6912516376317469]",False
spline_logistic__symptoms_diet_labels,3,4,"{""C"": 1.0}",0.7226244803953042,"[0.7076225769306693, 0.7410556841929188, 0.7199474531042124]",False
spline_logistic__symptoms_diet_labels,3,5,"{""C"": 10.0}",0.7323196569459238,"[0.7155677321810741, 0.7524412654805834, 0.7298357508572902]",False
spline_logistic__symptoms_diet_labels,4,0,"{""C"": 0.0001}",0.6827331371992686,"[0.6805664564485016, 0.680904221251238, 0.686604742861806]",False
spline_logistic__symptoms_diet_labels,4,1,"{""C"": 0.001}",0.6656748662629915,"[0.6641625814521231, 0.6638593631629353, 0.668892625286898]",True
spline_logistic__symptoms_diet_labels,4,2,"{""C"": 0.01}",0.6699962963555811,"[0.6707490157058261, 0.6727127038912636, 0.6666609291673515]",False
spline_logistic__symptoms_diet_labels,4,3,"{""C"": 0.1}",0.7084646279392106,"[0.7104289514396824, 0.7112269498665879, 0.7038985115437866]",False
spline_logistic__symptoms_diet_labels,4,4,"{""C"": 1.0}",0.741378991508399,"[0.7400374892397119, 0.7382858766954242, 0.7456513968879832]",False
spline_logistic__symptoms_diet_labels,4,5,"{""C"": 10.0}",0.752358532211081,"[0.7504511933055967, 0.7468901161701, 0.7594570004388705]",False
spline_logistic__symptoms_diet_labels,5,0,"{""C"": 0.0001}",0.6811216894652172,"[0.6839020452835399, 0.6818898363680763, 0.6775339154920539]",False
spline_logistic__symptoms_diet_labels,5,1,"{""C"": 0.001}",0.6624826751169685,"[0.664753679245211, 0.6647217589996, 0.6581087806752437]",False
spline_logistic__symptoms_diet_labels,5,2,"{""C"": 0.01}",0.6602531722875944,"[0.6546260354460413, 0.6677633454509219, 0.65939605843775]",True
spline_logistic__symptoms_diet_labels,5,3,"{""C"": 0.1}",0.6905942933539729,"[0.6757450018750948, 0.7022052730345464, 0.6956829623415768]",False
spline_logistic__symptoms_diet_labels,5,4,"{""C"": 1.0}",0.7241646689188315,"[0.7030749657359865, 0.7349758020876462, 0.7364782365573845]",False
spline_logistic__symptoms_diet_labels,5,5,"{""C"": 10.0}",0.7354581992535374,"[0.713682459298658, 0.746963825952734, 0.747865300035212]",False
random_forest__basic,1,0,"{""max_features"": ""sqrt"", ""min_samples_leaf"": 5}",0.67676064972001,"[0.6810315918390855, 0.6618779627191937, 0.687028131668263]",False
random_forest__basic,1,1,"{""max_features"": ""sqrt"", ""min_samples_leaf"": 20}",0.6733980951656466,"[0.6766669500863206, 0.6663279265836026, 0.6769494553884909]",True
random_forest__basic,1,2,"{""max_features"": ""sqrt"", ""min_samples_leaf"": 50}",0.6758111092118128,"[0.6780132926239307, 0.671838250680094, 0.677415869636259]",False
random_forest__basic,1,3,"{""max_features"": ""sqrt"", ""min_samples_leaf"": 100}",0.6783291257490008,"[0.6798333347612056, 0.675249152696945, 0.6797904136588133]",False
random_forest__basic,1,4,"{""max_features"": 0.7, ""min_samples_leaf"": 5}",0.7193809411518127,"[0.7341291496138843, 0.6810300360371841, 0.7418357009475531]",False
random_forest__basic,1,5,"{""max_features"": 0.7, ""min_samples_leaf"": 20}",0.6840138182218458,"[0.69702271494534, 0.6624895401522839, 0.69155518788449]",False
random_forest__basic,1,6,"{""max_features"": 0.7, ""min_samples_leaf"": 50}",0.6776824527780527,"[0.6849181867348418, 0.6676004437142694, 0.6799928899140331]",False
random_forest__basic,1,7,"{""max_features"": 0.7, ""min_samples_leaf"": 100}",0.6785474481091277,"[0.6837168932136054, 0.6715450670751006, 0.6799981920891061]",False
random_forest__basic,2,0,"{""max_features"": ""sqrt"", ""min_samples_leaf"": 5}",0.6693446286395973,"[0.6780261710474933, 0.6664150898987352, 0.6638447599253118]",True
random_forest__basic,2,1,"{""max_features"": ""sqrt"", ""min_samples_leaf"": 20}",0.6700681604700222,"[0.6790984222154973, 0.6648758468952243, 0.6661527377675825]",False
random_forest__basic,2,2,"{""max_features"": ""sqrt"", ""min_samples_leaf"": 50}",0.6748471524216395,"[0.6833995372272405, 0.6686268940915202, 0.6722353290259282]",False
random_forest__basic,2,3,"{""max_features"": ""sqrt"", ""min_samples_leaf"": 100}",0.6781877453223142,"[0.6848900393033713, 0.6720896915811428, 0.6771705552126696]",False
random_forest__basic,2,4,"{""max_features"": 0.7, ""min_samples_leaf"": 5}",0.7125552191425958,"[0.7338326351344604, 0.7000335174820496, 0.7035714399695485]",False
random_forest__basic,2,5,"{""max_features"": 0.7, ""min_samples_leaf"": 20}",0.6803396285878093,"[0.7008586404635917, 0.6734753052506159, 0.6672903222924991]",False
random_forest__basic,2,6,"{""max_features"": 0.7, ""min_samples_leaf"": 50}",0.6725081002393137,"[0.6933558793994309, 0.6626816677370577, 0.6616501212803046]",False
random_forest__basic,2,7,"{""max_features"": 0.7, ""min_samples_leaf"": 100}",0.6733292004470977,"[0.6896230758134458, 0.6669511972525256, 0.663747216352432]",False
random_forest__basic,3,0,"{""max_features"": ""sqrt"", ""min_samples_leaf"": 5}",0.6792992626616511,"[0.6858882947339244, 0.6854251926627403, 0.6648384612474909]",False
random_forest__basic,3,1,"{""max_features"": ""sqrt"", ""min_samples_leaf"": 20}",0.6680624661919705,"[0.6691424547694795, 0.6765618551233502, 0.657450925784612]",True
random_forest__basic,3,2,"{""max_features"": ""sqrt"", ""min_samples_leaf"": 50}",0.6702666625872213,"[0.6701164382726742, 0.6771151088488664, 0.6629127176875905]",False
random_forest__basic,3,3,"{""max_features"": ""sqrt"", ""min_samples_leaf"": 100}",0.6737073597649087,"[0.6725108138463823, 0.6796611222951942, 0.6685638819309148]",False
random_forest__basic,3,4,"{""max_features"": 0.7, ""min_samples_leaf"": 5}",0.7197542162856653,"[0.7396375204032294, 0.7139888934422829, 0.7027816429276669]",False
random_forest__basic,3,5,"{""max_features"": 0.7, ""min_samples_leaf"": 20}",0.6804566013605313,"[0.6890728179628108, 0.6822117846186319, 0.6684248415105867]",False
random_forest__basic,3,6,"{""max_features"": 0.7, ""min_samples_leaf"": 50}",0.6709487823456721,"[0.6756645758130354, 0.6758513192358853, 0.6600293734641863]",False
random_forest__basic,3,7,"{""max_features"": 0.7, ""min_samples_leaf"": 100}",0.6691927674063155,"[0.6707507555972315, 0.6764830078107275, 0.6593503024855032]",False
random_forest__basic,4,0,"{""max_features"": ""sqrt"", ""min_samples_leaf"": 5}",0.6799117725091344,"[0.6787951681996519, 0.6774056112388531, 0.6834025014119671]",False
random_forest__basic,4,1,"{""max_features"": ""sqrt"", ""min_samples_leaf"": 20}",0.6728134425492719,"[0.6708740015987192, 0.6721609164855605, 0.6753373271075015]",True
random_forest__basic,4,2,"{""max_features"": ""sqrt"", ""min_samples_leaf"": 50}",0.6741024478945613,"[0.6721034230125859, 0.6736044818345016, 0.6765368735327955]",False
random_forest__basic,4,3,"{""max_features"": ""sqrt"", ""min_samples_leaf"": 100}",0.6765293481591893,"[0.674970314784144, 0.675907896704589, 0.6786508812435434]",False
random_forest__basic,4,4,"{""max_features"": 0.7, ""min_samples_leaf"": 5}",0.713397306109551,"[0.7188609030859913, 0.694738045241422, 0.7258915523049742]",False
random_forest__basic,4,5,"{""max_features"": 0.7, ""min_samples_leaf"": 20}",0.6819031724076107,"[0.6829882568929755, 0.6739090472602455, 0.6884860377279088]",False
random_forest__basic,4,6,"{""max_features"": 0.7, ""min_samples_leaf"": 50}",0.674534719981568,"[0.6769611848111139, 0.6702669078659068, 0.6762396938144638]",False
random_forest__basic,4,7,"{""max_features"": 0.7, ""min_samples_leaf"": 100}",0.6734274593047272,"[0.6760775319698931, 0.6700228204779749, 0.6740878374052283]",False
random_forest__basic,5,0,"{""max_features"": ""sqrt"", ""min_samples_leaf"": 5}",0.6827360031068734,"[0.7076006845110098, 0.6646123575138047, 0.6730342720156712]",False
random_forest__basic,5,1,"{""max_features"": ""sqrt"", ""min_samples_leaf"": 20}",0.6736942186894993,"[0.6871994014350189, 0.6660925916481982, 0.6664166717002817]",True
random_forest__basic,5,2,"{""max_features"": ""sqrt"", ""min_samples_leaf"": 50}",0.6739442247997907,"[0.6826714313690664, 0.6704271217964591, 0.6679918979304068]",False
random_forest__basic,5,3,"{""max_features"": ""sqrt"", ""min_samples_leaf"": 100}",0.6758092263742941,"[0.6812306957150142, 0.6732997771447934, 0.6724022381123902]",False
random_forest__basic,5,4,"{""max_features"": 0.7, ""min_samples_leaf"": 5}",0.7254247766116159,"[0.7750886631223853, 0.6967169571751693, 0.6993373154556458]",False
random_forest__basic,5,5,"{""max_features"": 0.7, ""min_samples_leaf"": 20}",0.6838464887031096,"[0.7250002901129999, 0.6628913957286852, 0.6596915137421098]",False
random_forest__basic,5,6,"{""max_features"": 0.7, ""min_samples_leaf"": 50}",0.6769647188323511,"[0.7019147687644447, 0.6664891267500114, 0.6603244171969251]",False
random_forest__basic,5,7,"{""max_features"": 0.7, ""min_samples_leaf"": 100}",0.6747088772969347,"[0.6883147824264614, 0.6712130024883166, 0.6636492019960432]",False
random_forest__context,1,0,"{""max_features"": ""sqrt"", ""min_samples_leaf"": 5}",0.6581531611271919,"[0.6530367882445338, 0.65879148019911, 0.6629897712767819]",True
random_forest__context,1,1,"{""max_features"": ""sqrt"", ""min_samples_leaf"": 20}",0.6602193191436166,"[0.6579852695013406, 0.6589681493950719, 0.6638563083688636]",False
random_forest__context,1,2,"{""max_features"": ""sqrt"", ""min_samples_leaf"": 50}",0.6652683436657306,"[0.664313382977924, 0.6636601970834856, 0.6678929635862917]",False
random_forest__context,1,3,"{""max_features"": ""sqrt"", ""min_samples_leaf"": 100}",0.6696740054497826,"[0.6692081977652498, 0.6679773800594864, 0.6718635852434994]",False
random_forest__context,1,4,"{""max_features"": 0.7, ""min_samples_leaf"": 5}",0.6737319893097495,"[0.6675718753938077, 0.6625417282910226, 0.691476602169972]",False
random_forest__context,1,5,"{""max_features"": 0.7, ""min_samples_leaf"": 20}",0.6658560896493002,"[0.6643325401907914, 0.6586062084232195, 0.6747129833910899]",False
random_forest__context,1,6,"{""max_features"": 0.7, ""min_samples_leaf"": 50}",0.665057553701288,"[0.6646063120254525, 0.6563965909942778, 0.6741740721496043]",False
random_forest__context,1,7,"{""max_features"": 0.7, ""min_samples_leaf"": 100}",0.6699986818916546,"[0.6713519964982417, 0.6603465045625502, 0.6781729951140268]",False
random_forest__context,2,0,"{""max_features"": ""sqrt"", ""min_samples_leaf"": 5}",0.662527863605688,"[0.6776721218963316, 0.656042219225277, 0.6540912618887639]",True
random_forest__context,2,1,"{""max_features"": ""sqrt"", ""min_samples_leaf"": 20}",0.6638180529240142,"[0.6796181131058028, 0.6544754968137184, 0.6571841834126423]",False
random_forest__context,2,2,"{""max_features"": ""sqrt"", ""min_samples_leaf"": 50}",0.6686451457863216,"[0.6801570660805362, 0.6598218400776493, 0.6655086901014331]",False
random_forest__context,2,3,"{""max_features"": ""sqrt"", ""min_samples_leaf"": 100}",0.6739850944517741,"[0.6820653097768662, 0.6664059425595878, 0.6729501674350761]",False
random_forest__context,2,4,"{""max_features"": 0.7, ""min_samples_leaf"": 5}",0.6707651155187789,"[0.7003157141083446, 0.6587113424596615, 0.6537967605635758]",False
random_forest__context,2,5,"{""max_features"": 0.7, ""min_samples_leaf"": 20}",0.6643518411965357,"[0.6888565460189193, 0.6571573181878301, 0.6479235110077286]",False
random_forest__context,2,6,"{""max_features"": 0.7, ""min_samples_leaf"": 50}",0.6657668398924543,"[0.688330098521185, 0.6554136097501211, 0.6537782497336183]",False
random_forest__context,2,7,"{""max_features"": 0.7, ""min_samples_leaf"": 100}",0.6699705057951678,"[0.6877501563808008, 0.6609551722346992, 0.6612449376883361]",False
random_forest__context,3,0,"{""max_features"": ""sqrt"", ""min_samples_leaf"": 5}",0.6600239419637045,"[0.6542592578424209, 0.6677462196254209, 0.6582917363933055]",True
random_forest__context,3,1,"{""max_features"": ""sqrt"", ""min_samples_leaf"": 20}",0.6613389566333847,"[0.6602330519260609, 0.6666348695264709, 0.656812534006026]",False
random_forest__context,3,2,"{""max_features"": ""sqrt"", ""min_samples_leaf"": 50}",0.6651629707862686,"[0.6626960100851119, 0.670052377807948, 0.662679252070282]",False
random_forest__context,3,3,"{""max_features"": ""sqrt"", ""min_samples_leaf"": 100}",0.6694985280624489,"[0.6681017781933557, 0.6743474971185157, 0.6658045282409261]",False
random_forest__context,3,4,"{""max_features"": 0.7, ""min_samples_leaf"": 5}",0.6746073971215544,"[0.6777984787582295, 0.6791149490480345, 0.6659098990571997]",False
random_forest__context,3,5,"{""max_features"": 0.7, ""min_samples_leaf"": 20}",0.66470512518184,"[0.6653753008476441, 0.6689703698840314, 0.6592296288918373]",False
random_forest__context,3,6,"{""max_features"": 0.7, ""min_samples_leaf"": 50}",0.6620942085820789,"[0.6620523846538633, 0.6673383769754662, 0.6563771237606356]",False
random_forest__context,3,7,"{""max_features"": 0.7, ""min_samples_leaf"": 100}",0.6627601767630273,"[0.6649514438377311, 0.6699660688723599, 0.6522679821856409]",False
random_forest__context,4,0,"{""max_features"": ""sqrt"", ""min_samples_leaf"": 5}",0.665386824395064,"[0.6666695840891956, 0.6545742360069526, 0.6744716994921354]",False
random_forest__context,4,1,"{""max_features"": ""sqrt"", ""min_samples_leaf"": 20}",0.6621514242245985,"[0.6581772321474176, 0.6600738372208963, 0.6680314254815544]",True
random_forest__context,4,2,"{""max_features"": ""sqrt"", ""min_samples_leaf"": 50}",0.6671375500402618,"[0.6640635371908307, 0.6652749886103824, 0.6719301187487556]",False
random_forest__context,4,3,"{""max_features"": ""sqrt"", ""min_samples_leaf"": 100}",0.671752821010679,"[0.6695464157808494, 0.6698197164101696, 0.6757629875305876]",False
random_forest__context,4,4,"{""max_features"": 0.7, ""min_samples_leaf"": 5}",0.6786915829550569,"[0.6960571569978646, 0.649148790044109, 0.6899364251960035]",False
random_forest__context,4,5,"{""max_features"": 0.7, ""min_samples_leaf"": 20}",0.6681505191725485,"[0.6782602390403007, 0.6524434499406012, 0.6732700771574611]",False
random_forest__context,4,6,"{""max_features"": 0.7, ""min_samples_leaf"": 50}",0.6652625057568049,"[0.6682621656577907, 0.6558505373149017, 0.6713259932598775]",False
random_forest__context,4,7,"{""max_features"": 0.7, ""min_samples_leaf"": 100}",0.6666525738553228,"[0.6677532815370266, 0.6604370746288056, 0.6715190160599954]",False
random_forest__context,5,0,"{""max_features"": ""sqrt"", ""min_samples_leaf"": 5}",0.6637414261586367,"[0.6693952430672413, 0.6574269978622888, 0.663499814243809]",False
random_forest__context,5,1,"{""max_features"": ""sqrt"", ""min_samples_leaf"": 20}",0.6629251442350005,"[0.6674930825810698, 0.6602594792923524, 0.6605482687700576]",True
random_forest__context,5,2,"{""max_features"": ""sqrt"", ""min_samples_leaf"": 50}",0.6651230360388758,"[0.6684887102978871, 0.6641179698125231, 0.662512867515648]",False
random_forest__context,5,3,"{""max_features"": ""sqrt"", ""min_samples_leaf"": 100}",0.6697223726383156,"[0.6726166629938582, 0.6694960391555194, 0.6669064167929767]",False
random_forest__context,5,4,"{""max_features"": 0.7, ""min_samples_leaf"": 5}",0.6882413227300593,"[0.7224372220792477, 0.6714363729751972, 0.6676263973678572]",False
random_forest__context,5,5,"{""max_features"": 0.7, ""min_samples_leaf"": 20}",0.6755566464687596,"[0.6963688932241426, 0.6652161626100891, 0.6631109479377705]",False
random_forest__context,5,6,"{""max_features"": 0.7, ""min_samples_leaf"": 50}",0.6718318377400238,"[0.6898489746912229, 0.6629072161761087, 0.6610333205013439]",False
random_forest__context,5,7,"{""max_features"": 0.7, ""min_samples_leaf"": 100}",0.6701918370874497,"[0.6840512732481159, 0.6641324320730765, 0.6611636130416292]",False
random_forest__context_diet,1,0,"{""max_features"": ""sqrt"", ""min_samples_leaf"": 5}",0.6636873238950071,"[0.6627826779632697, 0.666195717404162, 0.6621544786748368]",True
random_forest__context_diet,1,1,"{""max_features"": ""sqrt"", ""min_samples_leaf"": 20}",0.6677782914212582,"[0.6683793530279891, 0.6675446025400787, 0.6673682990200458]",False
random_forest__context_diet,1,2,"{""max_features"": ""sqrt"", ""min_samples_leaf"": 50}",0.6686114757549093,"[0.6673743702599333, 0.6698498687470811, 0.6687002809023974]",False
random_forest__context_diet,1,3,"{""max_features"": ""sqrt"", ""min_samples_leaf"": 100}",0.6734755054366616,"[0.6732490292242452, 0.6737127683994615, 0.6734812449502953]",False
random_forest__context_diet,1,4,"{""max_features"": 0.7, ""min_samples_leaf"": 5}",0.6754588957848372,"[0.6772554811766912, 0.6720422903456512, 0.6769430095990534]",False
random_forest__context_diet,1,5,"{""max_features"": 0.7, ""min_samples_leaf"": 20}",0.6737776465833775,"[0.676289838674517, 0.6706035883059484, 0.674254496219682]",False
random_forest__context_diet,1,6,"{""max_features"": 0.7, ""min_samples_leaf"": 50}",0.6701463627982364,"[0.6719900144591393, 0.6659623346918893, 0.6723451488467203]",False
random_forest__context_diet,1,7,"{""max_features"": 0.7, ""min_samples_leaf"": 100}",0.6720232646766234,"[0.6746509240057735, 0.6664679865722362, 0.6747503602897027]",False
random_forest__context_diet,2,0,"{""max_features"": ""sqrt"", ""min_samples_leaf"": 5}",0.6694698599382681,"[0.6852161754743105, 0.6575771710927063, 0.6650315492684726]",False
random_forest__context_diet,2,1,"{""max_features"": ""sqrt"", ""min_samples_leaf"": 20}",0.6698536963456929,"[0.6820412501787082, 0.6607072908105248, 0.6663692656274312]",False
random_forest__context_diet,2,2,"{""max_features"": ""sqrt"", ""min_samples_leaf"": 50}",0.6742457570416714,"[0.6844095156056075, 0.6647517690968162, 0.672910718782886]",False
random_forest__context_diet,2,3,"{""max_features"": ""sqrt"", ""min_samples_leaf"": 100}",0.6766237686498201,"[0.6829472747274844, 0.6691085021112808, 0.6771468788021302]",False
random_forest__context_diet,2,4,"{""max_features"": 0.7, ""min_samples_leaf"": 5}",0.6694019660117848,"[0.6940166453501977, 0.6589568171437776, 0.6556085304321849]",True
random_forest__context_diet,2,5,"{""max_features"": 0.7, ""min_samples_leaf"": 20}",0.6764679771724542,"[0.6965725921138842, 0.6727550797165941, 0.6611465768191599]",False
random_forest__context_diet,2,6,"{""max_features"": 0.7, ""min_samples_leaf"": 50}",0.6741040434134455,"[0.692113506818291, 0.6665604176309752, 0.6639289975320896]",False
random_forest__context_diet,2,7,"{""max_features"": 0.7, ""min_samples_leaf"": 100}",0.6779940445155536,"[0.6895215217843075, 0.6708812146235129, 0.6734037412936648]",False
random_forest__context_diet,3,0,"{""max_features"": ""sqrt"", ""min_samples_leaf"": 5}",0.6667884279381112,"[0.6575402058227167, 0.6793095090489072, 0.6638639874572229]",False
random_forest__context_diet,3,1,"{""max_features"": ""sqrt"", ""min_samples_leaf"": 20}",0.6707825975355469,"[0.6636552229671785, 0.6811600529970631, 0.6677285991984615]",False
random_forest__context_diet,3,2,"{""max_features"": ""sqrt"", ""min_samples_leaf"": 50}",0.6717154784607061,"[0.666654969359656, 0.6801759768349865, 0.6683459834271647]",False
random_forest__context_diet,3,3,"{""max_features"": ""sqrt"", ""min_samples_leaf"": 100}",0.6743720131388384,"[0.669894254240965, 0.6825849306754277, 0.6705915087006812]",False
random_forest__context_diet,3,4,"{""max_features"": 0.7, ""min_samples_leaf"": 5}",0.6768372843000282,"[0.6759709521472408, 0.6866298427317209, 0.6670857838555753]",False
random_forest__context_diet,3,5,"{""max_features"": 0.7, ""min_samples_leaf"": 20}",0.6718006892187938,"[0.666440583191823, 0.6818918973405306, 0.6669894354107155]",False
random_forest__context_diet,3,6,"{""max_features"": 0.7, ""min_samples_leaf"": 50}",0.6661380664539108,"[0.6603747887318909, 0.6761580094006666, 0.6618778601416183]",True
random_forest__context_diet,3,7,"{""max_features"": 0.7, ""min_samples_leaf"": 100}",0.6661522453290931,"[0.6627993082531323, 0.6734825368986459, 0.66202344334521]",False
random_forest__context_diet,4,0,"{""max_features"": ""sqrt"", ""min_samples_leaf"": 5}",0.6696664052717409,"[0.6717654551382706, 0.6591118017732753, 0.6777049346602562]",True
random_forest__context_diet,4,1,"{""max_features"": ""sqrt"", ""min_samples_leaf"": 20}",0.6699466834221468,"[0.669912270331894, 0.662496799015101, 0.6771056361598664]",False
random_forest__context_diet,4,2,"{""max_features"": ""sqrt"", ""min_samples_leaf"": 50}",0.6716532835267359,"[0.6716941380093853, 0.6659505628766319, 0.6770674792153063]",False
random_forest__context_diet,4,3,"{""max_features"": ""sqrt"", ""min_samples_leaf"": 100}",0.6741347774618556,"[0.6730914060663011, 0.6694565703163045, 0.6796311658518142]",False
random_forest__context_diet,4,4,"{""max_features"": 0.7, ""min_samples_leaf"": 5}",0.6874026624879566,"[0.7064165894803942, 0.6697694911267197, 0.685642208938428]",False
random_forest__context_diet,4,5,"{""max_features"": 0.7, ""min_samples_leaf"": 20}",0.6781569902877371,"[0.691605937346222, 0.6612459365340326, 0.6811571029838623]",False
random_forest__context_diet,4,6,"{""max_features"": 0.7, ""min_samples_leaf"": 50}",0.6738071457019954,"[0.6845904620482288, 0.6575798033925664, 0.6787644786841406]",False
random_forest__context_diet,4,7,"{""max_features"": 0.7, ""min_samples_leaf"": 100}",0.6730060280743284,"[0.6784018763173715, 0.6638071229898741, 0.6765185331854746]",False
random_forest__context_diet,5,0,"{""max_features"": ""sqrt"", ""min_samples_leaf"": 5}",0.6666313948136551,"[0.6671545249781126, 0.6617578723897196, 0.6704504722407963]",True
random_forest__context_diet,5,1,"{""max_features"": ""sqrt"", ""min_samples_leaf"": 20}",0.6666706270672219,"[0.6675978348017616, 0.6639856520930348, 0.6681082186102282]",False
random_forest__context_diet,5,2,"{""max_features"": ""sqrt"", ""min_samples_leaf"": 50}",0.6689063063268232,"[0.6710209905180243, 0.6671859317403124, 0.6682415072916561]",False
random_forest__context_diet,5,3,"{""max_features"": ""sqrt"", ""min_samples_leaf"": 100}",0.672498666921614,"[0.6751032820183376, 0.6713424994795487, 0.6708175853390349]",False
random_forest__context_diet,5,4,"{""max_features"": 0.7, ""min_samples_leaf"": 5}",0.6872038581372174,"[0.701615975903431, 0.6783592865539289, 0.6800935759486109]",False
random_forest__context_diet,5,5,"{""max_features"": 0.7, ""min_samples_leaf"": 20}",0.6767510268569612,"[0.6881073791876343, 0.6661766033930695, 0.6743770576885033]",False
random_forest__context_diet,5,6,"{""max_features"": 0.7, ""min_samples_leaf"": 50}",0.6760854171340399,"[0.6890212030557689, 0.6668812509190152, 0.6708369548796904]",False
random_forest__context_diet,5,7,"{""max_features"": 0.7, ""min_samples_leaf"": 100}",0.6729189491641181,"[0.6838036175316611, 0.6691140484894078, 0.6649742034108426]",False
random_forest__context_diet_labels,1,0,"{""max_features"": ""sqrt"", ""min_samples_leaf"": 5}",0.6676195861719127,"[0.6744392042374875, 0.6687823498622337, 0.6591655923967942]",True
random_forest__context_diet_labels,1,1,"{""max_features"": ""sqrt"", ""min_samples_leaf"": 20}",0.6691129729036255,"[0.6731959089537846, 0.6701333930902285, 0.6637282762799119]",False
random_forest__context_diet_labels,1,2,"{""max_features"": ""sqrt"", ""min_samples_leaf"": 50}",0.6720617143977132,"[0.6755055824120006, 0.672286473813912, 0.6681537901992632]",False
random_forest__context_diet_labels,1,3,"{""max_features"": ""sqrt"", ""min_samples_leaf"": 100}",0.6754149801391699,"[0.6790784055214422, 0.6742507989700821, 0.6726567871406349]",False
random_forest__context_diet_labels,1,4,"{""max_features"": 0.7, ""min_samples_leaf"": 5}",0.675700640965448,"[0.6848057863447194, 0.6658294720979661, 0.6758012089476559]",False
random_forest__context_diet_labels,1,5,"{""max_features"": 0.7, ""min_samples_leaf"": 20}",0.6733466067407214,"[0.6767768762297511, 0.6724959524001808, 0.6705252734893931]",False
random_forest__context_diet_labels,1,6,"{""max_features"": 0.7, ""min_samples_leaf"": 50}",0.6711554516571482,"[0.6746763230450764, 0.6679207213910773, 0.6706138097218596]",False
random_forest__context_diet_labels,1,7,"{""max_features"": 0.7, ""min_samples_leaf"": 100}",0.6732511032170061,"[0.6785118378720033, 0.6672188154560721, 0.6736371415288833]",False
random_forest__context_diet_labels,2,0,"{""max_features"": ""sqrt"", ""min_samples_leaf"": 5}",0.67368541356673,"[0.6888700831794359, 0.6586939012784293, 0.6723704581077306]",True
random_forest__context_diet_labels,2,1,"{""max_features"": ""sqrt"", ""min_samples_leaf"": 20}",0.6747134801139018,"[0.6838929183957847, 0.6651015431349513, 0.6743808375007716]",False
random_forest__context_diet_labels,2,2,"{""max_features"": ""sqrt"", ""min_samples_leaf"": 50}",0.6762207698257106,"[0.6826219986039617, 0.6666052796590335, 0.6784401624222641]",False
random_forest__context_diet_labels,2,3,"{""max_features"": ""sqrt"", ""min_samples_leaf"": 100}",0.6786110629297675,"[0.6831493260583555, 0.6698137774528844, 0.6818511327535332]",False
random_forest__context_diet_labels,2,4,"{""max_features"": 0.7, ""min_samples_leaf"": 5}",0.6753185298231765,"[0.6952324177040532, 0.6673405048560007, 0.6637617485860025]",False
random_forest__context_diet_labels,2,5,"{""max_features"": 0.7, ""min_samples_leaf"": 20}",0.6779522255010312,"[0.6935445482766589, 0.6726366419257492, 0.6681197698364688]",False
random_forest__context_diet_labels,2,6,"{""max_features"": 0.7, ""min_samples_leaf"": 50}",0.6744749670366949,"[0.6888416127350061, 0.6665015643098351, 0.6680039652990201]",False
random_forest__context_diet_labels,2,7,"{""max_features"": 0.7, ""min_samples_leaf"": 100}",0.6768129032287228,"[0.6870660178593389, 0.6692679147123763, 0.6737555590875384]",False
random_forest__context_diet_labels,3,0,"{""max_features"": ""sqrt"", ""min_samples_leaf"": 5}",0.6707529503112507,"[0.6685219543825731, 0.6798942250958186, 0.6633175241389077]",False
random_forest__context_diet_labels,3,1,"{""max_features"": ""sqrt"", ""min_samples_leaf"": 20}",0.6721457936243108,"[0.6691768504197638, 0.679519656795064, 0.6675188786533741]",False
random_forest__context_diet_labels,3,2,"{""max_features"": ""sqrt"", ""min_samples_leaf"": 50}",0.6729476267447567,"[0.669102567156345, 0.6810951443239134, 0.6684972378933758]",False
random_forest__context_diet_labels,3,3,"{""max_features"": ""sqrt"", ""min_samples_leaf"": 100}",0.675447730293626,"[0.6721815660304001, 0.6821919165800988, 0.6718616338628876]",False
random_forest__context_diet_labels,3,4,"{""max_features"": 0.7, ""min_samples_leaf"": 5}",0.6735651058388814,"[0.670402724680345, 0.6905441703084416, 0.658603776014261]",False
random_forest__context_diet_labels,3,5,"{""max_features"": 0.7, ""min_samples_leaf"": 20}",0.6711746735322949,"[0.6669241012281423, 0.6827207718306916, 0.6634628773004577]",False
random_forest__context_diet_labels,3,6,"{""max_features"": 0.7, ""min_samples_leaf"": 50}",0.6667271338922764,"[0.6622995295271839, 0.6762881417782853, 0.6614055611944466]",False
random_forest__context_diet_labels,3,7,"{""max_features"": 0.7, ""min_samples_leaf"": 100}",0.6663150474499608,"[0.6643635731816004, 0.6723676036371907, 0.6619480412583847]",True
random_forest__context_diet_labels,4,0,"{""max_features"": ""sqrt"", ""min_samples_leaf"": 5}",0.6736581249593717,"[0.6769952436074769, 0.6636542218597905, 0.6799571924128449]",False
random_forest__context_diet_labels,4,1,"{""max_features"": ""sqrt"", ""min_samples_leaf"": 20}",0.6738799563805603,"[0.6746686391761415, 0.6676079229078289, 0.6791061154914427]",False
random_forest__context_diet_labels,4,2,"{""max_features"": ""sqrt"", ""min_samples_leaf"": 50}",0.6742395719016261,"[0.6760181400335746, 0.6677495627319294, 0.6787045587073504]",False
random_forest__context_diet_labels,4,3,"{""max_features"": ""sqrt"", ""min_samples_leaf"": 100}",0.6757953661049011,"[0.6768665043071941, 0.6710042244225328, 0.6793284845419797]",False
random_forest__context_diet_labels,4,4,"{""max_features"": 0.7, ""min_samples_leaf"": 5}",0.6815520656322195,"[0.6986660273018046, 0.6625161926078944, 0.6829943134382743]",False
random_forest__context_diet_labels,4,5,"{""max_features"": 0.7, ""min_samples_leaf"": 20}",0.6786500202712247,"[0.6915532500753515, 0.6625445065843666, 0.6814142569509735]",False
random_forest__context_diet_labels,4,6,"{""max_features"": 0.7, ""min_samples_leaf"": 50}",0.675032711901341,"[0.684571437196696, 0.6612533218258609, 0.678867914460899]",False
random_forest__context_diet_labels,4,7,"{""max_features"": 0.7, ""min_samples_leaf"": 100}",0.6735193119909461,"[0.6782668022263817, 0.6651816713719937, 0.6768431874641372]",True
random_forest__context_diet_labels,5,0,"{""max_features"": ""sqrt"", ""min_samples_leaf"": 5}",0.6685011795408917,"[0.6671098731738251, 0.6682780472464067, 0.6701521059008939]",False
random_forest__context_diet_labels,5,1,"{""max_features"": ""sqrt"", ""min_samples_leaf"": 20}",0.6684858545135272,"[0.6705174414138493, 0.6671820926973252, 0.6675346085013468]",True
random_forest__context_diet_labels,5,2,"{""max_features"": ""sqrt"", ""min_samples_leaf"": 50}",0.6697399563939328,"[0.6727568501312721, 0.6675166109810928, 0.668584636323722]",False
random_forest__context_diet_labels,5,3,"{""max_features"": ""sqrt"", ""min_samples_leaf"": 100}",0.6727403495313649,"[0.6749810009925683, 0.6720083103017455, 0.671059025398075]",False
random_forest__context_diet_labels,5,4,"{""max_features"": 0.7, ""min_samples_leaf"": 5}",0.6846451707562735,"[0.7019009929614504, 0.6683259041801242, 0.6812632651801789]",False
random_forest__context_diet_labels,5,5,"{""max_features"": 0.7, ""min_samples_leaf"": 20}",0.6777221530697763,"[0.6891060396186797, 0.6701427383905192, 0.6726371613392383]",False
random_forest__context_diet_labels,5,6,"{""max_features"": 0.7, ""min_samples_leaf"": 50}",0.6745390260586176,"[0.6886042064740184, 0.6657977615551572, 0.6676980681773714]",False
random_forest__context_diet_labels,5,7,"{""max_features"": 0.7, ""min_samples_leaf"": 100}",0.6723139228068918,"[0.6836279842847907, 0.6665216255331391, 0.6657012289092951]",False
random_forest__symptoms,1,0,"{""max_features"": ""sqrt"", ""min_samples_leaf"": 5}",0.6548747488980091,"[0.6485782734938214, 0.6538252268865672, 0.6626562556251782]",True
random_forest__symptoms,1,1,"{""max_features"": ""sqrt"", ""min_samples_leaf"": 20}",0.6559561938374967,"[0.6516449049057326, 0.6561081687561904, 0.660416434824642]",False
random_forest__symptoms,1,2,"{""max_features"": ""sqrt"", ""min_samples_leaf"": 50}",0.6610227011525832,"[0.6599871302455087, 0.660017676632485, 0.6631323163363799]",False
random_forest__symptoms,1,3,"{""max_features"": ""sqrt"", ""min_samples_leaf"": 100}",0.666243647287821,"[0.6650981290481525, 0.6658822777653761, 0.6678292333764262]",False
random_forest__symptoms,1,4,"{""max_features"": 0.7, ""min_samples_leaf"": 5}",0.6735644068794341,"[0.6680049783595959, 0.6547105945750201, 0.6983060162378074]",False
random_forest__symptoms,1,5,"{""max_features"": 0.7, ""min_samples_leaf"": 20}",0.6639366512814665,"[0.6633940567624804, 0.6495560895737424, 0.6788525697943097]",False
random_forest__symptoms,1,6,"{""max_features"": 0.7, ""min_samples_leaf"": 50}",0.660296814565455,"[0.6585101952829565, 0.6480762779438711, 0.674390194846538]",False
random_forest__symptoms,1,7,"{""max_features"": 0.7, ""min_samples_leaf"": 100}",0.6638060710689841,"[0.6635524160388204, 0.6515030508075859, 0.6763418810717877]",False
random_forest__symptoms,2,0,"{""max_features"": ""sqrt"", ""min_samples_leaf"": 5}",0.6581683339810026,"[0.6748324940310628, 0.6456153104712821, 0.6534436406386929]",True
random_forest__symptoms,2,1,"{""max_features"": ""sqrt"", ""min_samples_leaf"": 20}",0.6585417737372637,"[0.6718043195028021, 0.6467559522292577, 0.6562924135168524]",False
random_forest__symptoms,2,2,"{""max_features"": ""sqrt"", ""min_samples_leaf"": 50}",0.6638007270534987,"[0.6755440844268921, 0.6528563647124738, 0.6622370523042449]",False
random_forest__symptoms,2,3,"{""max_features"": ""sqrt"", ""min_samples_leaf"": 100}",0.6682709028663466,"[0.6761357966152379, 0.6600677228164078, 0.6679587320318574]",False
random_forest__symptoms,2,4,"{""max_features"": 0.7, ""min_samples_leaf"": 5}",0.6742303058942763,"[0.7069894789144384, 0.6561637950067989, 0.6593784920019277]",False
random_forest__symptoms,2,5,"{""max_features"": 0.7, ""min_samples_leaf"": 20}",0.6651445312793575,"[0.6928178469465485, 0.6478377513218034, 0.6543196541052758]",False
random_forest__symptoms,2,6,"{""max_features"": 0.7, ""min_samples_leaf"": 50}",0.6612148293068578,"[0.6836181603343934, 0.6412896945462909, 0.657428898852525]",False
random_forest__symptoms,2,7,"{""max_features"": 0.7, ""min_samples_leaf"": 100}",0.6638694672573935,"[0.6794069285026653, 0.6515548270722791, 0.6599779066846329]",False
random_forest__symptoms,3,0,"{""max_features"": ""sqrt"", ""min_samples_leaf"": 5}",0.6537659073201632,"[0.6456225027636534, 0.6651913566989512, 0.6507508290499755]",False
random_forest__symptoms,3,1,"{""max_features"": ""sqrt"", ""min_samples_leaf"": 20}",0.653577072964771,"[0.6502791614152919, 0.6614073845510108, 0.6488339705850846]",True
random_forest__symptoms,3,2,"{""max_features"": ""sqrt"", ""min_samples_leaf"": 50}",0.6593616821037218,"[0.6572761851019224, 0.6668011860532982, 0.6536268171251849]",False
random_forest__symptoms,3,3,"{""max_features"": ""sqrt"", ""min_samples_leaf"": 100}",0.6648158198564673,"[0.6627515350372623, 0.6711982175623209, 0.6602184051429246]",False
random_forest__symptoms,3,4,"{""max_features"": 0.7, ""min_samples_leaf"": 5}",0.6794122238038814,"[0.674518122661985, 0.6889858950467526, 0.6746236606886767]",False
random_forest__symptoms,3,5,"{""max_features"": 0.7, ""min_samples_leaf"": 20}",0.6618089731923589,"[0.6569358896191249, 0.6693403111634091, 0.6592413751572901]",False
random_forest__symptoms,3,6,"{""max_features"": 0.7, ""min_samples_leaf"": 50}",0.6552296724718666,"[0.651672942002069, 0.6674915919922374, 0.6459173305921501]",False
random_forest__symptoms,3,7,"{""max_features"": 0.7, ""min_samples_leaf"": 100}",0.656416141998453,"[0.654897003889849, 0.6688048779866074, 0.6445754337209677]",False
random_forest__symptoms,4,0,"{""max_features"": ""sqrt"", ""min_samples_leaf"": 5}",0.6584047878354268,"[0.6505563080845277, 0.6671581995046869, 0.657720855954181]",False
random_forest__symptoms,4,1,"{""max_features"": ""sqrt"", ""min_samples_leaf"": 20}",0.6578163119340843,"[0.6503838400690979, 0.6665381037872599, 0.6567551184473257]",True
random_forest__symptoms,4,2,"{""max_features"": ""sqrt"", ""min_samples_leaf"": 50}",0.6622519319290864,"[0.6566979899913062, 0.6681812207552831, 0.662021425863358]",False
random_forest__symptoms,4,3,"{""max_features"": ""sqrt"", ""min_samples_leaf"": 100}",0.6670414133452514,"[0.6623991061017522, 0.670756588416044, 0.6680355389374805]",False
random_forest__symptoms,4,4,"{""max_features"": 0.7, ""min_samples_leaf"": 5}",0.6713396124174467,"[0.6605069271027748, 0.6856974744826363, 0.6682186536593935]",False
random_forest__symptoms,4,5,"{""max_features"": 0.7, ""min_samples_leaf"": 20}",0.6623534537112303,"[0.653473327431996, 0.6819307026407598, 0.65232790833071]",False
random_forest__symptoms,4,6,"{""max_features"": 0.7, ""min_samples_leaf"": 50}",0.6607729609144083,"[0.6509357802322598, 0.6772583022494583, 0.6546420776127954]",False
random_forest__symptoms,4,7,"{""max_features"": 0.7, ""min_samples_leaf"": 100}",0.6639210361795298,"[0.654092426661554, 0.6768905536956366, 0.6611443728063537]",False
random_forest__symptoms,5,0,"{""max_features"": ""sqrt"", ""min_samples_leaf"": 5}",0.6637428311735997,"[0.6645067501198495, 0.6575177050955324, 0.6685212582042177]",False
random_forest__symptoms,5,1,"{""max_features"": ""sqrt"", ""min_samples_leaf"": 20}",0.6602408343231824,"[0.6637323214818849, 0.658355221205525, 0.6582880572520857]",True
random_forest__symptoms,5,2,"{""max_features"": ""sqrt"", ""min_samples_leaf"": 50}",0.6635785018417972,"[0.6662534782917516, 0.6633004698236146, 0.66103758462088]",False
random_forest__symptoms,5,3,"{""max_features"": ""sqrt"", ""min_samples_leaf"": 100}",0.6672121543362669,"[0.6696675174017216, 0.6685414429799639, 0.6634607841603515]",False
random_forest__symptoms,5,4,"{""max_features"": 0.7, ""min_samples_leaf"": 5}",0.6883321883979944,"[0.7041128511053764, 0.6814266193715052, 0.6780580000630986]",False
random_forest__symptoms,5,5,"{""max_features"": 0.7, ""min_samples_leaf"": 20}",0.6736868574554359,"[0.6881061248053179, 0.6673126087994139, 0.6643567176004994]",False
random_forest__symptoms,5,6,"{""max_features"": 0.7, ""min_samples_leaf"": 50}",0.6699601779665988,"[0.6861638944262302, 0.6633703939637341, 0.6589619427593328]",False
random_forest__symptoms,5,7,"{""max_features"": 0.7, ""min_samples_leaf"": 100}",0.6683499085430098,"[0.6807101935772016, 0.6655406485759738, 0.6579744511383585]",False
random_forest__symptoms_diet,1,0,"{""max_features"": ""sqrt"", ""min_samples_leaf"": 5}",0.6589937000350333,"[0.6545519340217743, 0.6593750812341972, 0.6633648233582284]",True
random_forest__symptoms_diet,1,1,"{""max_features"": ""sqrt"", ""min_samples_leaf"": 20}",0.6611778042660991,"[0.6576245176025993, 0.6612708294886482, 0.6648859833295067]",False
random_forest__symptoms_diet,1,2,"{""max_features"": ""sqrt"", ""min_samples_leaf"": 50}",0.6634379879483439,"[0.6624604326932145, 0.662862421924969, 0.6650574312990285]",False
random_forest__symptoms_diet,1,3,"{""max_features"": ""sqrt"", ""min_samples_leaf"": 100}",0.6674515103681002,"[0.6661901760226787, 0.667515988643446, 0.6687364699890063]",False
random_forest__symptoms_diet,1,4,"{""max_features"": 0.7, ""min_samples_leaf"": 5}",0.673730066595695,"[0.6653645577183845, 0.6644758520643284, 0.6919037856040658]",False
random_forest__symptoms_diet,1,5,"{""max_features"": 0.7, ""min_samples_leaf"": 20}",0.6656010631384205,"[0.6628527358693757, 0.6602190717720169, 0.6739060504266179]",False
random_forest__symptoms_diet,1,6,"{""max_features"": 0.7, ""min_samples_leaf"": 50}",0.6612582812058236,"[0.6591308868398331, 0.6576665607393051, 0.6671144007666969]",False
random_forest__symptoms_diet,1,7,"{""max_features"": 0.7, ""min_samples_leaf"": 100}",0.6632712302664598,"[0.6596611211958439, 0.6616708659126653, 0.6687282762557619]",False
random_forest__symptoms_diet,2,0,"{""max_features"": ""sqrt"", ""min_samples_leaf"": 5}",0.6617146601451548,"[0.6806774959474234, 0.6478843048921058, 0.6559559310227722]",True
random_forest__symptoms_diet,2,1,"{""max_features"": ""sqrt"", ""min_samples_leaf"": 20}",0.6635858010556768,"[0.6767579574142423, 0.6508393345509171, 0.662227874146775]",False
random_forest__symptoms_diet,2,2,"{""max_features"": ""sqrt"", ""min_samples_leaf"": 50}",0.6685509562580622,"[0.6761416172823529, 0.6588786540824416, 0.6697268429202026]",False
random_forest__symptoms_diet,2,3,"{""max_features"": ""sqrt"", ""min_samples_leaf"": 100}",0.6721606541389602,"[0.6761744614623344, 0.6638071616005577, 0.6755084134233666]",False
random_forest__symptoms_diet,2,4,"{""max_features"": 0.7, ""min_samples_leaf"": 5}",0.6701764346306347,"[0.6999624228394776, 0.6556510704070574, 0.6550722516196982]",False
random_forest__symptoms_diet,2,5,"{""max_features"": 0.7, ""min_samples_leaf"": 20}",0.6733737133186438,"[0.6979490309232748, 0.6568326948144206, 0.6647468096761758]",False
random_forest__symptoms_diet,2,6,"{""max_features"": 0.7, ""min_samples_leaf"": 50}",0.6687083709437155,"[0.688403072943817, 0.6530935861737343, 0.6637799595449212]",False
random_forest__symptoms_diet,2,7,"{""max_features"": 0.7, ""min_samples_leaf"": 100}",0.6689738648346955,"[0.6813681712414523, 0.6564139330653165, 0.6681726340627847]",False
random_forest__symptoms_diet,3,0,"{""max_features"": ""sqrt"", ""min_samples_leaf"": 5}",0.660529868491946,"[0.6519379425003136, 0.6701953364869838, 0.6599758010503598]",False
random_forest__symptoms_diet,3,1,"{""max_features"": ""sqrt"", ""min_samples_leaf"": 20}",0.6603656912376901,"[0.6534426599829753, 0.6684925147461742, 0.6595467526069534]",True
random_forest__symptoms_diet,3,2,"{""max_features"": ""sqrt"", ""min_samples_leaf"": 50}",0.6648631593358779,"[0.6611239771116612, 0.672105782532118, 0.6612835955188657]",False
random_forest__symptoms_diet,3,3,"{""max_features"": ""sqrt"", ""min_samples_leaf"": 100}",0.6685567475469207,"[0.6656326117202876, 0.6750415063485254, 0.6648548961055516]",False
random_forest__symptoms_diet,3,4,"{""max_features"": 0.7, ""min_samples_leaf"": 5}",0.672937680448446,"[0.6614292528960648, 0.6884465542169437, 0.6693779978233064]",False
random_forest__symptoms_diet,3,5,"{""max_features"": 0.7, ""min_samples_leaf"": 20}",0.6650026185581545,"[0.6548338863627651, 0.6726121962441128, 0.66855775397717]",False
random_forest__symptoms_diet,3,6,"{""max_features"": 0.7, ""min_samples_leaf"": 50}",0.6610703801687589,"[0.6505189285931392, 0.6722616509743241, 0.6611360471178506]",False
random_forest__symptoms_diet,3,7,"{""max_features"": 0.7, ""min_samples_leaf"": 100}",0.6619872382427923,"[0.6554989653780884, 0.6708234142555717, 0.6598786228865917]",False
random_forest__symptoms_diet,4,0,"{""max_features"": ""sqrt"", ""min_samples_leaf"": 5}",0.6630096564544039,"[0.660877220371033, 0.6618895243829671, 0.6661698200798357]",True
random_forest__symptoms_diet,4,1,"{""max_features"": ""sqrt"", ""min_samples_leaf"": 20}",0.6643595952342516,"[0.6610621273244351, 0.6663673416587798, 0.6656693982931705]",False
random_forest__symptoms_diet,4,2,"{""max_features"": ""sqrt"", ""min_samples_leaf"": 50}",0.6670079568663718,"[0.6651859258527477, 0.6682183642740129, 0.6676350786637163]",False
random_forest__symptoms_diet,4,3,"{""max_features"": ""sqrt"", ""min_samples_leaf"": 100}",0.6706080676874232,"[0.6682416834841969, 0.6710898174080526, 0.6724653197915708]",False
random_forest__symptoms_diet,4,4,"{""max_features"": 0.7, ""min_samples_leaf"": 5}",0.6794220489259751,"[0.6833748224168943, 0.6840373476921685, 0.6711359017020089]",False
random_forest__symptoms_diet,4,5,"{""max_features"": 0.7, ""min_samples_leaf"": 20}",0.6731838145616224,"[0.6757527934767438, 0.6789847491644107, 0.6651192035693896]",False
random_forest__symptoms_diet,4,6,"{""max_features"": 0.7, ""min_samples_leaf"": 50}",0.6701288656408013,"[0.667535073778755, 0.6791334099499922, 0.6640574771032522]",False
random_forest__symptoms_diet,4,7,"{""max_features"": 0.7, ""min_samples_leaf"": 100}",0.6696203215030758,"[0.665285428075159, 0.678544257490554, 0.66533153728121]",False
random_forest__symptoms_diet,5,0,"{""max_features"": ""sqrt"", ""min_samples_leaf"": 5}",0.6644094655202051,"[0.6621459164248258, 0.660139160717627, 0.6705947293094956]",False
random_forest__symptoms_diet,5,1,"{""max_features"": ""sqrt"", ""min_samples_leaf"": 20}",0.6642541535060577,"[0.6670217269775617, 0.6608610088907991, 0.6644065295433439]",True
random_forest__symptoms_diet,5,2,"{""max_features"": ""sqrt"", ""min_samples_leaf"": 50}",0.6662767198996734,"[0.6678202673235655, 0.6646645129133842, 0.6661107254135441]",False
random_forest__symptoms_diet,5,3,"{""max_features"": ""sqrt"", ""min_samples_leaf"": 100}",0.6698783142294272,"[0.6720946845416206, 0.6692194171068062, 0.6681568091395779]",False
random_forest__symptoms_diet,5,4,"{""max_features"": 0.7, ""min_samples_leaf"": 5}",0.6778462051237635,"[0.6870815228939474, 0.6735128388839116, 0.6720949721044281]",False
random_forest__symptoms_diet,5,5,"{""max_features"": 0.7, ""min_samples_leaf"": 20}",0.6707101577592837,"[0.6793961840067612, 0.6647713778598804, 0.6669696146131344]",False
random_forest__symptoms_diet,5,6,"{""max_features"": 0.7, ""min_samples_leaf"": 50}",0.6710494462906927,"[0.6858892854013935, 0.6637441139589334, 0.6621145335423061]",False
random_forest__symptoms_diet,5,7,"{""max_features"": 0.7, ""min_samples_leaf"": 100}",0.6705354185200604,"[0.682826170021718, 0.6682155269100261, 0.659794208240129]",False
random_forest__symptoms_diet_labels,1,0,"{""max_features"": ""sqrt"", ""min_samples_leaf"": 5}",0.6610048412714967,"[0.6627838414487675, 0.6611122978118685, 0.6589947438431473]",True
random_forest__symptoms_diet_labels,1,1,"{""max_features"": ""sqrt"", ""min_samples_leaf"": 20}",0.6626591582369477,"[0.6651221192356433, 0.6614454752310536, 0.661234435950556]",False
random_forest__symptoms_diet_labels,1,2,"{""max_features"": ""sqrt"", ""min_samples_leaf"": 50}",0.6660232744045043,"[0.6684800082299004, 0.6640990424175124, 0.6653135362646987]",False
random_forest__symptoms_diet_labels,1,3,"{""max_features"": ""sqrt"", ""min_samples_leaf"": 100}",0.6694289992982708,"[0.6715029189769911, 0.6673540614585115, 0.6692789870981684]",False
random_forest__symptoms_diet_labels,1,4,"{""max_features"": 0.7, ""min_samples_leaf"": 5}",0.6740848838542213,"[0.6704563061633019, 0.6638618881583962, 0.6881573042860921]",False
random_forest__symptoms_diet_labels,1,5,"{""max_features"": 0.7, ""min_samples_leaf"": 20}",0.6668663990592127,"[0.6684249853082922, 0.6621652362757982, 0.6698856311606831]",False
random_forest__symptoms_diet_labels,1,6,"{""max_features"": 0.7, ""min_samples_leaf"": 50}",0.6644808762207821,"[0.6674505429024628, 0.6595596067488133, 0.6662101077760225]",False
random_forest__symptoms_diet_labels,1,7,"{""max_features"": 0.7, ""min_samples_leaf"": 100}",0.6657295784946126,"[0.6668586822991777, 0.6620946111235954, 0.6681453681039788]",False
random_forest__symptoms_diet_labels,2,0,"{""max_features"": ""sqrt"", ""min_samples_leaf"": 5}",0.665842737160599,"[0.6804959234011064, 0.6510259146801466, 0.6648684021216528]",True
random_forest__symptoms_diet_labels,2,1,"{""max_features"": ""sqrt"", ""min_samples_leaf"": 20}",0.6688585206238494,"[0.6759459485766394, 0.6580746403744259, 0.6714316588135079]",False
random_forest__symptoms_diet_labels,2,2,"{""max_features"": ""sqrt"", ""min_samples_leaf"": 50}",0.6704552937630857,"[0.6762286316385209, 0.6605425641375419, 0.6735009479694536]",False
random_forest__symptoms_diet_labels,2,3,"{""max_features"": ""sqrt"", ""min_samples_leaf"": 100}",0.6734347326604697,"[0.6778623546711169, 0.6650301763164117, 0.676445787790297]",False
random_forest__symptoms_diet_labels,2,4,"{""max_features"": 0.7, ""min_samples_leaf"": 5}",0.6766171334430393,"[0.6971525458357519, 0.6586176702553295, 0.6729243563318379]",False
random_forest__symptoms_diet_labels,2,5,"{""max_features"": 0.7, ""min_samples_leaf"": 20}",0.6756442431813271,"[0.6931697294437853, 0.6601184564522291, 0.6726312138456495]",False
random_forest__symptoms_diet_labels,2,6,"{""max_features"": 0.7, ""min_samples_leaf"": 50}",0.669272427750683,"[0.6854921613813049, 0.6550904897420431, 0.6663264316713642]",False
random_forest__symptoms_diet_labels,2,7,"{""max_features"": 0.7, ""min_samples_leaf"": 100}",0.6689054992627518,"[0.6804983183483154, 0.6548890443412669, 0.6700654856347981]",False
random_forest__symptoms_diet_labels,3,0,"{""max_features"": ""sqrt"", ""min_samples_leaf"": 5}",0.6643860063140579,"[0.6618114338068019, 0.6746406733932215, 0.6561291903339616]",False
random_forest__symptoms_diet_labels,3,1,"{""max_features"": ""sqrt"", ""min_samples_leaf"": 20}",0.6626948842036775,"[0.6602096976225279, 0.6697047175794247, 0.6579010616725701]",False
random_forest__symptoms_diet_labels,3,2,"{""max_features"": ""sqrt"", ""min_samples_leaf"": 50}",0.6651179180324444,"[0.6621589668025124, 0.6702575998597753, 0.6629358375479788]",False
random_forest__symptoms_diet_labels,3,3,"{""max_features"": ""sqrt"", ""min_samples_leaf"": 100}",0.6685975022792172,"[0.6658789605568436, 0.6742359426550285, 0.6655851592734313]",False
random_forest__symptoms_diet_labels,3,4,"{""max_features"": 0.7, ""min_samples_leaf"": 5}",0.6737147119984055,"[0.662661714079294, 0.6930477153052994, 0.6654163264296681]",False
random_forest__symptoms_diet_labels,3,5,"{""max_features"": 0.7, ""min_samples_leaf"": 20}",0.6680980003447842,"[0.658145615518671, 0.6762858225306907, 0.6707636871524295]",False
random_forest__symptoms_diet_labels,3,6,"{""max_features"": 0.7, ""min_samples_leaf"": 50}",0.6623108936354861,"[0.6535166178373448, 0.672348912309823, 0.6615844358927323]",True
random_forest__symptoms_diet_labels,3,7,"{""max_features"": 0.7, ""min_samples_leaf"": 100}",0.6625709495164208,"[0.6572904322302656, 0.6704888360278358, 0.6600560159804556]",False
random_forest__symptoms_diet_labels,4,0,"{""max_features"": ""sqrt"", ""min_samples_leaf"": 5}",0.6673982464608247,"[0.6651527477786767, 0.6680129638252562, 0.6690099109233135]",False
random_forest__symptoms_diet_labels,4,1,"{""max_features"": ""sqrt"", ""min_samples_leaf"": 20}",0.6650537806158175,"[0.6641711517657342, 0.6637975957058458, 0.667119810629292]",True
random_forest__symptoms_diet_labels,4,2,"{""max_features"": ""sqrt"", ""min_samples_leaf"": 50}",0.6675338149105684,"[0.6660012451839552, 0.6670547850682881, 0.6694932099859292]",False
random_forest__symptoms_diet_labels,4,3,"{""max_features"": ""sqrt"", ""min_samples_leaf"": 100}",0.6706532400986448,"[0.6690282089101649, 0.6710147705673725, 0.6718992749883248]",False
random_forest__symptoms_diet_labels,4,4,"{""max_features"": 0.7, ""min_samples_leaf"": 5}",0.6742896078659608,"[0.682781531167053, 0.6760902053493187, 0.6642491495340442]",False
random_forest__symptoms_diet_labels,4,5,"{""max_features"": 0.7, ""min_samples_leaf"": 20}",0.673299839363195,"[0.6773814845000315, 0.6763631812125266, 0.6663717827662072]",False
random_forest__symptoms_diet_labels,4,6,"{""max_features"": 0.7, ""min_samples_leaf"": 50}",0.6696533431678011,"[0.6691850998653868, 0.6756646349960806, 0.6643626746208329]",False
random_forest__symptoms_diet_labels,4,7,"{""max_features"": 0.7, ""min_samples_leaf"": 100}",0.6687134394691676,"[0.6667828648736842, 0.6742934700236768, 0.6652676764590605]",False
random_forest__symptoms_diet_labels,5,0,"{""max_features"": ""sqrt"", ""min_samples_leaf"": 5}",0.6666630818207301,"[0.6669794888645139, 0.6642620649371406, 0.6684834096831326]",False
random_forest__symptoms_diet_labels,5,1,"{""max_features"": ""sqrt"", ""min_samples_leaf"": 20}",0.6643280645212684,"[0.664478000768156, 0.6645927697924445, 0.6639346176412607]",True
random_forest__symptoms_diet_labels,5,2,"{""max_features"": ""sqrt"", ""min_samples_leaf"": 50}",0.6664539374374113,"[0.6678902256844921, 0.6669467546853242, 0.6645145686995725]",False
random_forest__symptoms_diet_labels,5,3,"{""max_features"": ""sqrt"", ""min_samples_leaf"": 100}",0.6707453672162137,"[0.6728078276275028, 0.6705393815851574, 0.668778761747256]",False
random_forest__symptoms_diet_labels,5,4,"{""max_features"": 0.7, ""min_samples_leaf"": 5}",0.6804270890983687,"[0.6916650494864828, 0.671876504823742, 0.6763640654772879]",False
random_forest__symptoms_diet_labels,5,5,"{""max_features"": 0.7, ""min_samples_leaf"": 20}",0.6729030904923112,"[0.6840419284254527, 0.6645743248982164, 0.6687447896431141]",False
random_forest__symptoms_diet_labels,5,6,"{""max_features"": 0.7, ""min_samples_leaf"": 50}",0.6704149337081523,"[0.6847486988272717, 0.6642911959917814, 0.660949614587829]",False
random_forest__symptoms_diet_labels,5,7,"{""max_features"": 0.7, ""min_samples_leaf"": 100}",0.6693036095795944,"[0.6808784306726504, 0.6658952780744328, 0.6602838911003923]",False
hist_gradient_boosting__basic,1,0,"{""l2_regularization"": 1.0, ""max_leaf_nodes"": 3}",0.6768522793051439,"[0.6900307905404549, 0.6565778468578495, 0.6829662839698543]",False
hist_gradient_boosting__basic,1,1,"{""l2_regularization"": 1.0, ""max_leaf_nodes"": 7}",0.6952457969988707,"[0.7065588932492632, 0.6596631431083296, 0.7186154807311257]",False
hist_gradient_boosting__basic,1,2,"{""l2_regularization"": 1.0, ""max_leaf_nodes"": 15}",0.7369490534976557,"[0.7600997347971464, 0.6954297486993424, 0.7535742515475274]",False
hist_gradient_boosting__basic,1,3,"{""l2_regularization"": 10.0, ""max_leaf_nodes"": 3}",0.67632451794712,"[0.690366428128031, 0.6569609316477754, 0.680606961274066]",False
hist_gradient_boosting__basic,1,4,"{""l2_regularization"": 10.0, ""max_leaf_nodes"": 7}",0.6881288360671035,"[0.7030105832673399, 0.6606690412108652, 0.6995837598128068]",False
hist_gradient_boosting__basic,1,5,"{""l2_regularization"": 10.0, ""max_leaf_nodes"": 15}",0.7162926058666056,"[0.7265097180007518, 0.6796944022313347, 0.7418470204001055]",False
hist_gradient_boosting__basic,1,6,"{""l2_regularization"": 100.0, ""max_leaf_nodes"": 3}",0.6733619726607476,"[0.684272825054538, 0.6591161254240867, 0.6758919686775273]",True
hist_gradient_boosting__basic,1,7,"{""l2_regularization"": 100.0, ""max_leaf_nodes"": 7}",0.6793610226687469,"[0.6910124028101218, 0.6615579781959571, 0.6846449374601024]",False
hist_gradient_boosting__basic,1,8,"{""l2_regularization"": 100.0, ""max_leaf_nodes"": 15}",0.690840422688784,"[0.7011429118368985, 0.6689551162699847, 0.7016367050167179]",False
hist_gradient_boosting__basic,2,0,"{""l2_regularization"": 1.0, ""max_leaf_nodes"": 3}",0.6748961253295933,"[0.6818937842558828, 0.676451154572705, 0.667166932114293]",False
hist_gradient_boosting__basic,2,1,"{""l2_regularization"": 1.0, ""max_leaf_nodes"": 7}",0.7005475228550033,"[0.7148944326604937, 0.6968047237197279, 0.6905340606903225]",False
hist_gradient_boosting__basic,2,2,"{""l2_regularization"": 1.0, ""max_leaf_nodes"": 15}",0.7306871842783037,"[0.740043802741476, 0.7408620664942095, 0.7135389572926303]",False
hist_gradient_boosting__basic,2,3,"{""l2_regularization"": 10.0, ""max_leaf_nodes"": 3}",0.6737071541779716,"[0.6810852427807946, 0.675131796555274, 0.6657386480264433]",False
hist_gradient_boosting__basic,2,4,"{""l2_regularization"": 10.0, ""max_leaf_nodes"": 7}",0.69342746890277,"[0.7079459246442609, 0.6928719449690881, 0.6805741306062221]",False
hist_gradient_boosting__basic,2,5,"{""l2_regularization"": 10.0, ""max_leaf_nodes"": 15}",0.7216292781526071,"[0.7351617685247396, 0.7225113576647247, 0.7084706579525463]",False
hist_gradient_boosting__basic,2,6,"{""l2_regularization"": 100.0, ""max_leaf_nodes"": 3}",0.6710006891112488,"[0.6834078599573765, 0.6712049208969586, 0.6594450562360413]",True
hist_gradient_boosting__basic,2,7,"{""l2_regularization"": 100.0, ""max_leaf_nodes"": 7}",0.6816228614205994,"[0.6951437738649224, 0.6835897951012925, 0.6675618271652349]",False
hist_gradient_boosting__basic,2,8,"{""l2_regularization"": 100.0, ""max_leaf_nodes"": 15}",0.6959543486259288,"[0.7105710718236266, 0.6979815681184404, 0.6808371553377726]",False
hist_gradient_boosting__basic,3,0,"{""l2_regularization"": 1.0, ""max_leaf_nodes"": 3}",0.6709904399601662,"[0.6756182209055852, 0.6817932815910358, 0.6536866574241915]",False
hist_gradient_boosting__basic,3,1,"{""l2_regularization"": 1.0, ""max_leaf_nodes"": 7}",0.6850385944605493,"[0.6898945054388008, 0.689895307642404, 0.6740052925948876]",False
hist_gradient_boosting__basic,3,2,"{""l2_regularization"": 1.0, ""max_leaf_nodes"": 15}",0.7318960395755382,"[0.7535964446295403, 0.7278848298856245, 0.710864348399386]",False
hist_gradient_boosting__basic,3,3,"{""l2_regularization"": 10.0, ""max_leaf_nodes"": 3}",0.6701710653911218,"[0.6751435329594989, 0.6786733891380489, 0.6549926513806466]",False
hist_gradient_boosting__basic,3,4,"{""l2_regularization"": 10.0, ""max_leaf_nodes"": 7}",0.6866797342796171,"[0.7006773935384459, 0.6898585742752992, 0.666773273589224]",False
hist_gradient_boosting__basic,3,5,"{""l2_regularization"": 10.0, ""max_leaf_nodes"": 15}",0.7189710486828446,"[0.7417842202974888, 0.7188522106817875, 0.6923549408434863]",False
hist_gradient_boosting__basic,3,6,"{""l2_regularization"": 100.0, ""max_leaf_nodes"": 3}",0.665705531856034,"[0.6702286170194139, 0.6731801778292241, 0.6521839483320366]",True
hist_gradient_boosting__basic,3,7,"{""l2_regularization"": 100.0, ""max_leaf_nodes"": 7}",0.677205872337565,"[0.687143849934236, 0.6816552527863071, 0.6606620939192969]",False
hist_gradient_boosting__basic,3,8,"{""l2_regularization"": 100.0, ""max_leaf_nodes"": 15}",0.6940289787208446,"[0.7104987109533654, 0.6966143099828485, 0.6718767740658009]",False
hist_gradient_boosting__basic,4,0,"{""l2_regularization"": 1.0, ""max_leaf_nodes"": 3}",0.6714403861539229,"[0.6734608383663153, 0.6633155397705562, 0.6772320300869134]",False
hist_gradient_boosting__basic,4,1,"{""l2_regularization"": 1.0, ""max_leaf_nodes"": 7}",0.6904467185059059,"[0.6877890439360546, 0.6826912884223426, 0.7004675370167651]",False
hist_gradient_boosting__basic,4,2,"{""l2_regularization"": 1.0, ""max_leaf_nodes"": 15}",0.7318891674248336,"[0.7325886376739539, 0.7018140666389602, 0.7599685238945496]",False
hist_gradient_boosting__basic,4,3,"{""l2_regularization"": 10.0, ""max_leaf_nodes"": 3}",0.6702253572487655,"[0.6738937893350505, 0.6625471279294936, 0.6739755555983101]",False
hist_gradient_boosting__basic,4,4,"{""l2_regularization"": 10.0, ""max_leaf_nodes"": 7}",0.6844846967754283,"[0.6793412706317361, 0.6742166244082023, 0.6993436008912998]",False
hist_gradient_boosting__basic,4,5,"{""l2_regularization"": 10.0, ""max_leaf_nodes"": 15}",0.7105538395266533,"[0.7054163880601573, 0.6881229737113684, 0.7370396703419834]",False
hist_gradient_boosting__basic,4,6,"{""l2_regularization"": 100.0, ""max_leaf_nodes"": 3}",0.6695427062188799,"[0.6732614105332355, 0.6639363711731163, 0.6712620520528068]",True
hist_gradient_boosting__basic,4,7,"{""l2_regularization"": 100.0, ""max_leaf_nodes"": 7}",0.6752192543769951,"[0.6796318418579734, 0.6655125816951196, 0.6801805604515689]",False
hist_gradient_boosting__basic,4,8,"{""l2_regularization"": 100.0, ""max_leaf_nodes"": 15}",0.6827314140523071,"[0.6869801953555784, 0.6730558330732843, 0.6878234408240126]",False
hist_gradient_boosting__basic,5,0,"{""l2_regularization"": 1.0, ""max_leaf_nodes"": 3}",0.6717827883937756,"[0.6875406956694783, 0.6683643229975256, 0.6584093120069554]",False
hist_gradient_boosting__basic,5,1,"{""l2_regularization"": 1.0, ""max_leaf_nodes"": 7}",0.6907160346579482,"[0.7204587748190572, 0.6781831883690428, 0.6709195604244219]",False
hist_gradient_boosting__basic,5,2,"{""l2_regularization"": 1.0, ""max_leaf_nodes"": 15}",0.7382224243907021,"[0.7761661917871482, 0.713525057309849, 0.7207669687293239]",False
hist_gradient_boosting__basic,5,3,"{""l2_regularization"": 10.0, ""max_leaf_nodes"": 3}",0.6714935969409145,"[0.6891644696335835, 0.6632326749561079, 0.6604618190883385]",False
hist_gradient_boosting__basic,5,4,"{""l2_regularization"": 10.0, ""max_leaf_nodes"": 7}",0.6833575507204283,"[0.7091873961858599, 0.6742875328732932, 0.6645408279591742]",False
hist_gradient_boosting__basic,5,5,"{""l2_regularization"": 10.0, ""max_leaf_nodes"": 15}",0.709805385639576,"[0.7448609055830936, 0.6853279613607033, 0.6951653066980003]",False
hist_gradient_boosting__basic,5,6,"{""l2_regularization"": 100.0, ""max_leaf_nodes"": 3}",0.6710255459664837,"[0.6891489789436126, 0.6612077538617053, 0.6609160813319118]",True
hist_gradient_boosting__basic,5,7,"{""l2_regularization"": 100.0, ""max_leaf_nodes"": 7}",0.6743544983803639,"[0.7015801075935086, 0.6634025166516203, 0.6557675071391111]",False
hist_gradient_boosting__basic,5,8,"{""l2_regularization"": 100.0, ""max_leaf_nodes"": 15}",0.6880104662049777,"[0.7197510111362243, 0.6689360556455194, 0.6719889124422628]",False
hist_gradient_boosting__context,1,0,"{""l2_regularization"": 1.0, ""max_leaf_nodes"": 3}",0.6588546701263348,"[0.6549320527405158, 0.6555166858759691, 0.6663781792889315]",False
hist_gradient_boosting__context,1,1,"{""l2_regularization"": 1.0, ""max_leaf_nodes"": 7}",0.6667460531798765,"[0.6614520668419108, 0.6651519012468882, 0.6739981317706859]",False
hist_gradient_boosting__context,1,2,"{""l2_regularization"": 1.0, ""max_leaf_nodes"": 15}",0.700786638735843,"[0.6888123788908654, 0.7028949978809762, 0.7114936226552598]",False
hist_gradient_boosting__context,1,3,"{""l2_regularization"": 10.0, ""max_leaf_nodes"": 3}",0.6582020942565865,"[0.656661604407535, 0.6513681100440215, 0.666662514843186]",True
hist_gradient_boosting__context,1,4,"{""l2_regularization"": 10.0, ""max_leaf_nodes"": 7}",0.6652176072226286,"[0.6645956128033406, 0.6558228974614375, 0.6752482264650636]",False
hist_gradient_boosting__context,1,5,"{""l2_regularization"": 10.0, ""max_leaf_nodes"": 15}",0.6842518015573406,"[0.6823107877720817, 0.667080263853731, 0.7034458268038924]",False
hist_gradient_boosting__context,1,6,"{""l2_regularization"": 100.0, ""max_leaf_nodes"": 3}",0.6596720780184432,"[0.6595700227246204, 0.6520469516115307, 0.6673824842373105]",False
hist_gradient_boosting__context,1,7,"{""l2_regularization"": 100.0, ""max_leaf_nodes"": 7}",0.6616260051567759,"[0.667961600673705, 0.6464601405908413, 0.6699672398169]",False
hist_gradient_boosting__context,1,8,"{""l2_regularization"": 100.0, ""max_leaf_nodes"": 15}",0.6714541725730692,"[0.6735982322259529, 0.6570140992168021, 0.6835555309750377]",False
hist_gradient_boosting__context,2,0,"{""l2_regularization"": 1.0, ""max_leaf_nodes"": 3}",0.6725901737035794,"[0.6960467444362329, 0.6626055004897076, 0.6594717720556111]",False
hist_gradient_boosting__context,2,1,"{""l2_regularization"": 1.0, ""max_leaf_nodes"": 7}",0.6835038029233089,"[0.7084444064084751, 0.6703521518711327, 0.6716891788798119]",False
hist_gradient_boosting__context,2,2,"{""l2_regularization"": 1.0, ""max_leaf_nodes"": 15}",0.7186624749354755,"[0.7544849331649791, 0.6928274650950289, 0.707538193836964]",False
hist_gradient_boosting__context,2,3,"{""l2_regularization"": 10.0, ""max_leaf_nodes"": 3}",0.6691406605089828,"[0.6908865087055046, 0.6612073003978557, 0.6558654400035104]",False
hist_gradient_boosting__context,2,4,"{""l2_regularization"": 10.0, ""max_leaf_nodes"": 7}",0.6765314433982541,"[0.7057861020690662, 0.6633584848093673, 0.6607765483022726]",False
hist_gradient_boosting__context,2,5,"{""l2_regularization"": 10.0, ""max_leaf_nodes"": 15}",0.7028010108261447,"[0.7429973428173788, 0.6915575846999211, 0.6753830459133512]",False
hist_gradient_boosting__context,2,6,"{""l2_regularization"": 100.0, ""max_leaf_nodes"": 3}",0.6661433685932665,"[0.6856601616055882, 0.6598649066273706, 0.6535205379261757]",True
hist_gradient_boosting__context,2,7,"{""l2_regularization"": 100.0, ""max_leaf_nodes"": 7}",0.6706940729248306,"[0.6946971981652438, 0.6667539779607743, 0.6519869510654466]",False
hist_gradient_boosting__context,2,8,"{""l2_regularization"": 100.0, ""max_leaf_nodes"": 15}",0.6808856964459833,"[0.7067733886707117, 0.6801617639640789, 0.6577426663238701]",False
hist_gradient_boosting__context,3,0,"{""l2_regularization"": 1.0, ""max_leaf_nodes"": 3}",0.6639227115277319,"[0.6581541413863568, 0.6662577984408053, 0.6681184397131461]",False
hist_gradient_boosting__context,3,1,"{""l2_regularization"": 1.0, ""max_leaf_nodes"": 7}",0.675406027469782,"[0.6788506193273307, 0.6726901649015163, 0.6743536679505243]",False
hist_gradient_boosting__context,3,2,"{""l2_regularization"": 1.0, ""max_leaf_nodes"": 15}",0.7045231987105646,"[0.7152556958842168, 0.6890433146430957, 0.708960727861189]",False
hist_gradient_boosting__context,3,3,"{""l2_regularization"": 10.0, ""max_leaf_nodes"": 3}",0.6621871555037913,"[0.659472688768921, 0.6670118218644877, 0.6600648037917954]",False
hist_gradient_boosting__context,3,4,"{""l2_regularization"": 10.0, ""max_leaf_nodes"": 7}",0.6714662817573648,"[0.672003433162951, 0.6695882603210831, 0.672901451907366]",False
hist_gradient_boosting__context,3,5,"{""l2_regularization"": 10.0, ""max_leaf_nodes"": 15}",0.6980181762940828,"[0.7040651638781446, 0.6900929158076856, 0.699642587418235]",False
hist_gradient_boosting__context,3,6,"{""l2_regularization"": 100.0, ""max_leaf_nodes"": 3}",0.6601595837320906,"[0.660428953505744, 0.6645446130832143, 0.6550222962000158]",True
hist_gradient_boosting__context,3,7,"{""l2_regularization"": 100.0, ""max_leaf_nodes"": 7}",0.6686610204972327,"[0.6689565197563543, 0.6759901183416408, 0.6602560065143249]",False
hist_gradient_boosting__context,3,8,"{""l2_regularization"": 100.0, ""max_leaf_nodes"": 15}",0.6768630990111831,"[0.6783004194652769, 0.6869599145807203, 0.6640761946720193]",False
hist_gradient_boosting__context,4,0,"{""l2_regularization"": 1.0, ""max_leaf_nodes"": 3}",0.6722030995582604,"[0.666537792247278, 0.6635886373364658, 0.6859916648496873]",False
hist_gradient_boosting__context,4,1,"{""l2_regularization"": 1.0, ""max_leaf_nodes"": 7}",0.7006593418951795,"[0.6852778468102406, 0.6985417128174537, 0.7177517465291691]",False
hist_gradient_boosting__context,4,2,"{""l2_regularization"": 1.0, ""max_leaf_nodes"": 15}",0.7298240170031636,"[0.7218194599060237, 0.7067052027738958, 0.7597763117883305]",False
hist_gradient_boosting__context,4,3,"{""l2_regularization"": 10.0, ""max_leaf_nodes"": 3}",0.668416434456151,"[0.665051926408489, 0.6600282569113235, 0.6797348112397075]",False
hist_gradient_boosting__context,4,4,"{""l2_regularization"": 10.0, ""max_leaf_nodes"": 7}",0.6915219273631146,"[0.681876020409468, 0.6874993608604701, 0.7048179217088527]",False
hist_gradient_boosting__context,4,5,"{""l2_regularization"": 10.0, ""max_leaf_nodes"": 15}",0.7058407012049221,"[0.7113208374975307, 0.6790880312337931, 0.7260594713631041]",False
hist_gradient_boosting__context,4,6,"{""l2_regularization"": 100.0, ""max_leaf_nodes"": 3}",0.6668136849080869,"[0.670037142019642, 0.6589255185936743, 0.6712005503509209]",True
hist_gradient_boosting__context,4,7,"{""l2_regularization"": 100.0, ""max_leaf_nodes"": 7}",0.6765241837224687,"[0.6792279935488035, 0.6664829271994883, 0.6834793390999526]",False
hist_gradient_boosting__context,4,8,"{""l2_regularization"": 100.0, ""max_leaf_nodes"": 15}",0.684275973915593,"[0.6858492372981254, 0.6671490305988498, 0.6991154802999577]",False
hist_gradient_boosting__context,5,0,"{""l2_regularization"": 1.0, ""max_leaf_nodes"": 3}",0.6711416240709139,"[0.679865126018071, 0.6643350411105736, 0.6681391921640942]",False
hist_gradient_boosting__context,5,1,"{""l2_regularization"": 1.0, ""max_leaf_nodes"": 7}",0.6856126387568856,"[0.702270621377052, 0.6736812320637573, 0.6789245308151122]",False
hist_gradient_boosting__context,5,2,"{""l2_regularization"": 1.0, ""max_leaf_nodes"": 15}",0.7162428667064992,"[0.7445172680794634, 0.7138153775808633, 0.6889275512656425]",False
hist_gradient_boosting__context,5,3,"{""l2_regularization"": 10.0, ""max_leaf_nodes"": 3}",0.6675979000333777,"[0.6772556542459013, 0.6602430710511887, 0.6641120755861829]",False
hist_gradient_boosting__context,5,4,"{""l2_regularization"": 10.0, ""max_leaf_nodes"": 7}",0.6804701066309436,"[0.703373118951745, 0.6671886363289395, 0.668477725400097]",False
hist_gradient_boosting__context,5,5,"{""l2_regularization"": 10.0, ""max_leaf_nodes"": 15}",0.7004573846064729,"[0.7300718607389908, 0.6789252795318836, 0.6888543479547113]",False
hist_gradient_boosting__context,5,6,"{""l2_regularization"": 100.0, ""max_leaf_nodes"": 3}",0.666978791385696,"[0.6786943207263992, 0.6577061113268595, 0.6630643806712951]",True
hist_gradient_boosting__context,5,7,"{""l2_regularization"": 100.0, ""max_leaf_nodes"": 7}",0.6732139108784395,"[0.6895743405598215, 0.6588974196085152, 0.6689722038494269]",False
hist_gradient_boosting__context,5,8,"{""l2_regularization"": 100.0, ""max_leaf_nodes"": 15}",0.6784457781605944,"[0.6972014151149607, 0.6697115885110422, 0.6667064782595669]",False
hist_gradient_boosting__context_diet,1,0,"{""l2_regularization"": 1.0, ""max_leaf_nodes"": 3}",0.670539139797518,"[0.6710918956178451, 0.6676037794020074, 0.6728740274222004]",False
hist_gradient_boosting__context_diet,1,1,"{""l2_regularization"": 1.0, ""max_leaf_nodes"": 7}",0.6921492435413366,"[0.704932908932283, 0.6859985253652598, 0.6846061424520006]",False
hist_gradient_boosting__context_diet,1,2,"{""l2_regularization"": 1.0, ""max_leaf_nodes"": 15}",0.7194878565122277,"[0.7299011099003183, 0.712739549113605, 0.7150760769926575]",False
hist_gradient_boosting__context_diet,1,3,"{""l2_regularization"": 10.0, ""max_leaf_nodes"": 3}",0.6704284131885537,"[0.6711471024634843, 0.6675022124424055, 0.672576672611506]",False
hist_gradient_boosting__context_diet,1,4,"{""l2_regularization"": 10.0, ""max_leaf_nodes"": 7}",0.6904031165341693,"[0.6988278645369388, 0.6798493669741282, 0.6919119406709417]",False
hist_gradient_boosting__context_diet,1,5,"{""l2_regularization"": 10.0, ""max_leaf_nodes"": 15}",0.7228117623875345,"[0.7463633746020903, 0.7039765384244863, 0.7163950717293238]",False
hist_gradient_boosting__context_diet,1,6,"{""l2_regularization"": 100.0, ""max_leaf_nodes"": 3}",0.66900997916951,"[0.6666223535490434, 0.6703749201570521, 0.670203331877443]",True
hist_gradient_boosting__context_diet,1,7,"{""l2_regularization"": 100.0, ""max_leaf_nodes"": 7}",0.6827720943607413,"[0.6844033115637331, 0.6831067945661452, 0.6806935470379424]",False
hist_gradient_boosting__context_diet,1,8,"{""l2_regularization"": 100.0, ""max_leaf_nodes"": 15}",0.6902297656855557,"[0.700228369767964, 0.6876372664065832, 0.6821187431137585]",False
hist_gradient_boosting__context_diet,2,0,"{""l2_regularization"": 1.0, ""max_leaf_nodes"": 3}",0.6767132974892336,"[0.6949406451194032, 0.6645036863940528, 0.6702653350265418]",False
hist_gradient_boosting__context_diet,2,1,"{""l2_regularization"": 1.0, ""max_leaf_nodes"": 7}",0.6890743540859429,"[0.7090888169340138, 0.6721958243000881, 0.6849161531917762]",False
hist_gradient_boosting__context_diet,2,2,"{""l2_regularization"": 1.0, ""max_leaf_nodes"": 15}",0.698622269358956,"[0.7246064675571396, 0.6934193182902457, 0.6791603335624067]",False
hist_gradient_boosting__context_diet,2,3,"{""l2_regularization"": 10.0, ""max_leaf_nodes"": 3}",0.6773253564901538,"[0.7007149386289646, 0.6641271004943352, 0.6669730392336072]",False
hist_gradient_boosting__context_diet,2,4,"{""l2_regularization"": 10.0, ""max_leaf_nodes"": 7}",0.6882385136008842,"[0.7244476559778199, 0.6612237467336051, 0.6777523538494193]",False
hist_gradient_boosting__context_diet,2,5,"{""l2_regularization"": 10.0, ""max_leaf_nodes"": 15}",0.7110950686345943,"[0.7458541730940255, 0.7024397932981119, 0.686487589243056]",False
hist_gradient_boosting__context_diet,2,6,"{""l2_regularization"": 100.0, ""max_leaf_nodes"": 3}",0.6757549700595855,"[0.6996933632209132, 0.6605838245469878, 0.6665595381757905]",True
hist_gradient_boosting__context_diet,2,7,"{""l2_regularization"": 100.0, ""max_leaf_nodes"": 7}",0.6822884496272736,"[0.710542767069226, 0.6654014433699825, 0.6705772047585099]",False
hist_gradient_boosting__context_diet,2,8,"{""l2_regularization"": 100.0, ""max_leaf_nodes"": 15}",0.6910260685593348,"[0.7287570061796976, 0.6698434450907816, 0.6742351818503962]",False
hist_gradient_boosting__context_diet,3,0,"{""l2_regularization"": 1.0, ""max_leaf_nodes"": 3}",0.6812719415739571,"[0.6714169469109041, 0.6981020478799491, 0.6743209951459741]",False
hist_gradient_boosting__context_diet,3,1,"{""l2_regularization"": 1.0, ""max_leaf_nodes"": 7}",0.7008831776725755,"[0.6890541024839983, 0.7246605013276302, 0.6886080224744082]",False
hist_gradient_boosting__context_diet,3,2,"{""l2_regularization"": 1.0, ""max_leaf_nodes"": 15}",0.7299515022798864,"[0.7119397246436573, 0.7406205127062714, 0.7393380963746032]",False
hist_gradient_boosting__context_diet,3,3,"{""l2_regularization"": 10.0, ""max_leaf_nodes"": 3}",0.6773636186609946,"[0.6664780635855637, 0.696109531597246, 0.6695144420725005]",False
hist_gradient_boosting__context_diet,3,4,"{""l2_regularization"": 10.0, ""max_leaf_nodes"": 7}",0.7012911978412463,"[0.6841860389852407, 0.7246220574821415, 0.6956927650953393]",False
hist_gradient_boosting__context_diet,3,5,"{""l2_regularization"": 10.0, ""max_leaf_nodes"": 15}",0.7219058874416302,"[0.7052935611259434, 0.7500507692627579, 0.7104364829548361]",False
hist_gradient_boosting__context_diet,3,6,"{""l2_regularization"": 100.0, ""max_leaf_nodes"": 3}",0.6733525445230336,"[0.668980179333584, 0.6866559952642903, 0.6638512798553038]",True
hist_gradient_boosting__context_diet,3,7,"{""l2_regularization"": 100.0, ""max_leaf_nodes"": 7}",0.6871215540571594,"[0.6804156380919859, 0.7024039568414667, 0.6781802897765971]",False
hist_gradient_boosting__context_diet,3,8,"{""l2_regularization"": 100.0, ""max_leaf_nodes"": 15}",0.6940834493326298,"[0.6780438293326232, 0.7185087629959307, 0.6860323652777031]",False
hist_gradient_boosting__context_diet,4,0,"{""l2_regularization"": 1.0, ""max_leaf_nodes"": 3}",0.6852780713549981,"[0.6826053018724649, 0.6655008549894523, 0.7068115928932232]",False
hist_gradient_boosting__context_diet,4,1,"{""l2_regularization"": 1.0, ""max_leaf_nodes"": 7}",0.7060643210103377,"[0.7068892158393232, 0.6865297232279337, 0.7239396340935815]",False
hist_gradient_boosting__context_diet,4,2,"{""l2_regularization"": 1.0, ""max_leaf_nodes"": 15}",0.7323479024419026,"[0.7490536345736593, 0.6860036749473972, 0.760308381374281]",False
hist_gradient_boosting__context_diet,4,3,"{""l2_regularization"": 10.0, ""max_leaf_nodes"": 3}",0.6820719369384967,"[0.6864986797300449, 0.6604340233326684, 0.6984306940810497]",False
hist_gradient_boosting__context_diet,4,4,"{""l2_regularization"": 10.0, ""max_leaf_nodes"": 7}",0.7041484860119674,"[0.7074696439980418, 0.6838226145699793, 0.7203353590339946]",False
hist_gradient_boosting__context_diet,4,5,"{""l2_regularization"": 10.0, ""max_leaf_nodes"": 15}",0.7313363323259056,"[0.7500541617973903, 0.6934821795797046, 0.7492057413084395]",False
hist_gradient_boosting__context_diet,4,6,"{""l2_regularization"": 100.0, ""max_leaf_nodes"": 3}",0.6767554069729651,"[0.6886520007522988, 0.6602703214726499, 0.6808687325871317]",True
hist_gradient_boosting__context_diet,4,7,"{""l2_regularization"": 100.0, ""max_leaf_nodes"": 7}",0.6920507784278068,"[0.6975972360717659, 0.677587979410318, 0.7004502638993987]",False
hist_gradient_boosting__context_diet,4,8,"{""l2_regularization"": 100.0, ""max_leaf_nodes"": 15}",0.7088062122936722,"[0.714234305953661, 0.6912775150206966, 0.7202539386373414]",False
hist_gradient_boosting__context_diet,5,0,"{""l2_regularization"": 1.0, ""max_leaf_nodes"": 3}",0.6764498161904502,"[0.6868482944388568, 0.6649217205886541, 0.6759289819425475]",False
hist_gradient_boosting__context_diet,5,1,"{""l2_regularization"": 1.0, ""max_leaf_nodes"": 7}",0.6953935840366723,"[0.7026045453149786, 0.6751993854705054, 0.7059585250511786]",False
hist_gradient_boosting__context_diet,5,2,"{""l2_regularization"": 1.0, ""max_leaf_nodes"": 15}",0.7314928441558807,"[0.7431084255854368, 0.7019210239187357, 0.7458624188528155]",False
hist_gradient_boosting__context_diet,5,3,"{""l2_regularization"": 10.0, ""max_leaf_nodes"": 3}",0.6741014251384624,"[0.6833207502107294, 0.6623307822440105, 0.675027635732153]",False
hist_gradient_boosting__context_diet,5,4,"{""l2_regularization"": 10.0, ""max_leaf_nodes"": 7}",0.6887081676908204,"[0.6935818720363911, 0.6736090533327974, 0.6971476823127885]",False
hist_gradient_boosting__context_diet,5,5,"{""l2_regularization"": 10.0, ""max_leaf_nodes"": 15}",0.7199116669315034,"[0.7359892192438143, 0.7015183030483443, 0.7196162060645066]",False
hist_gradient_boosting__context_diet,5,6,"{""l2_regularization"": 100.0, ""max_leaf_nodes"": 3}",0.6700288218439296,"[0.6770137638635895, 0.6630287356211088, 0.6690129558543542]",True
hist_gradient_boosting__context_diet,5,7,"{""l2_regularization"": 100.0, ""max_leaf_nodes"": 7}",0.6806575196240682,"[0.6866959338831485, 0.6700886812870315, 0.6838249987661548]",False
hist_gradient_boosting__context_diet,5,8,"{""l2_regularization"": 100.0, ""max_leaf_nodes"": 15}",0.6923495886286013,"[0.7062754010749577, 0.6768254441483444, 0.6917286788028967]",False
hist_gradient_boosting__context_diet_labels,1,0,"{""l2_regularization"": 1.0, ""max_leaf_nodes"": 3}",0.6692024839041673,"[0.6720252122079076, 0.668210746281201, 0.6671716722846396]",True
hist_gradient_boosting__context_diet_labels,1,1,"{""l2_regularization"": 1.0, ""max_leaf_nodes"": 7}",0.6888012284566918,"[0.688821270983986, 0.6924031101646263, 0.6851891912815208]",False
hist_gradient_boosting__context_diet_labels,1,2,"{""l2_regularization"": 1.0, ""max_leaf_nodes"": 15}",0.7156829748952941,"[0.7249694608391518, 0.7044962160831038, 0.716901033333525]",False
hist_gradient_boosting__context_diet_labels,1,3,"{""l2_regularization"": 10.0, ""max_leaf_nodes"": 3}",0.6698441792366392,"[0.6741431986166511, 0.668855075487363, 0.666231569169804]",False
hist_gradient_boosting__context_diet_labels,1,4,"{""l2_regularization"": 10.0, ""max_leaf_nodes"": 7}",0.6922592065905985,"[0.6988133338694265, 0.6935920940179093, 0.6839196146984325]",False
hist_gradient_boosting__context_diet_labels,1,5,"{""l2_regularization"": 10.0, ""max_leaf_nodes"": 15}",0.7135255781118731,"[0.7374817744950669, 0.7038545672952659, 0.6975406041639226]",False
hist_gradient_boosting__context_diet_labels,1,6,"{""l2_regularization"": 100.0, ""max_leaf_nodes"": 3}",0.6706921183566018,"[0.6715102478634595, 0.6715755979763866, 0.6689362620503779]",False
hist_gradient_boosting__context_diet_labels,1,7,"{""l2_regularization"": 100.0, ""max_leaf_nodes"": 7}",0.6843250245892492,"[0.6921835733192854, 0.6868941444017559, 0.6733577474049045]",False
hist_gradient_boosting__context_diet_labels,1,8,"{""l2_regularization"": 100.0, ""max_leaf_nodes"": 15}",0.693054635671612,"[0.708688623163, 0.6879712661880542, 0.6813985704686985]",False
hist_gradient_boosting__context_diet_labels,2,0,"{""l2_regularization"": 1.0, ""max_leaf_nodes"": 3}",0.6803303898337365,"[0.6986234966420072, 0.6710709388032934, 0.671339173296911]",False
hist_gradient_boosting__context_diet_labels,2,1,"{""l2_regularization"": 1.0, ""max_leaf_nodes"": 7}",0.6919489734394384,"[0.7099523718976424, 0.677901885098603, 0.6872529483477394]",False
hist_gradient_boosting__context_diet_labels,2,2,"{""l2_regularization"": 1.0, ""max_leaf_nodes"": 15}",0.7147411637192562,"[0.7364478116916269, 0.7148125556226376, 0.6947649358369651]",False
hist_gradient_boosting__context_diet_labels,2,3,"{""l2_regularization"": 10.0, ""max_leaf_nodes"": 3}",0.6777015940170292,"[0.6978187011918178, 0.6691946813575983, 0.6664034797632741]",False
hist_gradient_boosting__context_diet_labels,2,4,"{""l2_regularization"": 10.0, ""max_leaf_nodes"": 7}",0.6926002976166276,"[0.7284759580709802, 0.672492664465171, 0.6766069174553186]",False
hist_gradient_boosting__context_diet_labels,2,5,"{""l2_regularization"": 10.0, ""max_leaf_nodes"": 15}",0.722674453617392,"[0.758918588863045, 0.7010653727711085, 0.7076066440251262]",False
hist_gradient_boosting__context_diet_labels,2,6,"{""l2_regularization"": 100.0, ""max_leaf_nodes"": 3}",0.676248956905916,"[0.6982637723755536, 0.6605756908699675, 0.6692410291512617]",True
hist_gradient_boosting__context_diet_labels,2,7,"{""l2_regularization"": 100.0, ""max_leaf_nodes"": 7}",0.6851807040351772,"[0.7143004574479571, 0.6647088546863791, 0.675692492201821]",False
hist_gradient_boosting__context_diet_labels,2,8,"{""l2_regularization"": 100.0, ""max_leaf_nodes"": 15}",0.695783278970517,"[0.7245014777817588, 0.6710009949646513, 0.6902912548549703]",False
hist_gradient_boosting__context_diet_labels,3,0,"{""l2_regularization"": 1.0, ""max_leaf_nodes"": 3}",0.6878844090842681,"[0.6829158024895408, 0.705766687810525, 0.6740476352225336]",False
hist_gradient_boosting__context_diet_labels,3,1,"{""l2_regularization"": 1.0, ""max_leaf_nodes"": 7}",0.7093729741416712,"[0.7073490691181648, 0.7323772303419825, 0.6864519855033568]",False
hist_gradient_boosting__context_diet_labels,3,2,"{""l2_regularization"": 1.0, ""max_leaf_nodes"": 15}",0.7364544123384157,"[0.7285944217974125, 0.7532963729598435, 0.7271514354374923]",False
hist_gradient_boosting__context_diet_labels,3,3,"{""l2_regularization"": 10.0, ""max_leaf_nodes"": 3}",0.6813648624616879,"[0.6724236267610646, 0.6994097319271415, 0.6720069320376884]",False
hist_gradient_boosting__context_diet_labels,3,4,"{""l2_regularization"": 10.0, ""max_leaf_nodes"": 7}",0.7037956268694227,"[0.6890173775584496, 0.7334435444899191, 0.6885232684426742]",False
hist_gradient_boosting__context_diet_labels,3,5,"{""l2_regularization"": 10.0, ""max_leaf_nodes"": 15}",0.7132752822629148,"[0.7027027324648698, 0.7361279221639679, 0.7005436605228158]",False
hist_gradient_boosting__context_diet_labels,3,6,"{""l2_regularization"": 100.0, ""max_leaf_nodes"": 3}",0.673827863165299,"[0.6702299534101404, 0.6879103790172536, 0.6625620007536535]",True
hist_gradient_boosting__context_diet_labels,3,7,"{""l2_regularization"": 100.0, ""max_leaf_nodes"": 7}",0.6870177470088275,"[0.6798259412574112, 0.7050382638880305, 0.6756355144269197]",False
hist_gradient_boosting__context_diet_labels,3,8,"{""l2_regularization"": 100.0, ""max_leaf_nodes"": 15}",0.698021379723674,"[0.6856076129871809, 0.721747987454364, 0.6864874962445274]",False
hist_gradient_boosting__context_diet_labels,4,0,"{""l2_regularization"": 1.0, ""max_leaf_nodes"": 3}",0.6824521774420095,"[0.6805964158937167, 0.6597451173917537, 0.7059875637578343]",False
hist_gradient_boosting__context_diet_labels,4,1,"{""l2_regularization"": 1.0, ""max_leaf_nodes"": 7}",0.7051497468895458,"[0.7064555267799577, 0.6774004204328923, 0.7304107635673958]",False
hist_gradient_boosting__context_diet_labels,4,2,"{""l2_regularization"": 1.0, ""max_leaf_nodes"": 15}",0.7330043367928505,"[0.7443534268669337, 0.6977329332350768, 0.755621646229466]",False
hist_gradient_boosting__context_diet_labels,4,3,"{""l2_regularization"": 10.0, ""max_leaf_nodes"": 3}",0.6800344839603653,"[0.6851534696055712, 0.65773582370308, 0.6963471031098118]",False
hist_gradient_boosting__context_diet_labels,4,4,"{""l2_regularization"": 10.0, ""max_leaf_nodes"": 7}",0.702772465107394,"[0.7033374026856832, 0.6826535453100748, 0.7214612803955335]",False
hist_gradient_boosting__context_diet_labels,4,5,"{""l2_regularization"": 10.0, ""max_leaf_nodes"": 15}",0.7295966982669613,"[0.7373749728548796, 0.6965212495873987, 0.7536115634055209]",False
hist_gradient_boosting__context_diet_labels,4,6,"{""l2_regularization"": 100.0, ""max_leaf_nodes"": 3}",0.6765936409748549,"[0.6882883101193472, 0.6614067300576341, 0.6796631588870775]",True
hist_gradient_boosting__context_diet_labels,4,7,"{""l2_regularization"": 100.0, ""max_leaf_nodes"": 7}",0.6934083011580512,"[0.7022888746343335, 0.6779493868130628, 0.6994945372649676]",False
hist_gradient_boosting__context_diet_labels,4,8,"{""l2_regularization"": 100.0, ""max_leaf_nodes"": 15}",0.7087488399278639,"[0.7204196232789302, 0.6844385406690604, 0.7205675766699275]",False
hist_gradient_boosting__context_diet_labels,5,0,"{""l2_regularization"": 1.0, ""max_leaf_nodes"": 3}",0.6775293115828325,"[0.6878200584171745, 0.6711476297876492, 0.6725117521648261]",False
hist_gradient_boosting__context_diet_labels,5,1,"{""l2_regularization"": 1.0, ""max_leaf_nodes"": 7}",0.6964425174960736,"[0.6998346422876448, 0.6810124374232346, 0.7067236854341545]",False
hist_gradient_boosting__context_diet_labels,5,2,"{""l2_regularization"": 1.0, ""max_leaf_nodes"": 15}",0.7305412584751275,"[0.7313465533302458, 0.7146547838450675, 0.7439291558488731]",False
hist_gradient_boosting__context_diet_labels,5,3,"{""l2_regularization"": 10.0, ""max_leaf_nodes"": 3}",0.6761174541256437,"[0.6861343900490912, 0.6689494371145476, 0.6720897066376652]",False
hist_gradient_boosting__context_diet_labels,5,4,"{""l2_regularization"": 10.0, ""max_leaf_nodes"": 7}",0.6959752949822122,"[0.701537357782975, 0.6782429931712571, 0.7060551333221051]",False
hist_gradient_boosting__context_diet_labels,5,5,"{""l2_regularization"": 10.0, ""max_leaf_nodes"": 15}",0.717620145956706,"[0.7303131340291136, 0.7086438224247034, 0.7124208605649911]",False
hist_gradient_boosting__context_diet_labels,5,6,"{""l2_regularization"": 100.0, ""max_leaf_nodes"": 3}",0.6708795168506638,"[0.6793811923519586, 0.6660563482439523, 0.6663321137333632]",True
hist_gradient_boosting__context_diet_labels,5,7,"{""l2_regularization"": 100.0, ""max_leaf_nodes"": 7}",0.6790315091410392,"[0.6869885618335589, 0.6741053629934235, 0.6751443571563746]",False
hist_gradient_boosting__context_diet_labels,5,8,"{""l2_regularization"": 100.0, ""max_leaf_nodes"": 15}",0.6902236056405673,"[0.695859649891187, 0.6876754372306202, 0.6866274987464493]",False
hist_gradient_boosting__symptoms,1,0,"{""l2_regularization"": 1.0, ""max_leaf_nodes"": 3}",0.6523184364347806,"[0.6479920692131371, 0.6483925592402742, 0.6608598837121765]",False
hist_gradient_boosting__symptoms,1,1,"{""l2_regularization"": 1.0, ""max_leaf_nodes"": 7}",0.668503156900441,"[0.6486251846096536, 0.6703871966403074, 0.6878882744258511]",False
hist_gradient_boosting__symptoms,1,2,"{""l2_regularization"": 1.0, ""max_leaf_nodes"": 15}",0.6946273330309346,"[0.6725901785018255, 0.6816234282387464, 0.7311634090359954]",False
hist_gradient_boosting__symptoms,1,3,"{""l2_regularization"": 10.0, ""max_leaf_nodes"": 3}",0.6507873340507496,"[0.6457071628427384, 0.6454806992108402, 0.6615115494866327]",True
hist_gradient_boosting__symptoms,1,4,"{""l2_regularization"": 10.0, ""max_leaf_nodes"": 7}",0.659389692853147,"[0.6494196499913443, 0.6555510142454378, 0.6738811943780574]",False
hist_gradient_boosting__symptoms,1,5,"{""l2_regularization"": 10.0, ""max_leaf_nodes"": 15}",0.6767131573511882,"[0.6642247010226949, 0.6668299776990309, 0.6999241440191099]",False
hist_gradient_boosting__symptoms,1,6,"{""l2_regularization"": 100.0, ""max_leaf_nodes"": 3}",0.6532772807677985,"[0.6506606768965862, 0.6457916430965484, 0.6635384210394656]",False
hist_gradient_boosting__symptoms,1,7,"{""l2_regularization"": 100.0, ""max_leaf_nodes"": 7}",0.6588543425830488,"[0.6580206488805054, 0.6455332990303655, 0.6730254478440569]",False
hist_gradient_boosting__symptoms,1,8,"{""l2_regularization"": 100.0, ""max_leaf_nodes"": 15}",0.6686654253062052,"[0.6650453433909409, 0.6577734015992803, 0.6833956900081339]",False
hist_gradient_boosting__symptoms,2,0,"{""l2_regularization"": 1.0, ""max_leaf_nodes"": 3}",0.6636556974877542,"[0.688785977518701, 0.6473776668999217, 0.6542982719445188]",False
hist_gradient_boosting__symptoms,2,1,"{""l2_regularization"": 1.0, ""max_leaf_nodes"": 7}",0.6806702623516526,"[0.7206397799140789, 0.6560530470709128, 0.6647160757673446]",False
hist_gradient_boosting__symptoms,2,2,"{""l2_regularization"": 1.0, ""max_leaf_nodes"": 15}",0.7151349701287525,"[0.7734074921723081, 0.6710347105761223, 0.698784885105469]",False
hist_gradient_boosting__symptoms,2,3,"{""l2_regularization"": 10.0, ""max_leaf_nodes"": 3}",0.6606426008313369,"[0.6831891293913955, 0.645635219645136, 0.6525863958977963]",False
hist_gradient_boosting__symptoms,2,4,"{""l2_regularization"": 10.0, ""max_leaf_nodes"": 7}",0.6686272826363895,"[0.7066421421709771, 0.6402439373707475, 0.6576361784557105]",False
hist_gradient_boosting__symptoms,2,5,"{""l2_regularization"": 10.0, ""max_leaf_nodes"": 15}",0.6988229136494036,"[0.7508635933581307, 0.6627914506920145, 0.68139975276651]",False
hist_gradient_boosting__symptoms,2,6,"{""l2_regularization"": 100.0, ""max_leaf_nodes"": 3}",0.6583285916213594,"[0.6786859504279337, 0.6470027304868604, 0.6491825318482726]",True
hist_gradient_boosting__symptoms,2,7,"{""l2_regularization"": 100.0, ""max_leaf_nodes"": 7}",0.6639306359457571,"[0.6891374920967028, 0.6488329312539327, 0.6535095627260538]",False
hist_gradient_boosting__symptoms,2,8,"{""l2_regularization"": 100.0, ""max_leaf_nodes"": 15}",0.6738460962717934,"[0.7008735571655459, 0.6602783279106863, 0.6604669657652202]",False
hist_gradient_boosting__symptoms,3,0,"{""l2_regularization"": 1.0, ""max_leaf_nodes"": 3}",0.6565667376648892,"[0.6505921897605471, 0.6650912274028852, 0.6541985257979096]",False
hist_gradient_boosting__symptoms,3,1,"{""l2_regularization"": 1.0, ""max_leaf_nodes"": 7}",0.6710244325187215,"[0.6655150016402993, 0.6765582534198943, 0.6713992350017801]",False
hist_gradient_boosting__symptoms,3,2,"{""l2_regularization"": 1.0, ""max_leaf_nodes"": 15}",0.7086309901890969,"[0.7046792788045065, 0.7081654196506502, 0.7137759912804893]",False
hist_gradient_boosting__symptoms,3,3,"{""l2_regularization"": 10.0, ""max_leaf_nodes"": 3}",0.6529836706974945,"[0.6488291283657704, 0.6593147736261262, 0.6508933300543842]",False
hist_gradient_boosting__symptoms,3,4,"{""l2_regularization"": 10.0, ""max_leaf_nodes"": 7}",0.6667523841993468,"[0.6588144409548317, 0.6734688358622377, 0.6686741016975437]",False
hist_gradient_boosting__symptoms,3,5,"{""l2_regularization"": 10.0, ""max_leaf_nodes"": 15}",0.6920408654851657,"[0.6786547829719074, 0.703296636476182, 0.6953590098253293]",False
hist_gradient_boosting__symptoms,3,6,"{""l2_regularization"": 100.0, ""max_leaf_nodes"": 3}",0.6518290642906298,"[0.6508773216878584, 0.6586706002165842, 0.6454224390336133]",True
hist_gradient_boosting__symptoms,3,7,"{""l2_regularization"": 100.0, ""max_leaf_nodes"": 7}",0.6585660559714533,"[0.6555256712002901, 0.6644794355564434, 0.6556287464809146]",False
hist_gradient_boosting__symptoms,3,8,"{""l2_regularization"": 100.0, ""max_leaf_nodes"": 15}",0.6722762860200812,"[0.6685172597538782, 0.681542493536411, 0.6664949962831405]",False
hist_gradient_boosting__symptoms,4,0,"{""l2_regularization"": 1.0, ""max_leaf_nodes"": 3}",0.6614190349819028,"[0.6520689603733213, 0.6618847530741404, 0.6701325445793748]",False
hist_gradient_boosting__symptoms,4,1,"{""l2_regularization"": 1.0, ""max_leaf_nodes"": 7}",0.6839573819260931,"[0.6643437455997294, 0.6915129421183286, 0.6959437473816998]",False
hist_gradient_boosting__symptoms,4,2,"{""l2_regularization"": 1.0, ""max_leaf_nodes"": 15}",0.7195692768966697,"[0.7005171487912464, 0.7279851877701772, 0.7301827534601681]",False
hist_gradient_boosting__symptoms,4,3,"{""l2_regularization"": 10.0, ""max_leaf_nodes"": 3}",0.6614056085223071,"[0.6502152413722583, 0.6656523166512108, 0.6683055629675347]",False
hist_gradient_boosting__symptoms,4,4,"{""l2_regularization"": 10.0, ""max_leaf_nodes"": 7}",0.6821851870515828,"[0.664192463888238, 0.6931198556068442, 0.6893519172648538]",False
hist_gradient_boosting__symptoms,4,5,"{""l2_regularization"": 10.0, ""max_leaf_nodes"": 15}",0.7052955614333398,"[0.6973598766111222, 0.7069082363983302, 0.7115266189859368]",False
hist_gradient_boosting__symptoms,4,6,"{""l2_regularization"": 100.0, ""max_leaf_nodes"": 3}",0.6610229308964595,"[0.6578766714966903, 0.6682075656799119, 0.6572333198359859]",True
hist_gradient_boosting__symptoms,4,7,"{""l2_regularization"": 100.0, ""max_leaf_nodes"": 7}",0.6712043299478138,"[0.6658632062936076, 0.6788944318788039, 0.6690812734844594]",False
hist_gradient_boosting__symptoms,4,8,"{""l2_regularization"": 100.0, ""max_leaf_nodes"": 15}",0.6786724258464419,"[0.6720303641217011, 0.6808947595507681, 0.6830532137004042]",False
hist_gradient_boosting__symptoms,5,0,"{""l2_regularization"": 1.0, ""max_leaf_nodes"": 3}",0.6653865176178269,"[0.6689495747215188, 0.664255298413813, 0.6626834662606009]",False
hist_gradient_boosting__symptoms,5,1,"{""l2_regularization"": 1.0, ""max_leaf_nodes"": 7}",0.6801056644414457,"[0.6868471878116568, 0.678237109552958, 0.6747479196282994]",False
hist_gradient_boosting__symptoms,5,2,"{""l2_regularization"": 1.0, ""max_leaf_nodes"": 15}",0.7238338960167152,"[0.7235457218178727, 0.7224971624454481, 0.725331620659514]",False
hist_gradient_boosting__symptoms,5,3,"{""l2_regularization"": 10.0, ""max_leaf_nodes"": 3}",0.662408387188,"[0.6690611311727679, 0.6585196166741393, 0.6589525250903631]",True
hist_gradient_boosting__symptoms,5,4,"{""l2_regularization"": 10.0, ""max_leaf_nodes"": 7}",0.6746911223780412,"[0.6865887846376477, 0.6700335262055052, 0.6664535213663678]",False
hist_gradient_boosting__symptoms,5,5,"{""l2_regularization"": 10.0, ""max_leaf_nodes"": 15}",0.6957360975044243,"[0.7057797660280768, 0.6956720965249032, 0.6853181704754129]",False
hist_gradient_boosting__symptoms,5,6,"{""l2_regularization"": 100.0, ""max_leaf_nodes"": 3}",0.6627042747185716,"[0.6742397212538648, 0.6539679887407082, 0.6584972948620189]",False
hist_gradient_boosting__symptoms,5,7,"{""l2_regularization"": 100.0, ""max_leaf_nodes"": 7}",0.6668452811436868,"[0.6821883317745843, 0.6557934351007794, 0.6607408806529889]",False
hist_gradient_boosting__symptoms,5,8,"{""l2_regularization"": 100.0, ""max_leaf_nodes"": 15}",0.6741778694714379,"[0.6907399766931018, 0.666546714008691, 0.6637384871230848]",False
hist_gradient_boosting__symptoms_diet,1,0,"{""l2_regularization"": 1.0, ""max_leaf_nodes"": 3}",0.6617168476446218,"[0.6573864730577074, 0.6560366717964909, 0.6720113844248399]",False
hist_gradient_boosting__symptoms_diet,1,1,"{""l2_regularization"": 1.0, ""max_leaf_nodes"": 7}",0.675853414994005,"[0.6806006715505547, 0.6664716628341197, 0.6801276867032167]",False
hist_gradient_boosting__symptoms_diet,1,2,"{""l2_regularization"": 1.0, ""max_leaf_nodes"": 15}",0.707780748629991,"[0.7098501398791812, 0.6905735397197122, 0.7227204458254326]",False
hist_gradient_boosting__symptoms_diet,1,3,"{""l2_regularization"": 10.0, ""max_leaf_nodes"": 3}",0.6628141627027464,"[0.658876959778047, 0.6594145426069606, 0.6704147166162392]",False
hist_gradient_boosting__symptoms_diet,1,4,"{""l2_regularization"": 10.0, ""max_leaf_nodes"": 7}",0.6791457578573944,"[0.6856260780577789, 0.6713299705596729, 0.6800051307847967]",False
hist_gradient_boosting__symptoms_diet,1,5,"{""l2_regularization"": 10.0, ""max_leaf_nodes"": 15}",0.7050836235530615,"[0.7138852987922777, 0.6927954391441975, 0.7079182539341295]",False
hist_gradient_boosting__symptoms_diet,1,6,"{""l2_regularization"": 100.0, ""max_leaf_nodes"": 3}",0.6597899737539314,"[0.6540877946056654, 0.6608983713912401, 0.6647846086955748]",True
hist_gradient_boosting__symptoms_diet,1,7,"{""l2_regularization"": 100.0, ""max_leaf_nodes"": 7}",0.6724016194752316,"[0.672488569299373, 0.6728091335030374, 0.6719023727888884]",False
hist_gradient_boosting__symptoms_diet,1,8,"{""l2_regularization"": 100.0, ""max_leaf_nodes"": 15}",0.6806053392947915,"[0.692921662605031, 0.6700868445989577, 0.677916242395587]",False
hist_gradient_boosting__symptoms_diet,2,0,"{""l2_regularization"": 1.0, ""max_leaf_nodes"": 3}",0.6678471019693265,"[0.6900371573762283, 0.649635175137705, 0.6628149815715286]",False
hist_gradient_boosting__symptoms_diet,2,1,"{""l2_regularization"": 1.0, ""max_leaf_nodes"": 7}",0.6831650586940224,"[0.7235366909149548, 0.6464919148043197, 0.6769884592840358]",False
hist_gradient_boosting__symptoms_diet,2,2,"{""l2_regularization"": 1.0, ""max_leaf_nodes"": 15}",0.7123093185930021,"[0.7626698606240787, 0.6796941634147349, 0.6935524675016219]",False
hist_gradient_boosting__symptoms_diet,2,3,"{""l2_regularization"": 10.0, ""max_leaf_nodes"": 3}",0.6673572080834912,"[0.6897940040860475, 0.650008458728319, 0.6613722308390524]",False
hist_gradient_boosting__symptoms_diet,2,4,"{""l2_regularization"": 10.0, ""max_leaf_nodes"": 7}",0.6809402736094384,"[0.7238610377239066, 0.6490428508078765, 0.6684054600681723]",False
hist_gradient_boosting__symptoms_diet,2,5,"{""l2_regularization"": 10.0, ""max_leaf_nodes"": 15}",0.7082027690985202,"[0.7558519776766284, 0.6781433159030844, 0.6897826684929868]",False
hist_gradient_boosting__symptoms_diet,2,6,"{""l2_regularization"": 100.0, ""max_leaf_nodes"": 3}",0.6670175965427203,"[0.6905786094490151, 0.6489648394211643, 0.6605936434055275]",True
hist_gradient_boosting__symptoms_diet,2,7,"{""l2_regularization"": 100.0, ""max_leaf_nodes"": 7}",0.6768264299684282,"[0.7099538213255243, 0.6537456715112873, 0.6658568710366556]",False
hist_gradient_boosting__symptoms_diet,2,8,"{""l2_regularization"": 100.0, ""max_leaf_nodes"": 15}",0.6829139412353417,"[0.7145807988001955, 0.6528691789459903, 0.6791454995112615]",False
hist_gradient_boosting__symptoms_diet,3,0,"{""l2_regularization"": 1.0, ""max_leaf_nodes"": 3}",0.669357318631563,"[0.6580509115985935, 0.6904230666304233, 0.659450831980149]",False
hist_gradient_boosting__symptoms_diet,3,1,"{""l2_regularization"": 1.0, ""max_leaf_nodes"": 7}",0.6850354568193773,"[0.6670897488760108, 0.7183175020252228, 0.6694808795850807]",False
hist_gradient_boosting__symptoms_diet,3,2,"{""l2_regularization"": 1.0, ""max_leaf_nodes"": 15}",0.7082019085267703,"[0.692706946362786, 0.7285374597075016, 0.70400906944769]",False
hist_gradient_boosting__symptoms_diet,3,3,"{""l2_regularization"": 10.0, ""max_leaf_nodes"": 3}",0.6659123717870503,"[0.6575529647503466, 0.6834318674533002, 0.6564499540823676]",False
hist_gradient_boosting__symptoms_diet,3,4,"{""l2_regularization"": 10.0, ""max_leaf_nodes"": 7}",0.6845113851630981,"[0.6709434743632795, 0.7037244296575237, 0.6792934491636253]",False
hist_gradient_boosting__symptoms_diet,3,5,"{""l2_regularization"": 10.0, ""max_leaf_nodes"": 15}",0.7026105285633394,"[0.6808632811790112, 0.7407439782534146, 0.6861787134225326]",False
hist_gradient_boosting__symptoms_diet,3,6,"{""l2_regularization"": 100.0, ""max_leaf_nodes"": 3}",0.6625845396891518,"[0.6584908788289275, 0.6763154990451202, 0.6522864560624279]",True
hist_gradient_boosting__symptoms_diet,3,7,"{""l2_regularization"": 100.0, ""max_leaf_nodes"": 7}",0.677673421802063,"[0.6639433196766811, 0.692295216540196, 0.6776938599656823]",False
hist_gradient_boosting__symptoms_diet,3,8,"{""l2_regularization"": 100.0, ""max_leaf_nodes"": 15}",0.6911209166364187,"[0.6713555588407094, 0.711975740546648, 0.6913638479118948]",False
hist_gradient_boosting__symptoms_diet,4,0,"{""l2_regularization"": 1.0, ""max_leaf_nodes"": 3}",0.6754572027493709,"[0.665384132405858, 0.6697166706190051, 0.6908147304665021]",False
hist_gradient_boosting__symptoms_diet,4,1,"{""l2_regularization"": 1.0, ""max_leaf_nodes"": 7}",0.7009438259703733,"[0.6989049454208055, 0.6893150048503249, 0.7140631018192153]",False
hist_gradient_boosting__symptoms_diet,4,2,"{""l2_regularization"": 1.0, ""max_leaf_nodes"": 15}",0.724696934524729,"[0.726566722882866, 0.7137779655905241, 0.733308526280889]",False
hist_gradient_boosting__symptoms_diet,4,3,"{""l2_regularization"": 10.0, ""max_leaf_nodes"": 3}",0.6752657912217018,"[0.6728010767567687, 0.6682819141459381, 0.6843596629795844]",False
hist_gradient_boosting__symptoms_diet,4,4,"{""l2_regularization"": 10.0, ""max_leaf_nodes"": 7}",0.6985581302238422,"[0.6973052637558129, 0.6936552325731689, 0.7044746302658521]",False
hist_gradient_boosting__symptoms_diet,4,5,"{""l2_regularization"": 10.0, ""max_leaf_nodes"": 15}",0.7198626311034076,"[0.7283323779382224, 0.7128824177373955, 0.7182420681165699]",False
hist_gradient_boosting__symptoms_diet,4,6,"{""l2_regularization"": 100.0, ""max_leaf_nodes"": 3}",0.6714734304086403,"[0.6754505190725111, 0.6703737820065384, 0.668629373800804]",True
hist_gradient_boosting__symptoms_diet,4,7,"{""l2_regularization"": 100.0, ""max_leaf_nodes"": 7}",0.6877640285491375,"[0.6872761658904419, 0.6928883793926399, 0.6833408693220676]",False
hist_gradient_boosting__symptoms_diet,4,8,"{""l2_regularization"": 100.0, ""max_leaf_nodes"": 15}",0.7033632143641932,"[0.7051583657228624, 0.7031046928317098, 0.7018520168824752]",False
hist_gradient_boosting__symptoms_diet,5,0,"{""l2_regularization"": 1.0, ""max_leaf_nodes"": 3}",0.6725310069357796,"[0.6829746049433305, 0.6597852505153664, 0.6730536411277214]",False
hist_gradient_boosting__symptoms_diet,5,1,"{""l2_regularization"": 1.0, ""max_leaf_nodes"": 7}",0.6859553251829691,"[0.692799914126758, 0.6609871235406484, 0.7011779394104154]",False
hist_gradient_boosting__symptoms_diet,5,2,"{""l2_regularization"": 1.0, ""max_leaf_nodes"": 15}",0.7304268444732027,"[0.7310756286364654, 0.7147927787778706, 0.7437519224532609]",False
hist_gradient_boosting__symptoms_diet,5,3,"{""l2_regularization"": 10.0, ""max_leaf_nodes"": 3}",0.6675111530029151,"[0.6774558435306941, 0.6571057335784698, 0.6664581462345639]",False
hist_gradient_boosting__symptoms_diet,5,4,"{""l2_regularization"": 10.0, ""max_leaf_nodes"": 7}",0.6810622821825857,"[0.6884589553234292, 0.6606924682536995, 0.6915908109529055]",False
hist_gradient_boosting__symptoms_diet,5,5,"{""l2_regularization"": 10.0, ""max_leaf_nodes"": 15}",0.7040175904795418,"[0.7143995800620682, 0.6913343442300989, 0.7045484968213596]",False
hist_gradient_boosting__symptoms_diet,5,6,"{""l2_regularization"": 100.0, ""max_leaf_nodes"": 3}",0.664361605909198,"[0.6719331921085056, 0.6579175274945869, 0.6622359315788011]",True
hist_gradient_boosting__symptoms_diet,5,7,"{""l2_regularization"": 100.0, ""max_leaf_nodes"": 7}",0.6717422154762748,"[0.6768500487371467, 0.6572882103644672, 0.679359786117513]",False
hist_gradient_boosting__symptoms_diet,5,8,"{""l2_regularization"": 100.0, ""max_leaf_nodes"": 15}",0.6828449829471005,"[0.6870121763860392, 0.6763923643186461, 0.6842776369567449]",False
hist_gradient_boosting__symptoms_diet_labels,1,0,"{""l2_regularization"": 1.0, ""max_leaf_nodes"": 3}",0.6648958829509899,"[0.662856107302089, 0.6600934835250606, 0.6718651639039896]",False
hist_gradient_boosting__symptoms_diet_labels,1,1,"{""l2_regularization"": 1.0, ""max_leaf_nodes"": 7}",0.6768551451941567,"[0.6751478102570414, 0.6711320968288821, 0.6843865826344476]",False
hist_gradient_boosting__symptoms_diet_labels,1,2,"{""l2_regularization"": 1.0, ""max_leaf_nodes"": 15}",0.7159727243974574,"[0.7106513343719925, 0.6937131861082726, 0.743854763198168]",False
hist_gradient_boosting__symptoms_diet_labels,1,3,"{""l2_regularization"": 10.0, ""max_leaf_nodes"": 3}",0.6639109782130951,"[0.6619368458190046, 0.6616142832844846, 0.668312186535578]",False
hist_gradient_boosting__symptoms_diet_labels,1,4,"{""l2_regularization"": 10.0, ""max_leaf_nodes"": 7}",0.675567552326294,"[0.6817790513467439, 0.6706391428540432, 0.6738361480237736]",False
hist_gradient_boosting__symptoms_diet_labels,1,5,"{""l2_regularization"": 10.0, ""max_leaf_nodes"": 15}",0.6995040827975695,"[0.7275983378559386, 0.6858398119468786, 0.6830734217338633]",False
hist_gradient_boosting__symptoms_diet_labels,1,6,"{""l2_regularization"": 100.0, ""max_leaf_nodes"": 3}",0.6619718314755563,"[0.6589698626904378, 0.6622128090140476, 0.6649427828646194]",True
hist_gradient_boosting__symptoms_diet_labels,1,7,"{""l2_regularization"": 100.0, ""max_leaf_nodes"": 7}",0.6730407669460803,"[0.6739806650701541, 0.671300642337939, 0.6737700411686627]",False
hist_gradient_boosting__symptoms_diet_labels,1,8,"{""l2_regularization"": 100.0, ""max_leaf_nodes"": 15}",0.6777747887233465,"[0.686415907497902, 0.677244372700369, 0.6690602304568695]",False
hist_gradient_boosting__symptoms_diet_labels,2,0,"{""l2_regularization"": 1.0, ""max_leaf_nodes"": 3}",0.6700526241650404,"[0.6905210249310116, 0.6557959746424735, 0.6632712974066782]",False
hist_gradient_boosting__symptoms_diet_labels,2,1,"{""l2_regularization"": 1.0, ""max_leaf_nodes"": 7}",0.6987585977272224,"[0.7371602529006371, 0.6637850573987768, 0.6929590554091082]",False
hist_gradient_boosting__symptoms_diet_labels,2,2,"{""l2_regularization"": 1.0, ""max_leaf_nodes"": 15}",0.7213238305100308,"[0.7555449232866526, 0.6896909352374673, 0.7165484508587602]",False
hist_gradient_boosting__symptoms_diet_labels,2,3,"{""l2_regularization"": 10.0, ""max_leaf_nodes"": 3}",0.6692793582698899,"[0.6892748375160894, 0.65652334789908, 0.6616689727150442]",True
hist_gradient_boosting__symptoms_diet_labels,2,4,"{""l2_regularization"": 10.0, ""max_leaf_nodes"": 7}",0.6836679807341206,"[0.7222874257604126, 0.649272630310827, 0.6771819960310431]",False
hist_gradient_boosting__symptoms_diet_labels,2,5,"{""l2_regularization"": 10.0, ""max_leaf_nodes"": 15}",0.71440669643569,"[0.7492665986746249, 0.6803919792531754, 0.7110497938050824]",False
hist_gradient_boosting__symptoms_diet_labels,2,6,"{""l2_regularization"": 100.0, ""max_leaf_nodes"": 3}",0.6701033084669069,"[0.6903918889747175, 0.6531101922898512, 0.6657900393243136]",False
hist_gradient_boosting__symptoms_diet_labels,2,7,"{""l2_regularization"": 100.0, ""max_leaf_nodes"": 7}",0.6802564553871806,"[0.710120277573936, 0.6512173787736479, 0.6772959159638856]",False
hist_gradient_boosting__symptoms_diet_labels,2,8,"{""l2_regularization"": 100.0, ""max_leaf_nodes"": 15}",0.6887283634194724,"[0.7181151695172551, 0.6579708322378712, 0.687651781599116]",False
hist_gradient_boosting__symptoms_diet_labels,3,0,"{""l2_regularization"": 1.0, ""max_leaf_nodes"": 3}",0.6738176760620614,"[0.6642923650992482, 0.6957712840523216, 0.660846755975853]",False
hist_gradient_boosting__symptoms_diet_labels,3,1,"{""l2_regularization"": 1.0, ""max_leaf_nodes"": 7}",0.6895955060504383,"[0.6709704029859427, 0.7184985940691468, 0.6796522645277948]",False
hist_gradient_boosting__symptoms_diet_labels,3,2,"{""l2_regularization"": 1.0, ""max_leaf_nodes"": 15}",0.719991316687688,"[0.7025667703810288, 0.7558435115122917, 0.7009997590506754]",False
hist_gradient_boosting__symptoms_diet_labels,3,3,"{""l2_regularization"": 10.0, ""max_leaf_nodes"": 3}",0.670422018190921,"[0.6616786709961986, 0.6877053367288292, 0.6616694260477294]",False
hist_gradient_boosting__symptoms_diet_labels,3,4,"{""l2_regularization"": 10.0, ""max_leaf_nodes"": 7}",0.6874848083566384,"[0.6761044437975765, 0.7119416527159365, 0.6739364194117132]",False
hist_gradient_boosting__symptoms_diet_labels,3,5,"{""l2_regularization"": 10.0, ""max_leaf_nodes"": 15}",0.7132589176400393,"[0.6931291900381891, 0.7431056751095362, 0.7040421454053845]",False
hist_gradient_boosting__symptoms_diet_labels,3,6,"{""l2_regularization"": 100.0, ""max_leaf_nodes"": 3}",0.6646499103950078,"[0.6619556260426558, 0.6792925171678067, 0.6517087765910451]",True
hist_gradient_boosting__symptoms_diet_labels,3,7,"{""l2_regularization"": 100.0, ""max_leaf_nodes"": 7}",0.6806377112357497,"[0.6731139202857644, 0.6943874573814898, 0.6743405474137134]",False
hist_gradient_boosting__symptoms_diet_labels,3,8,"{""l2_regularization"": 100.0, ""max_leaf_nodes"": 15}",0.6897848568580531,"[0.6795298208628151, 0.7119878162633054, 0.6773953166023194]",False
hist_gradient_boosting__symptoms_diet_labels,4,0,"{""l2_regularization"": 1.0, ""max_leaf_nodes"": 3}",0.6730098076277051,"[0.6653681148007575, 0.6635046154132856, 0.6895862705852444]",False
hist_gradient_boosting__symptoms_diet_labels,4,1,"{""l2_regularization"": 1.0, ""max_leaf_nodes"": 7}",0.6982625952555496,"[0.6802712400424498, 0.6923102831063634, 0.7215790875607305]",False
hist_gradient_boosting__symptoms_diet_labels,4,2,"{""l2_regularization"": 1.0, ""max_leaf_nodes"": 15}",0.7290817537329934,"[0.7417423879255953, 0.7122071711725839, 0.7328191821014614]",False
hist_gradient_boosting__symptoms_diet_labels,4,3,"{""l2_regularization"": 10.0, ""max_leaf_nodes"": 3}",0.674571706235991,"[0.6728832358241957, 0.665588046136144, 0.6848178416253352]",False
hist_gradient_boosting__symptoms_diet_labels,4,4,"{""l2_regularization"": 10.0, ""max_leaf_nodes"": 7}",0.6910530259684601,"[0.6863274725537085, 0.6821380265280163, 0.7042084893339816]",False
hist_gradient_boosting__symptoms_diet_labels,4,5,"{""l2_regularization"": 10.0, ""max_leaf_nodes"": 15}",0.7176805785909558,"[0.7295273658772016, 0.7045776677815302, 0.7186079017836942]",False
hist_gradient_boosting__symptoms_diet_labels,4,6,"{""l2_regularization"": 100.0, ""max_leaf_nodes"": 3}",0.6710974294448574,"[0.6754852763070994, 0.6682649733251951, 0.6695083093742796]",True
hist_gradient_boosting__symptoms_diet_labels,4,7,"{""l2_regularization"": 100.0, ""max_leaf_nodes"": 7}",0.6878631101196053,"[0.6876553468952813, 0.6910548921724777, 0.6850139313153618]",False
hist_gradient_boosting__symptoms_diet_labels,4,8,"{""l2_regularization"": 100.0, ""max_leaf_nodes"": 15}",0.7057043514447332,"[0.7012549652550043, 0.7029708222102867, 0.7126771909763472]",False
hist_gradient_boosting__symptoms_diet_labels,5,0,"{""l2_regularization"": 1.0, ""max_leaf_nodes"": 3}",0.6725502046041019,"[0.6830480284965256, 0.6652974414439274, 0.6680968033049302]",False
hist_gradient_boosting__symptoms_diet_labels,5,1,"{""l2_regularization"": 1.0, ""max_leaf_nodes"": 7}",0.6923315063457968,"[0.702312409633422, 0.6776183422992975, 0.6950987113509847]",False
hist_gradient_boosting__symptoms_diet_labels,5,2,"{""l2_regularization"": 1.0, ""max_leaf_nodes"": 15}",0.7251976731718565,"[0.725460480951258, 0.7082513026146099, 0.7401006023967318]",False
hist_gradient_boosting__symptoms_diet_labels,5,3,"{""l2_regularization"": 10.0, ""max_leaf_nodes"": 3}",0.6687397186342755,"[0.6768697908787379, 0.663283809492149, 0.665146563807395]",False
hist_gradient_boosting__symptoms_diet_labels,5,4,"{""l2_regularization"": 10.0, ""max_leaf_nodes"": 7}",0.6837500698959129,"[0.6874942777836406, 0.6728144486227927, 0.6896388254203922]",False
hist_gradient_boosting__symptoms_diet_labels,5,5,"{""l2_regularization"": 10.0, ""max_leaf_nodes"": 15}",0.7043852337485611,"[0.706966274509198, 0.6991584417864796, 0.7063743572817245]",False
hist_gradient_boosting__symptoms_diet_labels,5,6,"{""l2_regularization"": 100.0, ""max_leaf_nodes"": 3}",0.6665930268499872,"[0.6745377289319104, 0.6629841199986743, 0.6615390475196034]",True
hist_gradient_boosting__symptoms_diet_labels,5,7,"{""l2_regularization"": 100.0, ""max_leaf_nodes"": 7}",0.6748415887585615,"[0.6809809108454039, 0.6703454094862801, 0.6724652006202024]",False
hist_gradient_boosting__symptoms_diet_labels,5,8,"{""l2_regularization"": 100.0, ""max_leaf_nodes"": 15}",0.6838684523257013,"[0.6834631114943391, 0.6852780807507425, 0.6830287590799322]",False
spline_logistic__context_diet__winsor99,1,0,"{""C"": 0.0001}",0.6813618724056977,"[0.6813789743148763, 0.6805741205262982, 0.6821288627220666]",False
spline_logistic__context_diet__winsor99,1,1,"{""C"": 0.001}",0.6674245552506628,"[0.6674842299611388, 0.6683073105181817, 0.6664807320369556]",False
spline_logistic__context_diet__winsor99,1,2,"{""C"": 0.01}",0.6652036796755224,"[0.6662470080809552, 0.6645737230705014, 0.6647156255093524]",True
spline_logistic__context_diet__winsor99,1,3,"{""C"": 0.1}",0.6812114360128275,"[0.6774301362911586, 0.6767928558792388, 0.6896609898185208]",False
spline_logistic__context_diet__winsor99,1,4,"{""C"": 1.0}",0.6946191946020726,"[0.6845365204306565, 0.6906463148974514, 0.7093649573159083]",False
spline_logistic__context_diet__winsor99,1,5,"{""C"": 10.0}",0.6986361392222564,"[0.6876264839215833, 0.6953307597260603, 0.7137080746728487]",False
spline_logistic__context_diet__winsor99,2,0,"{""C"": 0.0001}",0.684473088378125,"[0.6857966206195799, 0.6792913077248873, 0.6876198294213899]",False
spline_logistic__context_diet__winsor99,2,1,"{""C"": 0.001}",0.6740587846726261,"[0.6856551029589021, 0.6633152158903716, 0.6724610280289339]",True
spline_logistic__context_diet__winsor99,2,2,"{""C"": 0.01}",0.6747972465425399,"[0.7010807883264414, 0.6569066456561674, 0.6657388621341159]",False
spline_logistic__context_diet__winsor99,2,3,"{""C"": 0.1}",0.6951975999326266,"[0.720362434875145, 0.6758088546888107, 0.6884265151807917]",False
spline_logistic__context_diet__winsor99,2,4,"{""C"": 1.0}",0.7097330694327704,"[0.729326738142309, 0.6902991850969769, 0.7081115950440454]",False
spline_logistic__context_diet__winsor99,2,5,"{""C"": 10.0}",0.714447056235576,"[0.7316846203033602, 0.6955446499773458, 0.7145400361431893]",False
spline_logistic__context_diet__winsor99,3,0,"{""C"": 0.0001}",0.682128898606467,"[0.6798117009010529, 0.6880198496503989, 0.6783683660720516]",False
spline_logistic__context_diet__winsor99,3,1,"{""C"": 0.001}",0.6695327374304423,"[0.6660595755685195, 0.6770973308501579, 0.6652872683013304]",True
spline_logistic__context_diet__winsor99,3,2,"{""C"": 0.01}",0.6740870337085062,"[0.6660681973557311, 0.685858545599453, 0.6705454022343141]",False
spline_logistic__context_diet__winsor99,3,3,"{""C"": 0.1}",0.6955248838324288,"[0.6854622816661518, 0.7070362934779836, 0.6946654083839785]",False
spline_logistic__context_diet__winsor99,3,4,"{""C"": 1.0}",0.7120457473226223,"[0.6972371447157882, 0.728474041733117, 0.7113443478236118]",False
spline_logistic__context_diet__winsor99,3,5,"{""C"": 10.0}",0.7174110295197199,"[0.7007506245291558, 0.7360815095589673, 0.7164153824659127]",False
spline_logistic__context_diet__winsor99,4,0,"{""C"": 0.0001}",0.6838891986083072,"[0.6817899838234392, 0.6817844965572809, 0.6879584857548185]",False
spline_logistic__context_diet__winsor99,4,1,"{""C"": 0.001}",0.6697238642185391,"[0.6689292764961884, 0.6654615204920726, 0.6745788132910686]",True
spline_logistic__context_diet__winsor99,4,2,"{""C"": 0.01}",0.673725971704843,"[0.6770678515154879, 0.668075887737927, 0.6758562811962868]",False
spline_logistic__context_diet__winsor99,4,3,"{""C"": 0.1}",0.7027549442998222,"[0.7098963741723716, 0.6948460246350981, 0.7033237801625186]",False
spline_logistic__context_diet__winsor99,4,4,"{""C"": 1.0}",0.722793538471958,"[0.7282982647916125, 0.7102670625662957, 0.7293819575933626]",False
spline_logistic__context_diet__winsor99,4,5,"{""C"": 10.0}",0.7287562910333055,"[0.7342425173055895, 0.7147214999653716, 0.7368054197985943]",False
spline_logistic__context_diet__winsor99,5,0,"{""C"": 0.0001}",0.6820855819036992,"[0.6850213215927642, 0.6827025769549557, 0.6784711175553859]",False
spline_logistic__context_diet__winsor99,5,1,"{""C"": 0.001}",0.6660410162670751,"[0.6695424824818713, 0.6666168256148489, 0.6618734016548649]",False
spline_logistic__context_diet__winsor99,5,2,"{""C"": 0.01}",0.6647686293300632,"[0.665519679434339, 0.6626481300303275, 0.6658844082468781]",True
spline_logistic__context_diet__winsor99,5,3,"{""C"": 0.1}",0.6870014502500896,"[0.687907817203261, 0.6816467244113397, 0.6908517849868705]",False
spline_logistic__context_diet__winsor99,5,4,"{""C"": 1.0}",0.7055852949919129,"[0.7072927353587938, 0.6977428247128153, 0.710828137553153]",False
spline_logistic__context_diet__winsor99,5,5,"{""C"": 10.0}",0.7120656517030558,"[0.7146191113514745, 0.7041679679522146, 0.716475570195722]",False
spline_logistic__symptoms_diet__winsor99,1,0,"{""C"": 0.0001}",0.6803878786457246,"[0.6803478956361894, 0.6795983399470669, 0.6812177133126263]",False
spline_logistic__symptoms_diet__winsor99,1,1,"{""C"": 0.001}",0.6628042458373765,"[0.6623154968447134, 0.6638033879810671, 0.6623310433472493]",False
spline_logistic__symptoms_diet__winsor99,1,2,"{""C"": 0.01}",0.6573632696883985,"[0.6562224139770811, 0.6573246560585453, 0.658622123542465]",True
spline_logistic__symptoms_diet__winsor99,1,3,"{""C"": 0.1}",0.6757904297509403,"[0.6688511568538776, 0.6741632536737625, 0.6848353745205477]",False
spline_logistic__symptoms_diet__winsor99,1,4,"{""C"": 1.0}",0.6949872226803846,"[0.6802507444035433, 0.6954252765112516, 0.7103139948651913]",False
spline_logistic__symptoms_diet__winsor99,1,5,"{""C"": 10.0}",0.701699138322488,"[0.6845721201258007, 0.7043223926881288, 0.7174046907346224]",False
spline_logistic__symptoms_diet__winsor99,2,0,"{""C"": 0.0001}",0.6835619487344381,"[0.6849847752333262, 0.6782663527756301, 0.6867133754012633]",False
spline_logistic__symptoms_diet__winsor99,2,1,"{""C"": 0.001}",0.66949318190996,"[0.6814762096629301, 0.6579549444912106, 0.6682094245832424]",False
spline_logistic__symptoms_diet__winsor99,2,2,"{""C"": 0.01}",0.6672525462337051,"[0.6929452151296179, 0.6470301224630363, 0.660698808750555]",True
spline_logistic__symptoms_diet__winsor99,2,3,"{""C"": 0.1}",0.6913352468608567,"[0.7150340169605375, 0.6641381986853466, 0.6924809346912821]",False
spline_logistic__symptoms_diet__winsor99,2,4,"{""C"": 1.0}",0.7162445375082609,"[0.7323988845538887, 0.679536052466681, 0.732317368447733]",False
spline_logistic__symptoms_diet__winsor99,2,5,"{""C"": 10.0}",0.7249958787549743,"[0.7381261353371626, 0.6855795475639612, 0.7461223360240318]",False
spline_logistic__symptoms_diet__winsor99,3,0,"{""C"": 0.0001}",0.6811200564131069,"[0.6787881545984799, 0.6870805281734333, 0.677300323259191]",False
spline_logistic__symptoms_diet__winsor99,3,1,"{""C"": 0.001}",0.6645468887455062,"[0.6610292572224437, 0.6725324763427363, 0.6598906613235488]",True
spline_logistic__symptoms_diet__winsor99,3,2,"{""C"": 0.01}",0.6646059794661134,"[0.656019439338463, 0.6769922302107063, 0.6610540153185266]",False
spline_logistic__symptoms_diet__winsor99,3,3,"{""C"": 0.1}",0.6892115387230834,"[0.6739173894308319, 0.7018280734144243, 0.6932705512197517]",False
spline_logistic__symptoms_diet__winsor99,3,4,"{""C"": 1.0}",0.7120248444668001,"[0.692068710753219, 0.7264760948932235, 0.7195323675010105]",False
spline_logistic__symptoms_diet__winsor99,3,5,"{""C"": 10.0}",0.7203847345368035,"[0.699749205866683, 0.7353540306911225, 0.7281191916219187]",False
spline_logistic__symptoms_diet__winsor99,4,0,"{""C"": 0.0001}",0.6829703555707738,"[0.6807331185414656, 0.6811887856378325, 0.6868657923137607]",False
spline_logistic__symptoms_diet__winsor99,4,1,"{""C"": 0.001}",0.6657146335672025,"[0.6638415805842595, 0.6640685058347866, 0.6691237911138453]",True
spline_logistic__symptoms_diet__winsor99,4,2,"{""C"": 0.01}",0.6674382544482524,"[0.6671844981849323, 0.670784172107166, 0.6644867095707636]",False
spline_logistic__symptoms_diet__winsor99,4,3,"{""C"": 0.1}",0.6983905565049091,"[0.7007973245752062, 0.701390614709493, 0.6931636638111021]",False
spline_logistic__symptoms_diet__winsor99,4,4,"{""C"": 1.0}",0.7238399863622605,"[0.7241861428637578, 0.7211987936647867, 0.7260270045335651]",False
spline_logistic__symptoms_diet__winsor99,4,5,"{""C"": 10.0}",0.7328244328568924,"[0.7335643558146347, 0.7279519813400688, 0.7367597622048931]",False
spline_logistic__symptoms_diet__winsor99,5,0,"{""C"": 0.0001}",0.6813716111066366,"[0.684221852440218, 0.6820994381263267, 0.6777470587871582]",False
spline_logistic__symptoms_diet__winsor99,5,1,"{""C"": 0.001}",0.6630666644439087,"[0.6659143092089281, 0.66449075221759, 0.6588212548719022]",False
spline_logistic__symptoms_diet__winsor99,5,2,"{""C"": 0.01}",0.6598453851898264,"[0.6578539716689378, 0.6619601581446023, 0.6600283966741497]",True
spline_logistic__symptoms_diet__winsor99,5,3,"{""C"": 0.1}",0.6829783219397825,"[0.6785628995189613, 0.687949448412414, 0.6831313755026319]",False
spline_logistic__symptoms_diet__winsor99,5,4,"{""C"": 1.0}",0.7089004465583953,"[0.7031179708782437, 0.7178057330125213, 0.7069558944986638]",False
spline_logistic__symptoms_diet__winsor99,5,5,"{""C"": 10.0}",0.7186324023747371,"[0.7125195813175572, 0.72990787499265, 0.7149096714558516]",False
