model,fold,feature,repeat,brier_increase,auc_drop,n_test,test_weight_sum
spline_logistic__context_diet_labels,1,age,1,0.00917371142950174,0.07095635989972071,1006,2861322.5562906265
spline_logistic__context_diet_labels,1,age,2,0.007825767500137193,0.05740670633458955,1006,2861322.5562906265
spline_logistic__context_diet_labels,1,age,3,0.01326163145589812,0.09270242585276756,1006,2861322.5562906265
spline_logistic__context_diet_labels,1,age,4,0.011854594820814496,0.08387083171909637,1006,2861322.5562906265
spline_logistic__context_diet_labels,1,age,5,0.009962951354181904,0.07774249653431053,1006,2861322.5562906265
spline_logistic__context_diet_labels,1,sex,1,0.0005537952639088073,0.005969146495660604,1006,2861322.5562906265
spline_logistic__context_diet_labels,1,sex,2,-1.676888816742883e-05,0.003821991192362928,1006,2861322.5562906265
spline_logistic__context_diet_labels,1,sex,3,0.001446161735241841,0.013260100773787142,1006,2861322.5562906265
spline_logistic__context_diet_labels,1,sex,4,-0.0001725257825588855,0.0006972120739456855,1006,2861322.5562906265
spline_logistic__context_diet_labels,1,sex,5,0.00046174143095503717,0.0035332188286488764,1006,2861322.5562906265
spline_logistic__context_diet_labels,1,region,1,0.00024488661331392714,0.0007099639712914163,1006,2861322.5562906265
spline_logistic__context_diet_labels,1,region,2,0.00012179478922677567,-0.00010382943527287303,1006,2861322.5562906265
spline_logistic__context_diet_labels,1,region,3,0.0006774687592751849,0.0052089957913966645,1006,2861322.5562906265
spline_logistic__context_diet_labels,1,region,4,-5.988304934978483e-07,0.0013347137423934674,1006,2861322.5562906265
spline_logistic__context_diet_labels,1,region,5,0.00014920868721443603,0.0006972015216796246,1006,2861322.5562906265
spline_logistic__context_diet_labels,1,rural,1,-0.0001669118163613037,1.685502246950854e-05,1006,2861322.5562906265
spline_logistic__context_diet_labels,1,rural,2,-0.00024026822045353224,-0.0006940899754342977,1006,2861322.5562906265
spline_logistic__context_diet_labels,1,rural,3,0.00010548557639303291,0.0015739617399501693,1006,2861322.5562906265
spline_logistic__context_diet_labels,1,rural,4,-3.1851786371883684e-05,0.00010536472298650068,1006,2861322.5562906265
spline_logistic__context_diet_labels,1,rural,5,0.00014176863412790341,0.001802415272050495,1006,2861322.5562906265
spline_logistic__context_diet_labels,1,education,1,-1.0848830680421084e-05,0.0013503422939665777,1006,2861322.5562906265
spline_logistic__context_diet_labels,1,education,2,0.00011011738651114933,0.0016232155462879705,1006,2861322.5562906265
spline_logistic__context_diet_labels,1,education,3,3.763296465700283e-05,9.055241086441956e-05,1006,2861322.5562906265
spline_logistic__context_diet_labels,1,education,4,0.0008691876411660859,0.00602159940646807,1006,2861322.5562906265
spline_logistic__context_diet_labels,1,education,5,-0.00016232361089119074,0.00036193820850705105,1006,2861322.5562906265
spline_logistic__context_diet_labels,1,indigenous,1,-1.7726605034296128e-05,4.024203485175626e-05,1006,2861322.5562906265
spline_logistic__context_diet_labels,1,indigenous,2,-1.0289545215452778e-05,-0.0003490654014151051,1006,2861322.5562906265
spline_logistic__context_diet_labels,1,indigenous,3,-3.49307089438089e-05,-0.0002792100098419903,1006,2861322.5562906265
spline_logistic__context_diet_labels,1,indigenous,4,1.6204856800317025e-05,0.0002273056684041208,1006,2861322.5562906265
spline_logistic__context_diet_labels,1,indigenous,5,1.1329535539755797e-05,0.000331852496788132,1006,2861322.5562906265
spline_logistic__context_diet_labels,1,born_chile,1,-8.838425606005895e-05,-0.0003476406173301694,1006,2861322.5562906265
spline_logistic__context_diet_labels,1,born_chile,2,-2.841452928095678e-05,4.6252953022740684e-05,1006,2861322.5562906265
spline_logistic__context_diet_labels,1,born_chile,3,-7.119607474864731e-05,-0.00021640997904581738,1006,2861322.5562906265
spline_logistic__context_diet_labels,1,born_chile,4,-2.0270468055888502e-05,-6.118867549353979e-05,1006,2861322.5562906265
spline_logistic__context_diet_labels,1,born_chile,5,-0.0001040814060428441,-0.00022083995433874737,1006,2861322.5562906265
spline_logistic__context_diet_labels,1,teeth_remaining,1,0.00361385760754257,0.01897321364256388,1006,2861322.5562906265
spline_logistic__context_diet_labels,1,teeth_remaining,2,0.006553856603361996,0.03761427228618064,1006,2861322.5562906265
spline_logistic__context_diet_labels,1,teeth_remaining,3,0.006693391676715538,0.045398647387880575,1006,2861322.5562906265
spline_logistic__context_diet_labels,1,teeth_remaining,4,0.0025978808983611046,0.02054461514942796,1006,2861322.5562906265
spline_logistic__context_diet_labels,1,teeth_remaining,5,0.006962646288339425,0.052388987179418534,1006,2861322.5562906265
spline_logistic__context_diet_labels,1,income_band,1,0.00036289574709855166,0.00017036780348067548,1006,2861322.5562906265
spline_logistic__context_diet_labels,1,income_band,2,0.0002136456690104982,0.002386324170757348,1006,2861322.5562906265
spline_logistic__context_diet_labels,1,income_band,3,-1.683657351864154e-05,0.0013456366213596693,1006,2861322.5562906265
spline_logistic__context_diet_labels,1,income_band,4,5.700237286351828e-05,0.00018611742573049206,1006,2861322.5562906265
spline_logistic__context_diet_labels,1,income_band,5,0.00025334150245942544,0.00030194304091013535,1006,2861322.5562906265
spline_logistic__context_diet_labels,1,health_insurance,1,0.00012458409759016909,0.0008101931744012303,1006,2861322.5562906265
spline_logistic__context_diet_labels,1,health_insurance,2,-9.453651902108229e-06,-0.0011466430806780226,1006,2861322.5562906265
spline_logistic__context_diet_labels,1,health_insurance,3,-0.00011239363451615025,-0.0012540092106384515,1006,2861322.5562906265
spline_logistic__context_diet_labels,1,health_insurance,4,-0.00010284588206591061,-0.0017109204278380474,1006,2861322.5562906265
spline_logistic__context_diet_labels,1,health_insurance,5,-0.00012831645216429544,-0.0016247508025979407,1006,2861322.5562906265
spline_logistic__context_diet_labels,1,smoking_status,1,0.00042980163459133136,0.0028730029772562338,1006,2861322.5562906265
spline_logistic__context_diet_labels,1,smoking_status,2,3.671353353135176e-05,-0.00013508902428938097,1006,2861322.5562906265
spline_logistic__context_diet_labels,1,smoking_status,3,0.00019268556318893793,0.001467949715248884,1006,2861322.5562906265
spline_logistic__context_diet_labels,1,smoking_status,4,-0.00027249598931242125,-0.001845007088506434,1006,2861322.5562906265
spline_logistic__context_diet_labels,1,smoking_status,5,-0.0002735335820494289,-0.002996682872707934,1006,2861322.5562906265
spline_logistic__context_diet_labels,1,diabetes_reported,1,0.000237708847318302,0.001865494970789583,1006,2861322.5562906265
spline_logistic__context_diet_labels,1,diabetes_reported,2,-0.00021458311756841764,-0.0011411954717219785,1006,2861322.5562906265
spline_logistic__context_diet_labels,1,diabetes_reported,3,0.0002425727562813118,0.004743030814113869,1006,2861322.5562906265
spline_logistic__context_diet_labels,1,diabetes_reported,4,0.00023122127668859238,0.002727079839766944,1006,2861322.5562906265
spline_logistic__context_diet_labels,1,diabetes_reported,5,-0.00017224663132983653,0.0006203704158340706,1006,2861322.5562906265
spline_logistic__context_diet_labels,1,dental_visit,1,0.00048475666766395475,0.004944375656783517,1006,2861322.5562906265
spline_logistic__context_diet_labels,1,dental_visit,2,0.0003804759644367717,0.0016868772016258582,1006,2861322.5562906265
spline_logistic__context_diet_labels,1,dental_visit,3,0.000418454037613758,0.00513038278791611,1006,2861322.5562906265
spline_logistic__context_diet_labels,1,dental_visit,4,0.000991171644329908,0.006975183369852256,1006,2861322.5562906265
spline_logistic__context_diet_labels,1,dental_visit,5,0.0002917882967666263,0.002764697040092967,1006,2861322.5562906265
spline_logistic__context_diet_labels,1,dental_visit_reason,1,-0.0007128618340581094,-0.0036959287011542052,1006,2861322.5562906265
spline_logistic__context_diet_labels,1,dental_visit_reason,2,0.0018537717033632883,0.01597674456535292,1006,2861322.5562906265
spline_logistic__context_diet_labels,1,dental_visit_reason,3,0.0007133954046399105,0.008803785113700169,1006,2861322.5562906265
spline_logistic__context_diet_labels,1,dental_visit_reason,4,0.001709649579836131,0.014250441810288228,1006,2861322.5562906265
spline_logistic__context_diet_labels,1,dental_visit_reason,5,0.0007703987484241337,0.003669358260274258,1006,2861322.5562906265
spline_logistic__context_diet_labels,1,dental_access,1,-7.760489526112413e-05,-0.002143067096397333,1006,2861322.5562906265
spline_logistic__context_diet_labels,1,dental_access,2,0.00010977878281295816,0.0012114508015351744,1006,2861322.5562906265
spline_logistic__context_diet_labels,1,dental_access,3,0.00022113092716216642,0.004146086181388786,1006,2861322.5562906265
spline_logistic__context_diet_labels,1,dental_access,4,0.00035051584405462743,0.00047577800260145686,1006,2861322.5562906265
spline_logistic__context_diet_labels,1,dental_access,5,-0.00015670179155857777,-0.0029899366092803747,1006,2861322.5562906265
spline_logistic__context_diet_labels,1,household_water_source,1,-0.0001254376903213339,-0.0005903470477435224,1006,2861322.5562906265
spline_logistic__context_diet_labels,1,household_water_source,2,-0.00016588274596046615,-0.0006179715017076148,1006,2861322.5562906265
spline_logistic__context_diet_labels,1,household_water_source,3,-0.00014477509786467446,-0.0008135521144175817,1006,2861322.5562906265
spline_logistic__context_diet_labels,1,household_water_source,4,-0.0003035271023678343,-0.002380158681980382,1006,2861322.5562906265
spline_logistic__context_diet_labels,1,household_water_source,5,2.9298962476137502e-05,0.0002542487816648009,1006,2861322.5562906265
spline_logistic__context_diet_labels,1,rural_water_consumption,1,-3.4401304037867675e-05,-0.0002902513065567991,1006,2861322.5562906265
spline_logistic__context_diet_labels,1,rural_water_consumption,2,-7.538238466620051e-05,-0.0007204528040131164,1006,2861322.5562906265
spline_logistic__context_diet_labels,1,rural_water_consumption,3,-5.619720024926944e-05,-0.0006144376585208722,1006,2861322.5562906265
spline_logistic__context_diet_labels,1,rural_water_consumption,4,-4.466942812147989e-05,-4.013516124323768e-05,1006,2861322.5562906265
spline_logistic__context_diet_labels,1,rural_water_consumption,5,6.220033483692045e-05,0.000520581585483626,1006,2861322.5562906265
spline_logistic__context_diet_labels,1,fish,1,-0.00028946628358786364,-0.0027924785705120136,1006,2861322.5562906265
spline_logistic__context_diet_labels,1,fish,2,-0.0002177894111061729,-0.003107675567698087,1006,2861322.5562906265
spline_logistic__context_diet_labels,1,fish,3,-0.00027804666391517685,-0.0026446617840600872,1006,2861322.5562906265
spline_logistic__context_diet_labels,1,fish,4,-0.00016358133366553562,-0.0016266114409199117,1006,2861322.5562906265
spline_logistic__context_diet_labels,1,fish,5,-0.00011505072523626536,-0.0018824367397332065,1006,2861322.5562906265
spline_logistic__context_diet_labels,1,dairy_frequency,1,0.00022661156613837385,0.0011034219329941752,1006,2861322.5562906265
spline_logistic__context_diet_labels,1,dairy_frequency,2,0.0003408982698752394,0.0021493210100977933,1006,2861322.5562906265
spline_logistic__context_diet_labels,1,dairy_frequency,3,0.0003369561565219892,0.0026140328218379194,1006,2861322.5562906265
spline_logistic__context_diet_labels,1,dairy_frequency,4,-0.00014443248300172185,-0.0005231908173430888,1006,2861322.5562906265
spline_logistic__context_diet_labels,1,dairy_frequency,5,0.0003566608940982763,0.0007221492621044545,1006,2861322.5562906265
spline_logistic__context_diet_labels,1,dairy_type,1,-0.0002342030375928894,-0.00024081072861492636,1006,2861322.5562906265
spline_logistic__context_diet_labels,1,dairy_type,2,-5.768810179548889e-05,-2.3974859686304306e-05,1006,2861322.5562906265
spline_logistic__context_diet_labels,1,dairy_type,3,0.00012848379468516358,0.0007089223427043656,1006,2861322.5562906265
spline_logistic__context_diet_labels,1,dairy_type,4,0.00010219308332073962,-0.0006157739429175635,1006,2861322.5562906265
spline_logistic__context_diet_labels,1,dairy_type,5,-9.302598319202438e-05,-0.0011180451806555025,1006,2861322.5562906265
spline_logistic__context_diet_labels,1,wholegrain,1,0.0002422048679398825,0.002021342635798118,1006,2861322.5562906265
spline_logistic__context_diet_labels,1,wholegrain,2,-0.00013244696180120252,-0.0008261869756828188,1006,2861322.5562906265
spline_logistic__context_diet_labels,1,wholegrain,3,0.0001843940230612795,0.0015776764155047696,1006,2861322.5562906265
spline_logistic__context_diet_labels,1,wholegrain,4,0.0002460253442445881,0.0016519768003767643,1006,2861322.5562906265
spline_logistic__context_diet_labels,1,wholegrain,5,0.0003987227503092494,0.0027591182017403515,1006,2861322.5562906265
spline_logistic__context_diet_labels,1,legumes,1,-0.0002944823099397531,-0.0033334616244810045,1006,2861322.5562906265
spline_logistic__context_diet_labels,1,legumes,2,0.00038708000498915984,0.0036197759050677902,1006,2861322.5562906265
spline_logistic__context_diet_labels,1,legumes,3,9.888834810864444e-05,0.0007064656267947722,1006,2861322.5562906265
spline_logistic__context_diet_labels,1,legumes,4,9.518035057787255e-05,-0.0004485654499889469,1006,2861322.5562906265
spline_logistic__context_diet_labels,1,legumes,5,0.00023414955292466733,0.0012498682914415804,1006,2861322.5562906265
spline_logistic__context_diet_labels,1,fruit_days,1,-0.00041898915645194323,-0.003324465257761311,1006,2861322.5562906265
spline_logistic__context_diet_labels,1,fruit_days,2,-9.4322606499192e-05,-0.00109652138428451,1006,2861322.5562906265
spline_logistic__context_diet_labels,1,fruit_days,3,-0.00040947635762583756,-0.0025216358414735796,1006,2861322.5562906265
spline_logistic__context_diet_labels,1,fruit_days,4,-0.0005798125760901607,-0.0036723258191717623,1006,2861322.5562906265
spline_logistic__context_diet_labels,1,fruit_days,5,1.2587560070581594e-05,0.0018392826608986113,1006,2861322.5562906265
spline_logistic__context_diet_labels,1,fruit_portions,1,0.00022789962388786167,0.001416180141275647,1006,2861322.5562906265
spline_logistic__context_diet_labels,1,fruit_portions,2,0.00011269813863465372,-4.035497032528479e-05,1006,2861322.5562906265
spline_logistic__context_diet_labels,1,fruit_portions,3,-7.520231190874527e-05,0.00015838937591194924,1006,2861322.5562906265
spline_logistic__context_diet_labels,1,fruit_portions,4,0.0006753051351945927,0.003064983740457161,1006,2861322.5562906265
spline_logistic__context_diet_labels,1,fruit_portions,5,0.00028862646157445937,0.001353411121354564,1006,2861322.5562906265
spline_logistic__context_diet_labels,1,vegetable_days,1,-0.0012548762440497407,-0.007997549846467722,1006,2861322.5562906265
spline_logistic__context_diet_labels,1,vegetable_days,2,0.00029053947672849634,0.0023196657923435504,1006,2861322.5562906265
spline_logistic__context_diet_labels,1,vegetable_days,3,-0.0002853157197077738,-5.2123497587430734e-05,1006,2861322.5562906265
spline_logistic__context_diet_labels,1,vegetable_days,4,-0.00041530194642599993,-0.0029073278822943083,1006,2861322.5562906265
spline_logistic__context_diet_labels,1,vegetable_days,5,-0.00046861023661182166,-0.0007602851373335051,1006,2861322.5562906265
spline_logistic__context_diet_labels,1,vegetable_portions,1,-0.0011727171807942305,0.0006895003359403962,1006,2861322.5562906265
spline_logistic__context_diet_labels,1,vegetable_portions,2,-0.0006988239728149825,-0.0006712904881179815,1006,2861322.5562906265
spline_logistic__context_diet_labels,1,vegetable_portions,3,-0.00039260283357964165,0.00011304616196405881,1006,2861322.5562906265
spline_logistic__context_diet_labels,1,vegetable_portions,4,-0.0012352654675500951,-0.0026504372908656704,1006,2861322.5562906265
spline_logistic__context_diet_labels,1,vegetable_portions,5,-0.0017320183805727418,-0.005143640343046263,1006,2861322.5562906265
spline_logistic__context_diet_labels,1,water,1,-0.0006155071296783388,-0.00027427334033691686,1006,2861322.5562906265
spline_logistic__context_diet_labels,1,water,2,-0.00015294265530399476,0.0016053941357699886,1006,2861322.5562906265
spline_logistic__context_diet_labels,1,water,3,-0.00045369054736629777,-0.0037389849108465656,1006,2861322.5562906265
spline_logistic__context_diet_labels,1,water,4,-0.00038713492355257895,0.0020293770241187614,1006,2861322.5562906265
spline_logistic__context_diet_labels,1,water,5,-0.0009525743171299172,-0.003207195301693999,1006,2861322.5562906265
spline_logistic__context_diet_labels,1,soda_frequency,1,0.0002534510964962988,0.004244786113155374,1006,2861322.5562906265
spline_logistic__context_diet_labels,1,soda_frequency,2,6.245305928048728e-06,0.003288283341959297,1006,2861322.5562906265
spline_logistic__context_diet_labels,1,soda_frequency,3,0.0009356816332859175,0.008830471622783165,1006,2861322.5562906265
spline_logistic__context_diet_labels,1,soda_frequency,4,-2.1564986243644002e-05,0.0008589991156062737,1006,2861322.5562906265
spline_logistic__context_diet_labels,1,soda_frequency,5,0.00010519840944445136,0.00236699913733196,1006,2861322.5562906265
spline_logistic__context_diet_labels,1,juice_frequency,1,6.787193532942215e-05,0.0010714926452393136,1006,2861322.5562906265
spline_logistic__context_diet_labels,1,juice_frequency,2,-0.00012209208938052107,0.0005772742736256387,1006,2861322.5562906265
spline_logistic__context_diet_labels,1,juice_frequency,3,5.017808536744717e-05,0.0017624495406033391,1006,2861322.5562906265
spline_logistic__context_diet_labels,1,juice_frequency,4,-0.0003093665993459671,-0.0014515596711258683,1006,2861322.5562906265
spline_logistic__context_diet_labels,1,juice_frequency,5,-0.00015367750401656943,-8.908059627099618e-05,1006,2861322.5562906265
spline_logistic__context_diet_labels,1,oil,1,1.4312873186539399e-05,0.00010889130259994495,1006,2861322.5562906265
spline_logistic__context_diet_labels,1,oil,2,3.3360181104918896e-05,-6.355977639782573e-05,1006,2861322.5562906265
spline_logistic__context_diet_labels,1,oil,3,9.322069705469671e-06,0.0003296298299247935,1006,2861322.5562906265
spline_logistic__context_diet_labels,1,oil,4,3.6278159355446205e-05,0.000184178346352315,1006,2861322.5562906265
spline_logistic__context_diet_labels,1,oil,5,2.6820006810091e-05,7.811825350800827e-05,1006,2861322.5562906265
spline_logistic__context_diet_labels,1,soda_glasses_daily,1,-7.503738197089938e-05,0.0024700252490010843,1006,2861322.5562906265
spline_logistic__context_diet_labels,1,soda_glasses_daily,2,0.0006236991841579442,0.00593373026653965,1006,2861322.5562906265
spline_logistic__context_diet_labels,1,soda_glasses_daily,3,0.0006397376823140399,0.006165009935171217,1006,2861322.5562906265
spline_logistic__context_diet_labels,1,soda_glasses_daily,4,0.0005939058814646292,0.005045483190209699,1006,2861322.5562906265
spline_logistic__context_diet_labels,1,soda_glasses_daily,5,0.00027794080432053114,0.003261903935964816,1006,2861322.5562906265
spline_logistic__context_diet_labels,1,juice_glasses_daily,1,-0.00021201521724759087,0.0007997751046847634,1006,2861322.5562906265
spline_logistic__context_diet_labels,1,juice_glasses_daily,2,6.571765274132613e-05,0.0020383958863459117,1006,2861322.5562906265
spline_logistic__context_diet_labels,1,juice_glasses_daily,3,0.0006131215713978677,0.007981060662485717,1006,2861322.5562906265
spline_logistic__context_diet_labels,1,juice_glasses_daily,4,0.00036849569977878693,0.007395251278670245,1006,2861322.5562906265
spline_logistic__context_diet_labels,1,juice_glasses_daily,5,0.0008310488633851976,0.006860935297022586,1006,2861322.5562906265
spline_logistic__context_diet_labels,1,label_ingredients,1,-0.00011415391389335561,-0.0010451005442122518,1006,2861322.5562906265
spline_logistic__context_diet_labels,1,label_ingredients,2,-0.00013434730674558026,-0.0005883439223689502,1006,2861322.5562906265
spline_logistic__context_diet_labels,1,label_ingredients,3,-0.0001684401227782517,-0.0007385496787537527,1006,2861322.5562906265
spline_logistic__context_diet_labels,1,label_ingredients,4,-1.0019607092737193e-05,-0.0008329403226912113,1006,2861322.5562906265
spline_logistic__context_diet_labels,1,label_ingredients,5,-0.0002186645852584601,-0.002211765147047795,1006,2861322.5562906265
spline_logistic__context_diet_labels,1,label_nutrition,1,-0.0003261154254685372,-0.0018206602236926495,1006,2861322.5562906265
spline_logistic__context_diet_labels,1,label_nutrition,2,1.5350047635476205e-05,-0.0006741119246833627,1006,2861322.5562906265
spline_logistic__context_diet_labels,1,label_nutrition,3,5.036394931573485e-06,-0.0019317019669674584,1006,2861322.5562906265
spline_logistic__context_diet_labels,1,label_nutrition,4,-0.00020594644853474953,-0.0018884630555244808,1006,2861322.5562906265
spline_logistic__context_diet_labels,1,label_nutrition,5,-4.2077790715883134e-05,-0.00103540682260983,1006,2861322.5562906265
spline_logistic__context_diet_labels,1,label_warnings,1,0.0008367002069717688,0.004572980968392204,1006,2861322.5562906265
spline_logistic__context_diet_labels,1,label_warnings,2,4.6128362102271225e-08,-0.000565263759930823,1006,2861322.5562906265
spline_logistic__context_diet_labels,1,label_warnings,3,-0.0002912594212648445,-0.004793332187843835,1006,2861322.5562906265
spline_logistic__context_diet_labels,1,label_warnings,4,-0.00032767691032184465,-0.0040874792784063585,1006,2861322.5562906265
spline_logistic__context_diet_labels,1,label_warnings,5,7.931477089390127e-05,0.0006711191887308621,1006,2861322.5562906265
spline_logistic__context_diet_labels,1,label_health,1,-0.0004403702071398008,-0.0017267635459671249,1006,2861322.5562906265
spline_logistic__context_diet_labels,1,label_health,2,-0.0002714833049480836,-0.0004953599720536328,1006,2861322.5562906265
spline_logistic__context_diet_labels,1,label_health,3,-0.0001611634342145729,-0.0009514877154858103,1006,2861322.5562906265
spline_logistic__context_diet_labels,1,label_health,4,8.120306129921762e-05,0.0010220990105290761,1006,2861322.5562906265
spline_logistic__context_diet_labels,1,label_health,5,-0.000212920008265699,-0.0009544885949269721,1006,2861322.5562906265
spline_logistic__context_diet_labels,1,label_brand,1,0.00011145154693387171,0.001188315903567494,1006,2861322.5562906265
spline_logistic__context_diet_labels,1,label_brand,2,0.0002142407655774392,0.0013814804127462166,1006,2861322.5562906265
spline_logistic__context_diet_labels,1,label_brand,3,-0.000394256570026591,-0.003203546549679137,1006,2861322.5562906265
spline_logistic__context_diet_labels,1,label_brand,4,0.00030694976136086405,0.0017724300788409808,1006,2861322.5562906265
spline_logistic__context_diet_labels,1,label_brand,5,-0.0006872280171837664,-0.002438070396705405,1006,2861322.5562906265
spline_logistic__context_diet_labels,1,label_discounts,1,-0.00017085685651377358,-0.00010882677543133656,1006,2861322.5562906265
spline_logistic__context_diet_labels,1,label_discounts,2,-0.000704476754236516,-0.003444981333619812,1006,2861322.5562906265
spline_logistic__context_diet_labels,1,label_discounts,3,0.0005167777642051397,0.004588789123848636,1006,2861322.5562906265
spline_logistic__context_diet_labels,1,label_discounts,4,-0.0007385800782089835,-0.0010868224800127946,1006,2861322.5562906265
spline_logistic__context_diet_labels,1,label_discounts,5,4.044767568261998e-05,0.0007423291253434439,1006,2861322.5562906265
spline_logistic__context_diet_labels,2,age,1,0.007463800504502044,0.05243577443955283,1007,2574325.41285038
spline_logistic__context_diet_labels,2,age,2,0.00886467450461112,0.0570591729003348,1007,2574325.41285038
spline_logistic__context_diet_labels,2,age,3,0.0033973722159936492,0.015576610812470193,1007,2574325.41285038
spline_logistic__context_diet_labels,2,age,4,0.007005278247208008,0.03643047613144523,1007,2574325.41285038
spline_logistic__context_diet_labels,2,age,5,0.007643099888525989,0.04138791074430037,1007,2574325.41285038
spline_logistic__context_diet_labels,2,sex,1,-9.211180013282694e-05,-0.0015768638808162372,1007,2574325.41285038
spline_logistic__context_diet_labels,2,sex,2,0.0006735932952335877,0.001555147891533104,1007,2574325.41285038
spline_logistic__context_diet_labels,2,sex,3,0.0008762200773052564,0.003239019310641411,1007,2574325.41285038
spline_logistic__context_diet_labels,2,sex,4,-0.00012880941617104957,-0.0027460385243343044,1007,2574325.41285038
spline_logistic__context_diet_labels,2,sex,5,-0.0004719895300041854,-0.00471792317751063,1007,2574325.41285038
spline_logistic__context_diet_labels,2,region,1,-0.00011582022461123498,-0.0015099366608076759,1007,2574325.41285038
spline_logistic__context_diet_labels,2,region,2,0.0005599618624174407,0.002936383062719039,1007,2574325.41285038
spline_logistic__context_diet_labels,2,region,3,0.0004960398378487385,0.0021803469224042082,1007,2574325.41285038
spline_logistic__context_diet_labels,2,region,4,0.0003073671567195013,0.0008255249045227009,1007,2574325.41285038
spline_logistic__context_diet_labels,2,region,5,0.0006304657433834904,0.0032095299305553437,1007,2574325.41285038
spline_logistic__context_diet_labels,2,rural,1,4.664854082114811e-05,6.860845689271589e-05,1007,2574325.41285038
spline_logistic__context_diet_labels,2,rural,2,-1.5786806437378953e-06,0.00017664910558468083,1007,2574325.41285038
spline_logistic__context_diet_labels,2,rural,3,3.097191859682824e-05,0.00032496192600028895,1007,2574325.41285038
spline_logistic__context_diet_labels,2,rural,4,2.6872391303223164e-05,-0.0001357688695980963,1007,2574325.41285038
spline_logistic__context_diet_labels,2,rural,5,1.479169439363992e-05,8.469238957919956e-07,1007,2574325.41285038
spline_logistic__context_diet_labels,2,education,1,0.0003812534934350409,0.001530466694287358,1007,2574325.41285038
spline_logistic__context_diet_labels,2,education,2,0.0005081671198138848,0.0015325980679624651,1007,2574325.41285038
spline_logistic__context_diet_labels,2,education,3,0.00015244462839128503,0.0003033204864861805,1007,2574325.41285038
spline_logistic__context_diet_labels,2,education,4,0.000683652679839386,0.003621274640220329,1007,2574325.41285038
spline_logistic__context_diet_labels,2,education,5,0.000176128391905922,-0.00029114673225194565,1007,2574325.41285038
spline_logistic__context_diet_labels,2,indigenous,1,-0.00013510163153673815,-0.0012802617664404714,1007,2574325.41285038
spline_logistic__context_diet_labels,2,indigenous,2,-1.3947232456484882e-05,-8.769892472726415e-05,1007,2574325.41285038
spline_logistic__context_diet_labels,2,indigenous,3,-5.093695236729756e-05,-0.0010989920223710703,1007,2574325.41285038
spline_logistic__context_diet_labels,2,indigenous,4,-4.382022321405832e-05,-0.0009400725525623432,1007,2574325.41285038
spline_logistic__context_diet_labels,2,indigenous,5,-1.5459196339301373e-05,-0.0005373187847685923,1007,2574325.41285038
spline_logistic__context_diet_labels,2,born_chile,1,-8.141565718836064e-05,-0.000774443627793775,1007,2574325.41285038
spline_logistic__context_diet_labels,2,born_chile,2,-8.928855670284341e-05,-0.0007147268032584586,1007,2574325.41285038
spline_logistic__context_diet_labels,2,born_chile,3,-0.00011334270913779254,-0.0006856432723981731,1007,2574325.41285038
spline_logistic__context_diet_labels,2,born_chile,4,-6.677435415530786e-05,-0.0006556725969187882,1007,2574325.41285038
spline_logistic__context_diet_labels,2,born_chile,5,-0.00012940433770833315,-0.0008998028661199031,1007,2574325.41285038
spline_logistic__context_diet_labels,2,teeth_remaining,1,0.0048648106610810204,0.021786338190808108,1007,2574325.41285038
spline_logistic__context_diet_labels,2,teeth_remaining,2,0.0036592987358931017,0.03268315978839087,1007,2574325.41285038
spline_logistic__context_diet_labels,2,teeth_remaining,3,0.0067894162132334235,0.0522366566406679,1007,2574325.41285038
spline_logistic__context_diet_labels,2,teeth_remaining,4,0.0036329007541945346,0.02081464879862993,1007,2574325.41285038
spline_logistic__context_diet_labels,2,teeth_remaining,5,0.0035189486663812497,0.018569992592702866,1007,2574325.41285038
spline_logistic__context_diet_labels,2,income_band,1,0.0004888006742385098,0.0014164883252109073,1007,2574325.41285038
spline_logistic__context_diet_labels,2,income_band,2,0.00042174893715643536,0.0005334104182238564,1007,2574325.41285038
spline_logistic__context_diet_labels,2,income_band,3,0.0006167310697075268,0.002835169239616131,1007,2574325.41285038
spline_logistic__context_diet_labels,2,income_band,4,0.0006166139623972888,0.0020307902779551634,1007,2574325.41285038
spline_logistic__context_diet_labels,2,income_band,5,0.00032749998924636037,0.00056563477944227,1007,2574325.41285038
spline_logistic__context_diet_labels,2,health_insurance,1,-0.00017006658226678684,-0.001011735778294387,1007,2574325.41285038
spline_logistic__context_diet_labels,2,health_insurance,2,-0.00031669870045397674,-0.0026306818870426296,1007,2574325.41285038
spline_logistic__context_diet_labels,2,health_insurance,3,0.00020464126545574612,0.00267026993821895,1007,2574325.41285038
spline_logistic__context_diet_labels,2,health_insurance,4,1.9789934356195804e-05,-0.0009152305839194019,1007,2574325.41285038
spline_logistic__context_diet_labels,2,health_insurance,5,-0.0001355641529861562,-0.0008185540387307677,1007,2574325.41285038
spline_logistic__context_diet_labels,2,smoking_status,1,-0.00022158505686989405,-0.0026466632204898977,1007,2574325.41285038
spline_logistic__context_diet_labels,2,smoking_status,2,0.00017183516629665219,-1.440413851527822e-07,1007,2574325.41285038
spline_logistic__context_diet_labels,2,smoking_status,3,0.00033102909409413184,0.0005681495887415178,1007,2574325.41285038
spline_logistic__context_diet_labels,2,smoking_status,4,-6.92369058808151e-05,-0.002175515670481021,1007,2574325.41285038
spline_logistic__context_diet_labels,2,smoking_status,5,-0.00016451933013730824,-0.002679585985906896,1007,2574325.41285038
spline_logistic__context_diet_labels,2,diabetes_reported,1,-0.00015914890833440554,-0.0012767833178924937,1007,2574325.41285038
spline_logistic__context_diet_labels,2,diabetes_reported,2,-0.0001508755213183166,-0.0013438162519572305,1007,2574325.41285038
spline_logistic__context_diet_labels,2,diabetes_reported,3,2.1801910298324678e-05,-2.918632463566606e-05,1007,2574325.41285038
spline_logistic__context_diet_labels,2,diabetes_reported,4,-0.00014599624976996406,-0.00223285146359109,1007,2574325.41285038
spline_logistic__context_diet_labels,2,diabetes_reported,5,6.379363355227263e-05,0.0008164810775431741,1007,2574325.41285038
spline_logistic__context_diet_labels,2,dental_visit,1,0.0004844434585834778,-0.00238358051187626,1007,2574325.41285038
spline_logistic__context_diet_labels,2,dental_visit,2,0.00020125515244720504,-0.0020240949342492653,1007,2574325.41285038
spline_logistic__context_diet_labels,2,dental_visit,3,0.0005672127098340085,0.0042325151341390255,1007,2574325.41285038
spline_logistic__context_diet_labels,2,dental_visit,4,1.9908007597185806e-05,-0.002573611395689235,1007,2574325.41285038
spline_logistic__context_diet_labels,2,dental_visit,5,0.0007575869473553376,0.004048809596959968,1007,2574325.41285038
spline_logistic__context_diet_labels,2,dental_visit_reason,1,0.0022886516248191713,0.014386862188601746,1007,2574325.41285038
spline_logistic__context_diet_labels,2,dental_visit_reason,2,0.002990656068329961,0.018030520102177428,1007,2574325.41285038
spline_logistic__context_diet_labels,2,dental_visit_reason,3,0.0017729727360065173,0.012480712409601025,1007,2574325.41285038
spline_logistic__context_diet_labels,2,dental_visit_reason,4,0.0023820369646852524,0.015676957300533423,1007,2574325.41285038
spline_logistic__context_diet_labels,2,dental_visit_reason,5,0.002520469915392287,0.013071209411814055,1007,2574325.41285038
spline_logistic__context_diet_labels,2,dental_access,1,0.00013676994542227705,-0.003656130886369735,1007,2574325.41285038
spline_logistic__context_diet_labels,2,dental_access,2,0.00041119711879769594,-0.0008315616213562249,1007,2574325.41285038
spline_logistic__context_diet_labels,2,dental_access,3,0.00018846980887468612,-0.001320327487401074,1007,2574325.41285038
spline_logistic__context_diet_labels,2,dental_access,4,0.0007124568601832859,0.002709784242012403,1007,2574325.41285038
spline_logistic__context_diet_labels,2,dental_access,5,-0.0008901861946228051,-0.008741467349169585,1007,2574325.41285038
spline_logistic__context_diet_labels,2,household_water_source,1,1.8551958825274717e-05,-5.5087561440347876e-05,1007,2574325.41285038
spline_logistic__context_diet_labels,2,household_water_source,2,2.3331415173466485e-05,7.389963882276085e-06,1007,2574325.41285038
spline_logistic__context_diet_labels,2,household_water_source,3,1.0238660518940845e-05,-0.00010638765951453966,1007,2574325.41285038
spline_logistic__context_diet_labels,2,household_water_source,4,1.4106251591566865e-05,-3.233953976911064e-05,1007,2574325.41285038
spline_logistic__context_diet_labels,2,household_water_source,5,1.891587003594042e-05,7.411960103509418e-05,1007,2574325.41285038
spline_logistic__context_diet_labels,2,rural_water_consumption,1,-6.627528821462336e-05,-0.0007889493444275253,1007,2574325.41285038
spline_logistic__context_diet_labels,2,rural_water_consumption,2,1.5266058387558568e-05,-0.00026578042957103865,1007,2574325.41285038
spline_logistic__context_diet_labels,2,rural_water_consumption,3,2.2813185062142693e-05,8.661825119971045e-05,1007,2574325.41285038
spline_logistic__context_diet_labels,2,rural_water_consumption,4,-3.288118246988492e-05,-0.00035780188527989587,1007,2574325.41285038
spline_logistic__context_diet_labels,2,rural_water_consumption,5,-1.9517058771345575e-05,-0.0006279421796829832,1007,2574325.41285038
spline_logistic__context_diet_labels,2,fish,1,-0.0001541287225015897,-0.0025429174947159128,1007,2574325.41285038
spline_logistic__context_diet_labels,2,fish,2,-0.0008705050294104955,-0.007909952279090082,1007,2574325.41285038
spline_logistic__context_diet_labels,2,fish,3,-0.000540725452299412,-0.006322005708941925,1007,2574325.41285038
spline_logistic__context_diet_labels,2,fish,4,-0.0005441253974943216,-0.005188462270421024,1007,2574325.41285038
spline_logistic__context_diet_labels,2,fish,5,-0.0009786736846956745,-0.00761342345305549,1007,2574325.41285038
spline_logistic__context_diet_labels,2,dairy_frequency,1,0.0002782897488184388,0.001395600154909693,1007,2574325.41285038
spline_logistic__context_diet_labels,2,dairy_frequency,2,0.00022598927168560046,8.56113506068068e-05,1007,2574325.41285038
spline_logistic__context_diet_labels,2,dairy_frequency,3,1.413278873460544e-05,-0.00035209411479664166,1007,2574325.41285038
spline_logistic__context_diet_labels,2,dairy_frequency,4,0.0002930728375787339,-0.00020254747487358227,1007,2574325.41285038
spline_logistic__context_diet_labels,2,dairy_frequency,5,0.00019430224014535535,0.001294185878137566,1007,2574325.41285038
spline_logistic__context_diet_labels,2,dairy_type,1,8.836867124634162e-06,-0.002962640346563461,1007,2574325.41285038
spline_logistic__context_diet_labels,2,dairy_type,2,-0.0008559482284805631,-0.010043556666303632,1007,2574325.41285038
spline_logistic__context_diet_labels,2,dairy_type,3,-0.00048700696786255215,-0.007219209443167007,1007,2574325.41285038
spline_logistic__context_diet_labels,2,dairy_type,4,-0.0009009867333267529,-0.008508669578276451,1007,2574325.41285038
spline_logistic__context_diet_labels,2,dairy_type,5,-0.0006298223576104156,-0.008724774561736148,1007,2574325.41285038
spline_logistic__context_diet_labels,2,wholegrain,1,0.00011108934562717443,-0.0008259803975291247,1007,2574325.41285038
spline_logistic__context_diet_labels,2,wholegrain,2,0.0003075922708044021,0.0004651249027154414,1007,2574325.41285038
spline_logistic__context_diet_labels,2,wholegrain,3,0.0004296702024653154,0.0016412973857272695,1007,2574325.41285038
spline_logistic__context_diet_labels,2,wholegrain,4,8.338698493171037e-05,-0.0007903414706532663,1007,2574325.41285038
spline_logistic__context_diet_labels,2,wholegrain,5,4.480886682303731e-05,-0.0012288132289622888,1007,2574325.41285038
spline_logistic__context_diet_labels,2,legumes,1,-0.00019770059564541698,-0.0021964513312447975,1007,2574325.41285038
spline_logistic__context_diet_labels,2,legumes,2,-0.00013441696505589462,0.0001028093428497856,1007,2574325.41285038
spline_logistic__context_diet_labels,2,legumes,3,-0.00012825330913135424,-0.0009683957881357896,1007,2574325.41285038
spline_logistic__context_diet_labels,2,legumes,4,-1.6619081774499334e-05,0.0008387748863215583,1007,2574325.41285038
spline_logistic__context_diet_labels,2,legumes,5,-0.00039530297952281024,-0.002921976117238323,1007,2574325.41285038
spline_logistic__context_diet_labels,2,fruit_days,1,-0.0003418602313375041,-0.005164578994551472,1007,2574325.41285038
spline_logistic__context_diet_labels,2,fruit_days,2,-0.0002829185894447084,-0.0036958929991269818,1007,2574325.41285038
spline_logistic__context_diet_labels,2,fruit_days,3,0.0004382481769830693,0.0007253097021603372,1007,2574325.41285038
spline_logistic__context_diet_labels,2,fruit_days,4,-0.00010654351105343629,-0.0037738709318589914,1007,2574325.41285038
spline_logistic__context_diet_labels,2,fruit_days,5,-0.0005530360759567754,-0.005856840627451176,1007,2574325.41285038
spline_logistic__context_diet_labels,2,fruit_portions,1,0.0001175031403847504,0.0001306339574133064,1007,2574325.41285038
spline_logistic__context_diet_labels,2,fruit_portions,2,0.0003903255277041551,0.0021867678640626886,1007,2574325.41285038
spline_logistic__context_diet_labels,2,fruit_portions,3,6.176849592878786e-05,-0.0007157562599034994,1007,2574325.41285038
spline_logistic__context_diet_labels,2,fruit_portions,4,0.0002933643090679283,0.0011275119102250875,1007,2574325.41285038
spline_logistic__context_diet_labels,2,fruit_portions,5,0.0002465752617252792,0.0011753992466327912,1007,2574325.41285038
spline_logistic__context_diet_labels,2,vegetable_days,1,0.0004915772369869231,2.8812194446947714e-05,1007,2574325.41285038
spline_logistic__context_diet_labels,2,vegetable_days,2,3.177274825269527e-05,-0.0017709545832179652,1007,2574325.41285038
spline_logistic__context_diet_labels,2,vegetable_days,3,0.0002438118461044747,-0.002612845496493099,1007,2574325.41285038
spline_logistic__context_diet_labels,2,vegetable_days,4,-0.00021153859688988197,-0.004453277762179408,1007,2574325.41285038
spline_logistic__context_diet_labels,2,vegetable_days,5,0.0006432634304081308,0.004595582383571384,1007,2574325.41285038
spline_logistic__context_diet_labels,2,vegetable_portions,1,-0.0003127320490101393,-0.002488674558063342,1007,2574325.41285038
spline_logistic__context_diet_labels,2,vegetable_portions,2,-0.00030198225941568957,-0.0018122254527993542,1007,2574325.41285038
spline_logistic__context_diet_labels,2,vegetable_portions,3,-0.0002719674065079225,-0.0024099072266217103,1007,2574325.41285038
spline_logistic__context_diet_labels,2,vegetable_portions,4,-0.0002667322250003157,-0.0017575590254782503,1007,2574325.41285038
spline_logistic__context_diet_labels,2,vegetable_portions,5,-0.0001991258319405942,-0.0011404482687492612,1007,2574325.41285038
spline_logistic__context_diet_labels,2,water,1,-0.0007937657306171242,-0.010184507157797618,1007,2574325.41285038
spline_logistic__context_diet_labels,2,water,2,-0.0006968429348206129,-0.009152201721361886,1007,2574325.41285038
spline_logistic__context_diet_labels,2,water,3,-0.0001941086457930563,-0.0024449856986469287,1007,2574325.41285038
spline_logistic__context_diet_labels,2,water,4,-7.542281661704342e-05,-0.005168825181728343,1007,2574325.41285038
spline_logistic__context_diet_labels,2,water,5,-0.00041187697404260204,-0.005303269648958442,1007,2574325.41285038
spline_logistic__context_diet_labels,2,soda_frequency,1,0.0006059170305840467,0.0036697613243404925,1007,2574325.41285038
spline_logistic__context_diet_labels,2,soda_frequency,2,-0.0007430792997412949,-0.007177173033965589,1007,2574325.41285038
spline_logistic__context_diet_labels,2,soda_frequency,3,-0.00023672691632481424,-0.003506076673219116,1007,2574325.41285038
spline_logistic__context_diet_labels,2,soda_frequency,4,1.0573622394427495e-05,-0.001939827809071204,1007,2574325.41285038
spline_logistic__context_diet_labels,2,soda_frequency,5,0.00036817553816362314,0.0012901692660146624,1007,2574325.41285038
spline_logistic__context_diet_labels,2,juice_frequency,1,6.060593073503595e-05,-0.0002947008351315006,1007,2574325.41285038
spline_logistic__context_diet_labels,2,juice_frequency,2,-3.467496606668341e-05,-0.000514956300497027,1007,2574325.41285038
spline_logistic__context_diet_labels,2,juice_frequency,3,1.3952480551471247e-06,-0.00032342408976770987,1007,2574325.41285038
spline_logistic__context_diet_labels,2,juice_frequency,4,9.451553806344437e-05,0.00027031811604150136,1007,2574325.41285038
spline_logistic__context_diet_labels,2,juice_frequency,5,-4.598042612682929e-05,-0.0016421021640374844,1007,2574325.41285038
spline_logistic__context_diet_labels,2,oil,1,-2.909872667899993e-05,-6.0897006904814255e-05,1007,2574325.41285038
spline_logistic__context_diet_labels,2,oil,2,-1.287316064371713e-05,0.00027685669313859407,1007,2574325.41285038
spline_logistic__context_diet_labels,2,oil,3,6.560567757385449e-06,0.00027861930222339293,1007,2574325.41285038
spline_logistic__context_diet_labels,2,oil,4,2.4605802582261527e-05,0.0006431435351655912,1007,2574325.41285038
spline_logistic__context_diet_labels,2,oil,5,-1.0310297462845508e-05,0.00013665562031273115,1007,2574325.41285038
spline_logistic__context_diet_labels,2,soda_glasses_daily,1,0.0002193502374859546,-0.0016107445537277831,1007,2574325.41285038
spline_logistic__context_diet_labels,2,soda_glasses_daily,2,0.0005061369968288876,0.002754792059853739,1007,2574325.41285038
spline_logistic__context_diet_labels,2,soda_glasses_daily,3,-8.455612869173734e-05,-0.0041098089618468725,1007,2574325.41285038
spline_logistic__context_diet_labels,2,soda_glasses_daily,4,-0.00038776249861730006,-0.005018043373978154,1007,2574325.41285038
spline_logistic__context_diet_labels,2,soda_glasses_daily,5,-0.0009058647690234345,-0.0093602549235422,1007,2574325.41285038
spline_logistic__context_diet_labels,2,juice_glasses_daily,1,-0.00024734348183799715,-0.0036223635097378803,1007,2574325.41285038
spline_logistic__context_diet_labels,2,juice_glasses_daily,2,0.00014768382932323076,0.000431862704803998,1007,2574325.41285038
spline_logistic__context_diet_labels,2,juice_glasses_daily,3,0.0004650266899206834,0.0026927588647738254,1007,2574325.41285038
spline_logistic__context_diet_labels,2,juice_glasses_daily,4,0.0005627638776580512,0.001214760965984718,1007,2574325.41285038
spline_logistic__context_diet_labels,2,juice_glasses_daily,5,0.0007461473894427861,0.003621608680812183,1007,2574325.41285038
spline_logistic__context_diet_labels,2,label_ingredients,1,-0.00013561167426323628,-0.003638989161522277,1007,2574325.41285038
spline_logistic__context_diet_labels,2,label_ingredients,2,-1.998841121000905e-05,-0.002999238506161017,1007,2574325.41285038
spline_logistic__context_diet_labels,2,label_ingredients,3,3.244716030331718e-06,-0.0019687895856795867,1007,2574325.41285038
spline_logistic__context_diet_labels,2,label_ingredients,4,-0.00012967031145189045,-0.002938747736584757,1007,2574325.41285038
spline_logistic__context_diet_labels,2,label_ingredients,5,-5.9698136360919474e-05,-0.0022901926403842143,1007,2574325.41285038
spline_logistic__context_diet_labels,2,label_nutrition,1,0.00035263686521794235,0.000208064785859996,1007,2574325.41285038
spline_logistic__context_diet_labels,2,label_nutrition,2,1.3380834442133782e-06,-0.002124331414538827,1007,2574325.41285038
spline_logistic__context_diet_labels,2,label_nutrition,3,0.00036913091740489734,0.0010724937880614016,1007,2574325.41285038
spline_logistic__context_diet_labels,2,label_nutrition,4,-0.00022455737883989024,-0.0028771423367995874,1007,2574325.41285038
spline_logistic__context_diet_labels,2,label_nutrition,5,0.0001785902666082695,-0.0008208790464451221,1007,2574325.41285038
spline_logistic__context_diet_labels,2,label_warnings,1,0.0003237447529384485,-0.0014813977850151039,1007,2574325.41285038
spline_logistic__context_diet_labels,2,label_warnings,2,0.0002963639933031281,-0.0024804791289474437,1007,2574325.41285038
spline_logistic__context_diet_labels,2,label_warnings,3,0.0002733647243880477,0.0009739304511041658,1007,2574325.41285038
spline_logistic__context_diet_labels,2,label_warnings,4,-4.9827724874135226e-05,-0.005590984574318947,1007,2574325.41285038
spline_logistic__context_diet_labels,2,label_warnings,5,0.0008684760480580922,0.0029600348990840297,1007,2574325.41285038
spline_logistic__context_diet_labels,2,label_health,1,-9.056521093220304e-05,-0.003108508526166953,1007,2574325.41285038
spline_logistic__context_diet_labels,2,label_health,2,4.038183989485411e-05,-0.0011476648481307805,1007,2574325.41285038
spline_logistic__context_diet_labels,2,label_health,3,-0.0003623139677137177,-0.005343183490509218,1007,2574325.41285038
spline_logistic__context_diet_labels,2,label_health,4,-0.00036652360472977374,-0.004342732581443687,1007,2574325.41285038
spline_logistic__context_diet_labels,2,label_health,5,4.113447718406826e-05,-0.0018922478655831743,1007,2574325.41285038
spline_logistic__context_diet_labels,2,label_brand,1,0.00011370409160632589,0.00026648996564793137,1007,2574325.41285038
spline_logistic__context_diet_labels,2,label_brand,2,0.00013404796760482784,0.0005709377301481577,1007,2574325.41285038
spline_logistic__context_diet_labels,2,label_brand,3,-0.00018204961602175107,-0.0018906975128293313,1007,2574325.41285038
spline_logistic__context_diet_labels,2,label_brand,4,-0.0005387626064756734,-0.0057925719222226,1007,2574325.41285038
spline_logistic__context_diet_labels,2,label_brand,5,0.00014264516498183055,-0.001326039875528262,1007,2574325.41285038
spline_logistic__context_diet_labels,2,label_discounts,1,-0.00012302005875725053,-0.0017134269879368613,1007,2574325.41285038
spline_logistic__context_diet_labels,2,label_discounts,2,5.6624070231631185e-05,-0.0002328309560315489,1007,2574325.41285038
spline_logistic__context_diet_labels,2,label_discounts,3,-5.921894895125068e-05,-0.0016905488046548012,1007,2574325.41285038
spline_logistic__context_diet_labels,2,label_discounts,4,8.735008135749012e-05,0.0004201701346780995,1007,2574325.41285038
spline_logistic__context_diet_labels,2,label_discounts,5,4.114052552284253e-05,-0.0010610731623187375,1007,2574325.41285038
spline_logistic__context_diet_labels,3,age,1,-0.00023621927385350516,-0.006948414013637549,1011,2776332.157348156
spline_logistic__context_diet_labels,3,age,2,0.009760987574026186,0.07765310610509768,1011,2776332.157348156
spline_logistic__context_diet_labels,3,age,3,0.01071735843858207,0.07468924482345007,1011,2776332.157348156
spline_logistic__context_diet_labels,3,age,4,0.0005433086047031965,0.0006412370004033052,1011,2776332.157348156
spline_logistic__context_diet_labels,3,age,5,0.00585454051946438,0.03912498578944357,1011,2776332.157348156
spline_logistic__context_diet_labels,3,sex,1,0.0010205831798756615,0.0079013843353678,1011,2776332.157348156
spline_logistic__context_diet_labels,3,sex,2,-0.0003096589367838076,-0.0036112883795601514,1011,2776332.157348156
spline_logistic__context_diet_labels,3,sex,3,0.00021865693656725194,0.0030036606024052004,1011,2776332.157348156
spline_logistic__context_diet_labels,3,sex,4,0.0011798078470255935,0.010527428071064882,1011,2776332.157348156
spline_logistic__context_diet_labels,3,sex,5,0.00028651998339676576,0.002046885670547449,1011,2776332.157348156
spline_logistic__context_diet_labels,3,region,1,0.0003473985347012265,0.0026635315268502824,1011,2776332.157348156
spline_logistic__context_diet_labels,3,region,2,0.00021149700767536528,0.0014082601221995228,1011,2776332.157348156
spline_logistic__context_diet_labels,3,region,3,0.0006765189560316298,0.0052801936840628505,1011,2776332.157348156
spline_logistic__context_diet_labels,3,region,4,0.000436096757524429,0.0030660665830258838,1011,2776332.157348156
spline_logistic__context_diet_labels,3,region,5,0.0004358466342002931,0.002511270658993925,1011,2776332.157348156
spline_logistic__context_diet_labels,3,rural,1,9.295652902974183e-08,0.0,1011,2776332.157348156
spline_logistic__context_diet_labels,3,rural,2,-1.5255639693179113e-07,6.819545707026364e-07,1011,2776332.157348156
spline_logistic__context_diet_labels,3,rural,3,-4.855745383558485e-08,-1.6047838213850696e-07,1011,2776332.157348156
spline_logistic__context_diet_labels,3,rural,4,-2.058050396214206e-07,0.0,1011,2776332.157348156
spline_logistic__context_diet_labels,3,rural,5,7.482365937949709e-08,0.0,1011,2776332.157348156
spline_logistic__context_diet_labels,3,education,1,0.0005142410856245894,0.004826294094495198,1011,2776332.157348156
spline_logistic__context_diet_labels,3,education,2,0.00035379139959226813,0.0030578816906798867,1011,2776332.157348156
spline_logistic__context_diet_labels,3,education,3,0.00015515025494675094,0.0021341069963357606,1011,2776332.157348156
spline_logistic__context_diet_labels,3,education,4,-0.00014585630983351972,-0.0004921924926326593,1011,2776332.157348156
spline_logistic__context_diet_labels,3,education,5,0.00047410820467630455,0.0037076575316953297,1011,2776332.157348156
spline_logistic__context_diet_labels,3,indigenous,1,2.668342041819982e-05,0.0008647545326893047,1011,2776332.157348156
spline_logistic__context_diet_labels,3,indigenous,2,-2.3952422636031034e-05,-0.0001992100359841098,1011,2776332.157348156
spline_logistic__context_diet_labels,3,indigenous,3,-8.236618762608172e-05,-0.0002467823187101148,1011,2776332.157348156
spline_logistic__context_diet_labels,3,indigenous,4,5.058672363533745e-05,0.0011489302838462168,1011,2776332.157348156
spline_logistic__context_diet_labels,3,indigenous,5,9.119796152715076e-05,0.0009936351742486638,1011,2776332.157348156
spline_logistic__context_diet_labels,3,born_chile,1,-2.2519873474818874e-05,-8.966340172822385e-05,1011,2776332.157348156
spline_logistic__context_diet_labels,3,born_chile,2,-3.991670739303399e-05,-0.00020393527308237847,1011,2776332.157348156
spline_logistic__context_diet_labels,3,born_chile,3,-1.2524665110369426e-05,-7.025794580894917e-05,1011,2776332.157348156
spline_logistic__context_diet_labels,3,born_chile,4,-3.825214485581041e-06,5.507052408315616e-06,1011,2776332.157348156
spline_logistic__context_diet_labels,3,born_chile,5,-7.717120649328169e-05,-0.000720331604454838,1011,2776332.157348156
spline_logistic__context_diet_labels,3,teeth_remaining,1,0.0034117252207850335,0.02401494694264461,1011,2776332.157348156
spline_logistic__context_diet_labels,3,teeth_remaining,2,0.0036343593284265674,0.02274344846517884,1011,2776332.157348156
spline_logistic__context_diet_labels,3,teeth_remaining,3,0.0016943804232060489,0.006920250152973484,1011,2776332.157348156
spline_logistic__context_diet_labels,3,teeth_remaining,4,0.009097984812703769,0.05810251289690238,1011,2776332.157348156
spline_logistic__context_diet_labels,3,teeth_remaining,5,0.001154192889340322,-0.004670361269110912,1011,2776332.157348156
spline_logistic__context_diet_labels,3,income_band,1,0.0001429217218485157,0.0023927587278917972,1011,2776332.157348156
spline_logistic__context_diet_labels,3,income_band,2,0.0007999133558936611,0.004375965227056966,1011,2776332.157348156
spline_logistic__context_diet_labels,3,income_band,3,0.0005386184872928079,0.0040451299151199605,1011,2776332.157348156
spline_logistic__context_diet_labels,3,income_band,4,0.00047982589926451324,0.003958353738287346,1011,2776332.157348156
spline_logistic__context_diet_labels,3,income_band,5,-0.0002149661809315584,-0.0023578055118039787,1011,2776332.157348156
spline_logistic__context_diet_labels,3,health_insurance,1,-6.823098375891012e-05,0.0004094190925736374,1011,2776332.157348156
spline_logistic__context_diet_labels,3,health_insurance,2,0.00012946608444289187,0.0010927401941144277,1011,2776332.157348156
spline_logistic__context_diet_labels,3,health_insurance,3,0.00023792675924999562,0.0012865891569709964,1011,2776332.157348156
spline_logistic__context_diet_labels,3,health_insurance,4,-0.00011625272478005266,-0.0004733518995932995,1011,2776332.157348156
spline_logistic__context_diet_labels,3,health_insurance,5,-3.203101278251297e-05,-0.0001309619633760306,1011,2776332.157348156
spline_logistic__context_diet_labels,3,smoking_status,1,0.00021814760352303897,0.0014953256826932826,1011,2776332.157348156
spline_logistic__context_diet_labels,3,smoking_status,2,-0.00022287279057203735,-0.0013367025126512777,1011,2776332.157348156
spline_logistic__context_diet_labels,3,smoking_status,3,-0.00039183999309663764,-0.00290183730587823,1011,2776332.157348156
spline_logistic__context_diet_labels,3,smoking_status,4,-0.00011042284141460357,-0.0010944745617765816,1011,2776332.157348156
spline_logistic__context_diet_labels,3,smoking_status,5,-8.485563233218141e-05,-0.0007862633810550301,1011,2776332.157348156
spline_logistic__context_diet_labels,3,diabetes_reported,1,-0.00016275354935374464,-0.0007338859169381262,1011,2776332.157348156
spline_logistic__context_diet_labels,3,diabetes_reported,2,0.00021219736709410242,0.0019515619441656806,1011,2776332.157348156
spline_logistic__context_diet_labels,3,diabetes_reported,3,0.00018070814256623824,0.0005142500856415433,1011,2776332.157348156
spline_logistic__context_diet_labels,3,diabetes_reported,4,9.624065153041039e-05,0.0013444257487523759,1011,2776332.157348156
spline_logistic__context_diet_labels,3,diabetes_reported,5,0.0004128327844045432,0.00280893297910223,1011,2776332.157348156
spline_logistic__context_diet_labels,3,dental_visit,1,0.0007346310630720054,0.0053509276179209975,1011,2776332.157348156
spline_logistic__context_diet_labels,3,dental_visit,2,0.0011075446161453173,0.006337783468040259,1011,2776332.157348156
spline_logistic__context_diet_labels,3,dental_visit,3,0.0006401265677528911,0.003917932129384183,1011,2776332.157348156
spline_logistic__context_diet_labels,3,dental_visit,4,0.0006661764077880161,0.004382116047736528,1011,2776332.157348156
spline_logistic__context_diet_labels,3,dental_visit,5,0.0005053878864476058,0.0038743658900076694,1011,2776332.157348156
spline_logistic__context_diet_labels,3,dental_visit_reason,1,0.0013735143446481635,0.005414530803564688,1011,2776332.157348156
spline_logistic__context_diet_labels,3,dental_visit_reason,2,0.00010743609960059408,-0.0023234569583961973,1011,2776332.157348156
spline_logistic__context_diet_labels,3,dental_visit_reason,3,0.0014862588726157477,0.007776686124946974,1011,2776332.157348156
spline_logistic__context_diet_labels,3,dental_visit_reason,4,0.0026585108415223546,0.01915288381558433,1011,2776332.157348156
spline_logistic__context_diet_labels,3,dental_visit_reason,5,0.0006959262692336765,0.002542531919276114,1011,2776332.157348156
spline_logistic__context_diet_labels,3,dental_access,1,0.0006904007282406421,0.005439353376274214,1011,2776332.157348156
spline_logistic__context_diet_labels,3,dental_access,2,0.0005223000961657731,0.0044445128504734255,1011,2776332.157348156
spline_logistic__context_diet_labels,3,dental_access,3,0.000533157031085002,0.0045763894547949935,1011,2776332.157348156
spline_logistic__context_diet_labels,3,dental_access,4,0.000739036103038021,0.004454623519305145,1011,2776332.157348156
spline_logistic__context_diet_labels,3,dental_access,5,0.0007638062812055091,0.0049107356821923576,1011,2776332.157348156
spline_logistic__context_diet_labels,3,household_water_source,1,2.575771514523595e-05,0.0002448492023870985,1011,2776332.157348156
spline_logistic__context_diet_labels,3,household_water_source,2,2.6405842456056483e-05,0.00025852833396078356,1011,2776332.157348156
spline_logistic__context_diet_labels,3,household_water_source,3,-1.1296736693588993e-05,0.0002610799046830481,1011,2776332.157348156
spline_logistic__context_diet_labels,3,household_water_source,4,-3.6604612067142606e-05,-0.0006023037953098997,1011,2776332.157348156
spline_logistic__context_diet_labels,3,household_water_source,5,2.2695177402970446e-05,-1.1717431429025815e-05,1011,2776332.157348156
spline_logistic__context_diet_labels,3,rural_water_consumption,1,-3.64184329221251e-07,-4.567168433589064e-05,1011,2776332.157348156
spline_logistic__context_diet_labels,3,rural_water_consumption,2,4.8533101521530675e-06,0.0001107575615606482,1011,2776332.157348156
spline_logistic__context_diet_labels,3,rural_water_consumption,3,-7.830376364231784e-06,-6.07613856858924e-05,1011,2776332.157348156
spline_logistic__context_diet_labels,3,rural_water_consumption,4,1.3873406684850043e-06,-2.3286662731547558e-05,1011,2776332.157348156
spline_logistic__context_diet_labels,3,rural_water_consumption,5,-4.746209197714624e-06,2.6583328467388867e-05,1011,2776332.157348156
spline_logistic__context_diet_labels,3,fish,1,-6.461823139480849e-05,-0.000697449776126402,1011,2776332.157348156
spline_logistic__context_diet_labels,3,fish,2,-1.888234772529085e-05,0.0001963636045736461,1011,2776332.157348156
spline_logistic__context_diet_labels,3,fish,3,-0.00016617822335590615,-0.00029523509582840557,1011,2776332.157348156
spline_logistic__context_diet_labels,3,fish,4,-1.7465940953032e-05,-0.00011084204861577795,1011,2776332.157348156
spline_logistic__context_diet_labels,3,fish,5,-0.00017812478775425244,-0.0016334592665588898,1011,2776332.157348156
spline_logistic__context_diet_labels,3,dairy_frequency,1,0.00014940748473762921,0.0009399379799645002,1011,2776332.157348156
spline_logistic__context_diet_labels,3,dairy_frequency,2,-0.0003828297916677603,-0.004090054029168844,1011,2776332.157348156
spline_logistic__context_diet_labels,3,dairy_frequency,3,9.812086055493996e-06,-0.0012423878530883892,1011,2776332.157348156
spline_logistic__context_diet_labels,3,dairy_frequency,4,-0.00029295666199233295,-0.002749761274522311,1011,2776332.157348156
spline_logistic__context_diet_labels,3,dairy_frequency,5,-8.03869871732199e-06,6.629540318703331e-05,1011,2776332.157348156
spline_logistic__context_diet_labels,3,dairy_type,1,0.0003576598737120573,0.00238200020260948,1011,2776332.157348156
spline_logistic__context_diet_labels,3,dairy_type,2,7.365797165068133e-05,-0.0009984983169433193,1011,2776332.157348156
spline_logistic__context_diet_labels,3,dairy_type,3,0.0001587021709832659,0.0004274077518459096,1011,2776332.157348156
spline_logistic__context_diet_labels,3,dairy_type,4,0.0003306994813352948,0.0023779095952770612,1011,2776332.157348156
spline_logistic__context_diet_labels,3,dairy_type,5,0.0004070870945590277,0.0012649520363574585,1011,2776332.157348156
spline_logistic__context_diet_labels,3,wholegrain,1,-9.714605768146312e-05,-0.0021564585427065186,1011,2776332.157348156
spline_logistic__context_diet_labels,3,wholegrain,2,0.00025241548070503717,0.0005056803443448388,1011,2776332.157348156
spline_logistic__context_diet_labels,3,wholegrain,3,0.0001308700081552039,-0.0008099703200107333,1011,2776332.157348156
spline_logistic__context_diet_labels,3,wholegrain,4,0.0002846244343694959,0.00030923101453961266,1011,2776332.157348156
spline_logistic__context_diet_labels,3,wholegrain,5,0.00013387773130249525,0.00027434566980322206,1011,2776332.157348156
spline_logistic__context_diet_labels,3,legumes,1,2.8103178951438545e-05,0.002076065762520174,1011,2776332.157348156
spline_logistic__context_diet_labels,3,legumes,2,0.00022122073358651906,0.002874430247685633,1011,2776332.157348156
spline_logistic__context_diet_labels,3,legumes,3,-9.733940160269738e-05,0.0003166677085496561,1011,2776332.157348156
spline_logistic__context_diet_labels,3,legumes,4,0.00012747966517207,0.00223671592343877,1011,2776332.157348156
spline_logistic__context_diet_labels,3,legumes,5,4.754722261932076e-05,0.00016879050431350962,1011,2776332.157348156
spline_logistic__context_diet_labels,3,fruit_days,1,2.202497022132932e-05,0.0003786678098903762,1011,2776332.157348156
spline_logistic__context_diet_labels,3,fruit_days,2,-9.119501521581697e-05,-0.0016474666495496226,1011,2776332.157348156
spline_logistic__context_diet_labels,3,fruit_days,3,2.6315011499938867e-05,-0.0011463787303132023,1011,2776332.157348156
spline_logistic__context_diet_labels,3,fruit_days,4,-0.00022962461035638815,-0.001371681290497917,1011,2776332.157348156
spline_logistic__context_diet_labels,3,fruit_days,5,-0.00024622795514858686,-0.0020660955091940103,1011,2776332.157348156
spline_logistic__context_diet_labels,3,fruit_portions,1,0.0008041525720114129,0.005372420119632237,1011,2776332.157348156
spline_logistic__context_diet_labels,3,fruit_portions,2,0.0003215063996717671,0.003158731257920544,1011,2776332.157348156
spline_logistic__context_diet_labels,3,fruit_portions,3,0.0006545722734369874,0.005951938537616663,1011,2776332.157348156
spline_logistic__context_diet_labels,3,fruit_portions,4,0.0005576987345382312,0.00472232942673767,1011,2776332.157348156
spline_logistic__context_diet_labels,3,fruit_portions,5,0.0003966497802016522,0.0021662131199066126,1011,2776332.157348156
spline_logistic__context_diet_labels,3,vegetable_days,1,0.00025141933635541847,0.0019185327475775837,1011,2776332.157348156
spline_logistic__context_diet_labels,3,vegetable_days,2,0.0003332092905923012,0.00262556293267191,1011,2776332.157348156
spline_logistic__context_diet_labels,3,vegetable_days,3,0.000588639879288505,0.004179490996149782,1011,2776332.157348156
spline_logistic__context_diet_labels,3,vegetable_days,4,0.0006668283963729427,0.00432420821266577,1011,2776332.157348156
spline_logistic__context_diet_labels,3,vegetable_days,5,0.000575484933354381,0.004384312114892097,1011,2776332.157348156
spline_logistic__context_diet_labels,3,vegetable_portions,1,-3.502977193017842e-05,-0.00044233875225330177,1011,2776332.157348156
spline_logistic__context_diet_labels,3,vegetable_portions,2,0.00028711886065771464,0.0033641883252389926,1011,2776332.157348156
spline_logistic__context_diet_labels,3,vegetable_portions,3,-0.00011833944117650708,0.0006365582553400362,1011,2776332.157348156
spline_logistic__context_diet_labels,3,vegetable_portions,4,0.0005346606092097861,0.003327992725220552,1011,2776332.157348156
spline_logistic__context_diet_labels,3,vegetable_portions,5,-0.0005860225240154615,-0.004668145183431505,1011,2776332.157348156
spline_logistic__context_diet_labels,3,water,1,7.080190793673502e-05,0.0005278156695153191,1011,2776332.157348156
spline_logistic__context_diet_labels,3,water,2,0.00012719753725354277,0.000847131387604283,1011,2776332.157348156
spline_logistic__context_diet_labels,3,water,3,1.15085683763394e-06,-0.0004226921728646138,1011,2776332.157348156
spline_logistic__context_diet_labels,3,water,4,-2.314712433060251e-06,-0.0002730909567200124,1011,2776332.157348156
spline_logistic__context_diet_labels,3,water,5,5.689386948876107e-05,4.597940082862184e-05,1011,2776332.157348156
spline_logistic__context_diet_labels,3,soda_frequency,1,0.00023722901562509002,-0.00022110387298190926,1011,2776332.157348156
spline_logistic__context_diet_labels,3,soda_frequency,2,0.0008734269804185901,0.00737588837244163,1011,2776332.157348156
spline_logistic__context_diet_labels,3,soda_frequency,3,0.0008421687122362465,0.006745251396921281,1011,2776332.157348156
spline_logistic__context_diet_labels,3,soda_frequency,4,0.0006882386300340049,0.004403873466038877,1011,2776332.157348156
spline_logistic__context_diet_labels,3,soda_frequency,5,0.0001444600028800147,0.00235948401018804,1011,2776332.157348156
spline_logistic__context_diet_labels,3,juice_frequency,1,0.0002034923850094128,0.0017229675800756183,1011,2776332.157348156
spline_logistic__context_diet_labels,3,juice_frequency,2,-7.437631520537669e-05,-0.0002457083881396427,1011,2776332.157348156
spline_logistic__context_diet_labels,3,juice_frequency,3,3.942376748977683e-05,0.0012582214404736058,1011,2776332.157348156
spline_logistic__context_diet_labels,3,juice_frequency,4,3.949964212771051e-05,-0.0001302332481606383,1011,2776332.157348156
spline_logistic__context_diet_labels,3,juice_frequency,5,-9.943679873086753e-06,0.0004175175589803404,1011,2776332.157348156
spline_logistic__context_diet_labels,3,oil,1,-1.7134026414900028e-06,-2.6949602736303646e-05,1011,2776332.157348156
spline_logistic__context_diet_labels,3,oil,2,8.251297140715597e-06,-3.992833893851078e-05,1011,2776332.157348156
spline_logistic__context_diet_labels,3,oil,3,6.785900531353084e-06,-6.323049705958539e-05,1011,2776332.157348156
spline_logistic__context_diet_labels,3,oil,4,-1.4614313604527363e-05,-0.00019486995791229145,1011,2776332.157348156
spline_logistic__context_diet_labels,3,oil,5,-9.015622673136381e-07,0.00013747782071904524,1011,2776332.157348156
spline_logistic__context_diet_labels,3,soda_glasses_daily,1,0.0006023132311604729,0.0015731680330403064,1011,2776332.157348156
spline_logistic__context_diet_labels,3,soda_glasses_daily,2,0.00038058748024091815,0.002710730478969081,1011,2776332.157348156
spline_logistic__context_diet_labels,3,soda_glasses_daily,3,0.0007642819884687013,0.005080543227551471,1011,2776332.157348156
spline_logistic__context_diet_labels,3,soda_glasses_daily,4,0.0005139311017394732,0.0024121728063469794,1011,2776332.157348156
spline_logistic__context_diet_labels,3,soda_glasses_daily,5,0.0016575946225833582,0.01127537370378906,1011,2776332.157348156
spline_logistic__context_diet_labels,3,juice_glasses_daily,1,0.001002423209726211,0.0071240465351085636,1011,2776332.157348156
spline_logistic__context_diet_labels,3,juice_glasses_daily,2,0.00010833598445597614,-3.611938249525881e-05,1011,2776332.157348156
spline_logistic__context_diet_labels,3,juice_glasses_daily,3,0.0003349741829347108,0.000797747265063431,1011,2776332.157348156
spline_logistic__context_diet_labels,3,juice_glasses_daily,4,0.0006334699034613589,0.0034990813605840776,1011,2776332.157348156
spline_logistic__context_diet_labels,3,juice_glasses_daily,5,0.00037539752048307284,0.0036343616805268875,1011,2776332.157348156
spline_logistic__context_diet_labels,3,label_ingredients,1,1.0326392316073463e-05,-0.001136192795613833,1011,2776332.157348156
spline_logistic__context_diet_labels,3,label_ingredients,2,3.271269220767037e-05,0.0005542427674133377,1011,2776332.157348156
spline_logistic__context_diet_labels,3,label_ingredients,3,2.948140660255505e-05,-0.00045211043355875,1011,2776332.157348156
spline_logistic__context_diet_labels,3,label_ingredients,4,5.844318614528499e-06,2.447524668403034e-05,1011,2776332.157348156
spline_logistic__context_diet_labels,3,label_ingredients,5,7.443668584855567e-05,0.0005546800110017847,1011,2776332.157348156
spline_logistic__context_diet_labels,3,label_nutrition,1,0.00020272127404308282,0.0007573163147828188,1011,2776332.157348156
spline_logistic__context_diet_labels,3,label_nutrition,2,0.00012948026780776334,0.0005853291653044046,1011,2776332.157348156
spline_logistic__context_diet_labels,3,label_nutrition,3,9.588280703937135e-06,-0.0005163819182514295,1011,2776332.157348156
spline_logistic__context_diet_labels,3,label_nutrition,4,-3.242539720330062e-05,-0.00012604491523970918,1011,2776332.157348156
spline_logistic__context_diet_labels,3,label_nutrition,5,0.0002481269433105282,0.0006029877402961015,1011,2776332.157348156
spline_logistic__context_diet_labels,3,label_warnings,1,-0.0006840827616119705,-0.00817603465527561,1011,2776332.157348156
spline_logistic__context_diet_labels,3,label_warnings,2,-1.4433247074951971e-05,-0.0013911156749085718,1011,2776332.157348156
spline_logistic__context_diet_labels,3,label_warnings,3,5.745758693942449e-06,-0.0008693187179048545,1011,2776332.157348156
spline_logistic__context_diet_labels,3,label_warnings,4,3.3528317303133104e-05,-0.0002712832164549761,1011,2776332.157348156
spline_logistic__context_diet_labels,3,label_warnings,5,0.0005971698047550211,0.0030671381420763755,1011,2776332.157348156
spline_logistic__context_diet_labels,3,label_health,1,6.305144696322484e-06,-3.233866201879376e-05,1011,2776332.157348156
spline_logistic__context_diet_labels,3,label_health,2,-3.806414058155072e-05,-0.00037466050402390483,1011,2776332.157348156
spline_logistic__context_diet_labels,3,label_health,3,7.518415485130436e-06,6.884452097810634e-05,1011,2776332.157348156
spline_logistic__context_diet_labels,3,label_health,4,9.341419049069266e-06,0.00034122734055874737,1011,2776332.157348156
spline_logistic__context_diet_labels,3,label_health,5,6.969336549672578e-06,-4.041637043272761e-05,1011,2776332.157348156
spline_logistic__context_diet_labels,3,label_brand,1,9.392333780147699e-05,-0.0006274295966169907,1011,2776332.157348156
spline_logistic__context_diet_labels,3,label_brand,2,-0.00017426471453863002,-0.0024571920852041185,1011,2776332.157348156
spline_logistic__context_diet_labels,3,label_brand,3,-0.00024303173005235656,-0.0025196764543559125,1011,2776332.157348156
spline_logistic__context_diet_labels,3,label_brand,4,-0.00040393570137045587,-0.004033706641496937,1011,2776332.157348156
spline_logistic__context_diet_labels,3,label_brand,5,-2.036507502772844e-05,-0.0010177450233086471,1011,2776332.157348156
spline_logistic__context_diet_labels,3,label_discounts,1,-5.623865748871637e-06,-0.00013949038833349636,1011,2776332.157348156
spline_logistic__context_diet_labels,3,label_discounts,2,-0.00015343624225042096,-0.0007017512119770197,1011,2776332.157348156
spline_logistic__context_diet_labels,3,label_discounts,3,0.00010177778196340803,0.0005270880034626835,1011,2776332.157348156
spline_logistic__context_diet_labels,3,label_discounts,4,6.225916182878155e-05,0.0009065952962014068,1011,2776332.157348156
spline_logistic__context_diet_labels,3,label_discounts,5,4.824540077602579e-05,-8.106587210621186e-05,1011,2776332.157348156
spline_logistic__context_diet_labels,4,age,1,0.008416668844451525,0.05754577943678474,1007,2777806.4952178
spline_logistic__context_diet_labels,4,age,2,0.0075415425768717015,0.05288461192572258,1007,2777806.4952178
spline_logistic__context_diet_labels,4,age,3,0.003436087119357889,0.03742486874073059,1007,2777806.4952178
spline_logistic__context_diet_labels,4,age,4,0.005753684870508424,0.049123884560622555,1007,2777806.4952178
spline_logistic__context_diet_labels,4,age,5,0.007165550737241955,0.04911575104911359,1007,2777806.4952178
spline_logistic__context_diet_labels,4,sex,1,0.001115166133903167,0.005500112014787062,1007,2777806.4952178
spline_logistic__context_diet_labels,4,sex,2,0.0007552552868221318,0.0013090692760057143,1007,2777806.4952178
spline_logistic__context_diet_labels,4,sex,3,0.00016776766290615974,-0.0012294844614001432,1007,2777806.4952178
spline_logistic__context_diet_labels,4,sex,4,0.001343685118786908,0.005911804796457587,1007,2777806.4952178
spline_logistic__context_diet_labels,4,sex,5,0.001192816258447832,0.005264739383206818,1007,2777806.4952178
spline_logistic__context_diet_labels,4,region,1,0.0004375107664389144,0.0021011168507648614,1007,2777806.4952178
spline_logistic__context_diet_labels,4,region,2,0.00015319291206122854,0.0004076960266243823,1007,2777806.4952178
spline_logistic__context_diet_labels,4,region,3,3.938820803323084e-05,0.0006466204533205344,1007,2777806.4952178
spline_logistic__context_diet_labels,4,region,4,0.0003705370307992839,0.002139566190355602,1007,2777806.4952178
spline_logistic__context_diet_labels,4,region,5,0.0004081517900512699,0.0018468297349555352,1007,2777806.4952178
spline_logistic__context_diet_labels,4,rural,1,-7.3060225257437494e-06,-0.0007889869356249024,1007,2777806.4952178
spline_logistic__context_diet_labels,4,rural,2,1.5961148042004103e-05,-0.00038600476531913674,1007,2777806.4952178
spline_logistic__context_diet_labels,4,rural,3,-3.60652569666442e-05,-0.0007336493629999108,1007,2777806.4952178
spline_logistic__context_diet_labels,4,rural,4,-5.460023166753425e-05,-0.000834420264147262,1007,2777806.4952178
spline_logistic__context_diet_labels,4,rural,5,-6.690885337293229e-05,-0.0008818400095531587,1007,2777806.4952178
spline_logistic__context_diet_labels,4,education,1,0.0004223519302391232,0.0017893389855329067,1007,2777806.4952178
spline_logistic__context_diet_labels,4,education,2,-0.0007480639712401371,-0.0054456332910817196,1007,2777806.4952178
spline_logistic__context_diet_labels,4,education,3,0.0009013663904921254,0.006302526848048884,1007,2777806.4952178
spline_logistic__context_diet_labels,4,education,4,0.000508950431488242,0.00290342525276599,1007,2777806.4952178
spline_logistic__context_diet_labels,4,education,5,0.00013598085896260326,0.0005721961407741949,1007,2777806.4952178
spline_logistic__context_diet_labels,4,indigenous,1,1.2895035534810084e-05,-0.00025705096632056,1007,2777806.4952178
spline_logistic__context_diet_labels,4,indigenous,2,3.156882088389823e-05,0.00033853079586187995,1007,2777806.4952178
spline_logistic__context_diet_labels,4,indigenous,3,2.6188354698170047e-05,0.0001541326066454296,1007,2777806.4952178
spline_logistic__context_diet_labels,4,indigenous,4,0.00011581210689939891,0.000910652102541154,1007,2777806.4952178
spline_logistic__context_diet_labels,4,indigenous,5,3.6624868561652146e-05,0.0003501184631520271,1007,2777806.4952178
spline_logistic__context_diet_labels,4,born_chile,1,-1.5012683401816052e-05,-0.00012137842856374537,1007,2777806.4952178
spline_logistic__context_diet_labels,4,born_chile,2,-3.1159501414107504e-05,-0.00025576254827175404,1007,2777806.4952178
spline_logistic__context_diet_labels,4,born_chile,3,1.2888462257443223e-06,-3.956340399546843e-05,1007,2777806.4952178
spline_logistic__context_diet_labels,4,born_chile,4,-2.861807162490848e-05,-5.9380688127608217e-05,1007,2777806.4952178
spline_logistic__context_diet_labels,4,born_chile,5,-3.476553037431995e-05,-0.0002054958702187859,1007,2777806.4952178
spline_logistic__context_diet_labels,4,teeth_remaining,1,0.0007150937075010022,0.0073902846530736754,1007,2777806.4952178
spline_logistic__context_diet_labels,4,teeth_remaining,2,0.0060494803337929615,0.04671896318991453,1007,2777806.4952178
spline_logistic__context_diet_labels,4,teeth_remaining,3,0.002924359659529946,0.02331977989309808,1007,2777806.4952178
spline_logistic__context_diet_labels,4,teeth_remaining,4,0.0006605003957129985,0.004522507561710465,1007,2777806.4952178
spline_logistic__context_diet_labels,4,teeth_remaining,5,0.004164521418189404,0.04087623902441162,1007,2777806.4952178
spline_logistic__context_diet_labels,4,income_band,1,0.0003798121780025365,0.002869681176699612,1007,2777806.4952178
spline_logistic__context_diet_labels,4,income_band,2,0.0007424781260053359,0.0041388702486715445,1007,2777806.4952178
spline_logistic__context_diet_labels,4,income_band,3,0.0003321388338972664,0.001783296171118498,1007,2777806.4952178
spline_logistic__context_diet_labels,4,income_band,4,0.0001173434139660201,0.0019383114376125832,1007,2777806.4952178
spline_logistic__context_diet_labels,4,income_band,5,0.00038591847144267555,0.0021121153439945806,1007,2777806.4952178
spline_logistic__context_diet_labels,4,health_insurance,1,-0.00010145401725941694,-0.001280037838476633,1007,2777806.4952178
spline_logistic__context_diet_labels,4,health_insurance,2,0.00011579477507245306,-0.00043668322351841926,1007,2777806.4952178
spline_logistic__context_diet_labels,4,health_insurance,3,0.00016430907098080594,0.0003513732761561972,1007,2777806.4952178
spline_logistic__context_diet_labels,4,health_insurance,4,2.6775475371609847e-06,-0.0012133016007650488,1007,2777806.4952178
spline_logistic__context_diet_labels,4,health_insurance,5,9.737185439756546e-05,0.00010081531778982633,1007,2777806.4952178
spline_logistic__context_diet_labels,4,smoking_status,1,-8.547808533920787e-05,-0.000646939712400485,1007,2777806.4952178
spline_logistic__context_diet_labels,4,smoking_status,2,0.00019140121418731448,0.0006146263789913453,1007,2777806.4952178
spline_logistic__context_diet_labels,4,smoking_status,3,9.021642715842382e-05,0.0003427470520109832,1007,2777806.4952178
spline_logistic__context_diet_labels,4,smoking_status,4,-0.0002417867124916706,-0.00310712611090036,1007,2777806.4952178
spline_logistic__context_diet_labels,4,smoking_status,5,0.0001831087893073846,0.0015010555347286791,1007,2777806.4952178
spline_logistic__context_diet_labels,4,diabetes_reported,1,-1.1947656729155431e-05,-6.215310717372358e-05,1007,2777806.4952178
spline_logistic__context_diet_labels,4,diabetes_reported,2,-0.0001622873259484181,-0.0021656187410036276,1007,2777806.4952178
spline_logistic__context_diet_labels,4,diabetes_reported,3,1.5337301813383997e-05,-0.0003145864308345958,1007,2777806.4952178
spline_logistic__context_diet_labels,4,diabetes_reported,4,0.00012334450150849885,0.000733381443316028,1007,2777806.4952178
spline_logistic__context_diet_labels,4,diabetes_reported,5,-0.00010609273450770673,-0.0015362357277196592,1007,2777806.4952178
spline_logistic__context_diet_labels,4,dental_visit,1,0.0011694501750861563,0.008876521566569262,1007,2777806.4952178
spline_logistic__context_diet_labels,4,dental_visit,2,0.0005846351067388122,0.004273687140416427,1007,2777806.4952178
spline_logistic__context_diet_labels,4,dental_visit,3,0.00047302535779583654,0.0015368015713489447,1007,2777806.4952178
spline_logistic__context_diet_labels,4,dental_visit,4,0.0015048211701518266,0.008325678244582302,1007,2777806.4952178
spline_logistic__context_diet_labels,4,dental_visit,5,0.0008231568646564213,0.005806739200182709,1007,2777806.4952178
spline_logistic__context_diet_labels,4,dental_visit_reason,1,0.002351443227565725,0.014466952161804048,1007,2777806.4952178
spline_logistic__context_diet_labels,4,dental_visit_reason,2,0.000882944311295597,0.0049063387775527545,1007,2777806.4952178
spline_logistic__context_diet_labels,4,dental_visit_reason,3,0.001244369686761726,0.006415981143545246,1007,2777806.4952178
spline_logistic__context_diet_labels,4,dental_visit_reason,4,0.0013263711160932112,0.006281548917800195,1007,2777806.4952178
spline_logistic__context_diet_labels,4,dental_visit_reason,5,0.0021316121945382793,0.010151711014795395,1007,2777806.4952178
spline_logistic__context_diet_labels,4,dental_access,1,0.00021207060095451702,0.0015787331353293022,1007,2777806.4952178
spline_logistic__context_diet_labels,4,dental_access,2,0.0004602978776975797,0.0022981818576374158,1007,2777806.4952178
spline_logistic__context_diet_labels,4,dental_access,3,0.00016762735641814852,-9.482364538149213e-05,1007,2777806.4952178
spline_logistic__context_diet_labels,4,dental_access,4,0.00016498994794955646,0.00034694701882331813,1007,2777806.4952178
spline_logistic__context_diet_labels,4,dental_access,5,0.00047007445781879764,0.0025991429954097534,1007,2777806.4952178
spline_logistic__context_diet_labels,4,household_water_source,1,-3.235775947410535e-05,-0.0007093095267970417,1007,2777806.4952178
spline_logistic__context_diet_labels,4,household_water_source,2,-3.085961188925568e-05,-0.00017990669300249618,1007,2777806.4952178
spline_logistic__context_diet_labels,4,household_water_source,3,-1.0715652421916522e-05,-0.00012637889561761817,1007,2777806.4952178
spline_logistic__context_diet_labels,4,household_water_source,4,-4.24555003941951e-05,-0.00041195781591785163,1007,2777806.4952178
spline_logistic__context_diet_labels,4,household_water_source,5,3.4727727102057404e-06,3.263870292447013e-05,1007,2777806.4952178
spline_logistic__context_diet_labels,4,rural_water_consumption,1,-1.0276985479562573e-05,-0.00016062345203093908,1007,2777806.4952178
spline_logistic__context_diet_labels,4,rural_water_consumption,2,-1.2641821441949919e-05,-0.00014828741543027046,1007,2777806.4952178
spline_logistic__context_diet_labels,4,rural_water_consumption,3,2.688098229841618e-06,-0.00015035903603133338,1007,2777806.4952178
spline_logistic__context_diet_labels,4,rural_water_consumption,4,-1.0039333689204621e-05,-0.00014687153174586243,1007,2777806.4952178
spline_logistic__context_diet_labels,4,rural_water_consumption,5,-1.245722023610063e-05,-0.00033371611962429437,1007,2777806.4952178
spline_logistic__context_diet_labels,4,fish,1,-0.0004808355542976206,-0.0027950739042623685,1007,2777806.4952178
spline_logistic__context_diet_labels,4,fish,2,-0.0003615357523554519,-0.002450485033072325,1007,2777806.4952178
spline_logistic__context_diet_labels,4,fish,3,-0.0004396732309636109,-0.002551771715691431,1007,2777806.4952178
spline_logistic__context_diet_labels,4,fish,4,-0.0005313882205960629,-0.003390857945539283,1007,2777806.4952178
spline_logistic__context_diet_labels,4,fish,5,-0.0006488977263779394,-0.004630519065305205,1007,2777806.4952178
spline_logistic__context_diet_labels,4,dairy_frequency,1,-7.96079437242192e-05,-0.0004910925913641506,1007,2777806.4952178
spline_logistic__context_diet_labels,4,dairy_frequency,2,0.0003771231357456717,0.0021360994880464945,1007,2777806.4952178
spline_logistic__context_diet_labels,4,dairy_frequency,3,-0.00018854162260725782,0.0009162424349343778,1007,2777806.4952178
spline_logistic__context_diet_labels,4,dairy_frequency,4,-0.00028254015295281487,-0.002824246578711276,1007,2777806.4952178
spline_logistic__context_diet_labels,4,dairy_frequency,5,0.00035492834822870023,0.0016771779598042658,1007,2777806.4952178
spline_logistic__context_diet_labels,4,dairy_type,1,6.8960974794196606e-06,1.4939553735104916e-05,1007,2777806.4952178
spline_logistic__context_diet_labels,4,dairy_type,2,-3.1975543542117624e-06,0.00036515012170323935,1007,2777806.4952178
spline_logistic__context_diet_labels,4,dairy_type,3,3.2268264541279734e-05,0.00019614111506671694,1007,2777806.4952178
spline_logistic__context_diet_labels,4,dairy_type,4,0.000245490182375685,-6.116243865805782e-05,1007,2777806.4952178
spline_logistic__context_diet_labels,4,dairy_type,5,0.0001368803370866145,0.0015335828684789332,1007,2777806.4952178
spline_logistic__context_diet_labels,4,wholegrain,1,-0.00011290933062294006,-0.001833208862572877,1007,2777806.4952178
spline_logistic__context_diet_labels,4,wholegrain,2,-0.0001554808298248611,-0.0023582886981432516,1007,2777806.4952178
spline_logistic__context_diet_labels,4,wholegrain,3,-0.0004965978766092449,-0.004828199860556492,1007,2777806.4952178
spline_logistic__context_diet_labels,4,wholegrain,4,-0.0004884116389180515,-0.0042308431881363795,1007,2777806.4952178
spline_logistic__context_diet_labels,4,wholegrain,5,-0.0002459684425007991,-0.0030904878289844673,1007,2777806.4952178
spline_logistic__context_diet_labels,4,legumes,1,-6.317720897153212e-05,-0.0023282740981441785,1007,2777806.4952178
spline_logistic__context_diet_labels,4,legumes,2,0.0003614179638827264,0.00011329984401531323,1007,2777806.4952178
spline_logistic__context_diet_labels,4,legumes,3,-7.263962153772341e-05,-0.00042988369208418753,1007,2777806.4952178
spline_logistic__context_diet_labels,4,legumes,4,-2.8143516700329663e-05,-0.001266214830120016,1007,2777806.4952178
spline_logistic__context_diet_labels,4,legumes,5,-5.939054027773172e-05,-0.0017419478538553967,1007,2777806.4952178
spline_logistic__context_diet_labels,4,fruit_days,1,6.798559934323434e-05,0.0004442211591046963,1007,2777806.4952178
spline_logistic__context_diet_labels,4,fruit_days,2,0.00035146160474011645,0.0019561173484914374,1007,2777806.4952178
spline_logistic__context_diet_labels,4,fruit_days,3,-6.44580289095309e-05,-0.001603416792038126,1007,2777806.4952178
spline_logistic__context_diet_labels,4,fruit_days,4,0.0002789859995649957,0.0015260748333206786,1007,2777806.4952178
spline_logistic__context_diet_labels,4,fruit_days,5,0.00024851470575756873,0.0004974118132540228,1007,2777806.4952178
spline_logistic__context_diet_labels,4,fruit_portions,1,6.116406266598595e-05,-0.0012320370609660847,1007,2777806.4952178
spline_logistic__context_diet_labels,4,fruit_portions,2,-0.0002224289211014141,0.00018503346384179942,1007,2777806.4952178
spline_logistic__context_diet_labels,4,fruit_portions,3,-0.0003129007254958627,-0.0020377163369921236,1007,2777806.4952178
spline_logistic__context_diet_labels,4,fruit_portions,4,-0.0005801955675671655,-0.0029780332656454966,1007,2777806.4952178
spline_logistic__context_diet_labels,4,fruit_portions,5,0.00037315406254270767,0.0018116126116661802,1007,2777806.4952178
spline_logistic__context_diet_labels,4,vegetable_days,1,0.000822456967190216,0.006067435962125223,1007,2777806.4952178
spline_logistic__context_diet_labels,4,vegetable_days,2,0.00018554841190446258,0.0010555163731074124,1007,2777806.4952178
spline_logistic__context_diet_labels,4,vegetable_days,3,0.0004882494893963252,0.0024926246031823363,1007,2777806.4952178
spline_logistic__context_diet_labels,4,vegetable_days,4,0.00012686436495665254,-0.001117874034825439,1007,2777806.4952178
spline_logistic__context_diet_labels,4,vegetable_days,5,-0.00032430154848284154,-0.002082697107107845,1007,2777806.4952178
spline_logistic__context_diet_labels,4,vegetable_portions,1,-0.0008199620269020436,-0.004080564373967532,1007,2777806.4952178
spline_logistic__context_diet_labels,4,vegetable_portions,2,6.581181986331508e-05,0.0004583163459707107,1007,2777806.4952178
spline_logistic__context_diet_labels,4,vegetable_portions,3,-0.00030041524126528385,-0.0022742452690635018,1007,2777806.4952178
spline_logistic__context_diet_labels,4,vegetable_portions,4,0.00027288412808243456,0.003048450698759919,1007,2777806.4952178
spline_logistic__context_diet_labels,4,vegetable_portions,5,0.00030111187644266124,0.003266971453537715,1007,2777806.4952178
spline_logistic__context_diet_labels,4,water,1,-7.733611946045271e-05,-0.0006666682100624488,1007,2777806.4952178
spline_logistic__context_diet_labels,4,water,2,2.268958894427464e-05,0.0002859158060461997,1007,2777806.4952178
spline_logistic__context_diet_labels,4,water,3,0.0003298581551426649,0.0022733013115651124,1007,2777806.4952178
spline_logistic__context_diet_labels,4,water,4,0.00013200971832927344,0.0006356528924759131,1007,2777806.4952178
spline_logistic__context_diet_labels,4,water,5,-0.0003399844659745799,-0.0026502224308478928,1007,2777806.4952178
spline_logistic__context_diet_labels,4,soda_frequency,1,-0.002731978958234599,-0.017153456589575122,1007,2777806.4952178
spline_logistic__context_diet_labels,4,soda_frequency,2,-0.001250290672026283,-0.005770197827253631,1007,2777806.4952178
spline_logistic__context_diet_labels,4,soda_frequency,3,0.00012733513037524458,0.0031815781171427027,1007,2777806.4952178
spline_logistic__context_diet_labels,4,soda_frequency,4,-0.0004015947962301425,0.00029999745366549035,1007,2777806.4952178
spline_logistic__context_diet_labels,4,soda_frequency,5,5.156214696555583e-05,0.0017320028985671199,1007,2777806.4952178
spline_logistic__context_diet_labels,4,juice_frequency,1,5.5228089482745046e-05,-0.00011522782121475839,1007,2777806.4952178
spline_logistic__context_diet_labels,4,juice_frequency,2,1.6753147423692605e-05,0.000299484753292667,1007,2777806.4952178
spline_logistic__context_diet_labels,4,juice_frequency,3,-2.8539155066675814e-05,-0.0004078715992238413,1007,2777806.4952178
spline_logistic__context_diet_labels,4,juice_frequency,4,6.255350131048609e-05,-9.16800844582566e-05,1007,2777806.4952178
spline_logistic__context_diet_labels,4,juice_frequency,5,-4.9712458976503004e-05,0.00011650523995976325,1007,2777806.4952178
spline_logistic__context_diet_labels,4,oil,1,-2.490945783481524e-05,-0.00034655541287664793,1007,2777806.4952178
spline_logistic__context_diet_labels,4,oil,2,-8.82374228371452e-05,-0.0011966607273463659,1007,2777806.4952178
spline_logistic__context_diet_labels,4,oil,3,-5.565379326988307e-05,-0.0005971946377323345,1007,2777806.4952178
spline_logistic__context_diet_labels,4,oil,4,7.133836200703958e-05,0.00021496712837376641,1007,2777806.4952178
spline_logistic__context_diet_labels,4,oil,5,3.497244562949975e-05,-1.7859771975325955e-05,1007,2777806.4952178
spline_logistic__context_diet_labels,4,soda_glasses_daily,1,-0.0004237879732913452,-0.0040108140934390635,1007,2777806.4952178
spline_logistic__context_diet_labels,4,soda_glasses_daily,2,-0.00013649542936858272,7.415332337246117e-05,1007,2777806.4952178
spline_logistic__context_diet_labels,4,soda_glasses_daily,3,-0.0004296526548487334,0.0007493217188764278,1007,2777806.4952178
spline_logistic__context_diet_labels,4,soda_glasses_daily,4,9.583381595412721e-05,-0.0005749671874134554,1007,2777806.4952178
spline_logistic__context_diet_labels,4,soda_glasses_daily,5,-0.001273293117181079,-0.008365701365598777,1007,2777806.4952178
spline_logistic__context_diet_labels,4,juice_glasses_daily,1,-1.6127459109727127e-05,-0.00020710153808878307,1007,2777806.4952178
spline_logistic__context_diet_labels,4,juice_glasses_daily,2,0.00014491321514276123,0.0027582613880751117,1007,2777806.4952178
spline_logistic__context_diet_labels,4,juice_glasses_daily,3,-5.8206145212180704e-05,-0.0019223420929216362,1007,2777806.4952178
spline_logistic__context_diet_labels,4,juice_glasses_daily,4,0.0004738345688864165,0.0037440556693315585,1007,2777806.4952178
spline_logistic__context_diet_labels,4,juice_glasses_daily,5,0.0002235665157207245,0.0015409877874116296,1007,2777806.4952178
spline_logistic__context_diet_labels,4,label_ingredients,1,-0.00011737526922636632,-0.001843290410568632,1007,2777806.4952178
spline_logistic__context_diet_labels,4,label_ingredients,2,-1.1052484532675377e-05,-0.0007131153260507839,1007,2777806.4952178
spline_logistic__context_diet_labels,4,label_ingredients,3,-0.0003194817361473201,-0.0038321435254580205,1007,2777806.4952178
spline_logistic__context_diet_labels,4,label_ingredients,4,-2.550515237531581e-05,-0.0013345575993578551,1007,2777806.4952178
spline_logistic__context_diet_labels,4,label_ingredients,5,-9.287352279591099e-05,-0.001430636999261714,1007,2777806.4952178
spline_logistic__context_diet_labels,4,label_nutrition,1,0.00013595273325722745,0.0004636574504671698,1007,2777806.4952178
spline_logistic__context_diet_labels,4,label_nutrition,2,0.00022406039509637043,0.0008578012150004533,1007,2777806.4952178
spline_logistic__context_diet_labels,4,label_nutrition,3,0.00020026462097921804,-0.00024904602521691466,1007,2777806.4952178
spline_logistic__context_diet_labels,4,label_nutrition,4,5.049828160294534e-05,9.573488881087222e-06,1007,2777806.4952178
spline_logistic__context_diet_labels,4,label_nutrition,5,0.000295897770229675,0.0015261571529507911,1007,2777806.4952178
spline_logistic__context_diet_labels,4,label_warnings,1,1.5006660942062933e-05,-0.0005836500999336636,1007,2777806.4952178
spline_logistic__context_diet_labels,4,label_warnings,2,-0.00042040349365585206,-0.002698403623607404,1007,2777806.4952178
spline_logistic__context_diet_labels,4,label_warnings,3,-0.0004134477807440362,-0.0028915864049016138,1007,2777806.4952178
spline_logistic__context_diet_labels,4,label_warnings,4,-2.4804309127046675e-05,-0.00027394137985881084,1007,2777806.4952178
spline_logistic__context_diet_labels,4,label_warnings,5,-0.00012871560968885642,-0.0006487381843147677,1007,2777806.4952178
spline_logistic__context_diet_labels,4,label_health,1,-9.766856755955011e-05,-0.0002371935085464516,1007,2777806.4952178
spline_logistic__context_diet_labels,4,label_health,2,-8.578993758881492e-05,-0.0017590930259338,1007,2777806.4952178
spline_logistic__context_diet_labels,4,label_health,3,-0.00011114460012642824,-0.0018402425409098644,1007,2777806.4952178
spline_logistic__context_diet_labels,4,label_health,4,-0.00010216514737612648,-0.0022980308497670965,1007,2777806.4952178
spline_logistic__context_diet_labels,4,label_health,5,-0.00019768671102038393,-0.0020516102977159445,1007,2777806.4952178
spline_logistic__context_diet_labels,4,label_brand,1,0.00027399911154055157,0.001593033319288839,1007,2777806.4952178
spline_logistic__context_diet_labels,4,label_brand,2,0.0001913675905114709,-0.0003548641586250678,1007,2777806.4952178
spline_logistic__context_diet_labels,4,label_brand,3,0.0001530195924872857,0.0013220006792786787,1007,2777806.4952178
spline_logistic__context_diet_labels,4,label_brand,4,0.0004579957689291869,0.0016148714018114907,1007,2777806.4952178
spline_logistic__context_diet_labels,4,label_brand,5,9.415465963832914e-05,-0.0009099915193355734,1007,2777806.4952178
spline_logistic__context_diet_labels,4,label_discounts,1,0.0003775371402122141,0.0015346864641455626,1007,2777806.4952178
spline_logistic__context_diet_labels,4,label_discounts,2,5.4024078317088664e-05,0.0002323759891219579,1007,2777806.4952178
spline_logistic__context_diet_labels,4,label_discounts,3,-0.00019518676795129974,-0.0020135546281838668,1007,2777806.4952178
spline_logistic__context_diet_labels,4,label_discounts,4,7.42586308453419e-05,0.0009852652103812254,1007,2777806.4952178
spline_logistic__context_diet_labels,4,label_discounts,5,0.00014497898284362987,-0.0006765495826847046,1007,2777806.4952178
spline_logistic__context_diet_labels,5,age,1,-0.00039568069163706254,0.002167172469709433,1005,2807410.1710247993
spline_logistic__context_diet_labels,5,age,2,0.0016389897616796156,0.006028367905045462,1005,2807410.1710247993
spline_logistic__context_diet_labels,5,age,3,0.0008188610600324553,0.008727030006009051,1005,2807410.1710247993
spline_logistic__context_diet_labels,5,age,4,-0.0018902538213171616,0.0029374975945132276,1005,2807410.1710247993
spline_logistic__context_diet_labels,5,age,5,-0.0019250487249020953,-0.0044266680073926645,1005,2807410.1710247993
spline_logistic__context_diet_labels,5,sex,1,0.00046726349755105145,0.0049466408409650775,1005,2807410.1710247993
spline_logistic__context_diet_labels,5,sex,2,0.0012217492562418553,0.0062956392782890225,1005,2807410.1710247993
spline_logistic__context_diet_labels,5,sex,3,0.0042055840863730876,0.018177370697432638,1005,2807410.1710247993
spline_logistic__context_diet_labels,5,sex,4,-0.0002650334480749639,-0.002153710400829012,1005,2807410.1710247993
spline_logistic__context_diet_labels,5,sex,5,0.0021157268847454003,0.004974600480999514,1005,2807410.1710247993
spline_logistic__context_diet_labels,5,region,1,0.0015423253019268002,0.0065078756422489725,1005,2807410.1710247993
spline_logistic__context_diet_labels,5,region,2,0.002028882251583375,0.007811668712263242,1005,2807410.1710247993
spline_logistic__context_diet_labels,5,region,3,0.0032749298833699425,0.014721260767219801,1005,2807410.1710247993
spline_logistic__context_diet_labels,5,region,4,0.001768323848603981,0.005921209528819582,1005,2807410.1710247993
spline_logistic__context_diet_labels,5,region,5,0.0004215040674142023,0.0055565751820466636,1005,2807410.1710247993
spline_logistic__context_diet_labels,5,rural,1,-5.065472961757189e-05,-9.077928681699987e-05,1005,2807410.1710247993
spline_logistic__context_diet_labels,5,rural,2,0.0002676550995877325,-0.0002569059701238441,1005,2807410.1710247993
spline_logistic__context_diet_labels,5,rural,3,0.0001096356208863114,-0.0009609576218053695,1005,2807410.1710247993
spline_logistic__context_diet_labels,5,rural,4,-0.0005146108688112161,-0.001582855496637836,1005,2807410.1710247993
spline_logistic__context_diet_labels,5,rural,5,0.00020153045599913266,-0.0003566657114691951,1005,2807410.1710247993
spline_logistic__context_diet_labels,5,education,1,0.0006531281107147457,0.005058893357231198,1005,2807410.1710247993
spline_logistic__context_diet_labels,5,education,2,0.0005202645176961285,0.007755717550977925,1005,2807410.1710247993
spline_logistic__context_diet_labels,5,education,3,0.0006926846119173768,0.005586633890996451,1005,2807410.1710247993
spline_logistic__context_diet_labels,5,education,4,0.00011715399717221464,0.003907102118511974,1005,2807410.1710247993
spline_logistic__context_diet_labels,5,education,5,-0.0014143173202585402,-0.0018152039918761798,1005,2807410.1710247993
spline_logistic__context_diet_labels,5,indigenous,1,4.155408779410452e-05,-7.957341571163123e-05,1005,2807410.1710247993
spline_logistic__context_diet_labels,5,indigenous,2,2.615893238466782e-05,9.682953296952235e-06,1005,2807410.1710247993
spline_logistic__context_diet_labels,5,indigenous,3,7.886129187861801e-05,0.00025912475650857747,1005,2807410.1710247993
spline_logistic__context_diet_labels,5,indigenous,4,4.4728645780117704e-05,0.00015537759129646833,1005,2807410.1710247993
spline_logistic__context_diet_labels,5,indigenous,5,-2.3188499412740704e-05,-0.0003865095273437591,1005,2807410.1710247993
spline_logistic__context_diet_labels,5,born_chile,1,-7.958102519953214e-05,-0.00029873205225883215,1005,2807410.1710247993
spline_logistic__context_diet_labels,5,born_chile,2,-6.430189550793441e-05,-0.00010671247231530678,1005,2807410.1710247993
spline_logistic__context_diet_labels,5,born_chile,3,-4.5457523329461846e-05,-1.939980218379489e-05,1005,2807410.1710247993
spline_logistic__context_diet_labels,5,born_chile,4,-0.00017515434336343172,-0.0009503614220371936,1005,2807410.1710247993
spline_logistic__context_diet_labels,5,born_chile,5,-6.142308063114554e-05,-0.00041716920050871575,1005,2807410.1710247993
spline_logistic__context_diet_labels,5,teeth_remaining,1,0.0023192239249018587,0.0182373390494327,1005,2807410.1710247993
spline_logistic__context_diet_labels,5,teeth_remaining,2,-0.0002498161231244411,0.008667009795819136,1005,2807410.1710247993
spline_logistic__context_diet_labels,5,teeth_remaining,3,0.0018017179032747133,0.02016273817957448,1005,2807410.1710247993
spline_logistic__context_diet_labels,5,teeth_remaining,4,0.00677263998081809,0.035921100076046764,1005,2807410.1710247993
spline_logistic__context_diet_labels,5,teeth_remaining,5,0.00382348034772953,0.0327520905639227,1005,2807410.1710247993
spline_logistic__context_diet_labels,5,income_band,1,0.00012910806862020952,0.0017271340967336402,1005,2807410.1710247993
spline_logistic__context_diet_labels,5,income_band,2,0.0022644604707381666,0.01104297029345458,1005,2807410.1710247993
spline_logistic__context_diet_labels,5,income_band,3,-0.0014606967390188852,-0.0027498964277045124,1005,2807410.1710247993
spline_logistic__context_diet_labels,5,income_band,4,-0.002377503630651062,-0.008154436537982312,1005,2807410.1710247993
spline_logistic__context_diet_labels,5,income_band,5,0.0015638278870998557,0.009910954169906283,1005,2807410.1710247993
spline_logistic__context_diet_labels,5,health_insurance,1,-0.0017429561241241176,-0.005303578090608219,1005,2807410.1710247993
spline_logistic__context_diet_labels,5,health_insurance,2,-0.0005619966965528522,0.0001423460847425062,1005,2807410.1710247993
spline_logistic__context_diet_labels,5,health_insurance,3,0.00048658101668641596,0.003086045688030281,1005,2807410.1710247993
spline_logistic__context_diet_labels,5,health_insurance,4,0.00010973865944899353,-0.0022482718581512406,1005,2807410.1710247993
spline_logistic__context_diet_labels,5,health_insurance,5,0.0006052783745116308,0.0010061529617786391,1005,2807410.1710247993
spline_logistic__context_diet_labels,5,smoking_status,1,0.00040643633876347174,0.0008671298487745727,1005,2807410.1710247993
spline_logistic__context_diet_labels,5,smoking_status,2,-6.340913682223448e-05,0.000261853675179724,1005,2807410.1710247993
spline_logistic__context_diet_labels,5,smoking_status,3,0.0001844699474089495,-0.001054072577020393,1005,2807410.1710247993
spline_logistic__context_diet_labels,5,smoking_status,4,2.4410880669650803e-05,-0.0008302006366499581,1005,2807410.1710247993
spline_logistic__context_diet_labels,5,smoking_status,5,7.578156864876395e-05,-0.0011406782919777259,1005,2807410.1710247993
spline_logistic__context_diet_labels,5,diabetes_reported,1,0.0007597769391911313,0.0024885309678152057,1005,2807410.1710247993
spline_logistic__context_diet_labels,5,diabetes_reported,2,0.0003804390930324253,0.0017370067329087746,1005,2807410.1710247993
spline_logistic__context_diet_labels,5,diabetes_reported,3,0.001193273259300326,0.005222967314059135,1005,2807410.1710247993
spline_logistic__context_diet_labels,5,diabetes_reported,4,5.688402371128998e-05,0.0006708613855260781,1005,2807410.1710247993
spline_logistic__context_diet_labels,5,diabetes_reported,5,0.0003073713037678727,0.00044444800226572934,1005,2807410.1710247993
spline_logistic__context_diet_labels,5,dental_visit,1,0.0004138606441324022,0.0025926011795611714,1005,2807410.1710247993
spline_logistic__context_diet_labels,5,dental_visit,2,0.0022204799696180777,0.010823088676092829,1005,2807410.1710247993
spline_logistic__context_diet_labels,5,dental_visit,3,-0.000660600306755188,0.0010616989710319213,1005,2807410.1710247993
spline_logistic__context_diet_labels,5,dental_visit,4,-0.0004682836798208523,0.0015880388265115952,1005,2807410.1710247993
spline_logistic__context_diet_labels,5,dental_visit,5,0.0008962495279677407,0.008778861267599747,1005,2807410.1710247993
spline_logistic__context_diet_labels,5,dental_visit_reason,1,0.005838740730568753,0.02399610183892753,1005,2807410.1710247993
spline_logistic__context_diet_labels,5,dental_visit_reason,2,0.0036523940882613737,0.016290152454122908,1005,2807410.1710247993
spline_logistic__context_diet_labels,5,dental_visit_reason,3,0.0039235679315116345,0.01816636711311337,1005,2807410.1710247993
spline_logistic__context_diet_labels,5,dental_visit_reason,4,0.0028112336095987567,0.011901467320680759,1005,2807410.1710247993
spline_logistic__context_diet_labels,5,dental_visit_reason,5,0.004414810164022981,0.01687021449221693,1005,2807410.1710247993
spline_logistic__context_diet_labels,5,dental_access,1,-0.001098216889265119,-0.0036585507213342527,1005,2807410.1710247993
spline_logistic__context_diet_labels,5,dental_access,2,-0.0010532705660973585,-0.0035755744347032437,1005,2807410.1710247993
spline_logistic__context_diet_labels,5,dental_access,3,-0.00027475356947539997,-0.0018238077926244767,1005,2807410.1710247993
spline_logistic__context_diet_labels,5,dental_access,4,-0.000372273435770093,-0.0016336567327784879,1005,2807410.1710247993
spline_logistic__context_diet_labels,5,dental_access,5,-0.0011515007531056887,-0.004609593526606837,1005,2807410.1710247993
spline_logistic__context_diet_labels,5,household_water_source,1,0.0002773215701082632,0.0011445270269203611,1005,2807410.1710247993
spline_logistic__context_diet_labels,5,household_water_source,2,0.00031083955524474627,0.0011141103782925654,1005,2807410.1710247993
spline_logistic__context_diet_labels,5,household_water_source,3,0.00027670149360439766,0.0011018976607883868,1005,2807410.1710247993
spline_logistic__context_diet_labels,5,household_water_source,4,0.000239302443901801,0.0009578718888511029,1005,2807410.1710247993
spline_logistic__context_diet_labels,5,household_water_source,5,9.366489265641431e-05,-0.00032240489493151614,1005,2807410.1710247993
spline_logistic__context_diet_labels,5,rural_water_consumption,1,0.00019269622732379088,0.001726494649175181,1005,2807410.1710247993
spline_logistic__context_diet_labels,5,rural_water_consumption,2,-0.00047368617474513597,-0.002777975223130613,1005,2807410.1710247993
spline_logistic__context_diet_labels,5,rural_water_consumption,3,-0.0005464268994627985,-0.0025424007072573085,1005,2807410.1710247993
spline_logistic__context_diet_labels,5,rural_water_consumption,4,-2.3431361525633188e-05,0.0008426129516651004,1005,2807410.1710247993
spline_logistic__context_diet_labels,5,rural_water_consumption,5,-0.00026047405721113526,-7.369851890759449e-06,1005,2807410.1710247993
spline_logistic__context_diet_labels,5,fish,1,-0.0017571709516551182,-0.006066617655316242,1005,2807410.1710247993
spline_logistic__context_diet_labels,5,fish,2,-5.910783913240514e-05,-0.0010386111619988814,1005,2807410.1710247993
spline_logistic__context_diet_labels,5,fish,3,-0.0009352848909225386,-0.004014146031167676,1005,2807410.1710247993
spline_logistic__context_diet_labels,5,fish,4,-0.0007984174298934221,-0.003362046103689731,1005,2807410.1710247993
spline_logistic__context_diet_labels,5,fish,5,0.0006207206145975863,0.003998439713547963,1005,2807410.1710247993
spline_logistic__context_diet_labels,5,dairy_frequency,1,-0.0006883654761863922,-0.0006089383350409427,1005,2807410.1710247993
spline_logistic__context_diet_labels,5,dairy_frequency,2,-0.000329764404374544,-0.001898959972297165,1005,2807410.1710247993
spline_logistic__context_diet_labels,5,dairy_frequency,3,0.0002578804650787414,-5.174777533445418e-05,1005,2807410.1710247993
spline_logistic__context_diet_labels,5,dairy_frequency,4,-6.612889801579924e-05,-0.0011348156581368896,1005,2807410.1710247993
spline_logistic__context_diet_labels,5,dairy_frequency,5,0.00019003747297258178,0.001378506059430351,1005,2807410.1710247993
spline_logistic__context_diet_labels,5,dairy_type,1,-6.684652449526207e-05,6.966162673149867e-05,1005,2807410.1710247993
spline_logistic__context_diet_labels,5,dairy_type,2,0.0004919250313101253,0.001076587812540275,1005,2807410.1710247993
spline_logistic__context_diet_labels,5,dairy_type,3,0.00023693358477475113,0.0009446465250445568,1005,2807410.1710247993
spline_logistic__context_diet_labels,5,dairy_type,4,-0.000452428200985705,-0.0005676206677006634,1005,2807410.1710247993
spline_logistic__context_diet_labels,5,dairy_type,5,-0.0009116037758571394,-0.0023528926683109574,1005,2807410.1710247993
spline_logistic__context_diet_labels,5,wholegrain,1,0.00028785957013263697,0.003604058035471036,1005,2807410.1710247993
spline_logistic__context_diet_labels,5,wholegrain,2,-0.0007042812842723012,0.0010669982557304225,1005,2807410.1710247993
spline_logistic__context_diet_labels,5,wholegrain,3,0.00019292800890954864,0.0014979342302036125,1005,2807410.1710247993
spline_logistic__context_diet_labels,5,wholegrain,4,0.0002533784892519153,0.0020632519109747838,1005,2807410.1710247993
spline_logistic__context_diet_labels,5,wholegrain,5,6.172721237829304e-05,0.0019222733874532105,1005,2807410.1710247993
spline_logistic__context_diet_labels,5,legumes,1,0.0008942721837909284,0.0030060478731677165,1005,2807410.1710247993
spline_logistic__context_diet_labels,5,legumes,2,0.001285002934021534,0.005213598607870185,1005,2807410.1710247993
spline_logistic__context_diet_labels,5,legumes,3,0.0001930723472850504,0.0015646653911253194,1005,2807410.1710247993
spline_logistic__context_diet_labels,5,legumes,4,0.0003561144646870573,0.002265945330220176,1005,2807410.1710247993
spline_logistic__context_diet_labels,5,legumes,5,-0.00022686664118418132,-0.0025011998381917477,1005,2807410.1710247993
spline_logistic__context_diet_labels,5,fruit_days,1,-0.0004657025955979166,-0.0016750786002420748,1005,2807410.1710247993
spline_logistic__context_diet_labels,5,fruit_days,2,-0.0004344431038581509,-0.0017390621775695836,1005,2807410.1710247993
spline_logistic__context_diet_labels,5,fruit_days,3,-0.0006246629216951627,-0.0025221141667232105,1005,2807410.1710247993
spline_logistic__context_diet_labels,5,fruit_days,4,-0.000635288306277515,-0.0010494152665859735,1005,2807410.1710247993
spline_logistic__context_diet_labels,5,fruit_days,5,-3.843218064120135e-05,-0.0001802828785858468,1005,2807410.1710247993
spline_logistic__context_diet_labels,5,fruit_portions,1,-0.001998728924996307,-0.006582205794038343,1005,2807410.1710247993
spline_logistic__context_diet_labels,5,fruit_portions,2,-0.002316981145934094,-0.006772687454162818,1005,2807410.1710247993
spline_logistic__context_diet_labels,5,fruit_portions,3,-0.0016312334900195624,-0.005186130635177588,1005,2807410.1710247993
spline_logistic__context_diet_labels,5,fruit_portions,4,-0.0004107380588530829,-5.25396850370452e-06,1005,2807410.1710247993
spline_logistic__context_diet_labels,5,fruit_portions,5,-0.0011969536289738458,-0.003434401351003258,1005,2807410.1710247993
spline_logistic__context_diet_labels,5,vegetable_days,1,0.001250672828436744,0.005651968113627004,1005,2807410.1710247993
spline_logistic__context_diet_labels,5,vegetable_days,2,0.0013473716176428396,0.0060273187553399055,1005,2807410.1710247993
spline_logistic__context_diet_labels,5,vegetable_days,3,0.0006285567067794706,0.0016494407965127467,1005,2807410.1710247993
spline_logistic__context_diet_labels,5,vegetable_days,4,-0.0003725982016174467,-0.0004844175078213553,1005,2807410.1710247993
spline_logistic__context_diet_labels,5,vegetable_days,5,0.00021306038312668418,0.003016457163222408,1005,2807410.1710247993
spline_logistic__context_diet_labels,5,vegetable_portions,1,0.001522370131100348,0.004985353125865566,1005,2807410.1710247993
spline_logistic__context_diet_labels,5,vegetable_portions,2,0.00019178860263083242,-0.0001863842624899581,1005,2807410.1710247993
spline_logistic__context_diet_labels,5,vegetable_portions,3,0.00021491620086191987,0.002061864745929176,1005,2807410.1710247993
spline_logistic__context_diet_labels,5,vegetable_portions,4,0.000524091433808882,0.0032909816426047733,1005,2807410.1710247993
spline_logistic__context_diet_labels,5,vegetable_portions,5,0.0001418336503950235,0.0015367629003615324,1005,2807410.1710247993
spline_logistic__context_diet_labels,5,water,1,-0.002246195473405904,-0.009622935006845856,1005,2807410.1710247993
spline_logistic__context_diet_labels,5,water,2,0.00017421150272328711,-0.0015389460159069834,1005,2807410.1710247993
spline_logistic__context_diet_labels,5,water,3,-0.0018124120085458995,-0.008715577659590856,1005,2807410.1710247993
spline_logistic__context_diet_labels,5,water,4,-0.0009756807394085687,-0.004774223378922415,1005,2807410.1710247993
spline_logistic__context_diet_labels,5,water,5,-0.0010503212458783662,-0.004598632039213402,1005,2807410.1710247993
spline_logistic__context_diet_labels,5,soda_frequency,1,-0.00047940378640579095,0.00137793613873749,1005,2807410.1710247993
spline_logistic__context_diet_labels,5,soda_frequency,2,0.0026003400892961603,0.008992525800418205,1005,2807410.1710247993
spline_logistic__context_diet_labels,5,soda_frequency,3,0.0001320429705800319,0.0031279834276568552,1005,2807410.1710247993
spline_logistic__context_diet_labels,5,soda_frequency,4,0.0007742721423798227,0.002190105826102129,1005,2807410.1710247993
spline_logistic__context_diet_labels,5,soda_frequency,5,-0.00021614041854431387,0.002041046822685799,1005,2807410.1710247993
spline_logistic__context_diet_labels,5,juice_frequency,1,-0.0006084162562327022,-0.006228703426231719,1005,2807410.1710247993
spline_logistic__context_diet_labels,5,juice_frequency,2,0.0006853849346252772,0.0019092524201155259,1005,2807410.1710247993
spline_logistic__context_diet_labels,5,juice_frequency,3,-0.000669308029260629,-0.0029681494380554563,1005,2807410.1710247993
spline_logistic__context_diet_labels,5,juice_frequency,4,-0.0002918414969008132,-0.003444750243736028,1005,2807410.1710247993
spline_logistic__context_diet_labels,5,juice_frequency,5,-0.002531310414328386,-0.010790994607760451,1005,2807410.1710247993
spline_logistic__context_diet_labels,5,oil,1,0.00018702462093167505,0.00017284083665092265,1005,2807410.1710247993
spline_logistic__context_diet_labels,5,oil,2,0.0005107786008028414,0.0031222001777045927,1005,2807410.1710247993
spline_logistic__context_diet_labels,5,oil,3,-0.0006427126436258923,-0.0019974292413161843,1005,2807410.1710247993
spline_logistic__context_diet_labels,5,oil,4,-0.00028118950144370713,0.000317259552401139,1005,2807410.1710247993
spline_logistic__context_diet_labels,5,oil,5,-7.186336833855944e-05,-0.0013556402615370056,1005,2807410.1710247993
spline_logistic__context_diet_labels,5,soda_glasses_daily,1,0.0005806431403611589,0.002084880639231179,1005,2807410.1710247993
spline_logistic__context_diet_labels,5,soda_glasses_daily,2,0.00039046550196936147,0.001623460476507299,1005,2807410.1710247993
spline_logistic__context_diet_labels,5,soda_glasses_daily,3,0.0005396176669163755,0.0018550121202128844,1005,2807410.1710247993
spline_logistic__context_diet_labels,5,soda_glasses_daily,4,0.0004713165611101855,0.0015541237151225351,1005,2807410.1710247993
spline_logistic__context_diet_labels,5,soda_glasses_daily,5,0.0003018786530236961,0.0013865863914731547,1005,2807410.1710247993
spline_logistic__context_diet_labels,5,juice_glasses_daily,1,0.000857472023207767,0.0014941460318736999,1005,2807410.1710247993
spline_logistic__context_diet_labels,5,juice_glasses_daily,2,0.0006149774352496584,-0.0004004346850631224,1005,2807410.1710247993
spline_logistic__context_diet_labels,5,juice_glasses_daily,3,0.003724999863151973,0.011592803469971269,1005,2807410.1710247993
spline_logistic__context_diet_labels,5,juice_glasses_daily,4,0.0022308696962357877,0.002833118455280781,1005,2807410.1710247993
spline_logistic__context_diet_labels,5,juice_glasses_daily,5,0.0014360422208686552,-0.00026245935923185915,1005,2807410.1710247993
spline_logistic__context_diet_labels,5,label_ingredients,1,-0.0013858011076418875,-0.006742196938334,1005,2807410.1710247993
spline_logistic__context_diet_labels,5,label_ingredients,2,-0.0015404613191780658,-0.0049425754403780164,1005,2807410.1710247993
spline_logistic__context_diet_labels,5,label_ingredients,3,-0.0009045468535046342,-0.004188921556549596,1005,2807410.1710247993
spline_logistic__context_diet_labels,5,label_ingredients,4,-0.0006883890370334156,-0.0031373210689706887,1005,2807410.1710247993
spline_logistic__context_diet_labels,5,label_ingredients,5,-0.0021798075147080043,-0.008592207754572923,1005,2807410.1710247993
spline_logistic__context_diet_labels,5,label_nutrition,1,-8.299117053658933e-05,-0.001808349731777792,1005,2807410.1710247993
spline_logistic__context_diet_labels,5,label_nutrition,2,-0.0015582537296087717,-0.002747123098201243,1005,2807410.1710247993
spline_logistic__context_diet_labels,5,label_nutrition,3,0.000124311662352522,0.0012067147268127743,1005,2807410.1710247993
spline_logistic__context_diet_labels,5,label_nutrition,4,-0.0005831731477843327,-0.00027488912187045855,1005,2807410.1710247993
spline_logistic__context_diet_labels,5,label_nutrition,5,-0.0011187635298466614,-0.004752214786739928,1005,2807410.1710247993
spline_logistic__context_diet_labels,5,label_warnings,1,0.0027213278094173343,0.009583007130905208,1005,2807410.1710247993
spline_logistic__context_diet_labels,5,label_warnings,2,0.002190840315427628,0.005361561444901186,1005,2807410.1710247993
spline_logistic__context_diet_labels,5,label_warnings,3,0.0015473053861138064,0.006769787356351142,1005,2807410.1710247993
spline_logistic__context_diet_labels,5,label_warnings,4,0.0006030093565212447,-0.0010194191024787136,1005,2807410.1710247993
spline_logistic__context_diet_labels,5,label_warnings,5,0.0011479771530326088,-0.0018182108795088414,1005,2807410.1710247993
spline_logistic__context_diet_labels,5,label_health,1,0.000616865664104127,-0.0003138529205100049,1005,2807410.1710247993
spline_logistic__context_diet_labels,5,label_health,2,-6.242270099851566e-05,-0.0017548724674752991,1005,2807410.1710247993
spline_logistic__context_diet_labels,5,label_health,3,0.0008313739179750812,-0.0009955396388702242,1005,2807410.1710247993
spline_logistic__context_diet_labels,5,label_health,4,0.0011360793254349688,0.004507083035281467,1005,2807410.1710247993
spline_logistic__context_diet_labels,5,label_health,5,0.001900395135714411,0.004425820924036761,1005,2807410.1710247993
spline_logistic__context_diet_labels,5,label_brand,1,-0.00022981599322496882,-0.0026407785828563846,1005,2807410.1710247993
spline_logistic__context_diet_labels,5,label_brand,2,-0.00013371212149143608,-0.0007060022665749122,1005,2807410.1710247993
spline_logistic__context_diet_labels,5,label_brand,3,-2.3265540894712444e-05,-0.0024588384078149117,1005,2807410.1710247993
spline_logistic__context_diet_labels,5,label_brand,4,0.000470140712760192,-0.000955401699550662,1005,2807410.1710247993
spline_logistic__context_diet_labels,5,label_brand,5,-0.0021405498202880513,-0.011236426197279492,1005,2807410.1710247993
spline_logistic__context_diet_labels,5,label_discounts,1,-0.0011856658197673398,-0.0035632826809175455,1005,2807410.1710247993
spline_logistic__context_diet_labels,5,label_discounts,2,-0.00041419099364625733,0.002021017478379461,1005,2807410.1710247993
spline_logistic__context_diet_labels,5,label_discounts,3,-0.0002692771786021453,-0.000198690005142943,1005,2807410.1710247993
spline_logistic__context_diet_labels,5,label_discounts,4,-0.0021290808487985646,-0.007807841338733468,1005,2807410.1710247993
spline_logistic__context_diet_labels,5,label_discounts,5,-0.0003537467779128889,-0.0011273704182958033,1005,2807410.1710247993
spline_logistic__symptoms_diet_labels,1,age,1,0.00972261521720294,0.04145992383721431,1006,2861322.5562906265
spline_logistic__symptoms_diet_labels,1,age,2,0.007870476601437248,0.031122280538285474,1006,2861322.5562906265
spline_logistic__symptoms_diet_labels,1,age,3,0.01551385162441929,0.060557488710167084,1006,2861322.5562906265
spline_logistic__symptoms_diet_labels,1,age,4,0.014247016358939574,0.05391983151797186,1006,2861322.5562906265
spline_logistic__symptoms_diet_labels,1,age,5,0.010107881826918547,0.048539044092225536,1006,2861322.5562906265
spline_logistic__symptoms_diet_labels,1,sex,1,0.0004408584228665635,0.005293204134696028,1006,2861322.5562906265
spline_logistic__symptoms_diet_labels,1,sex,2,-0.0011093292170169522,0.0005623823024474284,1006,2861322.5562906265
spline_logistic__symptoms_diet_labels,1,sex,3,0.002585083607119315,0.014301504761884187,1006,2861322.5562906265
spline_logistic__symptoms_diet_labels,1,sex,4,-0.0008526736589010708,-0.001264422810919874,1006,2861322.5562906265
spline_logistic__symptoms_diet_labels,1,sex,5,0.00042998294421225935,0.003278575749634749,1006,2861322.5562906265
spline_logistic__symptoms_diet_labels,1,region,1,0.0007439055058985344,0.0028914791703771314,1006,2861322.5562906265
spline_logistic__symptoms_diet_labels,1,region,2,-7.835723160101726e-05,0.0003458312815605158,1006,2861322.5562906265
spline_logistic__symptoms_diet_labels,1,region,3,0.003486553604624326,0.010777267563796489,1006,2861322.5562906265
spline_logistic__symptoms_diet_labels,1,region,4,-0.0002550038901950602,0.0018317898584977454,1006,2861322.5562906265
spline_logistic__symptoms_diet_labels,1,region,5,0.0012450153788120533,0.007084127560486708,1006,2861322.5562906265
spline_logistic__symptoms_diet_labels,1,rural,1,-0.00018670670628959107,-0.0009423513129276362,1006,2861322.5562906265
spline_logistic__symptoms_diet_labels,1,rural,2,-0.00023441935356760535,-0.001711251403102354,1006,2861322.5562906265
spline_logistic__symptoms_diet_labels,1,rural,3,6.024640675261761e-05,-0.00013456235763564806,1006,2861322.5562906265
spline_logistic__symptoms_diet_labels,1,rural,4,-9.882974957919899e-05,-0.0011548525283205935,1006,2861322.5562906265
spline_logistic__symptoms_diet_labels,1,rural,5,8.666622084721465e-05,0.0002850751925442818,1006,2861322.5562906265
spline_logistic__symptoms_diet_labels,1,education,1,0.0001529719451773548,-4.418974248443508e-05,1006,2861322.5562906265
spline_logistic__symptoms_diet_labels,1,education,2,0.0003090192317340701,0.0003640413829950617,1006,2861322.5562906265
spline_logistic__symptoms_diet_labels,1,education,3,1.9712370856017625e-05,-0.0008131222163939578,1006,2861322.5562906265
spline_logistic__symptoms_diet_labels,1,education,4,0.0013211918238280052,0.0057050102384431645,1006,2861322.5562906265
spline_logistic__symptoms_diet_labels,1,education,5,-0.00019185164341428695,-0.0006061247905192468,1006,2861322.5562906265
spline_logistic__symptoms_diet_labels,1,indigenous,1,-6.479602840769871e-05,-0.0004055961706818101,1006,2861322.5562906265
spline_logistic__symptoms_diet_labels,1,indigenous,2,-2.463218734066741e-05,-0.00036246547339224833,1006,2861322.5562906265
spline_logistic__symptoms_diet_labels,1,indigenous,3,-0.00011168407555497972,-0.0006943439547210106,1006,2861322.5562906265
spline_logistic__symptoms_diet_labels,1,indigenous,4,2.638417352021638e-05,8.387282011468322e-06,1006,2861322.5562906265
spline_logistic__symptoms_diet_labels,1,indigenous,5,-2.518187610711653e-06,2.790379586747882e-05,1006,2861322.5562906265
spline_logistic__symptoms_diet_labels,1,born_chile,1,-0.00043875129389150946,-0.0012579702705269868,1006,2861322.5562906265
spline_logistic__symptoms_diet_labels,1,born_chile,2,-0.00014324273705954016,-0.00012222060815236802,1006,2861322.5562906265
spline_logistic__symptoms_diet_labels,1,born_chile,3,-0.00037125065129509083,-0.001295995827367169,1006,2861322.5562906265
spline_logistic__symptoms_diet_labels,1,born_chile,4,-6.832098358430794e-05,-0.0005837763577503097,1006,2861322.5562906265
spline_logistic__symptoms_diet_labels,1,born_chile,5,-0.000500548855935451,-0.0015222151553182517,1006,2861322.5562906265
spline_logistic__symptoms_diet_labels,1,teeth_remaining,1,0.0015690646673377773,0.005119439911575929,1006,2861322.5562906265
spline_logistic__symptoms_diet_labels,1,teeth_remaining,2,0.008323974651659155,0.02872452075809906,1006,2861322.5562906265
spline_logistic__symptoms_diet_labels,1,teeth_remaining,3,0.00810778541213783,0.03205483235425022,1006,2861322.5562906265
spline_logistic__symptoms_diet_labels,1,teeth_remaining,4,0.003228071271838162,0.018428042238386788,1006,2861322.5562906265
spline_logistic__symptoms_diet_labels,1,teeth_remaining,5,0.008648667539839755,0.03743744520857184,1006,2861322.5562906265
spline_logistic__symptoms_diet_labels,1,income_band,1,0.0009125195851477086,0.0012343848115251577,1006,2861322.5562906265
spline_logistic__symptoms_diet_labels,1,income_band,2,0.0005701795242309404,0.001198328441697205,1006,2861322.5562906265
spline_logistic__symptoms_diet_labels,1,income_band,3,-4.417497108671897e-05,0.000921509066367121,1006,2861322.5562906265
spline_logistic__symptoms_diet_labels,1,income_band,4,6.60194982738116e-05,-0.0009712468264455598,1006,2861322.5562906265
spline_logistic__symptoms_diet_labels,1,income_band,5,0.0005169710808498595,-0.0015078227720264348,1006,2861322.5562906265
spline_logistic__symptoms_diet_labels,1,health_insurance,1,0.0006513901531630673,0.0013955807931589348,1006,2861322.5562906265
spline_logistic__symptoms_diet_labels,1,health_insurance,2,-7.46946628811529e-05,-0.0005080744602180554,1006,2861322.5562906265
spline_logistic__symptoms_diet_labels,1,health_insurance,3,-0.0008198447655125007,-0.0030997558513876644,1006,2861322.5562906265
spline_logistic__symptoms_diet_labels,1,health_insurance,4,-0.0012072283462953026,-0.007268935623882533,1006,2861322.5562906265
spline_logistic__symptoms_diet_labels,1,health_insurance,5,-0.0002772346726007402,-0.0019655045227526813,1006,2861322.5562906265
spline_logistic__symptoms_diet_labels,1,smoking_status,1,0.0010398037228867563,0.003230901563719857,1006,2861322.5562906265
spline_logistic__symptoms_diet_labels,1,smoking_status,2,-0.00010035203051247943,0.0005158369173403621,1006,2861322.5562906265
spline_logistic__symptoms_diet_labels,1,smoking_status,3,0.0005805447875201208,0.0033459179505184178,1006,2861322.5562906265
spline_logistic__symptoms_diet_labels,1,smoking_status,4,-0.00020225890062333662,-9.255652318485019e-05,1006,2861322.5562906265
spline_logistic__symptoms_diet_labels,1,smoking_status,5,-0.0009168119204736591,-0.004427006026190838,1006,2861322.5562906265
spline_logistic__symptoms_diet_labels,1,diabetes_reported,1,0.001194679517509678,0.0047983916470522026,1006,2861322.5562906265
spline_logistic__symptoms_diet_labels,1,diabetes_reported,2,-0.0010943272636424473,-0.004756492362027798,1006,2861322.5562906265
spline_logistic__symptoms_diet_labels,1,diabetes_reported,3,0.000951501381362102,0.005315453794141778,1006,2861322.5562906265
spline_logistic__symptoms_diet_labels,1,diabetes_reported,4,0.0008567270552850004,0.004590289720231677,1006,2861322.5562906265
spline_logistic__symptoms_diet_labels,1,diabetes_reported,5,-0.0006442683968554963,3.603072139513053e-05,1006,2861322.5562906265
spline_logistic__symptoms_diet_labels,1,dental_visit,1,0.00011687979876426335,-0.0008137233323443072,1006,2861322.5562906265
spline_logistic__symptoms_diet_labels,1,dental_visit,2,0.0004414026173403529,-0.0026985305167237517,1006,2861322.5562906265
spline_logistic__symptoms_diet_labels,1,dental_visit,3,0.0006653411448893642,0.002381885699577202,1006,2861322.5562906265
spline_logistic__symptoms_diet_labels,1,dental_visit,4,0.0023960501858141803,0.00764016878233964,1006,2861322.5562906265
spline_logistic__symptoms_diet_labels,1,dental_visit,5,-0.00024634795151701194,-6.0295356993700366e-05,1006,2861322.5562906265
spline_logistic__symptoms_diet_labels,1,dental_visit_reason,1,-0.002677935030193479,-0.006811626324988884,1006,2861322.5562906265
spline_logistic__symptoms_diet_labels,1,dental_visit_reason,2,0.004075626964070794,0.021949817933606952,1006,2861322.5562906265
spline_logistic__symptoms_diet_labels,1,dental_visit_reason,3,0.00041755530938056284,0.005232237563684405,1006,2861322.5562906265
spline_logistic__symptoms_diet_labels,1,dental_visit_reason,4,0.004507373765505751,0.024404297928736773,1006,2861322.5562906265
spline_logistic__symptoms_diet_labels,1,dental_visit_reason,5,0.0015710401844472588,0.010371984525684774,1006,2861322.5562906265
spline_logistic__symptoms_diet_labels,1,dental_access,1,-0.0010021780692577031,-0.0065915140174828135,1006,2861322.5562906265
spline_logistic__symptoms_diet_labels,1,dental_access,2,-0.0012386331832550945,-0.005169005547371208,1006,2861322.5562906265
spline_logistic__symptoms_diet_labels,1,dental_access,3,-0.000240124788399243,-0.0032812322293089835,1006,2861322.5562906265
spline_logistic__symptoms_diet_labels,1,dental_access,4,-0.0001336470181991234,-0.004950585510605565,1006,2861322.5562906265
spline_logistic__symptoms_diet_labels,1,dental_access,5,-0.0007924493439058489,-0.00555612585189369,1006,2861322.5562906265
spline_logistic__symptoms_diet_labels,1,household_water_source,1,-0.0008286898433873813,-0.0027424230985400033,1006,2861322.5562906265
spline_logistic__symptoms_diet_labels,1,household_water_source,2,-0.0011281907384812773,-0.0028173521438956683,1006,2861322.5562906265
spline_logistic__symptoms_diet_labels,1,household_water_source,3,-0.0009828010371248086,-0.003308958567888265,1006,2861322.5562906265
spline_logistic__symptoms_diet_labels,1,household_water_source,4,-0.0020426073121497246,-0.007895574035434283,1006,2861322.5562906265
spline_logistic__symptoms_diet_labels,1,household_water_source,5,0.00010450183113158706,0.00044614975691503744,1006,2861322.5562906265
spline_logistic__symptoms_diet_labels,1,rural_water_consumption,1,0.00011364619710452217,-0.0003260273573711947,1006,2861322.5562906265
spline_logistic__symptoms_diet_labels,1,rural_water_consumption,2,0.00033648055665083665,0.0010248636773699804,1006,2861322.5562906265
spline_logistic__symptoms_diet_labels,1,rural_water_consumption,3,0.00029591993623634405,0.00031502385487192086,1006,2861322.5562906265
spline_logistic__symptoms_diet_labels,1,rural_water_consumption,4,0.00025948347905727087,0.0014059000208614947,1006,2861322.5562906265
spline_logistic__symptoms_diet_labels,1,rural_water_consumption,5,-0.00021540399226860352,-0.0013672705250109551,1006,2861322.5562906265
spline_logistic__symptoms_diet_labels,1,oral_health_selfrating,1,0.006914866339704839,0.03279281305651127,1006,2861322.5562906265
spline_logistic__symptoms_diet_labels,1,oral_health_selfrating,2,0.004501413923182929,0.02516287461870892,1006,2861322.5562906265
spline_logistic__symptoms_diet_labels,1,oral_health_selfrating,3,0.008213205770930126,0.032930406224884745,1006,2861322.5562906265
spline_logistic__symptoms_diet_labels,1,oral_health_selfrating,4,0.008974935490087738,0.04401580331408661,1006,2861322.5562906265
spline_logistic__symptoms_diet_labels,1,oral_health_selfrating,5,0.0008495136927472169,0.006349718230318602,1006,2861322.5562906265
spline_logistic__symptoms_diet_labels,1,oral_pain,1,0.0015292011791772642,0.00532137738690186,1006,2861322.5562906265
spline_logistic__symptoms_diet_labels,1,oral_pain,2,0.0010796266268064958,0.0038295705108430944,1006,2861322.5562906265
spline_logistic__symptoms_diet_labels,1,oral_pain,3,0.0008343368266097995,0.00277355488532105,1006,2861322.5562906265
spline_logistic__symptoms_diet_labels,1,oral_pain,4,0.0007866303861619184,0.003414619850873657,1006,2861322.5562906265
spline_logistic__symptoms_diet_labels,1,oral_pain,5,0.0007518966146821404,0.003646441548825985,1006,2861322.5562906265
spline_logistic__symptoms_diet_labels,1,oral_speech,1,-0.00019246519341362123,-0.0008540208430806162,1006,2861322.5562906265
spline_logistic__symptoms_diet_labels,1,oral_speech,2,-0.0010770471452000163,-0.004225633456029998,1006,2861322.5562906265
spline_logistic__symptoms_diet_labels,1,oral_speech,3,-0.0024544006878162994,-0.008594185996222525,1006,2861322.5562906265
spline_logistic__symptoms_diet_labels,1,oral_speech,4,-0.0005347214350458207,-0.0027012613531920415,1006,2861322.5562906265
spline_logistic__symptoms_diet_labels,1,oral_speech,5,-0.0010613892343505071,-0.004123648885305364,1006,2861322.5562906265
spline_logistic__symptoms_diet_labels,1,oral_eating,1,0.0017884970038507808,0.007988263518522776,1006,2861322.5562906265
spline_logistic__symptoms_diet_labels,1,oral_eating,2,0.002249840618805371,0.007059059961017189,1006,2861322.5562906265
spline_logistic__symptoms_diet_labels,1,oral_eating,3,0.0025694167614701002,0.009346518382576052,1006,2861322.5562906265
spline_logistic__symptoms_diet_labels,1,oral_eating,4,0.001687178229710068,0.006811815481553407,1006,2861322.5562906265
spline_logistic__symptoms_diet_labels,1,oral_eating,5,0.0013443253267714228,0.003924288224451011,1006,2861322.5562906265
spline_logistic__symptoms_diet_labels,1,oral_daily_activities,1,5.814430825959449e-05,0.0006161660336441166,1006,2861322.5562906265
spline_logistic__symptoms_diet_labels,1,oral_daily_activities,2,1.4546295017736632e-05,-0.0011242882312916258,1006,2861322.5562906265
spline_logistic__symptoms_diet_labels,1,oral_daily_activities,3,0.0001396444246269668,0.0008188114651238587,1006,2861322.5562906265
spline_logistic__symptoms_diet_labels,1,oral_daily_activities,4,0.00011246709685006073,0.0009686712371276274,1006,2861322.5562906265
spline_logistic__symptoms_diet_labels,1,oral_daily_activities,5,0.00018380544665505538,0.0006328456445916508,1006,2861322.5562906265
spline_logistic__symptoms_diet_labels,1,oral_social,1,0.0004361354597012257,0.0015087740238605152,1006,2861322.5562906265
spline_logistic__symptoms_diet_labels,1,oral_social,2,0.0007612365805705068,0.0019911293745968894,1006,2861322.5562906265
spline_logistic__symptoms_diet_labels,1,oral_social,3,0.0006161319580346158,0.002291108741726555,1006,2861322.5562906265
spline_logistic__symptoms_diet_labels,1,oral_social,4,0.0005464646945917695,0.0015467819568895091,1006,2861322.5562906265
spline_logistic__symptoms_diet_labels,1,oral_social,5,0.000967918409085361,0.0028517608356953827,1006,2861322.5562906265
spline_logistic__symptoms_diet_labels,1,fish,1,-0.0016268212325392661,-0.006381838022449404,1006,2861322.5562906265
spline_logistic__symptoms_diet_labels,1,fish,2,-0.0011614994963090874,-0.004762836845104812,1006,2861322.5562906265
spline_logistic__symptoms_diet_labels,1,fish,3,-0.0018252128890654529,-0.00716551794293141,1006,2861322.5562906265
spline_logistic__symptoms_diet_labels,1,fish,4,-0.0010685337996936273,-0.00396344794919512,1006,2861322.5562906265
spline_logistic__symptoms_diet_labels,1,fish,5,-0.0006519604831479731,-0.0029118321292502802,1006,2861322.5562906265
spline_logistic__symptoms_diet_labels,1,dairy_frequency,1,0.0001637826087750871,0.0010028948430408358,1006,2861322.5562906265
spline_logistic__symptoms_diet_labels,1,dairy_frequency,2,0.0010805367072408978,0.004275322352110367,1006,2861322.5562906265
spline_logistic__symptoms_diet_labels,1,dairy_frequency,3,0.0011801192558488494,0.004320501623600093,1006,2861322.5562906265
spline_logistic__symptoms_diet_labels,1,dairy_frequency,4,-0.0002736229170204607,-0.002390069720612842,1006,2861322.5562906265
spline_logistic__symptoms_diet_labels,1,dairy_frequency,5,0.0007458260977210862,0.0004812933460761615,1006,2861322.5562906265
spline_logistic__symptoms_diet_labels,1,dairy_type,1,-0.0008575276671404231,-0.0032385390527869262,1006,2861322.5562906265
spline_logistic__symptoms_diet_labels,1,dairy_type,2,-0.0002462939776284867,0.0008019882135521517,1006,2861322.5562906265
spline_logistic__symptoms_diet_labels,1,dairy_type,3,-0.00045046358635789097,-0.002777660197483711,1006,2861322.5562906265
spline_logistic__symptoms_diet_labels,1,dairy_type,4,-6.701936870739944e-05,0.0012614397954437973,1006,2861322.5562906265
spline_logistic__symptoms_diet_labels,1,dairy_type,5,-0.00042589216925720264,-0.0003339025183356492,1006,2861322.5562906265
spline_logistic__symptoms_diet_labels,1,wholegrain,1,0.00019567577488327492,0.001452105758548372,1006,2861322.5562906265
spline_logistic__symptoms_diet_labels,1,wholegrain,2,-0.00026843989567029714,-0.0010968811939340295,1006,2861322.5562906265
spline_logistic__symptoms_diet_labels,1,wholegrain,3,0.00032384430237134,0.0006825899789297818,1006,2861322.5562906265
spline_logistic__symptoms_diet_labels,1,wholegrain,4,0.00032275213256649504,0.002160262339001684,1006,2861322.5562906265
spline_logistic__symptoms_diet_labels,1,wholegrain,5,0.00025360309311112106,-0.0006058036882969908,1006,2861322.5562906265
spline_logistic__symptoms_diet_labels,1,legumes,1,-0.0007552396546867679,-0.0037897616057339656,1006,2861322.5562906265
spline_logistic__symptoms_diet_labels,1,legumes,2,0.0010673342226014682,0.004988935792951121,1006,2861322.5562906265
spline_logistic__symptoms_diet_labels,1,legumes,3,0.0003997243570125486,0.0006499358230886987,1006,2861322.5562906265
spline_logistic__symptoms_diet_labels,1,legumes,4,0.0001830392243767076,-0.0009476729242894333,1006,2861322.5562906265
spline_logistic__symptoms_diet_labels,1,legumes,5,0.0005114413010423591,0.0012231010625913807,1006,2861322.5562906265
spline_logistic__symptoms_diet_labels,1,fruit_days,1,7.069638244280863e-05,0.00027610744228501183,1006,2861322.5562906265
spline_logistic__symptoms_diet_labels,1,fruit_days,2,2.4380510948829315e-05,-7.41809353299594e-06,1006,2861322.5562906265
spline_logistic__symptoms_diet_labels,1,fruit_days,3,7.562551989365174e-05,6.645895923085288e-05,1006,2861322.5562906265
spline_logistic__symptoms_diet_labels,1,fruit_days,4,9.255545869454873e-05,7.088484896811131e-05,1006,2861322.5562906265
spline_logistic__symptoms_diet_labels,1,fruit_days,5,1.5433361799016554e-05,0.00040507828660096834,1006,2861322.5562906265
spline_logistic__symptoms_diet_labels,1,fruit_portions,1,0.0003966646843662214,0.0028358514396826795,1006,2861322.5562906265
spline_logistic__symptoms_diet_labels,1,fruit_portions,2,2.143641102095306e-05,-0.00018391924286698114,1006,2861322.5562906265
spline_logistic__symptoms_diet_labels,1,fruit_portions,3,-0.00035258265162260716,-0.0013784372685400337,1006,2861322.5562906265
spline_logistic__symptoms_diet_labels,1,fruit_portions,4,0.0014842751546391142,0.003445696998715553,1006,2861322.5562906265
spline_logistic__symptoms_diet_labels,1,fruit_portions,5,0.0006772133845318329,0.003523831462711735,1006,2861322.5562906265
spline_logistic__symptoms_diet_labels,1,vegetable_days,1,-0.002011959314412781,-0.0028266928149860426,1006,2861322.5562906265
spline_logistic__symptoms_diet_labels,1,vegetable_days,2,0.0004239791388402081,0.002979200008389693,1006,2861322.5562906265
spline_logistic__symptoms_diet_labels,1,vegetable_days,3,-0.0002566661401570136,0.0033982134008263554,1006,2861322.5562906265
spline_logistic__symptoms_diet_labels,1,vegetable_days,4,-0.00071456617775284,-0.0012880505387591334,1006,2861322.5562906265
spline_logistic__symptoms_diet_labels,1,vegetable_days,5,-0.0008531772676947658,-0.0012564052813570648,1006,2861322.5562906265
spline_logistic__symptoms_diet_labels,1,vegetable_portions,1,-0.0016261150803667246,-0.002250183903459435,1006,2861322.5562906265
spline_logistic__symptoms_diet_labels,1,vegetable_portions,2,-0.0011272439083700458,-0.003040588157021684,1006,2861322.5562906265
spline_logistic__symptoms_diet_labels,1,vegetable_portions,3,-0.000634816235388358,-0.00042013273853169775,1006,2861322.5562906265
spline_logistic__symptoms_diet_labels,1,vegetable_portions,4,-0.00193254676040433,-0.004354269283366907,1006,2861322.5562906265
spline_logistic__symptoms_diet_labels,1,vegetable_portions,5,-0.0026993778125969925,-0.008159465860453574,1006,2861322.5562906265
spline_logistic__symptoms_diet_labels,1,water,1,-0.0008838515824892701,-0.0013695488927403243,1006,2861322.5562906265
spline_logistic__symptoms_diet_labels,1,water,2,9.514923593148539e-05,0.0017341410887655728,1006,2861322.5562906265
spline_logistic__symptoms_diet_labels,1,water,3,-0.0004960468174415589,-0.00021783960501087218,1006,2861322.5562906265
spline_logistic__symptoms_diet_labels,1,water,4,-0.0004344295234118001,0.000351755317769209,1006,2861322.5562906265
spline_logistic__symptoms_diet_labels,1,water,5,-0.0007764693577576032,-0.002967616133960127,1006,2861322.5562906265
spline_logistic__symptoms_diet_labels,1,soda_frequency,1,7.918250821667416e-05,8.750536273094411e-05,1006,2861322.5562906265
spline_logistic__symptoms_diet_labels,1,soda_frequency,2,-0.00011799891751945735,-0.0011213394975581048,1006,2861322.5562906265
spline_logistic__symptoms_diet_labels,1,soda_frequency,3,0.0009701614435398964,0.0038065424953255267,1006,2861322.5562906265
spline_logistic__symptoms_diet_labels,1,soda_frequency,4,-0.0002852518145341765,-0.0012559722130359718,1006,2861322.5562906265
spline_logistic__symptoms_diet_labels,1,soda_frequency,5,5.002708920276433e-05,7.150884465079166e-05,1006,2861322.5562906265
spline_logistic__symptoms_diet_labels,1,juice_frequency,1,-6.5856226677540874e-06,-0.0013624452372296147,1006,2861322.5562906265
spline_logistic__symptoms_diet_labels,1,juice_frequency,2,0.0005141729260665362,5.9898870422014916e-05,1006,2861322.5562906265
spline_logistic__symptoms_diet_labels,1,juice_frequency,3,0.00019812334998872694,0.0006110604149491827,1006,2861322.5562906265
spline_logistic__symptoms_diet_labels,1,juice_frequency,4,0.0011463185731885872,0.0033664117361451584,1006,2861322.5562906265
spline_logistic__symptoms_diet_labels,1,juice_frequency,5,0.0007638343447366192,0.0008749309987969855,1006,2861322.5562906265
spline_logistic__symptoms_diet_labels,1,oil,1,0.00033439683041536217,0.0016718485302880115,1006,2861322.5562906265
spline_logistic__symptoms_diet_labels,1,oil,2,0.0003905255873285496,0.001742282279191043,1006,2861322.5562906265
spline_logistic__symptoms_diet_labels,1,oil,3,0.00019413108055685302,0.001276802116997211,1006,2861322.5562906265
spline_logistic__symptoms_diet_labels,1,oil,4,0.00046024871784658417,0.001695352513280679,1006,2861322.5562906265
spline_logistic__symptoms_diet_labels,1,oil,5,0.00042285599124283757,0.0012820710716572314,1006,2861322.5562906265
spline_logistic__symptoms_diet_labels,1,soda_glasses_daily,1,-7.655348535104411e-05,-0.0005625201720026451,1006,2861322.5562906265
spline_logistic__symptoms_diet_labels,1,soda_glasses_daily,2,0.00038433422962205754,0.0014710665993077354,1006,2861322.5562906265
spline_logistic__symptoms_diet_labels,1,soda_glasses_daily,3,0.0003227562936203576,0.0008526809238209587,1006,2861322.5562906265
spline_logistic__symptoms_diet_labels,1,soda_glasses_daily,4,0.00027039832556743915,0.0005080273224472576,1006,2861322.5562906265
spline_logistic__symptoms_diet_labels,1,soda_glasses_daily,5,4.4228909707066943e-05,0.0009883485569956996,1006,2861322.5562906265
spline_logistic__symptoms_diet_labels,1,juice_glasses_daily,1,-0.000405678196641307,-0.0017199939371227435,1006,2861322.5562906265
spline_logistic__symptoms_diet_labels,1,juice_glasses_daily,2,7.254357182009952e-05,0.001582539912301173,1006,2861322.5562906265
spline_logistic__symptoms_diet_labels,1,juice_glasses_daily,3,0.0017176154479581207,0.008775626683082405,1006,2861322.5562906265
spline_logistic__symptoms_diet_labels,1,juice_glasses_daily,4,0.0010848698326327566,0.007158945018295615,1006,2861322.5562906265
spline_logistic__symptoms_diet_labels,1,juice_glasses_daily,5,0.0020847270908365134,0.007828745523754344,1006,2861322.5562906265
spline_logistic__symptoms_diet_labels,1,label_ingredients,1,0.0003604912293504181,0.0016908667898309915,1006,2861322.5562906265
spline_logistic__symptoms_diet_labels,1,label_ingredients,2,-0.0004242528915734123,-0.001789481929832637,1006,2861322.5562906265
spline_logistic__symptoms_diet_labels,1,label_ingredients,3,-0.0006106105440513432,-0.0014310076030332741,1006,2861322.5562906265
spline_logistic__symptoms_diet_labels,1,label_ingredients,4,-0.0003353832512168198,9.49023695016038e-05,1006,2861322.5562906265
spline_logistic__symptoms_diet_labels,1,label_ingredients,5,-0.000379612900655385,-0.0022929309619822424,1006,2861322.5562906265
spline_logistic__symptoms_diet_labels,1,label_nutrition,1,0.0007023427373420432,0.004865283147309607,1006,2861322.5562906265
spline_logistic__symptoms_diet_labels,1,label_nutrition,2,-0.0006763886287586562,-0.0010835206541990328,1006,2861322.5562906265
spline_logistic__symptoms_diet_labels,1,label_nutrition,3,0.0004828922850850792,0.0020044211647629595,1006,2861322.5562906265
spline_logistic__symptoms_diet_labels,1,label_nutrition,4,-0.0010332658907419856,-0.0019182192147113586,1006,2861322.5562906265
spline_logistic__symptoms_diet_labels,1,label_nutrition,5,-0.0011399648375960414,-0.004124801905563746,1006,2861322.5562906265
spline_logistic__symptoms_diet_labels,1,label_warnings,1,0.003913940754726036,0.014918723849012494,1006,2861322.5562906265
spline_logistic__symptoms_diet_labels,1,label_warnings,2,0.0007350341754091272,0.0007739604545186074,1006,2861322.5562906265
spline_logistic__symptoms_diet_labels,1,label_warnings,3,-0.0008943020697111947,-0.005188801663622344,1006,2861322.5562906265
spline_logistic__symptoms_diet_labels,1,label_warnings,4,-0.0013980161830536297,-0.004811154221315617,1006,2861322.5562906265
spline_logistic__symptoms_diet_labels,1,label_warnings,5,0.0014420064365299745,0.007377243006040368,1006,2861322.5562906265
spline_logistic__symptoms_diet_labels,1,label_health,1,-0.0026347680717226096,-0.014559967630397241,1006,2861322.5562906265
spline_logistic__symptoms_diet_labels,1,label_health,2,-0.0017300243725200393,-0.005222675637673313,1006,2861322.5562906265
spline_logistic__symptoms_diet_labels,1,label_health,3,-0.0012741536776463558,-0.0034593243515432803,1006,2861322.5562906265
spline_logistic__symptoms_diet_labels,1,label_health,4,0.0019091843212669657,0.004235350454133702,1006,2861322.5562906265
spline_logistic__symptoms_diet_labels,1,label_health,5,-0.0005912513555435539,-0.003901185897120185,1006,2861322.5562906265
spline_logistic__symptoms_diet_labels,1,label_brand,1,0.0002220947819890906,-0.002539083394438313,1006,2861322.5562906265
spline_logistic__symptoms_diet_labels,1,label_brand,2,0.0006456916429463666,0.000132103094370839,1006,2861322.5562906265
spline_logistic__symptoms_diet_labels,1,label_brand,3,-0.0013676106483753447,-0.0063356504630939225,1006,2861322.5562906265
spline_logistic__symptoms_diet_labels,1,label_brand,4,0.0012627654925267684,0.004223492233269677,1006,2861322.5562906265
spline_logistic__symptoms_diet_labels,1,label_brand,5,-0.0020488290540128518,-0.007335381012162134,1006,2861322.5562906265
spline_logistic__symptoms_diet_labels,1,label_discounts,1,-0.0003665382219091018,-0.0045284568267458525,1006,2861322.5562906265
spline_logistic__symptoms_diet_labels,1,label_discounts,2,-0.0017676580448902357,-0.0083081932493424,1006,2861322.5562906265
spline_logistic__symptoms_diet_labels,1,label_discounts,3,0.002110837902782575,0.007249421667359979,1006,2861322.5562906265
spline_logistic__symptoms_diet_labels,1,label_discounts,4,-0.0011936978372890927,-0.004050083096617585,1006,2861322.5562906265
spline_logistic__symptoms_diet_labels,1,label_discounts,5,0.0008256050341737264,-0.00018146415561481888,1006,2861322.5562906265
spline_logistic__symptoms_diet_labels,2,age,1,0.006893112900880266,0.04441271326837937,1007,2574325.41285038
spline_logistic__symptoms_diet_labels,2,age,2,0.008178580508532346,0.04789810509700765,1007,2574325.41285038
spline_logistic__symptoms_diet_labels,2,age,3,0.002841041918245246,0.010474292243119798,1007,2574325.41285038
spline_logistic__symptoms_diet_labels,2,age,4,0.0064303465666105675,0.034069540020577715,1007,2574325.41285038
spline_logistic__symptoms_diet_labels,2,age,5,0.007136486860381763,0.03974967606243318,1007,2574325.41285038
spline_logistic__symptoms_diet_labels,2,sex,1,-0.00012748585111266308,-0.0016083871951461104,1007,2574325.41285038
spline_logistic__symptoms_diet_labels,2,sex,2,0.0006306793556362655,0.002691258925461737,1007,2574325.41285038
spline_logistic__symptoms_diet_labels,2,sex,3,0.0008068619616621309,0.002909317464073191,1007,2574325.41285038
spline_logistic__symptoms_diet_labels,2,sex,4,-0.00012202840672492776,-0.000779351582179677,1007,2574325.41285038
spline_logistic__symptoms_diet_labels,2,sex,5,-0.0005043731293088993,-0.0043806165841423494,1007,2574325.41285038
spline_logistic__symptoms_diet_labels,2,region,1,-0.00012684481974351014,-0.00011928124278615115,1007,2574325.41285038
spline_logistic__symptoms_diet_labels,2,region,2,0.0005554944455282707,0.0032609278439603706,1007,2574325.41285038
spline_logistic__symptoms_diet_labels,2,region,3,0.0004890131007105891,0.0012001578779603506,1007,2574325.41285038
spline_logistic__symptoms_diet_labels,2,region,4,0.00031233957121981626,0.0017616010678788152,1007,2574325.41285038
spline_logistic__symptoms_diet_labels,2,region,5,0.0006160268871239216,0.002757754448530214,1007,2574325.41285038
spline_logistic__symptoms_diet_labels,2,rural,1,3.6034901252368634e-05,4.46755399965415e-05,1007,2574325.41285038
spline_logistic__symptoms_diet_labels,2,rural,2,-1.4986320696908084e-06,-1.7457217853955598e-05,1007,2574325.41285038
spline_logistic__symptoms_diet_labels,2,rural,3,2.314027516983619e-05,0.000355282334019158,1007,2574325.41285038
spline_logistic__symptoms_diet_labels,2,rural,4,2.1909886663951106e-05,-9.924454964371776e-05,1007,2574325.41285038
spline_logistic__symptoms_diet_labels,2,rural,5,1.2153461140723687e-05,0.0001845795065551492,1007,2574325.41285038
spline_logistic__symptoms_diet_labels,2,education,1,0.00025739708736013944,0.001993091318656437,1007,2574325.41285038
spline_logistic__symptoms_diet_labels,2,education,2,0.0003545097298833233,0.002297797390101497,1007,2574325.41285038
spline_logistic__symptoms_diet_labels,2,education,3,5.3050380601382674e-05,-0.00018872423728022447,1007,2574325.41285038
spline_logistic__symptoms_diet_labels,2,education,4,0.0005223507095092617,0.00199215314308554,1007,2574325.41285038
spline_logistic__symptoms_diet_labels,2,education,5,8.345261558995176e-05,-0.0004516743590875505,1007,2574325.41285038
spline_logistic__symptoms_diet_labels,2,indigenous,1,-0.00010947269712480168,-0.0004757219354905029,1007,2574325.41285038
spline_logistic__symptoms_diet_labels,2,indigenous,2,-8.990548181320168e-06,-0.000151663761886911,1007,2574325.41285038
spline_logistic__symptoms_diet_labels,2,indigenous,3,-4.627079481983598e-05,-0.0005748763421768999,1007,2574325.41285038
spline_logistic__symptoms_diet_labels,2,indigenous,4,-3.917676968173689e-05,-0.0009678821026877227,1007,2574325.41285038
spline_logistic__symptoms_diet_labels,2,indigenous,5,-1.3695332761659573e-05,-0.0005691912395024978,1007,2574325.41285038
spline_logistic__symptoms_diet_labels,2,born_chile,1,-7.197719869220243e-05,-0.00057227393929149,1007,2574325.41285038
spline_logistic__symptoms_diet_labels,2,born_chile,2,-8.142443949152312e-05,-0.0006357680499781138,1007,2574325.41285038
spline_logistic__symptoms_diet_labels,2,born_chile,3,-0.00010470013706179171,-0.0006453663730132675,1007,2574325.41285038
spline_logistic__symptoms_diet_labels,2,born_chile,4,-5.911469758701493e-05,-0.00031148293113425485,1007,2574325.41285038
spline_logistic__symptoms_diet_labels,2,born_chile,5,-0.00011855822073381095,-0.0007111378350018738,1007,2574325.41285038
spline_logistic__symptoms_diet_labels,2,teeth_remaining,1,0.004320625642454473,0.019268358845895395,1007,2574325.41285038
spline_logistic__symptoms_diet_labels,2,teeth_remaining,2,0.0029559270921650227,0.021882487703271836,1007,2574325.41285038
spline_logistic__symptoms_diet_labels,2,teeth_remaining,3,0.006143945330939177,0.04240849183937867,1007,2574325.41285038
spline_logistic__symptoms_diet_labels,2,teeth_remaining,4,0.0032673564137147004,0.01994836664376365,1007,2574325.41285038
spline_logistic__symptoms_diet_labels,2,teeth_remaining,5,0.0029734217196469848,0.01520748565817398,1007,2574325.41285038
spline_logistic__symptoms_diet_labels,2,income_band,1,0.000451188474567793,0.00218271551281779,1007,2574325.41285038
spline_logistic__symptoms_diet_labels,2,income_band,2,0.0003898857332665928,0.002703713349040182,1007,2574325.41285038
spline_logistic__symptoms_diet_labels,2,income_band,3,0.0005744416915060002,0.0027771425591237575,1007,2574325.41285038
spline_logistic__symptoms_diet_labels,2,income_band,4,0.0005845931666433601,0.0034351176429714414,1007,2574325.41285038
spline_logistic__symptoms_diet_labels,2,income_band,5,0.0002867326884493926,0.001765388161207193,1007,2574325.41285038
spline_logistic__symptoms_diet_labels,2,health_insurance,1,-0.00018143730485831178,0.000509852460291782,1007,2574325.41285038
spline_logistic__symptoms_diet_labels,2,health_insurance,2,-0.00031658765576617065,-0.00108513029871804,1007,2574325.41285038
spline_logistic__symptoms_diet_labels,2,health_insurance,3,0.00015679695817596984,0.002594751039681542,1007,2574325.41285038
spline_logistic__symptoms_diet_labels,2,health_insurance,4,9.401802987835106e-06,0.0017060165986626519,1007,2574325.41285038
spline_logistic__symptoms_diet_labels,2,health_insurance,5,-0.0001558264504635254,0.0009329627268402918,1007,2574325.41285038
spline_logistic__symptoms_diet_labels,2,smoking_status,1,-0.0002581507044733533,-0.0016506689566875288,1007,2574325.41285038
spline_logistic__symptoms_diet_labels,2,smoking_status,2,0.00010571819054416842,0.0017620609829563927,1007,2574325.41285038
spline_logistic__symptoms_diet_labels,2,smoking_status,3,0.0002527256923303689,0.0020088998992155993,1007,2574325.41285038
spline_logistic__symptoms_diet_labels,2,smoking_status,4,-0.0001364277253121382,-0.0016257479450891843,1007,2574325.41285038
spline_logistic__symptoms_diet_labels,2,smoking_status,5,-0.0002142551927391545,-0.002728972425197096,1007,2574325.41285038
spline_logistic__symptoms_diet_labels,2,diabetes_reported,1,-0.00015650874182207564,-0.0011218476090013585,1007,2574325.41285038
spline_logistic__symptoms_diet_labels,2,diabetes_reported,2,-0.00013399184363172,-0.0009173791484347049,1007,2574325.41285038
spline_logistic__symptoms_diet_labels,2,diabetes_reported,3,-2.3556128303514612e-07,0.00041370456899825214,1007,2574325.41285038
spline_logistic__symptoms_diet_labels,2,diabetes_reported,4,-0.00014764499919714402,-0.0011941294725464902,1007,2574325.41285038
spline_logistic__symptoms_diet_labels,2,diabetes_reported,5,6.0739735310177956e-05,0.0014334603849607275,1007,2574325.41285038
spline_logistic__symptoms_diet_labels,2,dental_visit,1,0.000368755862159148,-0.001196719804154922,1007,2574325.41285038
spline_logistic__symptoms_diet_labels,2,dental_visit,2,0.00013895772170846588,-0.0018504061438470165,1007,2574325.41285038
spline_logistic__symptoms_diet_labels,2,dental_visit,3,0.0004262596329459023,0.002383779188315449,1007,2574325.41285038
spline_logistic__symptoms_diet_labels,2,dental_visit,4,-3.623200158378581e-05,-0.0020866332552536004,1007,2574325.41285038
spline_logistic__symptoms_diet_labels,2,dental_visit,5,0.0006291265430458937,0.0028943838009345413,1007,2574325.41285038
spline_logistic__symptoms_diet_labels,2,dental_visit_reason,1,0.0019821154283988784,0.010911872430656944,1007,2574325.41285038
spline_logistic__symptoms_diet_labels,2,dental_visit_reason,2,0.0027023683804623666,0.01508642276439287,1007,2574325.41285038
spline_logistic__symptoms_diet_labels,2,dental_visit_reason,3,0.001548868350950111,0.008632738493399739,1007,2574325.41285038
spline_logistic__symptoms_diet_labels,2,dental_visit_reason,4,0.002101754243300835,0.011926458434441845,1007,2574325.41285038
spline_logistic__symptoms_diet_labels,2,dental_visit_reason,5,0.0022226721167926677,0.010928354207942581,1007,2574325.41285038
spline_logistic__symptoms_diet_labels,2,dental_access,1,7.955024101957697e-05,-0.0019470596489580272,1007,2574325.41285038
spline_logistic__symptoms_diet_labels,2,dental_access,2,0.00035277103079869865,-0.00016342050671436237,1007,2574325.41285038
spline_logistic__symptoms_diet_labels,2,dental_access,3,7.601613541385888e-05,-0.0020634767072427174,1007,2574325.41285038
spline_logistic__symptoms_diet_labels,2,dental_access,4,0.0006609782580558055,0.0012521781685606026,1007,2574325.41285038
spline_logistic__symptoms_diet_labels,2,dental_access,5,-0.0009091713389700051,-0.007486554937847556,1007,2574325.41285038
spline_logistic__symptoms_diet_labels,2,household_water_source,1,1.7588441472982108e-05,-8.231195306240835e-06,1007,2574325.41285038
spline_logistic__symptoms_diet_labels,2,household_water_source,2,2.2246948441911885e-05,0.00015651743513989125,1007,2574325.41285038
spline_logistic__symptoms_diet_labels,2,household_water_source,3,9.368391182429381e-06,-2.3045975650282102e-05,1007,2574325.41285038
spline_logistic__symptoms_diet_labels,2,household_water_source,4,1.3837200294852803e-05,-1.4190453478946097e-08,1007,2574325.41285038
spline_logistic__symptoms_diet_labels,2,household_water_source,5,1.7699922604363927e-05,5.1514205375413624e-05,1007,2574325.41285038
spline_logistic__symptoms_diet_labels,2,rural_water_consumption,1,-6.565773084718507e-05,-0.0008302371976005585,1007,2574325.41285038
spline_logistic__symptoms_diet_labels,2,rural_water_consumption,2,1.3727914189354262e-05,-0.00030248916976649554,1007,2574325.41285038
spline_logistic__symptoms_diet_labels,2,rural_water_consumption,3,2.2895170795844688e-05,0.0002451803280256737,1007,2574325.41285038
spline_logistic__symptoms_diet_labels,2,rural_water_consumption,4,-3.4107961443735624e-05,-0.00013903581800656095,1007,2574325.41285038
spline_logistic__symptoms_diet_labels,2,rural_water_consumption,5,-1.8965303459739236e-05,-0.0003829147621552398,1007,2574325.41285038
spline_logistic__symptoms_diet_labels,2,oral_health_selfrating,1,0.0023282424738025054,0.009157521405476654,1007,2574325.41285038
spline_logistic__symptoms_diet_labels,2,oral_health_selfrating,2,0.0015693062999181107,0.004920127309797406,1007,2574325.41285038
spline_logistic__symptoms_diet_labels,2,oral_health_selfrating,3,0.0010576563625671054,-0.000914109508454275,1007,2574325.41285038
spline_logistic__symptoms_diet_labels,2,oral_health_selfrating,4,0.003853769201223295,0.023019025246639235,1007,2574325.41285038
spline_logistic__symptoms_diet_labels,2,oral_health_selfrating,5,0.0023038023094180404,0.01390433259955115,1007,2574325.41285038
spline_logistic__symptoms_diet_labels,2,oral_pain,1,0.0006001400463958306,0.001830219043877257,1007,2574325.41285038
spline_logistic__symptoms_diet_labels,2,oral_pain,2,0.0007186027064657319,0.0032746432381389745,1007,2574325.41285038
spline_logistic__symptoms_diet_labels,2,oral_pain,3,0.0007552899739813601,0.0021687458899340983,1007,2574325.41285038
spline_logistic__symptoms_diet_labels,2,oral_pain,4,0.00040119283540829276,0.0020870741558306483,1007,2574325.41285038
spline_logistic__symptoms_diet_labels,2,oral_pain,5,0.0005190534177927641,0.00203794527600476,1007,2574325.41285038
spline_logistic__symptoms_diet_labels,2,oral_speech,1,8.406805005578555e-06,0.00016114117180054954,1007,2574325.41285038
spline_logistic__symptoms_diet_labels,2,oral_speech,2,-4.801865452661036e-05,-0.00034156453295741684,1007,2574325.41285038
spline_logistic__symptoms_diet_labels,2,oral_speech,3,-4.2730509020288965e-05,-0.00017718245061160154,1007,2574325.41285038
spline_logistic__symptoms_diet_labels,2,oral_speech,4,-1.3356354442578544e-05,-7.183011759503977e-05,1007,2574325.41285038
spline_logistic__symptoms_diet_labels,2,oral_speech,5,-1.5059276506218522e-05,-0.00026628676021611675,1007,2574325.41285038
spline_logistic__symptoms_diet_labels,2,oral_eating,1,0.00011077948011389838,0.0001753213549720023,1007,2574325.41285038
spline_logistic__symptoms_diet_labels,2,oral_eating,2,0.00026881380890339535,0.00021504144867778852,1007,2574325.41285038
spline_logistic__symptoms_diet_labels,2,oral_eating,3,0.00044151253113511313,0.002780019990192284,1007,2574325.41285038
spline_logistic__symptoms_diet_labels,2,oral_eating,4,3.663542527565511e-05,0.00017246567667550394,1007,2574325.41285038
spline_logistic__symptoms_diet_labels,2,oral_eating,5,0.00012602730154404052,0.0006236323395946153,1007,2574325.41285038
spline_logistic__symptoms_diet_labels,2,oral_daily_activities,1,3.018245928729235e-05,0.00028735403493185263,1007,2574325.41285038
spline_logistic__symptoms_diet_labels,2,oral_daily_activities,2,2.421994245660475e-06,0.00017068533363540084,1007,2574325.41285038
spline_logistic__symptoms_diet_labels,2,oral_daily_activities,3,-2.916397111990543e-05,-0.0001210037496388594,1007,2574325.41285038
spline_logistic__symptoms_diet_labels,2,oral_daily_activities,4,-7.354287767380452e-06,-0.00023508129785176912,1007,2574325.41285038
spline_logistic__symptoms_diet_labels,2,oral_daily_activities,5,2.6705807633975454e-05,-4.8193702434362606e-05,1007,2574325.41285038
spline_logistic__symptoms_diet_labels,2,oral_social,1,4.0781505734638346e-05,0.000425719642628275,1007,2574325.41285038
spline_logistic__symptoms_diet_labels,2,oral_social,2,2.6875505219792206e-05,5.8179429365701196e-05,1007,2574325.41285038
spline_logistic__symptoms_diet_labels,2,oral_social,3,3.6000354194959394e-05,-1.798389015228441e-05,1007,2574325.41285038
spline_logistic__symptoms_diet_labels,2,oral_social,4,0.00012299365909834714,0.0010219051059724427,1007,2574325.41285038
spline_logistic__symptoms_diet_labels,2,oral_social,5,1.1525612015339526e-06,0.00031971327132052085,1007,2574325.41285038
spline_logistic__symptoms_diet_labels,2,fish,1,-0.000154997919200206,-0.0009761100144562995,1007,2574325.41285038
spline_logistic__symptoms_diet_labels,2,fish,2,-0.0008361772256375855,-0.006635070924513764,1007,2574325.41285038
spline_logistic__symptoms_diet_labels,2,fish,3,-0.000547839865471772,-0.004217930880357379,1007,2574325.41285038
spline_logistic__symptoms_diet_labels,2,fish,4,-0.000526139968126671,-0.003702865914268938,1007,2574325.41285038
spline_logistic__symptoms_diet_labels,2,fish,5,-0.000929469225066093,-0.005835146104623101,1007,2574325.41285038
spline_logistic__symptoms_diet_labels,2,dairy_frequency,1,0.0002187039846041905,0.001502635126611418,1007,2574325.41285038
spline_logistic__symptoms_diet_labels,2,dairy_frequency,2,0.00018785290539360955,0.00043611995200909526,1007,2574325.41285038
spline_logistic__symptoms_diet_labels,2,dairy_frequency,3,-2.9035069419092174e-05,-0.0006531238941056561,1007,2574325.41285038
spline_logistic__symptoms_diet_labels,2,dairy_frequency,4,0.00024499745849676513,0.001001284832395033,1007,2574325.41285038
spline_logistic__symptoms_diet_labels,2,dairy_frequency,5,0.00015110741654203452,0.0013547527833004391,1007,2574325.41285038
spline_logistic__symptoms_diet_labels,2,dairy_type,1,1.1315417774993008e-06,-0.0012969314665689513,1007,2574325.41285038
spline_logistic__symptoms_diet_labels,2,dairy_type,2,-0.0008607805313108063,-0.0086692275570448,1007,2574325.41285038
spline_logistic__symptoms_diet_labels,2,dairy_type,3,-0.0004648044765933612,-0.004337733952837208,1007,2574325.41285038
spline_logistic__symptoms_diet_labels,2,dairy_type,4,-0.0009347774874908787,-0.009707906500233232,1007,2574325.41285038
spline_logistic__symptoms_diet_labels,2,dairy_type,5,-0.0005921422835288292,-0.0077521831393843055,1007,2574325.41285038
spline_logistic__symptoms_diet_labels,2,wholegrain,1,6.081241930397385e-05,0.00046935712956808207,1007,2574325.41285038
spline_logistic__symptoms_diet_labels,2,wholegrain,2,0.00022638929646506822,0.0011729724271809516,1007,2574325.41285038
spline_logistic__symptoms_diet_labels,2,wholegrain,3,0.0003360794174677717,0.0021811866234441313,1007,2574325.41285038
spline_logistic__symptoms_diet_labels,2,wholegrain,4,4.0601851494709296e-05,0.0002548067585235181,1007,2574325.41285038
spline_logistic__symptoms_diet_labels,2,wholegrain,5,1.8347881013680567e-05,0.00016674733315535928,1007,2574325.41285038
spline_logistic__symptoms_diet_labels,2,legumes,1,-0.00018785915095842487,0.0003285823269835175,1007,2574325.41285038
spline_logistic__symptoms_diet_labels,2,legumes,2,-0.00011492239590615849,0.00039715641697790627,1007,2574325.41285038
spline_logistic__symptoms_diet_labels,2,legumes,3,-0.0001240492990449149,-0.000817692364672995,1007,2574325.41285038
spline_logistic__symptoms_diet_labels,2,legumes,4,-3.781503047389778e-06,0.0007536586319401017,1007,2574325.41285038
spline_logistic__symptoms_diet_labels,2,legumes,5,-0.0003516957873450077,-0.0006854236059682384,1007,2574325.41285038
spline_logistic__symptoms_diet_labels,2,fruit_days,1,-0.00035539285375221774,-0.0036290553991451535,1007,2574325.41285038
spline_logistic__symptoms_diet_labels,2,fruit_days,2,-0.0003058592282552397,-0.001993158939005646,1007,2574325.41285038
spline_logistic__symptoms_diet_labels,2,fruit_days,3,0.0003799826671372075,0.0015236144275533325,1007,2574325.41285038
spline_logistic__symptoms_diet_labels,2,fruit_days,4,-0.00012623344544926418,-0.001441556343548922,1007,2574325.41285038
spline_logistic__symptoms_diet_labels,2,fruit_days,5,-0.0005365958039030283,-0.004536644172985049,1007,2574325.41285038
spline_logistic__symptoms_diet_labels,2,fruit_portions,1,0.00010403971636799292,0.0001753356325278066,1007,2574325.41285038
spline_logistic__symptoms_diet_labels,2,fruit_portions,2,0.00037475186692959017,0.0023077283872081633,1007,2574325.41285038
spline_logistic__symptoms_diet_labels,2,fruit_portions,3,5.815747551798922e-05,-0.0002693192367809738,1007,2574325.41285038
spline_logistic__symptoms_diet_labels,2,fruit_portions,4,0.00028850600862792564,0.0016777092054260923,1007,2574325.41285038
spline_logistic__symptoms_diet_labels,2,fruit_portions,5,0.00023327295004402226,0.0009931257126013504,1007,2574325.41285038
spline_logistic__symptoms_diet_labels,2,vegetable_days,1,0.0004349774341606272,-0.00024664875120294916,1007,2574325.41285038
spline_logistic__symptoms_diet_labels,2,vegetable_days,2,-4.0110645443736104e-05,-0.0008212136414720295,1007,2574325.41285038
spline_logistic__symptoms_diet_labels,2,vegetable_days,3,0.00017805681845378674,-0.0026759008315712096,1007,2574325.41285038
spline_logistic__symptoms_diet_labels,2,vegetable_days,4,-0.0002488311744399674,-0.002573263965425343,1007,2574325.41285038
spline_logistic__symptoms_diet_labels,2,vegetable_days,5,0.0005376322489532293,0.0023853169078984493,1007,2574325.41285038
spline_logistic__symptoms_diet_labels,2,vegetable_portions,1,-0.00024233812978635694,-0.0013630393866542745,1007,2574325.41285038
spline_logistic__symptoms_diet_labels,2,vegetable_portions,2,-0.00023432857065366908,-0.001088129599542631,1007,2574325.41285038
spline_logistic__symptoms_diet_labels,2,vegetable_portions,3,-0.00021116197577880635,-0.000795051233404731,1007,2574325.41285038
spline_logistic__symptoms_diet_labels,2,vegetable_portions,4,-0.00020748243143137168,-0.0014872672858754488,1007,2574325.41285038
spline_logistic__symptoms_diet_labels,2,vegetable_portions,5,-0.0001508615638450561,-0.0008621171475471368,1007,2574325.41285038
spline_logistic__symptoms_diet_labels,2,water,1,-0.00075838814365492,-0.007061019634566179,1007,2574325.41285038
spline_logistic__symptoms_diet_labels,2,water,2,-0.0006565271614014101,-0.0061699427175461174,1007,2574325.41285038
spline_logistic__symptoms_diet_labels,2,water,3,-0.00019155370972462338,-0.0017487330180773197,1007,2574325.41285038
spline_logistic__symptoms_diet_labels,2,water,4,-8.585454445778073e-05,-0.0019108637959458497,1007,2574325.41285038
spline_logistic__symptoms_diet_labels,2,water,5,-0.00040488186907980395,-0.005756933835004752,1007,2574325.41285038
spline_logistic__symptoms_diet_labels,2,soda_frequency,1,0.0005644573116792562,0.0038720538122191117,1007,2574325.41285038
spline_logistic__symptoms_diet_labels,2,soda_frequency,2,-0.0007772080513126778,-0.006701010805788887,1007,2574325.41285038
spline_logistic__symptoms_diet_labels,2,soda_frequency,3,-0.000237183264540336,-0.0033458544914999333,1007,2574325.41285038
spline_logistic__symptoms_diet_labels,2,soda_frequency,4,3.545654207651183e-05,-0.00041534470857151895,1007,2574325.41285038
spline_logistic__symptoms_diet_labels,2,soda_frequency,5,0.0003533900757463626,0.0015233650194292903,1007,2574325.41285038
spline_logistic__symptoms_diet_labels,2,juice_frequency,1,5.096937026888293e-05,-0.0002964894945085561,1007,2574325.41285038
spline_logistic__symptoms_diet_labels,2,juice_frequency,2,-2.9001692119612343e-05,-0.0002747158214602141,1007,2574325.41285038
spline_logistic__symptoms_diet_labels,2,juice_frequency,3,-2.245228566288837e-06,0.00019226327440935442,1007,2574325.41285038
spline_logistic__symptoms_diet_labels,2,juice_frequency,4,8.526451152457426e-05,0.00025381585208750224,1007,2574325.41285038
spline_logistic__symptoms_diet_labels,2,juice_frequency,5,-3.661452192851855e-05,-0.0006449771129478643,1007,2574325.41285038
spline_logistic__symptoms_diet_labels,2,oil,1,-3.753554271551662e-05,-0.0007013374897446578,1007,2574325.41285038
spline_logistic__symptoms_diet_labels,2,oil,2,-1.8689414977152152e-05,-0.0005822196047255979,1007,2574325.41285038
spline_logistic__symptoms_diet_labels,2,oil,3,7.564049637892589e-06,-0.00017095886896811852,1007,2574325.41285038
spline_logistic__symptoms_diet_labels,2,oil,4,2.744498862039535e-05,-0.000374452326615593,1007,2574325.41285038
spline_logistic__symptoms_diet_labels,2,oil,5,-1.637855507891084e-05,-0.0004923961201999116,1007,2574325.41285038
spline_logistic__symptoms_diet_labels,2,soda_glasses_daily,1,0.00020813523993321037,-0.0013158952575119676,1007,2574325.41285038
spline_logistic__symptoms_diet_labels,2,soda_glasses_daily,2,0.0004987718547171116,0.0041982530273911856,1007,2574325.41285038
spline_logistic__symptoms_diet_labels,2,soda_glasses_daily,3,-7.39075281318835e-05,-0.002084962580443883,1007,2574325.41285038
spline_logistic__symptoms_diet_labels,2,soda_glasses_daily,4,-0.00038058108062491436,-0.0050553063502507545,1007,2574325.41285038
spline_logistic__symptoms_diet_labels,2,soda_glasses_daily,5,-0.0008921649639521134,-0.0068301914201032154,1007,2574325.41285038
spline_logistic__symptoms_diet_labels,2,juice_glasses_daily,1,-0.0002467787876458405,-0.0014714434451258418,1007,2574325.41285038
spline_logistic__symptoms_diet_labels,2,juice_glasses_daily,2,0.0001301901702943642,-0.0005276034188756995,1007,2574325.41285038
spline_logistic__symptoms_diet_labels,2,juice_glasses_daily,3,0.000435584123692101,0.0016231789019292009,1007,2574325.41285038
spline_logistic__symptoms_diet_labels,2,juice_glasses_daily,4,0.0005169368715307043,0.001096557360464212,1007,2574325.41285038
spline_logistic__symptoms_diet_labels,2,juice_glasses_daily,5,0.0006966710867888359,0.0038622210768932685,1007,2574325.41285038
spline_logistic__symptoms_diet_labels,2,label_ingredients,1,-0.00015950339993558993,-0.00178080401051961,1007,2574325.41285038
spline_logistic__symptoms_diet_labels,2,label_ingredients,2,-4.962242258016447e-05,-0.0014561777850814472,1007,2574325.41285038
spline_logistic__symptoms_diet_labels,2,label_ingredients,3,3.852502863999074e-06,-0.0013170845106720286,1007,2574325.41285038
spline_logistic__symptoms_diet_labels,2,label_ingredients,4,-0.00012925386343315415,-0.001888492381098339,1007,2574325.41285038
spline_logistic__symptoms_diet_labels,2,label_ingredients,5,-7.214943270139607e-05,-0.0009513192086311184,1007,2574325.41285038
spline_logistic__symptoms_diet_labels,2,label_nutrition,1,0.0003182948182855194,0.0010619250436645356,1007,2574325.41285038
spline_logistic__symptoms_diet_labels,2,label_nutrition,2,-3.527496585664647e-07,-0.0004905819384715127,1007,2574325.41285038
spline_logistic__symptoms_diet_labels,2,label_nutrition,3,0.00034178629181946807,0.0012645253728074124,1007,2574325.41285038
spline_logistic__symptoms_diet_labels,2,label_nutrition,4,-0.00019927866989905008,-0.0009817138225480804,1007,2574325.41285038
spline_logistic__symptoms_diet_labels,2,label_nutrition,5,0.00017461122965192755,0.0009535086776453205,1007,2574325.41285038
spline_logistic__symptoms_diet_labels,2,label_warnings,1,0.0002828191129717883,-0.0010763518152994145,1007,2574325.41285038
spline_logistic__symptoms_diet_labels,2,label_warnings,2,0.00021490488825345877,-0.0010819000672737111,1007,2574325.41285038
spline_logistic__symptoms_diet_labels,2,label_warnings,3,0.00021658451513481558,0.0007142547962027956,1007,2574325.41285038
spline_logistic__symptoms_diet_labels,2,label_warnings,4,-3.147632664252109e-05,-0.0019824855745514958,1007,2574325.41285038
spline_logistic__symptoms_diet_labels,2,label_warnings,5,0.0008131299204228726,0.0038064729708502387,1007,2574325.41285038
spline_logistic__symptoms_diet_labels,2,label_health,1,-0.00010842253115422862,-0.0013928870687017758,1007,2574325.41285038
spline_logistic__symptoms_diet_labels,2,label_health,2,2.207045180549483e-05,-0.000286579539331977,1007,2574325.41285038
spline_logistic__symptoms_diet_labels,2,label_health,3,-0.00038548562843629397,-0.0028621283044907297,1007,2574325.41285038
spline_logistic__symptoms_diet_labels,2,label_health,4,-0.00037226102298285046,-0.0029361391762880995,1007,2574325.41285038
spline_logistic__symptoms_diet_labels,2,label_health,5,1.900977322985553e-05,-0.0009467534066348593,1007,2574325.41285038
spline_logistic__symptoms_diet_labels,2,label_brand,1,9.989291065928829e-05,0.0005979138630116676,1007,2574325.41285038
spline_logistic__symptoms_diet_labels,2,label_brand,2,0.00014015365903852217,0.0006233946493604536,1007,2574325.41285038
spline_logistic__symptoms_diet_labels,2,label_brand,3,-0.0001973613324160184,-0.0019142883988074733,1007,2574325.41285038
spline_logistic__symptoms_diet_labels,2,label_brand,4,-0.0005493434290990973,-0.004635736338908014,1007,2574325.41285038
spline_logistic__symptoms_diet_labels,2,label_brand,5,0.00014755030639956868,5.915843814974231e-05,1007,2574325.41285038
spline_logistic__symptoms_diet_labels,2,label_discounts,1,-7.735650984827536e-05,0.00010707096684825501,1007,2574325.41285038
spline_logistic__symptoms_diet_labels,2,label_discounts,2,2.2532677803555057e-05,-0.0005466575710220134,1007,2574325.41285038
spline_logistic__symptoms_diet_labels,2,label_discounts,3,-6.664659384364446e-05,-0.0006321832128279858,1007,2574325.41285038
spline_logistic__symptoms_diet_labels,2,label_discounts,4,8.722118165518933e-05,0.0006706450512904416,1007,2574325.41285038
spline_logistic__symptoms_diet_labels,2,label_discounts,5,3.678420858210796e-05,0.0003549007115409841,1007,2574325.41285038
spline_logistic__symptoms_diet_labels,3,age,1,-0.00034569784117913227,-0.015478312467936739,1011,2776332.157348156
spline_logistic__symptoms_diet_labels,3,age,2,0.009148368169942855,0.06178230250449257,1011,2776332.157348156
spline_logistic__symptoms_diet_labels,3,age,3,0.010085530011183536,0.05709344741516431,1011,2776332.157348156
spline_logistic__symptoms_diet_labels,3,age,4,0.0003757662083418156,-0.005859219670125704,1011,2776332.157348156
spline_logistic__symptoms_diet_labels,3,age,5,0.005326000163791728,0.03001872183582399,1011,2776332.157348156
spline_logistic__symptoms_diet_labels,3,sex,1,0.0010901911345942983,0.0067149705235078905,1011,2776332.157348156
spline_logistic__symptoms_diet_labels,3,sex,2,-0.0002939054773629657,-0.001866778628454857,1011,2776332.157348156
spline_logistic__symptoms_diet_labels,3,sex,3,0.0002809372004816957,0.002295606028556607,1011,2776332.157348156
spline_logistic__symptoms_diet_labels,3,sex,4,0.001275576630892894,0.009114079899133265,1011,2776332.157348156
spline_logistic__symptoms_diet_labels,3,sex,5,0.0003383324510868868,0.0030156513540290364,1011,2776332.157348156
spline_logistic__symptoms_diet_labels,3,region,1,0.00032773674535827024,0.0026636058541077423,1011,2776332.157348156
spline_logistic__symptoms_diet_labels,3,region,2,0.00020257441559345946,0.0015365841413818027,1011,2776332.157348156
spline_logistic__symptoms_diet_labels,3,region,3,0.0006733834866183841,0.004859089358890012,1011,2776332.157348156
spline_logistic__symptoms_diet_labels,3,region,4,0.0004234359082001815,0.0017817571469616045,1011,2776332.157348156
spline_logistic__symptoms_diet_labels,3,region,5,0.00042185163865243736,0.002381917254774435,1011,2776332.157348156
spline_logistic__symptoms_diet_labels,3,rural,1,7.831532660568241e-06,5.7534254921720596e-05,1011,2776332.157348156
spline_logistic__symptoms_diet_labels,3,rural,2,-1.1995647749701854e-05,-2.765792009873369e-05,1011,2776332.157348156
spline_logistic__symptoms_diet_labels,3,rural,3,-3.943714564885736e-06,0.00014059952697975664,1011,2776332.157348156
spline_logistic__symptoms_diet_labels,3,rural,4,-1.6226353883042055e-05,-0.00020337384800994673,1011,2776332.157348156
spline_logistic__symptoms_diet_labels,3,rural,5,6.414566538409661e-06,0.00015711354582548243,1011,2776332.157348156
spline_logistic__symptoms_diet_labels,3,education,1,0.0004541142169037782,0.0027135866394972785,1011,2776332.157348156
spline_logistic__symptoms_diet_labels,3,education,2,0.00026140418882961147,0.0004939435512364421,1011,2776332.157348156
spline_logistic__symptoms_diet_labels,3,education,3,8.874321076951519e-05,0.00033607224756782017,1011,2776332.157348156
spline_logistic__symptoms_diet_labels,3,education,4,-0.00018503645440692829,-0.0027833250004188903,1011,2776332.157348156
spline_logistic__symptoms_diet_labels,3,education,5,0.0003590074790508213,0.0010698650570454271,1011,2776332.157348156
spline_logistic__symptoms_diet_labels,3,indigenous,1,2.58659744499512e-05,0.0010407824538255506,1011,2776332.157348156
spline_logistic__symptoms_diet_labels,3,indigenous,2,-2.1122607617551914e-05,-0.00010743400944901449,1011,2776332.157348156
spline_logistic__symptoms_diet_labels,3,indigenous,3,-7.78313677226583e-05,-0.0008275351660484986,1011,2776332.157348156
spline_logistic__symptoms_diet_labels,3,indigenous,4,4.4429420005764886e-05,0.0008261057964792373,1011,2776332.157348156
spline_logistic__symptoms_diet_labels,3,indigenous,5,8.438364132884457e-05,0.0008283231766578192,1011,2776332.157348156
spline_logistic__symptoms_diet_labels,3,born_chile,1,-2.4638672238536108e-05,-0.0003793965779117503,1011,2776332.157348156
spline_logistic__symptoms_diet_labels,3,born_chile,2,-4.0964326528503126e-05,-0.0001940775589479582,1011,2776332.157348156
spline_logistic__symptoms_diet_labels,3,born_chile,3,-1.5117193641250859e-05,-0.0002794981891455217,1011,2776332.157348156
spline_logistic__symptoms_diet_labels,3,born_chile,4,-4.90699542254891e-06,4.8893106206704395e-05,1011,2776332.157348156
spline_logistic__symptoms_diet_labels,3,born_chile,5,-7.939648499483143e-05,-0.0009796981179360786,1011,2776332.157348156
spline_logistic__symptoms_diet_labels,3,teeth_remaining,1,0.002984779851382513,0.01418932916976623,1011,2776332.157348156
spline_logistic__symptoms_diet_labels,3,teeth_remaining,2,0.0031524678625845792,0.01604882104749883,1011,2776332.157348156
spline_logistic__symptoms_diet_labels,3,teeth_remaining,3,0.001229550306641236,0.0036155317958929123,1011,2776332.157348156
spline_logistic__symptoms_diet_labels,3,teeth_remaining,4,0.008192076059500175,0.04287875786530759,1011,2776332.157348156
spline_logistic__symptoms_diet_labels,3,teeth_remaining,5,0.0009171252943384334,-0.004217053494474654,1011,2776332.157348156
spline_logistic__symptoms_diet_labels,3,income_band,1,8.813972294433037e-05,0.0008692697313119613,1011,2776332.157348156
spline_logistic__symptoms_diet_labels,3,income_band,2,0.0007222651812461289,0.002417828967222757,1011,2776332.157348156
spline_logistic__symptoms_diet_labels,3,income_band,3,0.0004673264811513034,0.0023777357050041026,1011,2776332.157348156
spline_logistic__symptoms_diet_labels,3,income_band,4,0.0004280071274089525,0.0018707525335752706,1011,2776332.157348156
spline_logistic__symptoms_diet_labels,3,income_band,5,-0.00021869039857624895,-0.0010691482788587336,1011,2776332.157348156
spline_logistic__symptoms_diet_labels,3,health_insurance,1,-6.0759406371901914e-05,0.0002407835224567112,1011,2776332.157348156
spline_logistic__symptoms_diet_labels,3,health_insurance,2,0.0001329389323754815,0.00034692686864101763,1011,2776332.157348156
spline_logistic__symptoms_diet_labels,3,health_insurance,3,0.00025518260810852844,0.0022614863593158896,1011,2776332.157348156
spline_logistic__symptoms_diet_labels,3,health_insurance,4,-0.00013566052214575297,-0.001047025594096751,1011,2776332.157348156
spline_logistic__symptoms_diet_labels,3,health_insurance,5,-6.207094075150188e-05,-0.0005048682829232876,1011,2776332.157348156
spline_logistic__symptoms_diet_labels,3,smoking_status,1,0.00020519358801457388,0.0007313185327810778,1011,2776332.157348156
spline_logistic__symptoms_diet_labels,3,smoking_status,2,-0.0002198710816759819,-0.001338017259979174,1011,2776332.157348156
spline_logistic__symptoms_diet_labels,3,smoking_status,3,-0.00035868880514505763,-0.0027067041203365783,1011,2776332.157348156
spline_logistic__symptoms_diet_labels,3,smoking_status,4,-9.99983763278478e-05,-0.0014226353457003071,1011,2776332.157348156
spline_logistic__symptoms_diet_labels,3,smoking_status,5,-8.50566747702397e-05,-0.0004710116738629866,1011,2776332.157348156
spline_logistic__symptoms_diet_labels,3,diabetes_reported,1,-0.00014506059120825143,-0.0009142682035571115,1011,2776332.157348156
spline_logistic__symptoms_diet_labels,3,diabetes_reported,2,0.00021020759733103578,0.0017304405388346433,1011,2776332.157348156
spline_logistic__symptoms_diet_labels,3,diabetes_reported,3,0.00018905464442800501,0.0005038729518217488,1011,2776332.157348156
spline_logistic__symptoms_diet_labels,3,diabetes_reported,4,0.00010120274920050187,0.001408523422453567,1011,2776332.157348156
spline_logistic__symptoms_diet_labels,3,diabetes_reported,5,0.0004263171142828426,0.0026739321655409043,1011,2776332.157348156
spline_logistic__symptoms_diet_labels,3,dental_visit,1,0.0006966662078994879,0.00375172124568135,1011,2776332.157348156
spline_logistic__symptoms_diet_labels,3,dental_visit,2,0.0010402885883879776,0.00604393075003129,1011,2776332.157348156
spline_logistic__symptoms_diet_labels,3,dental_visit,3,0.0006133919369932517,0.0031032830201548345,1011,2776332.157348156
spline_logistic__symptoms_diet_labels,3,dental_visit,4,0.000598732176889466,0.0035148594476074324,1011,2776332.157348156
spline_logistic__symptoms_diet_labels,3,dental_visit,5,0.00047010822479368053,0.002050971748959074,1011,2776332.157348156
spline_logistic__symptoms_diet_labels,3,dental_visit_reason,1,0.0011705959838438362,0.001565887559054513,1011,2776332.157348156
spline_logistic__symptoms_diet_labels,3,dental_visit_reason,2,-1.0989430135333045e-06,-0.0028110169982502597,1011,2776332.157348156
spline_logistic__symptoms_diet_labels,3,dental_visit_reason,3,0.0013256570428958059,0.006570185880238166,1011,2776332.157348156
spline_logistic__symptoms_diet_labels,3,dental_visit_reason,4,0.002443607850749707,0.014237250957981673,1011,2776332.157348156
spline_logistic__symptoms_diet_labels,3,dental_visit_reason,5,0.000605810713121463,0.0001277739739489192,1011,2776332.157348156
spline_logistic__symptoms_diet_labels,3,dental_access,1,0.0007007019670669246,0.006780242388977453,1011,2776332.157348156
spline_logistic__symptoms_diet_labels,3,dental_access,2,0.0005150879667848995,0.003745085550063032,1011,2776332.157348156
spline_logistic__symptoms_diet_labels,3,dental_access,3,0.0005701210740638174,0.004056086375483936,1011,2776332.157348156
spline_logistic__symptoms_diet_labels,3,dental_access,4,0.0006906790033864851,0.00344049027888349,1011,2776332.157348156
spline_logistic__symptoms_diet_labels,3,dental_access,5,0.000748730167930256,0.00681387761204677,1011,2776332.157348156
spline_logistic__symptoms_diet_labels,3,household_water_source,1,2.2467789650121306e-05,1.4183679865942267e-05,1011,2776332.157348156
spline_logistic__symptoms_diet_labels,3,household_water_source,2,2.5417070867700398e-05,0.00036500238362235926,1011,2776332.157348156
spline_logistic__symptoms_diet_labels,3,household_water_source,3,-1.3428725181480194e-05,-0.0002582993232849162,1011,2776332.157348156
spline_logistic__symptoms_diet_labels,3,household_water_source,4,-3.7356702180108003e-05,-0.0007658691412574248,1011,2776332.157348156
spline_logistic__symptoms_diet_labels,3,household_water_source,5,2.167532357924551e-05,-0.0001657971288395732,1011,2776332.157348156
spline_logistic__symptoms_diet_labels,3,rural_water_consumption,1,-6.6234084050709185e-09,0.00013231941324343133,1011,2776332.157348156
spline_logistic__symptoms_diet_labels,3,rural_water_consumption,2,1.0131529651347115e-06,-2.4170600727235758e-05,1011,2776332.157348156
spline_logistic__symptoms_diet_labels,3,rural_water_consumption,3,-1.3228077458404819e-06,-5.774431573013494e-05,1011,2776332.157348156
spline_logistic__symptoms_diet_labels,3,rural_water_consumption,4,2.598538803855188e-07,5.110161836685556e-06,1011,2776332.157348156
spline_logistic__symptoms_diet_labels,3,rural_water_consumption,5,-7.243373515153362e-07,3.401610219944118e-06,1011,2776332.157348156
spline_logistic__symptoms_diet_labels,3,oral_health_selfrating,1,0.003095239435590369,0.013448494444533443,1011,2776332.157348156
spline_logistic__symptoms_diet_labels,3,oral_health_selfrating,2,0.0012190923250258168,0.0055397591331149965,1011,2776332.157348156
spline_logistic__symptoms_diet_labels,3,oral_health_selfrating,3,0.0007930359395378617,-0.0005684525071620872,1011,2776332.157348156
spline_logistic__symptoms_diet_labels,3,oral_health_selfrating,4,0.0037569301219916307,0.021120409942069096,1011,2776332.157348156
spline_logistic__symptoms_diet_labels,3,oral_health_selfrating,5,7.01984132664979e-05,-0.004017271617159812,1011,2776332.157348156
spline_logistic__symptoms_diet_labels,3,oral_pain,1,-0.0001360572536830973,-0.00239738010588042,1011,2776332.157348156
spline_logistic__symptoms_diet_labels,3,oral_pain,2,0.0004741793521194637,0.0023456315351458867,1011,2776332.157348156
spline_logistic__symptoms_diet_labels,3,oral_pain,3,9.758483886049274e-05,-0.0011674536625974063,1011,2776332.157348156
spline_logistic__symptoms_diet_labels,3,oral_pain,4,-0.0005313347850043892,-0.005627520648738726,1011,2776332.157348156
spline_logistic__symptoms_diet_labels,3,oral_pain,5,-0.0008018253199251757,-0.00595694179612738,1011,2776332.157348156
spline_logistic__symptoms_diet_labels,3,oral_speech,1,0.00013167177076492398,0.0003892603869481981,1011,2776332.157348156
spline_logistic__symptoms_diet_labels,3,oral_speech,2,-0.00019955910502011953,-0.0009135538318265635,1011,2776332.157348156
spline_logistic__symptoms_diet_labels,3,oral_speech,3,-0.00018356695734575434,-0.00105981588749815,1011,2776332.157348156
spline_logistic__symptoms_diet_labels,3,oral_speech,4,5.231147315382101e-05,0.00045392957523260336,1011,2776332.157348156
spline_logistic__symptoms_diet_labels,3,oral_speech,5,-7.007531837516234e-05,-0.0004956397005759783,1011,2776332.157348156
spline_logistic__symptoms_diet_labels,3,oral_eating,1,0.0005344656555634486,0.0007987505099685821,1011,2776332.157348156
spline_logistic__symptoms_diet_labels,3,oral_eating,2,6.856933823332079e-05,0.0006531655225149313,1011,2776332.157348156
spline_logistic__symptoms_diet_labels,3,oral_eating,3,0.00017477606350874142,0.00019698733847262062,1011,2776332.157348156
spline_logistic__symptoms_diet_labels,3,oral_eating,4,-0.0004171490359558827,-0.003523543918287797,1011,2776332.157348156
spline_logistic__symptoms_diet_labels,3,oral_eating,5,0.00039680580757750494,0.0019056184471680782,1011,2776332.157348156
spline_logistic__symptoms_diet_labels,3,oral_daily_activities,1,-1.2089724292063675e-05,-5.431429538527155e-05,1011,2776332.157348156
spline_logistic__symptoms_diet_labels,3,oral_daily_activities,2,2.5656316405192614e-05,0.00027213957387595133,1011,2776332.157348156
spline_logistic__symptoms_diet_labels,3,oral_daily_activities,3,7.826174244801587e-06,0.000188034411993665,1011,2776332.157348156
spline_logistic__symptoms_diet_labels,3,oral_daily_activities,4,-1.0586626142228273e-05,-4.229728672977551e-06,1011,2776332.157348156
spline_logistic__symptoms_diet_labels,3,oral_daily_activities,5,-6.023530859894377e-05,-0.0002208578085547419,1011,2776332.157348156
spline_logistic__symptoms_diet_labels,3,oral_social,1,-0.00019734623496597825,-0.0015142717672931294,1011,2776332.157348156
spline_logistic__symptoms_diet_labels,3,oral_social,2,-0.00010550988114074733,-0.0011300321749286857,1011,2776332.157348156
spline_logistic__symptoms_diet_labels,3,oral_social,3,-4.689923639800142e-05,4.771845866080593e-05,1011,2776332.157348156
spline_logistic__symptoms_diet_labels,3,oral_social,4,-3.634563632246013e-05,-0.0001701702100089797,1011,2776332.157348156
spline_logistic__symptoms_diet_labels,3,oral_social,5,5.3347426686167765e-05,0.0003675126185137545,1011,2776332.157348156
spline_logistic__symptoms_diet_labels,3,fish,1,-5.961413603203236e-05,-0.00055058359171134,1011,2776332.157348156
spline_logistic__symptoms_diet_labels,3,fish,2,-3.9612333755351115e-05,-0.000319908441464567,1011,2776332.157348156
spline_logistic__symptoms_diet_labels,3,fish,3,-0.0001753930288037331,-0.0017951480955362698,1011,2776332.157348156
spline_logistic__symptoms_diet_labels,3,fish,4,-3.665544884384753e-05,-0.0004885039588135021,1011,2776332.157348156
spline_logistic__symptoms_diet_labels,3,fish,5,-0.0001895068350893092,-0.0012813975283064716,1011,2776332.157348156
spline_logistic__symptoms_diet_labels,3,dairy_frequency,1,6.145909594917898e-05,-0.00020107175062011873,1011,2776332.157348156
spline_logistic__symptoms_diet_labels,3,dairy_frequency,2,-0.0004120438947071148,-0.003121142863547144,1011,2776332.157348156
spline_logistic__symptoms_diet_labels,3,dairy_frequency,3,-3.8451486027046844e-05,-0.0010039808731076016,1011,2776332.157348156
spline_logistic__symptoms_diet_labels,3,dairy_frequency,4,-0.0003502059682604919,-0.002939999142162253,1011,2776332.157348156
spline_logistic__symptoms_diet_labels,3,dairy_frequency,5,-6.47499443117705e-05,-0.00011350327669490401,1011,2776332.157348156
spline_logistic__symptoms_diet_labels,3,dairy_type,1,0.0003395747375578295,0.0018019442555520238,1011,2776332.157348156
spline_logistic__symptoms_diet_labels,3,dairy_type,2,5.6527988104265736e-05,-0.0006703871839971454,1011,2776332.157348156
spline_logistic__symptoms_diet_labels,3,dairy_type,3,0.00014123813330479962,0.00024483242500428215,1011,2776332.157348156
spline_logistic__symptoms_diet_labels,3,dairy_type,4,0.0003118438487400843,0.0014398131752374477,1011,2776332.157348156
spline_logistic__symptoms_diet_labels,3,dairy_type,5,0.0003891463052612676,0.001226098853944202,1011,2776332.157348156
spline_logistic__symptoms_diet_labels,3,wholegrain,1,-0.00010750230531444971,-0.0023017654178275615,1011,2776332.157348156
spline_logistic__symptoms_diet_labels,3,wholegrain,2,0.0002152469423624126,-0.0001079332193588689,1011,2776332.157348156
spline_logistic__symptoms_diet_labels,3,wholegrain,3,9.234574176233967e-05,-0.00021765526116268585,1011,2776332.157348156
spline_logistic__symptoms_diet_labels,3,wholegrain,4,0.00024070908258211343,0.00011175286586972977,1011,2776332.157348156
spline_logistic__symptoms_diet_labels,3,wholegrain,5,0.00010090267157200628,-0.0011794730311766033,1011,2776332.157348156
spline_logistic__symptoms_diet_labels,3,legumes,1,8.374918048170699e-06,0.0011869543203544275,1011,2776332.157348156
spline_logistic__symptoms_diet_labels,3,legumes,2,0.0001849135998769902,0.0010817625059972302,1011,2776332.157348156
spline_logistic__symptoms_diet_labels,3,legumes,3,-0.00012858665163012484,-0.0005539945691420689,1011,2776332.157348156
spline_logistic__symptoms_diet_labels,3,legumes,4,0.00010600941858499024,0.001220496110702407,1011,2776332.157348156
spline_logistic__symptoms_diet_labels,3,legumes,5,1.3333666064097027e-05,0.00029395961776279567,1011,2776332.157348156
spline_logistic__symptoms_diet_labels,3,fruit_days,1,2.7720075025244872e-05,-0.0014867225080149593,1011,2776332.157348156
spline_logistic__symptoms_diet_labels,3,fruit_days,2,-8.441241460926951e-05,-0.0017308159964821712,1011,2776332.157348156
spline_logistic__symptoms_diet_labels,3,fruit_days,3,-8.815406841167217e-06,2.100712888120082e-05,1011,2776332.157348156
spline_logistic__symptoms_diet_labels,3,fruit_days,4,-0.0002613075766992601,-0.0033825039992603223,1011,2776332.157348156
spline_logistic__symptoms_diet_labels,3,fruit_days,5,-0.00022223460502132641,-0.002652767510752607,1011,2776332.157348156
spline_logistic__symptoms_diet_labels,3,fruit_portions,1,0.0007856636043692689,0.005868878311228842,1011,2776332.157348156
spline_logistic__symptoms_diet_labels,3,fruit_portions,2,0.0003094798229016371,0.003315867956984131,1011,2776332.157348156
spline_logistic__symptoms_diet_labels,3,fruit_portions,3,0.0006299309014657917,0.004441475053964639,1011,2776332.157348156
spline_logistic__symptoms_diet_labels,3,fruit_portions,4,0.0005850962546233296,0.004591088970205326,1011,2776332.157348156
spline_logistic__symptoms_diet_labels,3,fruit_portions,5,0.00037923998626926414,0.0025689660179337714,1011,2776332.157348156
spline_logistic__symptoms_diet_labels,3,vegetable_days,1,0.00020714725881976204,0.002643581412302587,1011,2776332.157348156
spline_logistic__symptoms_diet_labels,3,vegetable_days,2,0.0002904753662110737,0.002241366974839787,1011,2776332.157348156
spline_logistic__symptoms_diet_labels,3,vegetable_days,3,0.0005330609124823971,0.0026167226111252218,1011,2776332.157348156
spline_logistic__symptoms_diet_labels,3,vegetable_days,4,0.0006065368439931995,0.0051540862997436765,1011,2776332.157348156
spline_logistic__symptoms_diet_labels,3,vegetable_days,5,0.0005294022041039126,0.004157080317101269,1011,2776332.157348156
spline_logistic__symptoms_diet_labels,3,vegetable_portions,1,-1.7406277007359083e-05,-0.000940848810415229,1011,2776332.157348156
spline_logistic__symptoms_diet_labels,3,vegetable_portions,2,0.0002610485520336825,0.002023702395424931,1011,2776332.157348156
spline_logistic__symptoms_diet_labels,3,vegetable_portions,3,-0.00011287235289689224,-0.0004995470657239709,1011,2776332.157348156
spline_logistic__symptoms_diet_labels,3,vegetable_portions,4,0.0005482465414180793,0.004423926437646553,1011,2776332.157348156
spline_logistic__symptoms_diet_labels,3,vegetable_portions,5,-0.0005908586018615603,-0.005401610929727463,1011,2776332.157348156
spline_logistic__symptoms_diet_labels,3,water,1,6.716089931993463e-05,0.0005245359409523642,1011,2776332.157348156
spline_logistic__symptoms_diet_labels,3,water,2,9.734273475731081e-05,5.82827944690667e-05,1011,2776332.157348156
spline_logistic__symptoms_diet_labels,3,water,3,-2.9522788590363724e-05,-0.0003935093734547257,1011,2776332.157348156
spline_logistic__symptoms_diet_labels,3,water,4,-7.429680831572139e-05,-0.0009003532892448707,1011,2776332.157348156
spline_logistic__symptoms_diet_labels,3,water,5,1.6310002335206963e-05,0.0007160225929453423,1011,2776332.157348156
spline_logistic__symptoms_diet_labels,3,soda_frequency,1,0.0002637042611049467,0.00016850779161214913,1011,2776332.157348156
spline_logistic__symptoms_diet_labels,3,soda_frequency,2,0.0008374583533199143,0.004513087785556924,1011,2776332.157348156
spline_logistic__symptoms_diet_labels,3,soda_frequency,3,0.0008282523686145848,0.00441391251857437,1011,2776332.157348156
spline_logistic__symptoms_diet_labels,3,soda_frequency,4,0.0006567067885170086,0.004049283284971339,1011,2776332.157348156
spline_logistic__symptoms_diet_labels,3,soda_frequency,5,0.00016153163721946417,0.0022611783148250852,1011,2776332.157348156
spline_logistic__symptoms_diet_labels,3,juice_frequency,1,0.00015510566968740536,0.00094631429525871,1011,2776332.157348156
spline_logistic__symptoms_diet_labels,3,juice_frequency,2,-5.503290447059217e-05,-0.00025838191896676577,1011,2776332.157348156
spline_logistic__symptoms_diet_labels,3,juice_frequency,3,3.446648251723139e-05,1.4553854387533427e-05,1011,2776332.157348156
spline_logistic__symptoms_diet_labels,3,juice_frequency,4,3.3291614958047555e-05,0.0001345294786849749,1011,2776332.157348156
spline_logistic__symptoms_diet_labels,3,juice_frequency,5,-3.929758410681217e-06,4.8138597964819674e-05,1011,2776332.157348156
spline_logistic__symptoms_diet_labels,3,oil,1,-4.314198213395404e-07,-2.1622498579398908e-05,1011,2776332.157348156
spline_logistic__symptoms_diet_labels,3,oil,2,8.674816629639093e-06,9.094853270608105e-06,1011,2776332.157348156
spline_logistic__symptoms_diet_labels,3,oil,3,5.186226228942603e-06,-8.58857195503715e-05,1011,2776332.157348156
spline_logistic__symptoms_diet_labels,3,oil,4,-1.1649818062592354e-05,-6.225549816218923e-05,1011,2776332.157348156
spline_logistic__symptoms_diet_labels,3,oil,5,1.3607378301361273e-06,5.3313483231787195e-05,1011,2776332.157348156
spline_logistic__symptoms_diet_labels,3,soda_glasses_daily,1,0.0005522765797173479,-0.0004572807540123014,1011,2776332.157348156
spline_logistic__symptoms_diet_labels,3,soda_glasses_daily,2,0.00040720608940500447,0.002036317400576526,1011,2776332.157348156
spline_logistic__symptoms_diet_labels,3,soda_glasses_daily,3,0.0007447410810794697,0.004328842147700351,1011,2776332.157348156
spline_logistic__symptoms_diet_labels,3,soda_glasses_daily,4,0.00047360649847971725,0.0014891018076828022,1011,2776332.157348156
spline_logistic__symptoms_diet_labels,3,soda_glasses_daily,5,0.001587957798342643,0.009939346703492613,1011,2776332.157348156
spline_logistic__symptoms_diet_labels,3,juice_glasses_daily,1,0.000949955231338645,0.005043060499590801,1011,2776332.157348156
spline_logistic__symptoms_diet_labels,3,juice_glasses_daily,2,9.464977989040446e-05,-0.0019730621330532605,1011,2776332.157348156
spline_logistic__symptoms_diet_labels,3,juice_glasses_daily,3,0.00032348590470623884,-0.00016479391462742576,1011,2776332.157348156
spline_logistic__symptoms_diet_labels,3,juice_glasses_daily,4,0.0006131597507004483,-0.0006894044553231726,1011,2776332.157348156
spline_logistic__symptoms_diet_labels,3,juice_glasses_daily,5,0.00041130076855463993,0.002423495911580309,1011,2776332.157348156
spline_logistic__symptoms_diet_labels,3,label_ingredients,1,-2.6394214061309373e-06,-0.0004303694247626,1011,2776332.157348156
spline_logistic__symptoms_diet_labels,3,label_ingredients,2,2.2627373711475718e-05,-7.630743184994238e-05,1011,2776332.157348156
spline_logistic__symptoms_diet_labels,3,label_ingredients,3,2.645893475766714e-05,-5.652665731981088e-05,1011,2776332.157348156
spline_logistic__symptoms_diet_labels,3,label_ingredients,4,2.637777483133208e-06,-0.00027054261600434337,1011,2776332.157348156
spline_logistic__symptoms_diet_labels,3,label_ingredients,5,6.62302275922233e-05,0.0005154898241844785,1011,2776332.157348156
spline_logistic__symptoms_diet_labels,3,label_nutrition,1,0.00017914050951428617,0.0005664609181647018,1011,2776332.157348156
spline_logistic__symptoms_diet_labels,3,label_nutrition,2,0.00011026675964947996,4.8118712732914126e-05,1011,2776332.157348156
spline_logistic__symptoms_diet_labels,3,label_nutrition,3,-8.957505636120189e-07,-0.0014350756590315594,1011,2776332.157348156
spline_logistic__symptoms_diet_labels,3,label_nutrition,4,-2.044782898297237e-05,-0.001076450699943221,1011,2776332.157348156
spline_logistic__symptoms_diet_labels,3,label_nutrition,5,0.00021927369431110066,-0.0003712758189149401,1011,2776332.157348156
spline_logistic__symptoms_diet_labels,3,label_warnings,1,-0.0007064523362848019,-0.00867808629739697,1011,2776332.157348156
spline_logistic__symptoms_diet_labels,3,label_warnings,2,-3.367890097144555e-05,-0.0026141211903520922,1011,2776332.157348156
spline_logistic__symptoms_diet_labels,3,label_warnings,3,4.944692830105568e-06,-0.002068431519503866,1011,2776332.157348156
spline_logistic__symptoms_diet_labels,3,label_warnings,4,1.7759961244673272e-05,-0.0013931994085850663,1011,2776332.157348156
spline_logistic__symptoms_diet_labels,3,label_warnings,5,0.0005533349817281596,0.002534583941731672,1011,2776332.157348156
spline_logistic__symptoms_diet_labels,3,label_health,1,1.0771854727975594e-05,-5.629383938887678e-06,1011,2776332.157348156
spline_logistic__symptoms_diet_labels,3,label_health,2,-3.7159550273863085e-05,-0.0007318471583220854,1011,2776332.157348156
spline_logistic__symptoms_diet_labels,3,label_health,3,6.269712929024562e-06,0.00028620908568333103,1011,2776332.157348156
spline_logistic__symptoms_diet_labels,3,label_health,4,1.3448779002361855e-05,0.0005529932719975372,1011,2776332.157348156
spline_logistic__symptoms_diet_labels,3,label_health,5,1.693468048136193e-05,0.00048756943915051476,1011,2776332.157348156
spline_logistic__symptoms_diet_labels,3,label_brand,1,0.00010434880680992853,-0.0010290128966340406,1011,2776332.157348156
spline_logistic__symptoms_diet_labels,3,label_brand,2,-0.00017059826732301886,-0.0029522697474030357,1011,2776332.157348156
spline_logistic__symptoms_diet_labels,3,label_brand,3,-0.0002395610729532538,-0.0026507366591436154,1011,2776332.157348156
spline_logistic__symptoms_diet_labels,3,label_brand,4,-0.00039492235298799194,-0.003984370674491644,1011,2776332.157348156
spline_logistic__symptoms_diet_labels,3,label_brand,5,1.139930019503077e-05,-0.0009960178718868562,1011,2776332.157348156
spline_logistic__symptoms_diet_labels,3,label_discounts,1,-2.7622607530419785e-05,0.00013404845906150875,1011,2776332.157348156
spline_logistic__symptoms_diet_labels,3,label_discounts,2,-0.00015234464971822237,-0.00015833335393378167,1011,2776332.157348156
spline_logistic__symptoms_diet_labels,3,label_discounts,3,9.083134242410251e-05,0.000564083838140772,1011,2776332.157348156
spline_logistic__symptoms_diet_labels,3,label_discounts,4,6.125637561488206e-05,0.0008341422681300559,1011,2776332.157348156
spline_logistic__symptoms_diet_labels,3,label_discounts,5,1.9723531700571728e-05,-0.00024639844955243184,1011,2776332.157348156
spline_logistic__symptoms_diet_labels,4,age,1,0.007958705414227663,0.0546168929317834,1007,2777806.4952178
spline_logistic__symptoms_diet_labels,4,age,2,0.007172659847553636,0.050016663353046,1007,2777806.4952178
spline_logistic__symptoms_diet_labels,4,age,3,0.0031146822260069984,0.030266666342432802,1007,2777806.4952178
spline_logistic__symptoms_diet_labels,4,age,4,0.005411654617594713,0.04736114753054044,1007,2777806.4952178
spline_logistic__symptoms_diet_labels,4,age,5,0.006827140786084623,0.0410847407330186,1007,2777806.4952178
spline_logistic__symptoms_diet_labels,4,sex,1,0.0011687028408361166,0.0041506299648325085,1007,2777806.4952178
spline_logistic__symptoms_diet_labels,4,sex,2,0.0008046357060417231,0.0021320895177775467,1007,2777806.4952178
spline_logistic__symptoms_diet_labels,4,sex,3,0.00022816713393034038,-0.0016493307800522494,1007,2777806.4952178
spline_logistic__symptoms_diet_labels,4,sex,4,0.0014428863024880667,0.0049455217301138665,1007,2777806.4952178
spline_logistic__symptoms_diet_labels,4,sex,5,0.0012596074217029185,0.006561239408114483,1007,2777806.4952178
spline_logistic__symptoms_diet_labels,4,region,1,0.0004442414402411887,0.002414956892062392,1007,2777806.4952178
spline_logistic__symptoms_diet_labels,4,region,2,0.0001529763387394245,0.0010541705680382485,1007,2777806.4952178
spline_logistic__symptoms_diet_labels,4,region,3,3.172553827460178e-05,0.0008195857755585179,1007,2777806.4952178
spline_logistic__symptoms_diet_labels,4,region,4,0.00037561028236435257,0.002129659692376662,1007,2777806.4952178
spline_logistic__symptoms_diet_labels,4,region,5,0.0004278565768804088,0.0032444055484334156,1007,2777806.4952178
spline_logistic__symptoms_diet_labels,4,rural,1,-7.406833886558495e-06,-0.00028810904620990563,1007,2777806.4952178
spline_logistic__symptoms_diet_labels,4,rural,2,1.3389234555238883e-05,-0.0003229840348052404,1007,2777806.4952178
spline_logistic__symptoms_diet_labels,4,rural,3,-3.255822980627321e-05,-0.000450677121411891,1007,2777806.4952178
spline_logistic__symptoms_diet_labels,4,rural,4,-4.833911986915074e-05,-0.0006424130054073496,1007,2777806.4952178
spline_logistic__symptoms_diet_labels,4,rural,5,-5.846374310516933e-05,-0.0007830944538003148,1007,2777806.4952178
spline_logistic__symptoms_diet_labels,4,education,1,0.0003484743450770933,0.0006420957119804838,1007,2777806.4952178
spline_logistic__symptoms_diet_labels,4,education,2,-0.0006746202072039909,-0.005099255202852371,1007,2777806.4952178
spline_logistic__symptoms_diet_labels,4,education,3,0.0007771501908021561,0.003229275875997528,1007,2777806.4952178
spline_logistic__symptoms_diet_labels,4,education,4,0.0004347437390214426,0.002395349248245804,1007,2777806.4952178
spline_logistic__symptoms_diet_labels,4,education,5,0.00012445277216019401,0.00026652628482026763,1007,2777806.4952178
spline_logistic__symptoms_diet_labels,4,indigenous,1,8.054835033743935e-06,-0.0002512629262501065,1007,2777806.4952178
spline_logistic__symptoms_diet_labels,4,indigenous,2,2.8257273510995384e-05,2.5569451650664377e-05,1007,2777806.4952178
spline_logistic__symptoms_diet_labels,4,indigenous,3,2.2434608867027972e-05,0.00015165510207759691,1007,2777806.4952178
spline_logistic__symptoms_diet_labels,4,indigenous,4,0.00010393349907295013,0.0006729141047048248,1007,2777806.4952178
spline_logistic__symptoms_diet_labels,4,indigenous,5,3.431402200437805e-05,0.00012570372654940876,1007,2777806.4952178
spline_logistic__symptoms_diet_labels,4,born_chile,1,-1.151400708290784e-05,1.9778009606952196e-05,1007,2777806.4952178
spline_logistic__symptoms_diet_labels,4,born_chile,2,-2.5440885702388005e-05,-0.00012225078887639906,1007,2777806.4952178
spline_logistic__symptoms_diet_labels,4,born_chile,3,3.0191646999411237e-06,-3.382297593490513e-05,1007,2777806.4952178
spline_logistic__symptoms_diet_labels,4,born_chile,4,-2.2193515639840067e-05,-7.123803385544747e-05,1007,2777806.4952178
spline_logistic__symptoms_diet_labels,4,born_chile,5,-2.7273474306616086e-05,-0.00012880112507052122,1007,2777806.4952178
spline_logistic__symptoms_diet_labels,4,teeth_remaining,1,0.0004795514007587265,-0.0015509422882280521,1007,2777806.4952178
spline_logistic__symptoms_diet_labels,4,teeth_remaining,2,0.005511908750987005,0.035920865306418914,1007,2777806.4952178
spline_logistic__symptoms_diet_labels,4,teeth_remaining,3,0.0025226092798150135,0.01773683735432563,1007,2777806.4952178
spline_logistic__symptoms_diet_labels,4,teeth_remaining,4,0.00031033911495700894,-0.002325518121915504,1007,2777806.4952178
spline_logistic__symptoms_diet_labels,4,teeth_remaining,5,0.003475852741577856,0.030648477537407515,1007,2777806.4952178
spline_logistic__symptoms_diet_labels,4,income_band,1,0.0003436036075812332,0.0018517225059414555,1007,2777806.4952178
spline_logistic__symptoms_diet_labels,4,income_band,2,0.0006876224295972178,0.003806014604371355,1007,2777806.4952178
spline_logistic__symptoms_diet_labels,4,income_band,3,0.0003204751212318169,0.0026755461683428683,1007,2777806.4952178
spline_logistic__symptoms_diet_labels,4,income_band,4,8.699487863103594e-05,0.0018244306474541894,1007,2777806.4952178
spline_logistic__symptoms_diet_labels,4,income_band,5,0.0003817643440690299,0.0023332524395029974,1007,2777806.4952178
spline_logistic__symptoms_diet_labels,4,health_insurance,1,-0.00013400459229281902,-0.0016321796157048318,1007,2777806.4952178
spline_logistic__symptoms_diet_labels,4,health_insurance,2,0.00010110241076574655,0.000902034766840587,1007,2777806.4952178
spline_logistic__symptoms_diet_labels,4,health_insurance,3,0.0001826470962646709,0.0012885982304573496,1007,2777806.4952178
spline_logistic__symptoms_diet_labels,4,health_insurance,4,-1.0048399920747908e-06,-0.0007103247077757668,1007,2777806.4952178
spline_logistic__symptoms_diet_labels,4,health_insurance,5,0.00012801965638609136,0.00041531125953975234,1007,2777806.4952178
spline_logistic__symptoms_diet_labels,4,smoking_status,1,-7.878699227578667e-05,-1.8816330953352889e-06,1007,2777806.4952178
spline_logistic__symptoms_diet_labels,4,smoking_status,2,0.000145321281365407,0.0015702097118428515,1007,2777806.4952178
spline_logistic__symptoms_diet_labels,4,smoking_status,3,7.81627879478386e-05,0.0006743373987887491,1007,2777806.4952178
spline_logistic__symptoms_diet_labels,4,smoking_status,4,-0.00021636279324036,-0.0027479399807321947,1007,2777806.4952178
spline_logistic__symptoms_diet_labels,4,smoking_status,5,0.0001294209697428883,0.0015108571974732365,1007,2777806.4952178
spline_logistic__symptoms_diet_labels,4,diabetes_reported,1,1.937064998319693e-06,-0.0004726760872301172,1007,2777806.4952178
spline_logistic__symptoms_diet_labels,4,diabetes_reported,2,-0.00015959177368499167,-0.0019381586338933499,1007,2777806.4952178
spline_logistic__symptoms_diet_labels,4,diabetes_reported,3,6.44934371779593e-06,8.09242919208586e-06,1007,2777806.4952178
spline_logistic__symptoms_diet_labels,4,diabetes_reported,4,0.00014023134016799554,0.0010965669883720164,1007,2777806.4952178
spline_logistic__symptoms_diet_labels,4,diabetes_reported,5,-0.00010669988568273725,-0.0010632410229368672,1007,2777806.4952178
spline_logistic__symptoms_diet_labels,4,dental_visit,1,0.0010602639468142716,0.007527295096440234,1007,2777806.4952178
spline_logistic__symptoms_diet_labels,4,dental_visit,2,0.0005259923943546907,0.005934705864927059,1007,2777806.4952178
spline_logistic__symptoms_diet_labels,4,dental_visit,3,0.0004487909257729905,0.0019813636347236763,1007,2777806.4952178
spline_logistic__symptoms_diet_labels,4,dental_visit,4,0.001451183965349434,0.010237505681039427,1007,2777806.4952178
spline_logistic__symptoms_diet_labels,4,dental_visit,5,0.0007641730932156365,0.005796476465437572,1007,2777806.4952178
spline_logistic__symptoms_diet_labels,4,dental_visit_reason,1,0.0021040036301442078,0.014335839487764401,1007,2777806.4952178
spline_logistic__symptoms_diet_labels,4,dental_visit_reason,2,0.0008273339606408026,0.005980654974089505,1007,2777806.4952178
spline_logistic__symptoms_diet_labels,4,dental_visit_reason,3,0.0010729260355275272,0.007365289038618994,1007,2777806.4952178
spline_logistic__symptoms_diet_labels,4,dental_visit_reason,4,0.0011807325639308086,0.007167532236624696,1007,2777806.4952178
spline_logistic__symptoms_diet_labels,4,dental_visit_reason,5,0.0019440837350581663,0.01110830731926038,1007,2777806.4952178
spline_logistic__symptoms_diet_labels,4,dental_access,1,0.00024813381802044066,0.0021779914666926192,1007,2777806.4952178
spline_logistic__symptoms_diet_labels,4,dental_access,2,0.0003998285347044661,0.002229068178967508,1007,2777806.4952178
spline_logistic__symptoms_diet_labels,4,dental_access,3,0.00015331179879124468,0.0016534958385507892,1007,2777806.4952178
spline_logistic__symptoms_diet_labels,4,dental_access,4,0.00011715678964083209,0.0019865123778965987,1007,2777806.4952178
spline_logistic__symptoms_diet_labels,4,dental_access,5,0.0005290834868852123,0.004019311118487745,1007,2777806.4952178
spline_logistic__symptoms_diet_labels,4,household_water_source,1,-3.3081765006631736e-05,-0.0004074003828811179,1007,2777806.4952178
spline_logistic__symptoms_diet_labels,4,household_water_source,2,-3.117024218102227e-05,-0.00035782157431341055,1007,2777806.4952178
spline_logistic__symptoms_diet_labels,4,household_water_source,3,-1.1820786219668422e-05,-0.0002716881164894769,1007,2777806.4952178
spline_logistic__symptoms_diet_labels,4,household_water_source,4,-3.772679229660514e-05,-0.0005496166660828861,1007,2777806.4952178
spline_logistic__symptoms_diet_labels,4,household_water_source,5,8.96780034884137e-06,-0.0003248183286305162,1007,2777806.4952178
spline_logistic__symptoms_diet_labels,4,rural_water_consumption,1,-5.903734700773988e-06,-0.00021387399012839925,1007,2777806.4952178
spline_logistic__symptoms_diet_labels,4,rural_water_consumption,2,-7.189360126530486e-06,-8.318769906112689e-05,1007,2777806.4952178
spline_logistic__symptoms_diet_labels,4,rural_water_consumption,3,2.7693173308973584e-06,-0.000130631941244852,1007,2777806.4952178
spline_logistic__symptoms_diet_labels,4,rural_water_consumption,4,-6.10775720125134e-06,-0.0002628195282837753,1007,2777806.4952178
spline_logistic__symptoms_diet_labels,4,rural_water_consumption,5,-7.740925361765516e-06,-0.00021454378380281192,1007,2777806.4952178
spline_logistic__symptoms_diet_labels,4,oral_health_selfrating,1,0.0038922488135877398,0.023864306115679468,1007,2777806.4952178
spline_logistic__symptoms_diet_labels,4,oral_health_selfrating,2,0.00143660350051808,0.008817901861844724,1007,2777806.4952178
spline_logistic__symptoms_diet_labels,4,oral_health_selfrating,3,0.0037614154297248015,0.025851578074889248,1007,2777806.4952178
spline_logistic__symptoms_diet_labels,4,oral_health_selfrating,4,0.0028121696759686177,0.020824384569526844,1007,2777806.4952178
spline_logistic__symptoms_diet_labels,4,oral_health_selfrating,5,0.002323251413761579,0.014000715632372485,1007,2777806.4952178
spline_logistic__symptoms_diet_labels,4,oral_pain,1,0.000603740249495166,0.004348661841866441,1007,2777806.4952178
spline_logistic__symptoms_diet_labels,4,oral_pain,2,-7.674129565957144e-05,-0.0003795975306882804,1007,2777806.4952178
spline_logistic__symptoms_diet_labels,4,oral_pain,3,-0.0007345418805903003,-0.0038780052452416225,1007,2777806.4952178
spline_logistic__symptoms_diet_labels,4,oral_pain,4,9.478589686859329e-05,1.6407944465335333e-05,1007,2777806.4952178
spline_logistic__symptoms_diet_labels,4,oral_pain,5,0.0001287994137557924,0.0007533472476476399,1007,2777806.4952178
spline_logistic__symptoms_diet_labels,4,oral_speech,1,0.00016350374759332986,0.0013755473451791955,1007,2777806.4952178
spline_logistic__symptoms_diet_labels,4,oral_speech,2,-3.678584128746776e-05,-0.00014911885143820136,1007,2777806.4952178
spline_logistic__symptoms_diet_labels,4,oral_speech,3,-4.281155630964095e-05,0.00035096716801108485,1007,2777806.4952178
spline_logistic__symptoms_diet_labels,4,oral_speech,4,-2.3941989627990212e-05,0.0002902712462242718,1007,2777806.4952178
spline_logistic__symptoms_diet_labels,4,oral_speech,5,-5.277403180767304e-05,-3.441219301436593e-05,1007,2777806.4952178
spline_logistic__symptoms_diet_labels,4,oral_eating,1,0.0003040296681335042,0.0021768092803435835,1007,2777806.4952178
spline_logistic__symptoms_diet_labels,4,oral_eating,2,0.0005441989669967839,0.002799728594446771,1007,2777806.4952178
spline_logistic__symptoms_diet_labels,4,oral_eating,3,0.0006135737525329588,0.003662430296832886,1007,2777806.4952178
spline_logistic__symptoms_diet_labels,4,oral_eating,4,-4.1471778169627216e-05,-0.0004657299274620774,1007,2777806.4952178
spline_logistic__symptoms_diet_labels,4,oral_eating,5,0.0001832284571725573,0.0006455204666886427,1007,2777806.4952178
spline_logistic__symptoms_diet_labels,4,oral_daily_activities,1,5.8805039183817964e-05,2.8660418366244222e-05,1007,2777806.4952178
spline_logistic__symptoms_diet_labels,4,oral_daily_activities,2,-3.9638388633661537e-05,-0.0009834372659013324,1007,2777806.4952178
spline_logistic__symptoms_diet_labels,4,oral_daily_activities,3,1.4975028379382582e-05,-6.423484186890427e-06,1007,2777806.4952178
spline_logistic__symptoms_diet_labels,4,oral_daily_activities,4,8.879318910703926e-05,0.0001636083803340238,1007,2777806.4952178
spline_logistic__symptoms_diet_labels,4,oral_daily_activities,5,-6.963766343268118e-05,-0.0007743757051050792,1007,2777806.4952178
spline_logistic__symptoms_diet_labels,4,oral_social,1,6.0419569904268666e-05,3.6342520268517475e-05,1007,2777806.4952178
spline_logistic__symptoms_diet_labels,4,oral_social,2,-3.671823016515585e-05,-0.0005955648688727999,1007,2777806.4952178
spline_logistic__symptoms_diet_labels,4,oral_social,3,-8.227448392156278e-06,-0.0004069678565070678,1007,2777806.4952178
spline_logistic__symptoms_diet_labels,4,oral_social,4,7.174890205141615e-05,0.00019415265534250548,1007,2777806.4952178
spline_logistic__symptoms_diet_labels,4,oral_social,5,-2.1758698909052354e-05,-0.0004979132389544283,1007,2777806.4952178
spline_logistic__symptoms_diet_labels,4,fish,1,-0.000434211772062737,-0.001987903044231576,1007,2777806.4952178
spline_logistic__symptoms_diet_labels,4,fish,2,-0.00035565316067429076,-0.00192981667632397,1007,2777806.4952178
spline_logistic__symptoms_diet_labels,4,fish,3,-0.00041997580999528217,-0.0020914151114931334,1007,2777806.4952178
spline_logistic__symptoms_diet_labels,4,fish,4,-0.0005093562556529596,-0.0024145944450675305,1007,2777806.4952178
spline_logistic__symptoms_diet_labels,4,fish,5,-0.0006162322464794145,-0.003863224215130634,1007,2777806.4952178
spline_logistic__symptoms_diet_labels,4,dairy_frequency,1,-6.922865102751419e-05,-0.0013093010487295054,1007,2777806.4952178
spline_logistic__symptoms_diet_labels,4,dairy_frequency,2,0.00034258664202724276,0.0022062856305133938,1007,2777806.4952178
spline_logistic__symptoms_diet_labels,4,dairy_frequency,3,-0.00018016059817410612,-0.001070054014134847,1007,2777806.4952178
spline_logistic__symptoms_diet_labels,4,dairy_frequency,4,-0.00021657247646855726,-0.0015397201254532256,1007,2777806.4952178
spline_logistic__symptoms_diet_labels,4,dairy_frequency,5,0.00037340333746943566,0.002405590535967117,1007,2777806.4952178
spline_logistic__symptoms_diet_labels,4,dairy_type,1,5.885319834059155e-06,0.0008010565507445833,1007,2777806.4952178
spline_logistic__symptoms_diet_labels,4,dairy_type,2,-2.2465938547489017e-05,-0.00026329363265509276,1007,2777806.4952178
spline_logistic__symptoms_diet_labels,4,dairy_type,3,-1.2272414978975466e-06,-0.00022063053535259503,1007,2777806.4952178
spline_logistic__symptoms_diet_labels,4,dairy_type,4,0.0002454937425326875,0.0019128498609212174,1007,2777806.4952178
spline_logistic__symptoms_diet_labels,4,dairy_type,5,0.00012743250710606224,0.001327794316095754,1007,2777806.4952178
spline_logistic__symptoms_diet_labels,4,wholegrain,1,-0.00011601578279171743,0.0003388994697969272,1007,2777806.4952178
spline_logistic__symptoms_diet_labels,4,wholegrain,2,-0.0001447073865957771,-0.0014408100315127514,1007,2777806.4952178
spline_logistic__symptoms_diet_labels,4,wholegrain,3,-0.00044570375807650997,-0.003822964259908246,1007,2777806.4952178
spline_logistic__symptoms_diet_labels,4,wholegrain,4,-0.0004455356308069036,-0.004531122968482348,1007,2777806.4952178
spline_logistic__symptoms_diet_labels,4,wholegrain,5,-0.00023422430982744658,-0.002500412121956175,1007,2777806.4952178
spline_logistic__symptoms_diet_labels,4,legumes,1,-7.790343378952236e-05,-0.000990092368737816,1007,2777806.4952178
spline_logistic__symptoms_diet_labels,4,legumes,2,0.0003539283018770545,0.0016251225080357035,1007,2777806.4952178
spline_logistic__symptoms_diet_labels,4,legumes,3,-9.165124052135099e-05,-0.001224531449012467,1007,2777806.4952178
spline_logistic__symptoms_diet_labels,4,legumes,4,-3.7409533423293784e-05,-0.0014179828807342476,1007,2777806.4952178
spline_logistic__symptoms_diet_labels,4,legumes,5,-6.263302126957582e-05,-0.0007892298514290408,1007,2777806.4952178
spline_logistic__symptoms_diet_labels,4,fruit_days,1,7.170414449142459e-05,-0.000541001772737415,1007,2777806.4952178
spline_logistic__symptoms_diet_labels,4,fruit_days,2,0.00030323869199866405,0.0016510221939112224,1007,2777806.4952178
spline_logistic__symptoms_diet_labels,4,fruit_days,3,-3.9567273666663016e-05,-0.001216452524072098,1007,2777806.4952178
spline_logistic__symptoms_diet_labels,4,fruit_days,4,0.00023201335741629414,0.001462006470783317,1007,2777806.4952178
spline_logistic__symptoms_diet_labels,4,fruit_days,5,0.0002024359331204706,0.0005393676190411645,1007,2777806.4952178
spline_logistic__symptoms_diet_labels,4,fruit_portions,1,6.789563464032478e-05,-0.0019583585308187157,1007,2777806.4952178
spline_logistic__symptoms_diet_labels,4,fruit_portions,2,-0.0002326872814356895,0.001067205554007744,1007,2777806.4952178
spline_logistic__symptoms_diet_labels,4,fruit_portions,3,-0.0003005703701324802,-0.000561751493196927,1007,2777806.4952178
spline_logistic__symptoms_diet_labels,4,fruit_portions,4,-0.0005595202916640618,-0.0023384052591074456,1007,2777806.4952178
spline_logistic__symptoms_diet_labels,4,fruit_portions,5,0.0003290056941543662,0.002390690870923473,1007,2777806.4952178
spline_logistic__symptoms_diet_labels,4,vegetable_days,1,0.000823851147140342,0.005928938036953713,1007,2777806.4952178
spline_logistic__symptoms_diet_labels,4,vegetable_days,2,0.0001848760446144515,0.0020960561696570235,1007,2777806.4952178
spline_logistic__symptoms_diet_labels,4,vegetable_days,3,0.0004408697151320473,0.0032651814706977644,1007,2777806.4952178
spline_logistic__symptoms_diet_labels,4,vegetable_days,4,0.00011704762719172424,-0.0005826649879303591,1007,2777806.4952178
spline_logistic__symptoms_diet_labels,4,vegetable_days,5,-0.0003422659799263983,-0.0016718099169792389,1007,2777806.4952178
spline_logistic__symptoms_diet_labels,4,vegetable_portions,1,-0.0007577091621474297,-0.0032861339291746505,1007,2777806.4952178
spline_logistic__symptoms_diet_labels,4,vegetable_portions,2,9.45114982141837e-05,0.002288266178386622,1007,2777806.4952178
spline_logistic__symptoms_diet_labels,4,vegetable_portions,3,-0.00025041108948808954,-0.001854507357834989,1007,2777806.4952178
spline_logistic__symptoms_diet_labels,4,vegetable_portions,4,0.0002872519223743042,0.00317757426473142,1007,2777806.4952178
spline_logistic__symptoms_diet_labels,4,vegetable_portions,5,0.00032238953013347116,0.0034787760700542014,1007,2777806.4952178
spline_logistic__symptoms_diet_labels,4,water,1,-0.00010543306934512886,-0.00017153294651028883,1007,2777806.4952178
spline_logistic__symptoms_diet_labels,4,water,2,1.2929029790165192e-05,3.968980445434589e-05,1007,2777806.4952178
spline_logistic__symptoms_diet_labels,4,water,3,0.00031136469333806205,0.0020615943127937353,1007,2777806.4952178
spline_logistic__symptoms_diet_labels,4,water,4,0.00013182788461646444,0.0011357716727109501,1007,2777806.4952178
spline_logistic__symptoms_diet_labels,4,water,5,-0.0003592795469787857,-0.002894959279037046,1007,2777806.4952178
spline_logistic__symptoms_diet_labels,4,soda_frequency,1,-0.002691369192401233,-0.016711006250093585,1007,2777806.4952178
spline_logistic__symptoms_diet_labels,4,soda_frequency,2,-0.0012052502351485583,-0.005993034118384255,1007,2777806.4952178
spline_logistic__symptoms_diet_labels,4,soda_frequency,3,0.0001662944063868521,0.0024955672600392997,1007,2777806.4952178
spline_logistic__symptoms_diet_labels,4,soda_frequency,4,-0.00037704797135959534,-0.000935021673102665,1007,2777806.4952178
spline_logistic__symptoms_diet_labels,4,soda_frequency,5,0.00011300342880435355,0.0017191041979616184,1007,2777806.4952178
spline_logistic__symptoms_diet_labels,4,juice_frequency,1,4.535107232392366e-05,-4.065649029405538e-05,1007,2777806.4952178
spline_logistic__symptoms_diet_labels,4,juice_frequency,2,1.6643844458513746e-05,-2.2202910411106558e-05,1007,2777806.4952178
spline_logistic__symptoms_diet_labels,4,juice_frequency,3,-2.757320903148952e-05,-0.0003044730362230519,1007,2777806.4952178
spline_logistic__symptoms_diet_labels,4,juice_frequency,4,5.4334218250018385e-05,-4.247863058015611e-05,1007,2777806.4952178
spline_logistic__symptoms_diet_labels,4,juice_frequency,5,-4.81388273587402e-05,4.4387352085228926e-05,1007,2777806.4952178
spline_logistic__symptoms_diet_labels,4,oil,1,-2.891176469968504e-05,0.0001439245398593414,1007,2777806.4952178
spline_logistic__symptoms_diet_labels,4,oil,2,-0.00010170813078241858,-0.0009609890537611854,1007,2777806.4952178
spline_logistic__symptoms_diet_labels,4,oil,3,-6.530966326170895e-05,-0.000559513137306622,1007,2777806.4952178
spline_logistic__symptoms_diet_labels,4,oil,4,7.88763829729644e-05,0.0009776724575630835,1007,2777806.4952178
spline_logistic__symptoms_diet_labels,4,oil,5,3.863763944964016e-05,0.0003803635632492197,1007,2777806.4952178
spline_logistic__symptoms_diet_labels,4,soda_glasses_daily,1,-0.00047565151728184984,-0.0023644079921876227,1007,2777806.4952178
spline_logistic__symptoms_diet_labels,4,soda_glasses_daily,2,-0.00015891121912683936,-0.0003915281214681432,1007,2777806.4952178
spline_logistic__symptoms_diet_labels,4,soda_glasses_daily,3,-0.0004416115730843939,-0.0013913644483694032,1007,2777806.4952178
spline_logistic__symptoms_diet_labels,4,soda_glasses_daily,4,0.00012708127152874504,0.0003883670639781567,1007,2777806.4952178
spline_logistic__symptoms_diet_labels,4,soda_glasses_daily,5,-0.0011696314776571404,-0.005398843827785549,1007,2777806.4952178
spline_logistic__symptoms_diet_labels,4,juice_glasses_daily,1,-5.487145873800392e-05,-0.0006430270692565632,1007,2777806.4952178
spline_logistic__symptoms_diet_labels,4,juice_glasses_daily,2,0.00013746960695040777,0.0021610642274038083,1007,2777806.4952178
spline_logistic__symptoms_diet_labels,4,juice_glasses_daily,3,-4.0727997367012714e-05,-0.0011834585176844215,1007,2777806.4952178
spline_logistic__symptoms_diet_labels,4,juice_glasses_daily,4,0.0004570147405954794,0.0026027021612103907,1007,2777806.4952178
spline_logistic__symptoms_diet_labels,4,juice_glasses_daily,5,0.0002475492003706503,0.001497234014984694,1007,2777806.4952178
spline_logistic__symptoms_diet_labels,4,label_ingredients,1,-0.00012132256668839769,-0.001005362479096994,1007,2777806.4952178
spline_logistic__symptoms_diet_labels,4,label_ingredients,2,2.5237524185484084e-06,2.091234922296792e-05,1007,2777806.4952178
spline_logistic__symptoms_diet_labels,4,label_ingredients,3,-0.00029639932597075314,-0.0022148147812525165,1007,2777806.4952178
spline_logistic__symptoms_diet_labels,4,label_ingredients,4,-3.6847570633102844e-05,-0.00019907126631957262,1007,2777806.4952178
spline_logistic__symptoms_diet_labels,4,label_ingredients,5,-7.932264008517209e-05,-0.0010876888751777392,1007,2777806.4952178
spline_logistic__symptoms_diet_labels,4,label_nutrition,1,0.00013825352458296525,0.0008712814130470425,1007,2777806.4952178
spline_logistic__symptoms_diet_labels,4,label_nutrition,2,0.00021669256539369464,0.0010805679256973288,1007,2777806.4952178
spline_logistic__symptoms_diet_labels,4,label_nutrition,3,0.0001946264150685384,0.00039065866068133115,1007,2777806.4952178
spline_logistic__symptoms_diet_labels,4,label_nutrition,4,7.822588537725883e-05,0.0005300725226198288,1007,2777806.4952178
spline_logistic__symptoms_diet_labels,4,label_nutrition,5,0.0002755269053120457,0.0012016865828250456,1007,2777806.4952178
spline_logistic__symptoms_diet_labels,4,label_warnings,1,4.270045732057692e-06,-0.0004955657338766573,1007,2777806.4952178
spline_logistic__symptoms_diet_labels,4,label_warnings,2,-0.0004249442039165052,-0.002964373245473828,1007,2777806.4952178
spline_logistic__symptoms_diet_labels,4,label_warnings,3,-0.0003879868329259295,-0.004076202366030346,1007,2777806.4952178
spline_logistic__symptoms_diet_labels,4,label_warnings,4,-1.4373559913127831e-05,-0.00014008646387475565,1007,2777806.4952178
spline_logistic__symptoms_diet_labels,4,label_warnings,5,-9.061632568732603e-05,-6.700615806265464e-05,1007,2777806.4952178
spline_logistic__symptoms_diet_labels,4,label_health,1,-8.905200510248013e-05,-0.0006333480081694987,1007,2777806.4952178
spline_logistic__symptoms_diet_labels,4,label_health,2,-8.244631259018975e-05,-0.0011880873628232758,1007,2777806.4952178
spline_logistic__symptoms_diet_labels,4,label_health,3,-9.172707720700446e-05,-0.0015117624907374783,1007,2777806.4952178
spline_logistic__symptoms_diet_labels,4,label_health,4,-8.522799957874638e-05,-0.0015240040396746757,1007,2777806.4952178
spline_logistic__symptoms_diet_labels,4,label_health,5,-0.00017486779410083586,-0.0011999184919181394,1007,2777806.4952178
spline_logistic__symptoms_diet_labels,4,label_brand,1,0.0002956757641704999,0.0016007090245158118,1007,2777806.4952178
spline_logistic__symptoms_diet_labels,4,label_brand,2,0.0001879929237658673,0.0012159907920573643,1007,2777806.4952178
spline_logistic__symptoms_diet_labels,4,label_brand,3,0.00014544919121464717,0.00038489282728682017,1007,2777806.4952178
spline_logistic__symptoms_diet_labels,4,label_brand,4,0.00047580018982046335,0.0024948938774772556,1007,2777806.4952178
spline_logistic__symptoms_diet_labels,4,label_brand,5,0.00010719477690615542,0.0011983731563670608,1007,2777806.4952178
spline_logistic__symptoms_diet_labels,4,label_discounts,1,0.00036916159977201657,0.0019004090745732283,1007,2777806.4952178
spline_logistic__symptoms_diet_labels,4,label_discounts,2,3.266955446462605e-05,0.0006030894985695756,1007,2777806.4952178
spline_logistic__symptoms_diet_labels,4,label_discounts,3,-0.0001979800380752239,-0.0010799897962623373,1007,2777806.4952178
spline_logistic__symptoms_diet_labels,4,label_discounts,4,6.007405602456717e-05,0.0005224731490792722,1007,2777806.4952178
spline_logistic__symptoms_diet_labels,4,label_discounts,5,0.00013049505232598513,0.0002921847588307491,1007,2777806.4952178
spline_logistic__symptoms_diet_labels,5,age,1,-0.0006310559596033882,0.0019084595069994714,1005,2807410.1710247993
spline_logistic__symptoms_diet_labels,5,age,2,0.0017564274157491344,0.007347938974272661,1005,2807410.1710247993
spline_logistic__symptoms_diet_labels,5,age,3,0.0005245122031589389,0.005051573746678972,1005,2807410.1710247993
spline_logistic__symptoms_diet_labels,5,age,4,-0.0015459016731576847,0.000680278943306134,1005,2807410.1710247993
spline_logistic__symptoms_diet_labels,5,age,5,-0.001723033842598004,-0.004128841661711236,1005,2807410.1710247993
spline_logistic__symptoms_diet_labels,5,sex,1,0.0008310052939876356,0.003506718618128457,1005,2807410.1710247993
spline_logistic__symptoms_diet_labels,5,sex,2,0.0015381865669898964,0.004688252294990036,1005,2807410.1710247993
spline_logistic__symptoms_diet_labels,5,sex,3,0.0043367100127926494,0.017320663751573484,1005,2807410.1710247993
spline_logistic__symptoms_diet_labels,5,sex,4,-0.00011910135741113881,-0.0005814748064385533,1005,2807410.1710247993
spline_logistic__symptoms_diet_labels,5,sex,5,0.0022691181566292795,0.004962915075004459,1005,2807410.1710247993
spline_logistic__symptoms_diet_labels,5,region,1,0.0012657004893154578,0.003957307739452687,1005,2807410.1710247993
spline_logistic__symptoms_diet_labels,5,region,2,0.0019767606166013196,0.008121269030251121,1005,2807410.1710247993
spline_logistic__symptoms_diet_labels,5,region,3,0.003424648218599252,0.014806220604478448,1005,2807410.1710247993
spline_logistic__symptoms_diet_labels,5,region,4,0.002027862568234534,0.008070104160203595,1005,2807410.1710247993
spline_logistic__symptoms_diet_labels,5,region,5,0.0004887584369305253,0.005952689049645188,1005,2807410.1710247993
spline_logistic__symptoms_diet_labels,5,rural,1,-3.774623041963299e-05,-0.00020873207402638538,1005,2807410.1710247993
spline_logistic__symptoms_diet_labels,5,rural,2,0.00024257305774116888,0.000559015516226169,1005,2807410.1710247993
spline_logistic__symptoms_diet_labels,5,rural,3,0.00012110241486765205,-0.00036290953294537687,1005,2807410.1710247993
spline_logistic__symptoms_diet_labels,5,rural,4,-0.0005004259915984965,-0.0010924800482040586,1005,2807410.1710247993
spline_logistic__symptoms_diet_labels,5,rural,5,8.412239859692527e-05,-0.00010537098841145731,1005,2807410.1710247993
spline_logistic__symptoms_diet_labels,5,education,1,0.0006695787370613882,0.005094997886822106,1005,2807410.1710247993
spline_logistic__symptoms_diet_labels,5,education,2,0.0005832498118068519,0.003838057827261765,1005,2807410.1710247993
spline_logistic__symptoms_diet_labels,5,education,3,0.0006556166259233109,0.004029134044438165,1005,2807410.1710247993
spline_logistic__symptoms_diet_labels,5,education,4,0.00015292925100357513,0.0018671396483727065,1005,2807410.1710247993
spline_logistic__symptoms_diet_labels,5,education,5,-0.0008612655095624755,-0.0029227661845759867,1005,2807410.1710247993
spline_logistic__symptoms_diet_labels,5,indigenous,1,1.8281517020823923e-05,0.00011346699048520037,1005,2807410.1710247993
spline_logistic__symptoms_diet_labels,5,indigenous,2,1.2368811084823017e-05,0.00017205793276386938,1005,2807410.1710247993
spline_logistic__symptoms_diet_labels,5,indigenous,3,3.361189105671736e-05,0.0001547998222033442,1005,2807410.1710247993
spline_logistic__symptoms_diet_labels,5,indigenous,4,2.0303194472381936e-05,0.00016572021281879845,1005,2807410.1710247993
spline_logistic__symptoms_diet_labels,5,indigenous,5,-1.0348948382588041e-05,-0.00011914791941314284,1005,2807410.1710247993
spline_logistic__symptoms_diet_labels,5,born_chile,1,-6.625112071675932e-05,-0.0004556884765695157,1005,2807410.1710247993
spline_logistic__symptoms_diet_labels,5,born_chile,2,-5.588167884648665e-05,-0.0003942983884155371,1005,2807410.1710247993
spline_logistic__symptoms_diet_labels,5,born_chile,3,-2.7629562746434022e-05,-0.000231070335076633,1005,2807410.1710247993
spline_logistic__symptoms_diet_labels,5,born_chile,4,-0.00012143757673790945,-0.00041637391311755145,1005,2807410.1710247993
spline_logistic__symptoms_diet_labels,5,born_chile,5,-3.710324437217194e-05,-0.00017346700491149836,1005,2807410.1710247993
spline_logistic__symptoms_diet_labels,5,teeth_remaining,1,0.0018542937391208825,0.013106737798665002,1005,2807410.1710247993
spline_logistic__symptoms_diet_labels,5,teeth_remaining,2,-0.0010994559965289696,6.345894750015013e-05,1005,2807410.1710247993
spline_logistic__symptoms_diet_labels,5,teeth_remaining,3,0.0006069736605042453,0.011418507422154223,1005,2807410.1710247993
spline_logistic__symptoms_diet_labels,5,teeth_remaining,4,0.005412575625943772,0.026957714317926262,1005,2807410.1710247993
spline_logistic__symptoms_diet_labels,5,teeth_remaining,5,0.002373437676394863,0.01967992273835406,1005,2807410.1710247993
spline_logistic__symptoms_diet_labels,5,income_band,1,-4.623366960404551e-05,0.0017724874365743215,1005,2807410.1710247993
spline_logistic__symptoms_diet_labels,5,income_band,2,0.0018114347426804733,0.0066423075188827285,1005,2807410.1710247993
spline_logistic__symptoms_diet_labels,5,income_band,3,-0.0016379047732258956,-0.007109413686309685,1005,2807410.1710247993
spline_logistic__symptoms_diet_labels,5,income_band,4,-0.002563093956782836,-0.007931176584527244,1005,2807410.1710247993
spline_logistic__symptoms_diet_labels,5,income_band,5,0.0009568807255390943,0.007750651301853373,1005,2807410.1710247993
spline_logistic__symptoms_diet_labels,5,health_insurance,1,-0.0017522158105575947,-0.007664644074158455,1005,2807410.1710247993
spline_logistic__symptoms_diet_labels,5,health_insurance,2,-0.0005828428858311585,-0.0030738472807861905,1005,2807410.1710247993
spline_logistic__symptoms_diet_labels,5,health_insurance,3,0.0004703308117147975,0.0032015315773269437,1005,2807410.1710247993
spline_logistic__symptoms_diet_labels,5,health_insurance,4,0.000242654295837752,-0.0005315899930435908,1005,2807410.1710247993
spline_logistic__symptoms_diet_labels,5,health_insurance,5,0.0004995074936178512,0.0034012751565687394,1005,2807410.1710247993
spline_logistic__symptoms_diet_labels,5,smoking_status,1,-9.800742704330068e-05,0.0006245471062731323,1005,2807410.1710247993
spline_logistic__symptoms_diet_labels,5,smoking_status,2,-0.00041675312813985177,-0.0004259911362763935,1005,2807410.1710247993
spline_logistic__symptoms_diet_labels,5,smoking_status,3,3.1931652550831746e-05,-0.00025717426374893826,1005,2807410.1710247993
spline_logistic__symptoms_diet_labels,5,smoking_status,4,-0.00040451440190164556,-0.0017236869935876031,1005,2807410.1710247993
spline_logistic__symptoms_diet_labels,5,smoking_status,5,-0.0002949474030489174,-0.0005113288085449863,1005,2807410.1710247993
spline_logistic__symptoms_diet_labels,5,diabetes_reported,1,0.0007478933611082261,0.0024396533267285747,1005,2807410.1710247993
spline_logistic__symptoms_diet_labels,5,diabetes_reported,2,0.0003496321972918104,0.001402837891210651,1005,2807410.1710247993
spline_logistic__symptoms_diet_labels,5,diabetes_reported,3,0.0011864348773574784,0.0050327298022464495,1005,2807410.1710247993
spline_logistic__symptoms_diet_labels,5,diabetes_reported,4,2.337627853890578e-05,0.0006613076517396621,1005,2807410.1710247993
spline_logistic__symptoms_diet_labels,5,diabetes_reported,5,0.00029838748264390813,0.0013241818707302455,1005,2807410.1710247993
spline_logistic__symptoms_diet_labels,5,dental_visit,1,0.0002627776361568135,0.0008808542191672819,1005,2807410.1710247993
spline_logistic__symptoms_diet_labels,5,dental_visit,2,0.002047520182691165,0.008939708496571441,1005,2807410.1710247993
spline_logistic__symptoms_diet_labels,5,dental_visit,3,-0.0007337831758687796,-4.026657123212818e-05,1005,2807410.1710247993
spline_logistic__symptoms_diet_labels,5,dental_visit,4,-0.0006745815834366675,-0.0025557508382476612,1005,2807410.1710247993
spline_logistic__symptoms_diet_labels,5,dental_visit,5,0.0007541503953913398,0.004482986503209774,1005,2807410.1710247993
spline_logistic__symptoms_diet_labels,5,dental_visit_reason,1,0.0046325944272807285,0.019402659157585878,1005,2807410.1710247993
spline_logistic__symptoms_diet_labels,5,dental_visit_reason,2,0.0028057124685096635,0.012657646741914164,1005,2807410.1710247993
spline_logistic__symptoms_diet_labels,5,dental_visit_reason,3,0.00300267639725893,0.010542971425759107,1005,2807410.1710247993
spline_logistic__symptoms_diet_labels,5,dental_visit_reason,4,0.0019057072822788457,0.007409213771503942,1005,2807410.1710247993
spline_logistic__symptoms_diet_labels,5,dental_visit_reason,5,0.0033828833878428444,0.010198088716279252,1005,2807410.1710247993
spline_logistic__symptoms_diet_labels,5,dental_access,1,-0.0002734792893412663,-0.0029166448700693737,1005,2807410.1710247993
spline_logistic__symptoms_diet_labels,5,dental_access,2,-0.0009754385023527101,-0.001272787123259067,1005,2807410.1710247993
spline_logistic__symptoms_diet_labels,5,dental_access,3,2.686856456815545e-05,-0.00020258526286109912,1005,2807410.1710247993
spline_logistic__symptoms_diet_labels,5,dental_access,4,0.00036052155146004683,0.0012034933432930606,1005,2807410.1710247993
spline_logistic__symptoms_diet_labels,5,dental_access,5,-0.0011261157048614023,-0.0052989520316628624,1005,2807410.1710247993
spline_logistic__symptoms_diet_labels,5,household_water_source,1,0.00028232766052402325,0.0010376676691612463,1005,2807410.1710247993
spline_logistic__symptoms_diet_labels,5,household_water_source,2,0.00031184569561715225,0.0011688009619833517,1005,2807410.1710247993
spline_logistic__symptoms_diet_labels,5,household_water_source,3,0.00028451609989715854,0.0011801999255492968,1005,2807410.1710247993
spline_logistic__symptoms_diet_labels,5,household_water_source,4,0.00024383861232551984,0.0009276890955355332,1005,2807410.1710247993
spline_logistic__symptoms_diet_labels,5,household_water_source,5,0.00010997947905563854,0.00017527321772670135,1005,2807410.1710247993
spline_logistic__symptoms_diet_labels,5,rural_water_consumption,1,0.0002104520703656576,0.0014812281438408847,1005,2807410.1710247993
spline_logistic__symptoms_diet_labels,5,rural_water_consumption,2,-0.00048360008448741776,-0.0020201544463354093,1005,2807410.1710247993
spline_logistic__symptoms_diet_labels,5,rural_water_consumption,3,-0.0005447533522203729,-0.0017679068190287195,1005,2807410.1710247993
spline_logistic__symptoms_diet_labels,5,rural_water_consumption,4,-6.949347152557239e-05,0.0001453765799156459,1005,2807410.1710247993
spline_logistic__symptoms_diet_labels,5,rural_water_consumption,5,-0.0002704949858916561,-0.0007716127778431003,1005,2807410.1710247993
spline_logistic__symptoms_diet_labels,5,oral_health_selfrating,1,0.010502263677563822,0.042712996509022605,1005,2807410.1710247993
spline_logistic__symptoms_diet_labels,5,oral_health_selfrating,2,0.005645174109957157,0.029348308009152557,1005,2807410.1710247993
spline_logistic__symptoms_diet_labels,5,oral_health_selfrating,3,0.006288277582399776,0.029785445724093806,1005,2807410.1710247993
spline_logistic__symptoms_diet_labels,5,oral_health_selfrating,4,0.006615639730595646,0.03429147476697869,1005,2807410.1710247993
spline_logistic__symptoms_diet_labels,5,oral_health_selfrating,5,0.004353140243067738,0.020104963888239458,1005,2807410.1710247993
spline_logistic__symptoms_diet_labels,5,oral_pain,1,0.0009595895670678478,0.006649625704759798,1005,2807410.1710247993
spline_logistic__symptoms_diet_labels,5,oral_pain,2,0.0009420535241766448,0.006295119448860187,1005,2807410.1710247993
spline_logistic__symptoms_diet_labels,5,oral_pain,3,0.0007807226613203988,0.0051518611750708265,1005,2807410.1710247993
spline_logistic__symptoms_diet_labels,5,oral_pain,4,0.0007961354532554643,0.006338373654818041,1005,2807410.1710247993
spline_logistic__symptoms_diet_labels,5,oral_pain,5,0.0015913923666102114,0.007536794526560642,1005,2807410.1710247993
spline_logistic__symptoms_diet_labels,5,oral_speech,1,-0.00020203023310944035,-0.003724324774914023,1005,2807410.1710247993
spline_logistic__symptoms_diet_labels,5,oral_speech,2,0.0011457391962389485,0.003816672544960209,1005,2807410.1710247993
spline_logistic__symptoms_diet_labels,5,oral_speech,3,0.0003946068192232366,0.0007704757840601983,1005,2807410.1710247993
spline_logistic__symptoms_diet_labels,5,oral_speech,4,-0.00031493678597271924,-0.0026701147794977453,1005,2807410.1710247993
spline_logistic__symptoms_diet_labels,5,oral_speech,5,0.0010798109258791655,0.001535491711637027,1005,2807410.1710247993
spline_logistic__symptoms_diet_labels,5,oral_eating,1,0.000990781325489215,0.007789725735404485,1005,2807410.1710247993
spline_logistic__symptoms_diet_labels,5,oral_eating,2,0.0008373624818201753,0.004595929443274915,1005,2807410.1710247993
spline_logistic__symptoms_diet_labels,5,oral_eating,3,-9.446253830303064e-05,-0.0008208370648088437,1005,2807410.1710247993
spline_logistic__symptoms_diet_labels,5,oral_eating,4,-0.0002071683674289282,-0.001442313848306287,1005,2807410.1710247993
spline_logistic__symptoms_diet_labels,5,oral_eating,5,-0.0005922806624063803,-0.0014355454444396898,1005,2807410.1710247993
spline_logistic__symptoms_diet_labels,5,oral_daily_activities,1,6.229004965874196e-05,-3.067515930710307e-05,1005,2807410.1710247993
spline_logistic__symptoms_diet_labels,5,oral_daily_activities,2,0.0001291168403234344,-0.00013843569950822143,1005,2807410.1710247993
spline_logistic__symptoms_diet_labels,5,oral_daily_activities,3,6.241625475966739e-05,-0.0009193848641116942,1005,2807410.1710247993
spline_logistic__symptoms_diet_labels,5,oral_daily_activities,4,0.00024557310655887177,0.0009887247636229946,1005,2807410.1710247993
spline_logistic__symptoms_diet_labels,5,oral_daily_activities,5,0.0001652798978332981,0.000532269783737993,1005,2807410.1710247993
spline_logistic__symptoms_diet_labels,5,oral_social,1,0.000566846472721455,0.001711510572756425,1005,2807410.1710247993
spline_logistic__symptoms_diet_labels,5,oral_social,2,0.000685378144056642,0.0021889359864918356,1005,2807410.1710247993
spline_logistic__symptoms_diet_labels,5,oral_social,3,0.00028267245603591507,0.0017532085556241084,1005,2807410.1710247993
spline_logistic__symptoms_diet_labels,5,oral_social,4,0.0004138352272987089,0.00237257979278227,1005,2807410.1710247993
spline_logistic__symptoms_diet_labels,5,oral_social,5,0.0002025212460913528,0.000917653858898082,1005,2807410.1710247993
spline_logistic__symptoms_diet_labels,5,fish,1,-0.0020261920521283117,-0.009689137800860115,1005,2807410.1710247993
spline_logistic__symptoms_diet_labels,5,fish,2,-0.000317096723012944,-0.0021386212198848398,1005,2807410.1710247993
spline_logistic__symptoms_diet_labels,5,fish,3,-0.0011159759892455656,-0.0038474275672432112,1005,2807410.1710247993
spline_logistic__symptoms_diet_labels,5,fish,4,-0.0010868316301237413,-0.004841029598650848,1005,2807410.1710247993
spline_logistic__symptoms_diet_labels,5,fish,5,0.0004049139505734045,0.003364992954026258,1005,2807410.1710247993
spline_logistic__symptoms_diet_labels,5,dairy_frequency,1,-0.0007274179486543852,-0.0030714430804854587,1005,2807410.1710247993
spline_logistic__symptoms_diet_labels,5,dairy_frequency,2,-0.00029548102261123255,-0.0018794596233353555,1005,2807410.1710247993
spline_logistic__symptoms_diet_labels,5,dairy_frequency,3,0.00022438212583633654,0.0017058913894862915,1005,2807410.1710247993
spline_logistic__symptoms_diet_labels,5,dairy_frequency,4,-5.226100880764695e-05,0.00013661940331632927,1005,2807410.1710247993
spline_logistic__symptoms_diet_labels,5,dairy_frequency,5,6.508946342498323e-05,0.000532991750934686,1005,2807410.1710247993
spline_logistic__symptoms_diet_labels,5,dairy_type,1,1.6334047947985653e-05,0.0006342400259581327,1005,2807410.1710247993
spline_logistic__symptoms_diet_labels,5,dairy_type,2,0.0004602793162020724,0.0017299872874954048,1005,2807410.1710247993
spline_logistic__symptoms_diet_labels,5,dairy_type,3,0.00019878660979505414,0.0014410313525394791,1005,2807410.1710247993
spline_logistic__symptoms_diet_labels,5,dairy_type,4,-0.0003258902363932614,-0.001649681710049311,1005,2807410.1710247993
spline_logistic__symptoms_diet_labels,5,dairy_type,5,-0.0006568250581002744,-0.0019622226259163877,1005,2807410.1710247993
spline_logistic__symptoms_diet_labels,5,wholegrain,1,0.00021578911035841086,0.0014221073513437377,1005,2807410.1710247993
spline_logistic__symptoms_diet_labels,5,wholegrain,2,-0.0005576208961585172,-0.0007222580576058402,1005,2807410.1710247993
spline_logistic__symptoms_diet_labels,5,wholegrain,3,0.00010827575355396024,0.0010623573416417287,1005,2807410.1710247993
spline_logistic__symptoms_diet_labels,5,wholegrain,4,0.0002489699608834717,0.001340485413172332,1005,2807410.1710247993
spline_logistic__symptoms_diet_labels,5,wholegrain,5,-2.251261967400886e-05,0.0006667747131473556,1005,2807410.1710247993
spline_logistic__symptoms_diet_labels,5,legumes,1,0.0008329415348771463,0.0027998158907824866,1005,2807410.1710247993
spline_logistic__symptoms_diet_labels,5,legumes,2,0.0012734941659153232,0.004772875091167861,1005,2807410.1710247993
spline_logistic__symptoms_diet_labels,5,legumes,3,0.00015773635647831075,-0.0006682439043204091,1005,2807410.1710247993
spline_logistic__symptoms_diet_labels,5,legumes,4,0.0003802645316737796,0.0017248295120900758,1005,2807410.1710247993
spline_logistic__symptoms_diet_labels,5,legumes,5,-0.00025914295162027257,-0.0021571193186987747,1005,2807410.1710247993
spline_logistic__symptoms_diet_labels,5,fruit_days,1,-0.0005831039522351256,-0.0008485113067099315,1005,2807410.1710247993
spline_logistic__symptoms_diet_labels,5,fruit_days,2,-0.0005672133648246258,-0.0011716022098868795,1005,2807410.1710247993
spline_logistic__symptoms_diet_labels,5,fruit_days,3,-0.0008345668497446446,-0.0024621720673311254,1005,2807410.1710247993
spline_logistic__symptoms_diet_labels,5,fruit_days,4,-0.0008291489725618939,-0.0005297737386363854,1005,2807410.1710247993
spline_logistic__symptoms_diet_labels,5,fruit_days,5,-2.3106733122724155e-06,0.0013611914909054112,1005,2807410.1710247993
spline_logistic__symptoms_diet_labels,5,fruit_portions,1,-0.0017822115367094882,-0.006512004051724141,1005,2807410.1710247993
spline_logistic__symptoms_diet_labels,5,fruit_portions,2,-0.0023285256515722663,-0.005970644349616694,1005,2807410.1710247993
spline_logistic__symptoms_diet_labels,5,fruit_portions,3,-0.0017764826911456921,-0.0045458644817232274,1005,2807410.1710247993
spline_logistic__symptoms_diet_labels,5,fruit_portions,4,-0.0005120460781685432,0.0008374685891853195,1005,2807410.1710247993
spline_logistic__symptoms_diet_labels,5,fruit_portions,5,-0.0009710960065975327,-0.00157564305721547,1005,2807410.1710247993
spline_logistic__symptoms_diet_labels,5,vegetable_days,1,0.0010643615777482518,0.004335367018031833,1005,2807410.1710247993
spline_logistic__symptoms_diet_labels,5,vegetable_days,2,0.001198983741597548,0.004272404471771574,1005,2807410.1710247993
spline_logistic__symptoms_diet_labels,5,vegetable_days,3,0.000645379501502813,0.0007761462973404631,1005,2807410.1710247993
spline_logistic__symptoms_diet_labels,5,vegetable_days,4,-0.00027164455533673637,2.1240518456866475e-05,1005,2807410.1710247993
spline_logistic__symptoms_diet_labels,5,vegetable_days,5,7.630581122378133e-05,0.0018267075903158903,1005,2807410.1710247993
spline_logistic__symptoms_diet_labels,5,vegetable_portions,1,0.001501504728500469,0.004580422244596538,1005,2807410.1710247993
spline_logistic__symptoms_diet_labels,5,vegetable_portions,2,0.00022372212103782818,0.0004267656077634463,1005,2807410.1710247993
spline_logistic__symptoms_diet_labels,5,vegetable_portions,3,0.00032179222900910465,0.0012050048525480417,1005,2807410.1710247993
spline_logistic__symptoms_diet_labels,5,vegetable_portions,4,0.0004693510251351507,0.00196045628925956,1005,2807410.1710247993
spline_logistic__symptoms_diet_labels,5,vegetable_portions,5,0.0002138706929287748,0.0011566951248366264,1005,2807410.1710247993
spline_logistic__symptoms_diet_labels,5,water,1,-0.0022622087309635552,-0.009035990318622455,1005,2807410.1710247993
spline_logistic__symptoms_diet_labels,5,water,2,-5.2205958631923455e-05,0.0014408025532226532,1005,2807410.1710247993
spline_logistic__symptoms_diet_labels,5,water,3,-0.001951182258167511,-0.008496762224217025,1005,2807410.1710247993
spline_logistic__symptoms_diet_labels,5,water,4,-0.0011349143288719166,-0.0018751039411167847,1005,2807410.1710247993
spline_logistic__symptoms_diet_labels,5,water,5,-0.0009418013887990961,-0.002407852116711573,1005,2807410.1710247993
spline_logistic__symptoms_diet_labels,5,soda_frequency,1,-0.0004998360182582595,-0.003343677361913988,1005,2807410.1710247993
spline_logistic__symptoms_diet_labels,5,soda_frequency,2,0.0028143163993904485,0.01023993822141911,1005,2807410.1710247993
spline_logistic__symptoms_diet_labels,5,soda_frequency,3,8.085318203646108e-05,0.0013835938362661837,1005,2807410.1710247993
spline_logistic__symptoms_diet_labels,5,soda_frequency,4,0.0007482907770794134,0.001996586382915999,1005,2807410.1710247993
spline_logistic__symptoms_diet_labels,5,soda_frequency,5,-0.00022639107572386408,-0.0016831489219962803,1005,2807410.1710247993
spline_logistic__symptoms_diet_labels,5,juice_frequency,1,-0.00036800066406875165,-0.0035945689056087193,1005,2807410.1710247993
spline_logistic__symptoms_diet_labels,5,juice_frequency,2,0.0008198886082693146,0.003490308465151748,1005,2807410.1710247993
spline_logistic__symptoms_diet_labels,5,juice_frequency,3,-0.0004262294900171937,-0.0039051264496658966,1005,2807410.1710247993
spline_logistic__symptoms_diet_labels,5,juice_frequency,4,-0.00021961797167735497,-0.0019264557504461433,1005,2807410.1710247993
spline_logistic__symptoms_diet_labels,5,juice_frequency,5,-0.0024735469609649674,-0.010723651069942552,1005,2807410.1710247993
spline_logistic__symptoms_diet_labels,5,oil,1,6.279284196275547e-05,8.138140290470108e-05,1005,2807410.1710247993
spline_logistic__symptoms_diet_labels,5,oil,2,0.0005305006837947879,0.003491676899090579,1005,2807410.1710247993
spline_logistic__symptoms_diet_labels,5,oil,3,-0.0006271750589559866,-0.0016842423784665383,1005,2807410.1710247993
spline_logistic__symptoms_diet_labels,5,oil,4,-0.0003013527957368145,-0.0003382825913248455,1005,2807410.1710247993
spline_logistic__symptoms_diet_labels,5,oil,5,-3.4753601770187714e-05,0.0006825414961310061,1005,2807410.1710247993
spline_logistic__symptoms_diet_labels,5,soda_glasses_daily,1,0.00044414960208499776,0.0017315134193393034,1005,2807410.1710247993
spline_logistic__symptoms_diet_labels,5,soda_glasses_daily,2,0.00028813401646426984,0.0012632324160718467,1005,2807410.1710247993
spline_logistic__symptoms_diet_labels,5,soda_glasses_daily,3,0.0003995868121375312,0.0021703155397242435,1005,2807410.1710247993
spline_logistic__symptoms_diet_labels,5,soda_glasses_daily,4,0.0003762993531455372,0.0021522202072968843,1005,2807410.1710247993
spline_logistic__symptoms_diet_labels,5,soda_glasses_daily,5,0.00022211567151425582,0.0017808768306658562,1005,2807410.1710247993
spline_logistic__symptoms_diet_labels,5,juice_glasses_daily,1,0.0005436864418758569,0.0009229976532949546,1005,2807410.1710247993
spline_logistic__symptoms_diet_labels,5,juice_glasses_daily,2,0.0003576405868496446,-0.000646577049013275,1005,2807410.1710247993
spline_logistic__symptoms_diet_labels,5,juice_glasses_daily,3,0.003284262786536346,0.013932283769089948,1005,2807410.1710247993
spline_logistic__symptoms_diet_labels,5,juice_glasses_daily,4,0.001783787386216984,0.004481594883747664,1005,2807410.1710247993
spline_logistic__symptoms_diet_labels,5,juice_glasses_daily,5,0.0013088507599846588,0.0008065810109211258,1005,2807410.1710247993
spline_logistic__symptoms_diet_labels,5,label_ingredients,1,-0.0013580523759141316,-0.004684881470892077,1005,2807410.1710247993
spline_logistic__symptoms_diet_labels,5,label_ingredients,2,-0.0013821645831288143,-0.0038165951612633142,1005,2807410.1710247993
spline_logistic__symptoms_diet_labels,5,label_ingredients,3,-0.0007471517416754447,-0.0023804184782244553,1005,2807410.1710247993
spline_logistic__symptoms_diet_labels,5,label_ingredients,4,-0.0005883595714966383,-0.001585728103311479,1005,2807410.1710247993
spline_logistic__symptoms_diet_labels,5,label_ingredients,5,-0.001943918098008035,-0.0064523957155039335,1005,2807410.1710247993
spline_logistic__symptoms_diet_labels,5,label_nutrition,1,3.501120094637211e-05,0.0009509026764330519,1005,2807410.1710247993
spline_logistic__symptoms_diet_labels,5,label_nutrition,2,-0.0015664947924479422,-0.0027569090246805095,1005,2807410.1710247993
spline_logistic__symptoms_diet_labels,5,label_nutrition,3,0.00021620238487926602,-0.0008033095765122011,1005,2807410.1710247993
spline_logistic__symptoms_diet_labels,5,label_nutrition,4,-0.0007314374264317247,-0.00171579363997576,1005,2807410.1710247993
spline_logistic__symptoms_diet_labels,5,label_nutrition,5,-0.0012483574820846555,-0.004796381167223029,1005,2807410.1710247993
spline_logistic__symptoms_diet_labels,5,label_warnings,1,0.0028246842040105524,0.008717949854455953,1005,2807410.1710247993
spline_logistic__symptoms_diet_labels,5,label_warnings,2,0.002043796853446689,0.006649123597058937,1005,2807410.1710247993
spline_logistic__symptoms_diet_labels,5,label_warnings,3,0.0019124280896497259,0.006961051244812055,1005,2807410.1710247993
spline_logistic__symptoms_diet_labels,5,label_warnings,4,0.0005848311477801849,-0.0032458859984872968,1005,2807410.1710247993
spline_logistic__symptoms_diet_labels,5,label_warnings,5,0.0009355115154938143,-0.001178223663039324,1005,2807410.1710247993
spline_logistic__symptoms_diet_labels,5,label_health,1,0.0006909981502473961,0.00256393785725495,1005,2807410.1710247993
spline_logistic__symptoms_diet_labels,5,label_health,2,-7.75398615388001e-06,0.0007305661925961493,1005,2807410.1710247993
spline_logistic__symptoms_diet_labels,5,label_health,3,0.0009127348581651762,0.002169894854435195,1005,2807410.1710247993
spline_logistic__symptoms_diet_labels,5,label_health,4,0.0011543651126698362,0.003984950410319432,1005,2807410.1710247993
spline_logistic__symptoms_diet_labels,5,label_health,5,0.0019256010346810348,0.007648364769409111,1005,2807410.1710247993
spline_logistic__symptoms_diet_labels,5,label_brand,1,-0.00025686914065636834,-0.0006751192645032544,1005,2807410.1710247993
spline_logistic__symptoms_diet_labels,5,label_brand,2,2.257691744425583e-05,0.002359623305004943,1005,2807410.1710247993
spline_logistic__symptoms_diet_labels,5,label_brand,3,-0.0001761654822149683,0.0013704297589687275,1005,2807410.1710247993
spline_logistic__symptoms_diet_labels,5,label_brand,4,0.0005446328144494417,0.0026126775932054924,1005,2807410.1710247993
spline_logistic__symptoms_diet_labels,5,label_brand,5,-0.002048982648983594,-0.0067186865609955015,1005,2807410.1710247993
spline_logistic__symptoms_diet_labels,5,label_discounts,1,-0.0011173360049597236,-0.0034201088639592703,1005,2807410.1710247993
spline_logistic__symptoms_diet_labels,5,label_discounts,2,-0.00013079029400192566,0.0011909257826322461,1005,2807410.1710247993
spline_logistic__symptoms_diet_labels,5,label_discounts,3,-3.207356313181253e-05,-0.0015108542201842656,1005,2807410.1710247993
spline_logistic__symptoms_diet_labels,5,label_discounts,4,-0.0017661353041877326,-0.00693677165073614,1005,2807410.1710247993
spline_logistic__symptoms_diet_labels,5,label_discounts,5,-0.0003699658150559948,-0.001984496937985969,1005,2807410.1710247993
random_forest__context_diet_labels,1,age,1,0.006062831620884057,0.04369340553273915,1006,2861322.5562906265
random_forest__context_diet_labels,1,age,2,0.004049500152446539,0.023325947320378404,1006,2861322.5562906265
random_forest__context_diet_labels,1,age,3,0.008124825853979,0.04173072450125537,1006,2861322.5562906265
random_forest__context_diet_labels,1,age,4,0.004880866077526164,0.030778293423983416,1006,2861322.5562906265
random_forest__context_diet_labels,1,age,5,0.004021832981939311,0.03481771457585403,1006,2861322.5562906265
random_forest__context_diet_labels,1,sex,1,0.0023557072700119974,0.015970382609174716,1006,2861322.5562906265
random_forest__context_diet_labels,1,sex,2,0.0006009762973243071,0.00740952529287342,1006,2861322.5562906265
random_forest__context_diet_labels,1,sex,3,0.0022931110956341816,0.013428127546558977,1006,2861322.5562906265
random_forest__context_diet_labels,1,sex,4,0.001151330586980609,0.009062818604611111,1006,2861322.5562906265
random_forest__context_diet_labels,1,sex,5,0.0006737541760426236,0.00539194381902286,1006,2861322.5562906265
random_forest__context_diet_labels,1,region,1,0.0013197550834547767,0.006864324373160091,1006,2861322.5562906265
random_forest__context_diet_labels,1,region,2,0.0011518567049678685,0.007746400949111498,1006,2861322.5562906265
random_forest__context_diet_labels,1,region,3,0.0023886266282496516,0.01439356121003088,1006,2861322.5562906265
random_forest__context_diet_labels,1,region,4,0.0006732785341568293,0.008105032247527344,1006,2861322.5562906265
random_forest__context_diet_labels,1,region,5,-0.00025795303120235147,0.0019165390687613248,1006,2861322.5562906265
random_forest__context_diet_labels,1,rural,1,-0.00014148043282458111,-0.0015336486400344684,1006,2861322.5562906265
random_forest__context_diet_labels,1,rural,2,-0.0003952987021370036,-0.0012673185076065296,1006,2861322.5562906265
random_forest__context_diet_labels,1,rural,3,-7.993458376820417e-05,0.0003185599519278659,1006,2861322.5562906265
random_forest__context_diet_labels,1,rural,4,-0.00017017355644857735,-0.0016318613413660588,1006,2861322.5562906265
random_forest__context_diet_labels,1,rural,5,-0.00020175686694703932,0.0003612941481815346,1006,2861322.5562906265
random_forest__context_diet_labels,1,education,1,0.0002701024451596812,-0.0004698525458936009,1006,2861322.5562906265
random_forest__context_diet_labels,1,education,2,0.00017956580483918794,-0.005733348844392139,1006,2861322.5562906265
random_forest__context_diet_labels,1,education,3,0.001056223092286035,0.0029154910918655075,1006,2861322.5562906265
random_forest__context_diet_labels,1,education,4,0.0009635191905030538,0.006217022303012687,1006,2861322.5562906265
random_forest__context_diet_labels,1,education,5,-0.0004342967373487383,-0.005254558808780563,1006,2861322.5562906265
random_forest__context_diet_labels,1,indigenous,1,-0.0002121227037020501,-0.0009671589522487478,1006,2861322.5562906265
random_forest__context_diet_labels,1,indigenous,2,-0.00023774353520616964,-0.0015167264013445925,1006,2861322.5562906265
random_forest__context_diet_labels,1,indigenous,3,-0.00020668629757533696,-0.00135256311864429,1006,2861322.5562906265
random_forest__context_diet_labels,1,indigenous,4,-0.0004106029989189852,-0.0022514411697869274,1006,2861322.5562906265
random_forest__context_diet_labels,1,indigenous,5,-0.0001857670417395041,-0.0009413517519986092,1006,2861322.5562906265
random_forest__context_diet_labels,1,born_chile,1,-0.00020761855298667697,-0.0015600137175648676,1006,2861322.5562906265
random_forest__context_diet_labels,1,born_chile,2,-0.00011514971631121362,-0.001377151250250841,1006,2861322.5562906265
random_forest__context_diet_labels,1,born_chile,3,-0.00021510221841139487,-0.0014577498759610341,1006,2861322.5562906265
random_forest__context_diet_labels,1,born_chile,4,-7.887678760226668e-06,-0.00032674673440058477,1006,2861322.5562906265
random_forest__context_diet_labels,1,born_chile,5,-0.00023492353443405056,-0.0019146731972985442,1006,2861322.5562906265
random_forest__context_diet_labels,1,teeth_remaining,1,0.0031756233266157785,0.012861509708034236,1006,2861322.5562906265
random_forest__context_diet_labels,1,teeth_remaining,2,0.003383442240650958,0.009259958913310107,1006,2861322.5562906265
random_forest__context_diet_labels,1,teeth_remaining,3,0.0007826490625092719,0.0050672842846848365,1006,2861322.5562906265
random_forest__context_diet_labels,1,teeth_remaining,4,0.0001995547523144514,-0.012933044976553676,1006,2861322.5562906265
random_forest__context_diet_labels,1,teeth_remaining,5,0.0059186294404284245,0.026894242378821875,1006,2861322.5562906265
random_forest__context_diet_labels,1,income_band,1,0.0004585700238751156,0.007769456396236274,1006,2861322.5562906265
random_forest__context_diet_labels,1,income_band,2,0.0014906038702587887,0.011289484867050392,1006,2861322.5562906265
random_forest__context_diet_labels,1,income_band,3,-0.0006605441130966283,-0.0029801323442925076,1006,2861322.5562906265
random_forest__context_diet_labels,1,income_band,4,-3.9107376348240797e-05,-0.003032548733251872,1006,2861322.5562906265
random_forest__context_diet_labels,1,income_band,5,0.0005434428555969317,0.002371499497353602,1006,2861322.5562906265
random_forest__context_diet_labels,1,health_insurance,1,0.00014331701407024888,-0.0013242256502307148,1006,2861322.5562906265
random_forest__context_diet_labels,1,health_insurance,2,-1.4364698440988422e-05,0.00011472435833170813,1006,2861322.5562906265
random_forest__context_diet_labels,1,health_insurance,3,-0.0009522481658476578,-0.0076312504421695015,1006,2861322.5562906265
random_forest__context_diet_labels,1,health_insurance,4,-7.566103525002976e-05,-0.0026556377904346506,1006,2861322.5562906265
random_forest__context_diet_labels,1,health_insurance,5,0.0006028434837633545,0.0037689099352534727,1006,2861322.5562906265
random_forest__context_diet_labels,1,smoking_status,1,0.0008043517060833671,0.0008310847884295258,1006,2861322.5562906265
random_forest__context_diet_labels,1,smoking_status,2,0.0006822197437868216,0.0033584000535934466,1006,2861322.5562906265
random_forest__context_diet_labels,1,smoking_status,3,0.0013974729096167537,0.007739821486876242,1006,2861322.5562906265
random_forest__context_diet_labels,1,smoking_status,4,-0.0007260502065178365,-0.003830449713674411,1006,2861322.5562906265
random_forest__context_diet_labels,1,smoking_status,5,-7.3851538273495e-05,-0.0006365261910054043,1006,2861322.5562906265
random_forest__context_diet_labels,1,diabetes_reported,1,0.0003682504520787777,0.0013744746920544282,1006,2861322.5562906265
random_forest__context_diet_labels,1,diabetes_reported,2,-0.00019687351947900167,-0.0038010366254340733,1006,2861322.5562906265
random_forest__context_diet_labels,1,diabetes_reported,3,0.0004495739494065898,0.0025354910560397848,1006,2861322.5562906265
random_forest__context_diet_labels,1,diabetes_reported,4,0.0004213263378923804,0.002595612781126966,1006,2861322.5562906265
random_forest__context_diet_labels,1,diabetes_reported,5,-0.0002806105488045163,-0.002444209884974624,1006,2861322.5562906265
random_forest__context_diet_labels,1,dental_visit,1,0.0014468456013473352,0.006513104900969013,1006,2861322.5562906265
random_forest__context_diet_labels,1,dental_visit,2,0.0015702435034821716,0.010134428542131979,1006,2861322.5562906265
random_forest__context_diet_labels,1,dental_visit,3,0.0023707559986612947,0.016730918236039782,1006,2861322.5562906265
random_forest__context_diet_labels,1,dental_visit,4,0.0024341191681659935,0.01252657166774973,1006,2861322.5562906265
random_forest__context_diet_labels,1,dental_visit,5,0.001193616316045698,0.0030791163833647772,1006,2861322.5562906265
random_forest__context_diet_labels,1,dental_visit_reason,1,-0.0019710024244116997,-0.012722022965081403,1006,2861322.5562906265
random_forest__context_diet_labels,1,dental_visit_reason,2,0.005010485520243718,0.029875069202857207,1006,2861322.5562906265
random_forest__context_diet_labels,1,dental_visit_reason,3,0.0019376533272133512,0.01657166056863668,1006,2861322.5562906265
random_forest__context_diet_labels,1,dental_visit_reason,4,0.00717994674140765,0.04705845705409106,1006,2861322.5562906265
random_forest__context_diet_labels,1,dental_visit_reason,5,0.0034423987616247487,0.019609157618000972,1006,2861322.5562906265
random_forest__context_diet_labels,1,dental_access,1,-8.114463572181374e-05,0.0006370469916040511,1006,2861322.5562906265
random_forest__context_diet_labels,1,dental_access,2,-0.00039379799560990136,-0.005681905315110591,1006,2861322.5562906265
random_forest__context_diet_labels,1,dental_access,3,0.000733972825775614,0.00023700270869153606,1006,2861322.5562906265
random_forest__context_diet_labels,1,dental_access,4,0.0012694583272124804,0.0019394976089903704,1006,2861322.5562906265
random_forest__context_diet_labels,1,dental_access,5,0.0007941225789767636,0.004485344782444778,1006,2861322.5562906265
random_forest__context_diet_labels,1,household_water_source,1,-0.00053148264115499,-0.0034025897872421718,1006,2861322.5562906265
random_forest__context_diet_labels,1,household_water_source,2,-0.0006658326079388988,-0.0035912184972238803,1006,2861322.5562906265
random_forest__context_diet_labels,1,household_water_source,3,-0.0006651729865071732,-0.003959595388914772,1006,2861322.5562906265
random_forest__context_diet_labels,1,household_water_source,4,-0.0011756666244161218,-0.008829717258021952,1006,2861322.5562906265
random_forest__context_diet_labels,1,household_water_source,5,0.00022789438116016525,0.002312809044383912,1006,2861322.5562906265
random_forest__context_diet_labels,1,rural_water_consumption,1,0.00021230033229432954,0.0020395742799941274,1006,2861322.5562906265
random_forest__context_diet_labels,1,rural_water_consumption,2,0.0005059049171492469,0.0030133091543502744,1006,2861322.5562906265
random_forest__context_diet_labels,1,rural_water_consumption,3,-0.00031907898715360927,-0.0012118692257276908,1006,2861322.5562906265
random_forest__context_diet_labels,1,rural_water_consumption,4,0.0004760917736606196,0.0028077278539989647,1006,2861322.5562906265
random_forest__context_diet_labels,1,rural_water_consumption,5,0.0003292121020352645,0.0014794262729015406,1006,2861322.5562906265
random_forest__context_diet_labels,1,fish,1,-0.0007081303233165692,-0.005253463735515607,1006,2861322.5562906265
random_forest__context_diet_labels,1,fish,2,-0.0006760734450610428,-0.004730828959959799,1006,2861322.5562906265
random_forest__context_diet_labels,1,fish,3,-0.00018788614866982467,-0.0019001233979122345,1006,2861322.5562906265
random_forest__context_diet_labels,1,fish,4,-0.0006658059058252397,-0.0053727854634941785,1006,2861322.5562906265
random_forest__context_diet_labels,1,fish,5,-0.00014560281449113588,-0.0020448512349772185,1006,2861322.5562906265
random_forest__context_diet_labels,1,dairy_frequency,1,-9.237920119273269e-05,-0.0006093385956705832,1006,2861322.5562906265
random_forest__context_diet_labels,1,dairy_frequency,2,0.0007938129248874493,0.0013813064671372999,1006,2861322.5562906265
random_forest__context_diet_labels,1,dairy_frequency,3,-0.0001101532336207911,-0.0028495538585610047,1006,2861322.5562906265
random_forest__context_diet_labels,1,dairy_frequency,4,-0.00022990578013531993,-0.0007090610327706859,1006,2861322.5562906265
random_forest__context_diet_labels,1,dairy_frequency,5,0.0012004965355720543,0.006293218867458372,1006,2861322.5562906265
random_forest__context_diet_labels,1,dairy_type,1,0.0003403405765621259,0.0033417616968558495,1006,2861322.5562906265
random_forest__context_diet_labels,1,dairy_type,2,-0.0005341457558313556,0.00032742907667981935,1006,2861322.5562906265
random_forest__context_diet_labels,1,dairy_type,3,-0.0007146944459524018,-0.005685465940282963,1006,2861322.5562906265
random_forest__context_diet_labels,1,dairy_type,4,0.00011273952641213669,0.00035304367493971256,1006,2861322.5562906265
random_forest__context_diet_labels,1,dairy_type,5,-0.0002672696673653163,-0.003273851449762666,1006,2861322.5562906265
random_forest__context_diet_labels,1,wholegrain,1,0.00048289258489903064,0.0031930471616133937,1006,2861322.5562906265
random_forest__context_diet_labels,1,wholegrain,2,0.0014985929779884055,0.007491811665365833,1006,2861322.5562906265
random_forest__context_diet_labels,1,wholegrain,3,0.0008897118229793388,0.006871909334541182,1006,2861322.5562906265
random_forest__context_diet_labels,1,wholegrain,4,0.0011472533092396764,0.008901188613519961,1006,2861322.5562906265
random_forest__context_diet_labels,1,wholegrain,5,0.002489952301956505,0.01374902839986858,1006,2861322.5562906265
random_forest__context_diet_labels,1,legumes,1,-0.0006727685672691663,-0.00305669254475871,1006,2861322.5562906265
random_forest__context_diet_labels,1,legumes,2,0.0008187760604400074,0.005209679966937331,1006,2861322.5562906265
random_forest__context_diet_labels,1,legumes,3,0.0007382427763840127,0.004318040835988413,1006,2861322.5562906265
random_forest__context_diet_labels,1,legumes,4,0.0007520686905209129,0.0054955812466234155,1006,2861322.5562906265
random_forest__context_diet_labels,1,legumes,5,-7.461105914702282e-05,0.0013589619143620224,1006,2861322.5562906265
random_forest__context_diet_labels,1,fruit_days,1,-0.0008667413956877923,-0.0050182046484973375,1006,2861322.5562906265
random_forest__context_diet_labels,1,fruit_days,2,-0.0003570091776957107,-0.0013075618556862567,1006,2861322.5562906265
random_forest__context_diet_labels,1,fruit_days,3,-0.0003634628739670187,-0.0036617005888038845,1006,2861322.5562906265
random_forest__context_diet_labels,1,fruit_days,4,-0.0007067393278207268,-0.0035474272223726677,1006,2861322.5562906265
random_forest__context_diet_labels,1,fruit_days,5,-0.0001761864066919805,-0.0011580477621996321,1006,2861322.5562906265
random_forest__context_diet_labels,1,fruit_portions,1,-0.0005353509543746249,-0.002564806485721105,1006,2861322.5562906265
random_forest__context_diet_labels,1,fruit_portions,2,-0.0005730376429176065,-0.0032150251471332325,1006,2861322.5562906265
random_forest__context_diet_labels,1,fruit_portions,3,-0.000497621799450898,-0.00240122744567417,1006,2861322.5562906265
random_forest__context_diet_labels,1,fruit_portions,4,0.0001617786162849133,0.00025430672905435436,1006,2861322.5562906265
random_forest__context_diet_labels,1,fruit_portions,5,-0.0006862578169849476,-0.0030594204875702413,1006,2861322.5562906265
random_forest__context_diet_labels,1,vegetable_days,1,-0.0006739877795546856,-0.006317311037397411,1006,2861322.5562906265
random_forest__context_diet_labels,1,vegetable_days,2,-0.00022365013997621697,-0.00486539394164176,1006,2861322.5562906265
random_forest__context_diet_labels,1,vegetable_days,3,-0.0008239933858952553,-0.007891867278639553,1006,2861322.5562906265
random_forest__context_diet_labels,1,vegetable_days,4,-0.0005328726255593719,-0.006469603732161211,1006,2861322.5562906265
random_forest__context_diet_labels,1,vegetable_days,5,0.00016830063097039716,-0.0005833963484686011,1006,2861322.5562906265
random_forest__context_diet_labels,1,vegetable_portions,1,-0.0005631774891306784,-0.0018584162033000728,1006,2861322.5562906265
random_forest__context_diet_labels,1,vegetable_portions,2,-0.0005393926418340855,-0.002301475330006464,1006,2861322.5562906265
random_forest__context_diet_labels,1,vegetable_portions,3,-0.00036022851252126564,-0.002863171053116065,1006,2861322.5562906265
random_forest__context_diet_labels,1,vegetable_portions,4,-0.00020760760288945912,-0.0005877115611887529,1006,2861322.5562906265
random_forest__context_diet_labels,1,vegetable_portions,5,-0.00026680045793300855,-0.0029735196865380287,1006,2861322.5562906265
random_forest__context_diet_labels,1,water,1,0.00021125673022207025,-0.00037933939234136016,1006,2861322.5562906265
random_forest__context_diet_labels,1,water,2,0.00036381975195404204,0.0014611186823122457,1006,2861322.5562906265
random_forest__context_diet_labels,1,water,3,0.0003737976117357822,0.0009652732863426605,1006,2861322.5562906265
random_forest__context_diet_labels,1,water,4,1.4896133527203537e-05,0.0022852832850086546,1006,2861322.5562906265
random_forest__context_diet_labels,1,water,5,8.98844256257969e-05,-0.002769024641485096,1006,2861322.5562906265
random_forest__context_diet_labels,1,soda_frequency,1,0.0009832723462915305,0.00867128634493708,1006,2861322.5562906265
random_forest__context_diet_labels,1,soda_frequency,2,0.0011664078021715873,0.009216485630567095,1006,2861322.5562906265
random_forest__context_diet_labels,1,soda_frequency,3,0.0011317439205509594,0.011393601663752362,1006,2861322.5562906265
random_forest__context_diet_labels,1,soda_frequency,4,0.001302846647576239,0.009636442875695317,1006,2861322.5562906265
random_forest__context_diet_labels,1,soda_frequency,5,0.00037431168596302467,0.005757536079802672,1006,2861322.5562906265
random_forest__context_diet_labels,1,juice_frequency,1,-0.00044184750065165423,-0.0024671317263763592,1006,2861322.5562906265
random_forest__context_diet_labels,1,juice_frequency,2,9.609222478262902e-05,-0.000424125215909954,1006,2861322.5562906265
random_forest__context_diet_labels,1,juice_frequency,3,-0.00022493532292780505,-0.0006025274583107976,1006,2861322.5562906265
random_forest__context_diet_labels,1,juice_frequency,4,-7.037235137807851e-05,-0.0021466867673171075,1006,2861322.5562906265
random_forest__context_diet_labels,1,juice_frequency,5,-0.00019243493781553878,-0.0008610275170789494,1006,2861322.5562906265
random_forest__context_diet_labels,1,oil,1,-0.0002904589173918781,-0.002403921047911095,1006,2861322.5562906265
random_forest__context_diet_labels,1,oil,2,-0.00014009190151970108,-0.0022628884985469444,1006,2861322.5562906265
random_forest__context_diet_labels,1,oil,3,0.0001683473978290606,-0.0006265631930028048,1006,2861322.5562906265
random_forest__context_diet_labels,1,oil,4,-6.254896561522227e-05,-0.0012036597760635148,1006,2861322.5562906265
random_forest__context_diet_labels,1,oil,5,-0.00011532870815536556,-0.0018522020687748997,1006,2861322.5562906265
random_forest__context_diet_labels,1,soda_glasses_daily,1,-0.00016928376771341291,0.003633843659188951,1006,2861322.5562906265
random_forest__context_diet_labels,1,soda_glasses_daily,2,0.0009871127563193527,0.007319840034988534,1006,2861322.5562906265
random_forest__context_diet_labels,1,soda_glasses_daily,3,0.000762276356145758,0.005287981218330073,1006,2861322.5562906265
random_forest__context_diet_labels,1,soda_glasses_daily,4,0.00028476620651946005,0.0007191115423462735,1006,2861322.5562906265
random_forest__context_diet_labels,1,soda_glasses_daily,5,0.00034872085294690436,0.004574932730265435,1006,2861322.5562906265
random_forest__context_diet_labels,1,juice_glasses_daily,1,-1.4681181786324604e-05,-0.001037588837308423,1006,2861322.5562906265
random_forest__context_diet_labels,1,juice_glasses_daily,2,-0.0005537380705794015,-0.005621100494916265,1006,2861322.5562906265
random_forest__context_diet_labels,1,juice_glasses_daily,3,-0.00017336194350212053,0.00034555087396204165,1006,2861322.5562906265
random_forest__context_diet_labels,1,juice_glasses_daily,4,-0.00044572018975250205,4.5447711724988515e-05,1006,2861322.5562906265
random_forest__context_diet_labels,1,juice_glasses_daily,5,-0.00017695940900261387,-0.00018003129234833715,1006,2861322.5562906265
random_forest__context_diet_labels,1,label_ingredients,1,0.0003765431334140923,0.0003276291873748338,1006,2861322.5562906265
random_forest__context_diet_labels,1,label_ingredients,2,0.000252888722700767,0.0024192486571433802,1006,2861322.5562906265
random_forest__context_diet_labels,1,label_ingredients,3,0.00012716586371186445,-0.0006954393186774377,1006,2861322.5562906265
random_forest__context_diet_labels,1,label_ingredients,4,0.0007746468536554141,0.0037898328009189353,1006,2861322.5562906265
random_forest__context_diet_labels,1,label_ingredients,5,0.0008042815231449341,0.0046544555507107566,1006,2861322.5562906265
random_forest__context_diet_labels,1,label_nutrition,1,-0.001811791745699981,-0.008396577508775205,1006,2861322.5562906265
random_forest__context_diet_labels,1,label_nutrition,2,-0.0016697628488359095,-0.006017319497028661,1006,2861322.5562906265
random_forest__context_diet_labels,1,label_nutrition,3,7.928622901615112e-05,0.005078422540561678,1006,2861322.5562906265
random_forest__context_diet_labels,1,label_nutrition,4,-0.0008258813272064569,-0.0037864621881049665,1006,2861322.5562906265
random_forest__context_diet_labels,1,label_nutrition,5,-0.0011606901254098412,-0.004733439473538215,1006,2861322.5562906265
random_forest__context_diet_labels,1,label_warnings,1,-3.4727390355676624e-05,0.0014867620166398865,1006,2861322.5562906265
random_forest__context_diet_labels,1,label_warnings,2,-0.000132002593479702,-0.0011622421027168706,1006,2861322.5562906265
random_forest__context_diet_labels,1,label_warnings,3,-0.0009205906050232804,-0.008974926597554944,1006,2861322.5562906265
random_forest__context_diet_labels,1,label_warnings,4,-0.0006253612477073456,-0.0021961291860271848,1006,2861322.5562906265
random_forest__context_diet_labels,1,label_warnings,5,0.0008143689764114614,0.0012645551184059522,1006,2861322.5562906265
random_forest__context_diet_labels,1,label_health,1,-0.001656949382312256,-0.008704044982207004,1006,2861322.5562906265
random_forest__context_diet_labels,1,label_health,2,-0.0015604483071309516,-0.006575126382681873,1006,2861322.5562906265
random_forest__context_diet_labels,1,label_health,3,-0.0003700769295559847,-0.0005436059335629517,1006,2861322.5562906265
random_forest__context_diet_labels,1,label_health,4,-0.0002635464693388212,-0.00037744614788592923,1006,2861322.5562906265
random_forest__context_diet_labels,1,label_health,5,-0.0012147432712320272,-0.004811115852419001,1006,2861322.5562906265
random_forest__context_diet_labels,1,label_brand,1,-0.0005017105551116119,-0.0012733103049057393,1006,2861322.5562906265
random_forest__context_diet_labels,1,label_brand,2,-0.0009410048818854488,-0.0015057506423739042,1006,2861322.5562906265
random_forest__context_diet_labels,1,label_brand,3,-0.0016836493385648243,-0.010199990919039892,1006,2861322.5562906265
random_forest__context_diet_labels,1,label_brand,4,-8.105221662460527e-05,-0.0007399631365273551,1006,2861322.5562906265
random_forest__context_diet_labels,1,label_brand,5,-0.002595641686015754,-0.013900279339576715,1006,2861322.5562906265
random_forest__context_diet_labels,1,label_discounts,1,-2.7970601769372605e-05,0.0025316340368256585,1006,2861322.5562906265
random_forest__context_diet_labels,1,label_discounts,2,-0.00026202938428152023,-0.0022100551383525957,1006,2861322.5562906265
random_forest__context_diet_labels,1,label_discounts,3,0.0011069722038060947,0.005717366773672405,1006,2861322.5562906265
random_forest__context_diet_labels,1,label_discounts,4,-0.0005552258852138947,-0.0009117538998096864,1006,2861322.5562906265
random_forest__context_diet_labels,1,label_discounts,5,-0.0006855943996774971,-0.004275347030844978,1006,2861322.5562906265
random_forest__context_diet_labels,2,age,1,0.005833649013436637,0.030316857254210183,1007,2574325.41285038
random_forest__context_diet_labels,2,age,2,0.007150738753845254,0.03775802289821539,1007,2574325.41285038
random_forest__context_diet_labels,2,age,3,0.0025856428016846345,0.011157630857170031,1007,2574325.41285038
random_forest__context_diet_labels,2,age,4,0.0030764764372338826,0.015638431971001343,1007,2574325.41285038
random_forest__context_diet_labels,2,age,5,0.0033320257661119956,0.007733361869680322,1007,2574325.41285038
random_forest__context_diet_labels,2,sex,1,-0.0010337486795641282,-0.011115510526560013,1007,2574325.41285038
random_forest__context_diet_labels,2,sex,2,0.0015048231694157477,0.005132858328029788,1007,2574325.41285038
random_forest__context_diet_labels,2,sex,3,0.0008491151635195704,0.0033576769153655928,1007,2574325.41285038
random_forest__context_diet_labels,2,sex,4,-0.0022633062922654545,-0.013993943237787465,1007,2574325.41285038
random_forest__context_diet_labels,2,sex,5,-0.00046223371141826397,-0.001370930544390192,1007,2574325.41285038
random_forest__context_diet_labels,2,region,1,-0.0018336721051316063,-0.00832721221096877,1007,2574325.41285038
random_forest__context_diet_labels,2,region,2,0.0005878284585593974,0.0027843939165916876,1007,2574325.41285038
random_forest__context_diet_labels,2,region,3,0.0003716255829111781,0.0037749877851401825,1007,2574325.41285038
random_forest__context_diet_labels,2,region,4,-9.478628254572241e-05,0.0013229500561787733,1007,2574325.41285038
random_forest__context_diet_labels,2,region,5,0.0008772806952400958,0.005311742252437468,1007,2574325.41285038
random_forest__context_diet_labels,2,rural,1,8.239425477954421e-05,0.0011123113187500033,1007,2574325.41285038
random_forest__context_diet_labels,2,rural,2,0.00021305033101595705,0.0014842147007957385,1007,2574325.41285038
random_forest__context_diet_labels,2,rural,3,0.00032357645973857263,0.0022790191234277613,1007,2574325.41285038
random_forest__context_diet_labels,2,rural,4,0.00034823503640385445,0.0028070468207497257,1007,2574325.41285038
random_forest__context_diet_labels,2,rural,5,7.151931901361319e-05,0.0006021427801125023,1007,2574325.41285038
random_forest__context_diet_labels,2,education,1,-0.00029209273595270924,-0.0020828705155583327,1007,2574325.41285038
random_forest__context_diet_labels,2,education,2,0.0002874008634261571,-0.0030985939505011606,1007,2574325.41285038
random_forest__context_diet_labels,2,education,3,-0.0008528982543016539,-0.007868670714213488,1007,2574325.41285038
random_forest__context_diet_labels,2,education,4,0.0019866552744925436,0.010987146681251114,1007,2574325.41285038
random_forest__context_diet_labels,2,education,5,0.0007038262061957179,0.007955056951952755,1007,2574325.41285038
random_forest__context_diet_labels,2,indigenous,1,2.758566056396128e-05,-3.159493358539933e-05,1007,2574325.41285038
random_forest__context_diet_labels,2,indigenous,2,-5.5015170886352216e-05,-0.000488752673287185,1007,2574325.41285038
random_forest__context_diet_labels,2,indigenous,3,-0.00012366917121459098,-0.0014400942187124954,1007,2574325.41285038
random_forest__context_diet_labels,2,indigenous,4,-1.6278499696459336e-05,-0.001169713846371212,1007,2574325.41285038
random_forest__context_diet_labels,2,indigenous,5,-7.627824830697127e-05,-0.0008051607886878642,1007,2574325.41285038
random_forest__context_diet_labels,2,born_chile,1,-0.0005751743588601477,-0.0034699732466971778,1007,2574325.41285038
random_forest__context_diet_labels,2,born_chile,2,-0.0005842483577822577,-0.003691339939363769,1007,2574325.41285038
random_forest__context_diet_labels,2,born_chile,3,-0.0007263740796577822,-0.004452824415071999,1007,2574325.41285038
random_forest__context_diet_labels,2,born_chile,4,-0.0004928160598918485,-0.0035446870191243596,1007,2574325.41285038
random_forest__context_diet_labels,2,born_chile,5,-0.0008230210149147155,-0.005156401482941275,1007,2574325.41285038
random_forest__context_diet_labels,2,teeth_remaining,1,0.0018967510474026394,0.006646599956364629,1007,2574325.41285038
random_forest__context_diet_labels,2,teeth_remaining,2,0.0025216633019889967,0.013534778333275765,1007,2574325.41285038
random_forest__context_diet_labels,2,teeth_remaining,3,0.0028735418241076505,0.011280635613213907,1007,2574325.41285038
random_forest__context_diet_labels,2,teeth_remaining,4,0.003945018042962184,0.02619505565827185,1007,2574325.41285038
random_forest__context_diet_labels,2,teeth_remaining,5,0.0021312895492671124,0.008146563502555826,1007,2574325.41285038
random_forest__context_diet_labels,2,income_band,1,0.0002726654825347674,0.0013942137967877244,1007,2574325.41285038
random_forest__context_diet_labels,2,income_band,2,0.00014251375366478025,0.001080970630423006,1007,2574325.41285038
random_forest__context_diet_labels,2,income_band,3,0.001322389349170422,0.010074343746567127,1007,2574325.41285038
random_forest__context_diet_labels,2,income_band,4,0.0004996408973597932,0.007979082112077207,1007,2574325.41285038
random_forest__context_diet_labels,2,income_band,5,-0.0007017255398491518,-0.005576017598464156,1007,2574325.41285038
random_forest__context_diet_labels,2,health_insurance,1,0.0010495509790517943,0.0073125622941546675,1007,2574325.41285038
random_forest__context_diet_labels,2,health_insurance,2,0.000725419479467776,0.007151386511118907,1007,2574325.41285038
random_forest__context_diet_labels,2,health_insurance,3,0.0016719407000123365,0.010565336801567349,1007,2574325.41285038
random_forest__context_diet_labels,2,health_insurance,4,0.0006794534816321196,0.0032148842462301763,1007,2574325.41285038
random_forest__context_diet_labels,2,health_insurance,5,0.0008745893880170441,0.007092552177877409,1007,2574325.41285038
random_forest__context_diet_labels,2,smoking_status,1,-0.00032662213905299,-0.00039026388678531365,1007,2574325.41285038
random_forest__context_diet_labels,2,smoking_status,2,0.001099831092474024,0.010451405432548078,1007,2574325.41285038
random_forest__context_diet_labels,2,smoking_status,3,0.0009043387733668473,0.007505645650937809,1007,2574325.41285038
random_forest__context_diet_labels,2,smoking_status,4,0.00029275021244254407,-0.0016545248363745158,1007,2574325.41285038
random_forest__context_diet_labels,2,smoking_status,5,0.0004859699435382503,0.005851617931017183,1007,2574325.41285038
random_forest__context_diet_labels,2,diabetes_reported,1,1.9491136954846722e-05,0.000702904559178541,1007,2574325.41285038
random_forest__context_diet_labels,2,diabetes_reported,2,-0.00012329210746878094,0.000797421955246902,1007,2574325.41285038
random_forest__context_diet_labels,2,diabetes_reported,3,-0.000321006977983318,-0.002163921013995318,1007,2574325.41285038
random_forest__context_diet_labels,2,diabetes_reported,4,-0.0005768814004334932,-0.0033799044835065573,1007,2574325.41285038
random_forest__context_diet_labels,2,diabetes_reported,5,1.815764849938395e-05,0.001569146997256743,1007,2574325.41285038
random_forest__context_diet_labels,2,dental_visit,1,0.0007545976606140592,0.0012339994583863145,1007,2574325.41285038
random_forest__context_diet_labels,2,dental_visit,2,0.0012844508409973476,0.0020194149233337955,1007,2574325.41285038
random_forest__context_diet_labels,2,dental_visit,3,0.0019515978063733008,0.014646263745344501,1007,2574325.41285038
random_forest__context_diet_labels,2,dental_visit,4,0.002114587212961705,0.01516966175918888,1007,2574325.41285038
random_forest__context_diet_labels,2,dental_visit,5,0.0011867438137696806,0.005886256614954788,1007,2574325.41285038
random_forest__context_diet_labels,2,dental_visit_reason,1,0.005968688065292965,0.03595416352952574,1007,2574325.41285038
random_forest__context_diet_labels,2,dental_visit_reason,2,0.004977104755928885,0.019167921040756375,1007,2574325.41285038
random_forest__context_diet_labels,2,dental_visit_reason,3,0.0029649424312372663,0.007534375694530415,1007,2574325.41285038
random_forest__context_diet_labels,2,dental_visit_reason,4,0.004866866455557728,0.025552205128805405,1007,2574325.41285038
random_forest__context_diet_labels,2,dental_visit_reason,5,0.0058816033940323476,0.03707405377716355,1007,2574325.41285038
random_forest__context_diet_labels,2,dental_access,1,0.0009925689485989764,0.00626161646173562,1007,2574325.41285038
random_forest__context_diet_labels,2,dental_access,2,0.0007438869428073591,0.0035483502480718743,1007,2574325.41285038
random_forest__context_diet_labels,2,dental_access,3,0.0008125186853010502,0.0063213893408051725,1007,2574325.41285038
random_forest__context_diet_labels,2,dental_access,4,0.0012187078737667667,0.005367266472165233,1007,2574325.41285038
random_forest__context_diet_labels,2,dental_access,5,0.00013842157656876464,0.0026022996758524597,1007,2574325.41285038
random_forest__context_diet_labels,2,household_water_source,1,0.0001528570514814087,0.0009108479808764836,1007,2574325.41285038
random_forest__context_diet_labels,2,household_water_source,2,7.029711585204712e-05,3.965305402797714e-05,1007,2574325.41285038
random_forest__context_diet_labels,2,household_water_source,3,0.00014304245884444455,0.0006017820683410502,1007,2574325.41285038
random_forest__context_diet_labels,2,household_water_source,4,0.0001495940284893249,0.0007772754368347012,1007,2574325.41285038
random_forest__context_diet_labels,2,household_water_source,5,0.00014322741024497265,0.0009498159981330412,1007,2574325.41285038
random_forest__context_diet_labels,2,rural_water_consumption,1,-0.0002518376487540275,-0.00018670283488297912,1007,2574325.41285038
random_forest__context_diet_labels,2,rural_water_consumption,2,-4.234482393114525e-05,0.0005468012028616576,1007,2574325.41285038
random_forest__context_diet_labels,2,rural_water_consumption,3,0.00021267690680182305,0.0008823227562464453,1007,2574325.41285038
random_forest__context_diet_labels,2,rural_water_consumption,4,7.156050503470679e-05,0.0003915302129218201,1007,2574325.41285038
random_forest__context_diet_labels,2,rural_water_consumption,5,9.773779608729383e-05,0.00039116746018075244,1007,2574325.41285038
random_forest__context_diet_labels,2,fish,1,-0.0006052829412012684,-0.0057639015971781005,1007,2574325.41285038
random_forest__context_diet_labels,2,fish,2,-0.0014985738086347455,-0.009817849592432482,1007,2574325.41285038
random_forest__context_diet_labels,2,fish,3,-0.001342662980760051,-0.009670140824385665,1007,2574325.41285038
random_forest__context_diet_labels,2,fish,4,-0.0018247789144511528,-0.010380057468235226,1007,2574325.41285038
random_forest__context_diet_labels,2,fish,5,-0.0009395427008292434,-0.005057904776083588,1007,2574325.41285038
random_forest__context_diet_labels,2,dairy_frequency,1,0.0004556542362228466,0.003929089008176678,1007,2574325.41285038
random_forest__context_diet_labels,2,dairy_frequency,2,0.0010007663355313112,0.0057898845867828674,1007,2574325.41285038
random_forest__context_diet_labels,2,dairy_frequency,3,0.0007520193108678519,0.0072145927394728915,1007,2574325.41285038
random_forest__context_diet_labels,2,dairy_frequency,4,0.0004038904866718318,0.0005623568384994782,1007,2574325.41285038
random_forest__context_diet_labels,2,dairy_frequency,5,0.0007630624192192514,0.004329310101003903,1007,2574325.41285038
random_forest__context_diet_labels,2,dairy_type,1,5.543965803181394e-05,-0.006602725791250208,1007,2574325.41285038
random_forest__context_diet_labels,2,dairy_type,2,-0.0020663985563280918,-0.016263596620328724,1007,2574325.41285038
random_forest__context_diet_labels,2,dairy_type,3,-0.0011762683601388435,-0.010088684410643145,1007,2574325.41285038
random_forest__context_diet_labels,2,dairy_type,4,-0.0017942313549080824,-0.012144344253635975,1007,2574325.41285038
random_forest__context_diet_labels,2,dairy_type,5,-0.00030905138860262693,-0.007756813743545199,1007,2574325.41285038
random_forest__context_diet_labels,2,wholegrain,1,0.00030757690822044714,0.0002721295552015057,1007,2574325.41285038
random_forest__context_diet_labels,2,wholegrain,2,0.0007167361844985509,0.0033807630856758086,1007,2574325.41285038
random_forest__context_diet_labels,2,wholegrain,3,0.000644503205825625,0.001828861067283638,1007,2574325.41285038
random_forest__context_diet_labels,2,wholegrain,4,7.590710464203121e-05,0.0013429312221300282,1007,2574325.41285038
random_forest__context_diet_labels,2,wholegrain,5,0.00014648162508068552,0.0003856824009208504,1007,2574325.41285038
random_forest__context_diet_labels,2,legumes,1,-0.0006631093323182236,-0.004389823319240205,1007,2574325.41285038
random_forest__context_diet_labels,2,legumes,2,-0.0005802149059390971,-0.00460840414070518,1007,2574325.41285038
random_forest__context_diet_labels,2,legumes,3,8.002446657562334e-05,0.0014439165263281373,1007,2574325.41285038
random_forest__context_diet_labels,2,legumes,4,-0.00038683852820539655,-0.0012491492464636877,1007,2574325.41285038
random_forest__context_diet_labels,2,legumes,5,-0.0011107251885126013,-0.006175234687148312,1007,2574325.41285038
random_forest__context_diet_labels,2,fruit_days,1,-0.00015337994751288275,-0.0016763676294674346,1007,2574325.41285038
random_forest__context_diet_labels,2,fruit_days,2,-0.0004948132062133348,-0.0027608971085743006,1007,2574325.41285038
random_forest__context_diet_labels,2,fruit_days,3,-0.00011367641929035943,-0.002249632384642042,1007,2574325.41285038
random_forest__context_diet_labels,2,fruit_days,4,0.0003659870197477155,0.001973125927636654,1007,2574325.41285038
random_forest__context_diet_labels,2,fruit_days,5,-0.0013173896890124048,-0.00997691463287187,1007,2574325.41285038
random_forest__context_diet_labels,2,fruit_portions,1,5.917245517594871e-05,0.0010583552563329102,1007,2574325.41285038
random_forest__context_diet_labels,2,fruit_portions,2,0.0009026227489253857,0.006468040468899816,1007,2574325.41285038
random_forest__context_diet_labels,2,fruit_portions,3,-0.0005453888751236757,-0.0033018756324335596,1007,2574325.41285038
random_forest__context_diet_labels,2,fruit_portions,4,0.0003746919538378246,0.003028932885316249,1007,2574325.41285038
random_forest__context_diet_labels,2,fruit_portions,5,6.915752758301918e-05,0.0012919392545471808,1007,2574325.41285038
random_forest__context_diet_labels,2,vegetable_days,1,-2.361016323715326e-05,-0.00286768032690754,1007,2574325.41285038
random_forest__context_diet_labels,2,vegetable_days,2,0.00031419620587083696,0.0011702424865180916,1007,2574325.41285038
random_forest__context_diet_labels,2,vegetable_days,3,-0.0001432791519645482,-0.003706860221505237,1007,2574325.41285038
random_forest__context_diet_labels,2,vegetable_days,4,-0.00023095992473429194,-0.0028440746208815426,1007,2574325.41285038
random_forest__context_diet_labels,2,vegetable_days,5,0.0001173222880731517,0.0012255918280903444,1007,2574325.41285038
random_forest__context_diet_labels,2,vegetable_portions,1,-0.00016215385282300487,-0.002040825754754061,1007,2574325.41285038
random_forest__context_diet_labels,2,vegetable_portions,2,0.00019543541002139952,-0.0010419236237303453,1007,2574325.41285038
random_forest__context_diet_labels,2,vegetable_portions,3,-5.40348679994862e-07,-0.0007026614767259298,1007,2574325.41285038
random_forest__context_diet_labels,2,vegetable_portions,4,-0.00020965048440438339,-0.0010671171294606152,1007,2574325.41285038
random_forest__context_diet_labels,2,vegetable_portions,5,-0.000941550779983702,-0.007284625922134191,1007,2574325.41285038
random_forest__context_diet_labels,2,water,1,-0.0005329156217264985,-0.003967718796647146,1007,2574325.41285038
random_forest__context_diet_labels,2,water,2,-0.0010251325387060362,-0.006418924988618624,1007,2574325.41285038
random_forest__context_diet_labels,2,water,3,5.533904453078331e-05,0.0015855654384812068,1007,2574325.41285038
random_forest__context_diet_labels,2,water,4,5.1686068622519565e-05,0.00010406249582983751,1007,2574325.41285038
random_forest__context_diet_labels,2,water,5,-0.00023552795956618966,-0.0010994811249663838,1007,2574325.41285038
random_forest__context_diet_labels,2,soda_frequency,1,0.0009278194670010731,0.0064107261995896,1007,2574325.41285038
random_forest__context_diet_labels,2,soda_frequency,2,-0.0004097537930519146,-0.0025000174779267192,1007,2574325.41285038
random_forest__context_diet_labels,2,soda_frequency,3,0.00043331574872929046,0.003572797607681144,1007,2574325.41285038
random_forest__context_diet_labels,2,soda_frequency,4,-0.0007577758590745776,-0.005939291233342692,1007,2574325.41285038
random_forest__context_diet_labels,2,soda_frequency,5,-0.0005170735598036547,-0.0009759615480133821,1007,2574325.41285038
random_forest__context_diet_labels,2,juice_frequency,1,0.000733920247722869,0.004111679574745453,1007,2574325.41285038
random_forest__context_diet_labels,2,juice_frequency,2,0.00028101632795804465,0.003440119844260514,1007,2574325.41285038
random_forest__context_diet_labels,2,juice_frequency,3,3.5630527400243306e-05,8.161178612142717e-05,1007,2574325.41285038
random_forest__context_diet_labels,2,juice_frequency,4,0.00032028609587031465,0.0006141114268640724,1007,2574325.41285038
random_forest__context_diet_labels,2,juice_frequency,5,0.000366649365838273,-0.00045765899408911626,1007,2574325.41285038
random_forest__context_diet_labels,2,oil,1,-0.0001864958782888393,-0.0010685138288982765,1007,2574325.41285038
random_forest__context_diet_labels,2,oil,2,-0.00037834125924809947,-0.002246043644628215,1007,2574325.41285038
random_forest__context_diet_labels,2,oil,3,-8.198481487456388e-05,-0.0010040424883950294,1007,2574325.41285038
random_forest__context_diet_labels,2,oil,4,-0.00010394650647377324,-0.0012194965748536513,1007,2574325.41285038
random_forest__context_diet_labels,2,oil,5,-0.00040164573845016815,-0.0017427198313987313,1007,2574325.41285038
random_forest__context_diet_labels,2,soda_glasses_daily,1,-0.000680061811573679,-0.005869563361771357,1007,2574325.41285038
random_forest__context_diet_labels,2,soda_glasses_daily,2,0.0012250720014033434,0.008690475596424885,1007,2574325.41285038
random_forest__context_diet_labels,2,soda_glasses_daily,3,-0.0012000034312793229,-0.007593161132512516,1007,2574325.41285038
random_forest__context_diet_labels,2,soda_glasses_daily,4,-0.001875901046959172,-0.015382062092678894,1007,2574325.41285038
random_forest__context_diet_labels,2,soda_glasses_daily,5,-0.0021140186885496848,-0.013728783926625465,1007,2574325.41285038
random_forest__context_diet_labels,2,juice_glasses_daily,1,4.425025797144544e-06,0.0007843003242876678,1007,2574325.41285038
random_forest__context_diet_labels,2,juice_glasses_daily,2,-1.9934267204424483e-06,1.4042410409587092e-05,1007,2574325.41285038
random_forest__context_diet_labels,2,juice_glasses_daily,3,-0.00024335457615271006,-0.0011248885374427475,1007,2574325.41285038
random_forest__context_diet_labels,2,juice_glasses_daily,4,1.3886744461594214e-05,0.0010018196645791289,1007,2574325.41285038
random_forest__context_diet_labels,2,juice_glasses_daily,5,4.356823853257641e-05,0.001529972766949772,1007,2574325.41285038
random_forest__context_diet_labels,2,label_ingredients,1,-0.00029046204723109925,-0.004845942374598011,1007,2574325.41285038
random_forest__context_diet_labels,2,label_ingredients,2,0.0005031037156497387,0.002651002707729888,1007,2574325.41285038
random_forest__context_diet_labels,2,label_ingredients,3,-0.00022286947583066707,-0.00266966746935815,1007,2574325.41285038
random_forest__context_diet_labels,2,label_ingredients,4,0.0002592491033027444,0.0017237534407336108,1007,2574325.41285038
random_forest__context_diet_labels,2,label_ingredients,5,0.00048095179375085007,0.001930814323499841,1007,2574325.41285038
random_forest__context_diet_labels,2,label_nutrition,1,0.00032984982424957843,0.0002555674312880729,1007,2574325.41285038
random_forest__context_diet_labels,2,label_nutrition,2,0.0006703320073535302,0.004586159664425549,1007,2574325.41285038
random_forest__context_diet_labels,2,label_nutrition,3,0.0005546216696317996,0.0017777548572458501,1007,2574325.41285038
random_forest__context_diet_labels,2,label_nutrition,4,-0.0007813029126796656,-0.004260910913159499,1007,2574325.41285038
random_forest__context_diet_labels,2,label_nutrition,5,-8.826653084570424e-05,-0.0007985328050940099,1007,2574325.41285038
random_forest__context_diet_labels,2,label_warnings,1,0.0004376899266916312,0.00030842119019058867,1007,2574325.41285038
random_forest__context_diet_labels,2,label_warnings,2,-0.0008223747003856252,-0.004936679583551484,1007,2574325.41285038
random_forest__context_diet_labels,2,label_warnings,3,-0.001155301580972462,-0.008708512798460855,1007,2574325.41285038
random_forest__context_diet_labels,2,label_warnings,4,-0.0006042181345569664,-0.005914462829046618,1007,2574325.41285038
random_forest__context_diet_labels,2,label_warnings,5,0.00013342256559642496,0.0003481223569486991,1007,2574325.41285038
random_forest__context_diet_labels,2,label_health,1,0.00010191567569955984,0.0009798423812221735,1007,2574325.41285038
random_forest__context_diet_labels,2,label_health,2,1.809811545933071e-05,0.00046048026143752363,1007,2574325.41285038
random_forest__context_diet_labels,2,label_health,3,-0.0011251987970754551,-0.006199707829802503,1007,2574325.41285038
random_forest__context_diet_labels,2,label_health,4,-0.0007820975467577873,-0.0045657063570354595,1007,2574325.41285038
random_forest__context_diet_labels,2,label_health,5,0.0004706585435987898,0.0048380031370074406,1007,2574325.41285038
random_forest__context_diet_labels,2,label_brand,1,0.0010886264011708002,0.009621698507982335,1007,2574325.41285038
random_forest__context_diet_labels,2,label_brand,2,0.0004658338732410894,0.0026960702274411164,1007,2574325.41285038
random_forest__context_diet_labels,2,label_brand,3,0.0008309559437805758,0.003232845430857667,1007,2574325.41285038
random_forest__context_diet_labels,2,label_brand,4,-8.629400787701913e-05,-0.0009848263221752251,1007,2574325.41285038
random_forest__context_diet_labels,2,label_brand,5,0.0004260884852921587,0.002542275316268827,1007,2574325.41285038
random_forest__context_diet_labels,2,label_discounts,1,-0.0005623933800166792,-0.003699891552100154,1007,2574325.41285038
random_forest__context_diet_labels,2,label_discounts,2,-5.397976732463006e-06,-0.005572245397496678,1007,2574325.41285038
random_forest__context_diet_labels,2,label_discounts,3,9.329356980053438e-05,-0.0005944321699461463,1007,2574325.41285038
random_forest__context_diet_labels,2,label_discounts,4,-0.0003209498054882187,-0.0012032309068157332,1007,2574325.41285038
random_forest__context_diet_labels,2,label_discounts,5,0.00010183377365158286,0.0014905624826505592,1007,2574325.41285038
random_forest__context_diet_labels,3,age,1,0.0006113507272803853,0.0054217833794685255,1011,2776332.157348156
random_forest__context_diet_labels,3,age,2,0.007748055914385821,0.05129449231836358,1011,2776332.157348156
random_forest__context_diet_labels,3,age,3,0.010770614401850676,0.07087627135517349,1011,2776332.157348156
random_forest__context_diet_labels,3,age,4,-0.0008380669922138373,-0.003093162320517262,1011,2776332.157348156
random_forest__context_diet_labels,3,age,5,0.006961694751354552,0.042104075307098476,1011,2776332.157348156
random_forest__context_diet_labels,3,sex,1,0.003449350441937754,0.017023356704762738,1011,2776332.157348156
random_forest__context_diet_labels,3,sex,2,7.366046811380089e-05,-0.002009735238589494,1011,2776332.157348156
random_forest__context_diet_labels,3,sex,3,0.0010227223086657633,0.006492664967766015,1011,2776332.157348156
random_forest__context_diet_labels,3,sex,4,0.0017933786917510852,0.013194321659313002,1011,2776332.157348156
random_forest__context_diet_labels,3,sex,5,0.0007892460959945113,0.005092676882258118,1011,2776332.157348156
random_forest__context_diet_labels,3,region,1,0.00012067778747620883,0.0006104498627956811,1011,2776332.157348156
random_forest__context_diet_labels,3,region,2,1.2008002456403988e-05,-0.0007013242422916344,1011,2776332.157348156
random_forest__context_diet_labels,3,region,3,0.00017276310831121355,-0.00012070525679053201,1011,2776332.157348156
random_forest__context_diet_labels,3,region,4,0.0001811689802384553,-3.164074414196971e-05,1011,2776332.157348156
random_forest__context_diet_labels,3,region,5,8.830060146075569e-05,-0.000575503468336791,1011,2776332.157348156
random_forest__context_diet_labels,3,rural,1,2.7834428309170267e-06,0.00021608646361448436,1011,2776332.157348156
random_forest__context_diet_labels,3,rural,2,-4.0484321982559024e-05,-0.00035169520447608793,1011,2776332.157348156
random_forest__context_diet_labels,3,rural,3,-4.0001452760562994e-05,-0.00036409565672257393,1011,2776332.157348156
random_forest__context_diet_labels,3,rural,4,-1.2411791619315604e-05,-0.0003070181265143468,1011,2776332.157348156
random_forest__context_diet_labels,3,rural,5,-4.038799215044797e-05,-0.0007119928978974732,1011,2776332.157348156
random_forest__context_diet_labels,3,education,1,0.002208553180856776,0.013404329764361678,1011,2776332.157348156
random_forest__context_diet_labels,3,education,2,0.0015208463507645764,0.007966786355279587,1011,2776332.157348156
random_forest__context_diet_labels,3,education,3,0.0013568184323548005,0.007703854376733044,1011,2776332.157348156
random_forest__context_diet_labels,3,education,4,0.00010180592439940073,0.0008759992346965007,1011,2776332.157348156
random_forest__context_diet_labels,3,education,5,0.0017996285177546978,0.010555005239224702,1011,2776332.157348156
random_forest__context_diet_labels,3,indigenous,1,0.0,0.0,1011,2776332.157348156
random_forest__context_diet_labels,3,indigenous,2,0.0,0.0,1011,2776332.157348156
random_forest__context_diet_labels,3,indigenous,3,0.0,0.0,1011,2776332.157348156
random_forest__context_diet_labels,3,indigenous,4,0.0,0.0,1011,2776332.157348156
random_forest__context_diet_labels,3,indigenous,5,0.0,0.0,1011,2776332.157348156
random_forest__context_diet_labels,3,born_chile,1,0.0,0.0,1011,2776332.157348156
random_forest__context_diet_labels,3,born_chile,2,0.0,0.0,1011,2776332.157348156
random_forest__context_diet_labels,3,born_chile,3,0.0,0.0,1011,2776332.157348156
random_forest__context_diet_labels,3,born_chile,4,0.0,0.0,1011,2776332.157348156
random_forest__context_diet_labels,3,born_chile,5,0.0,0.0,1011,2776332.157348156
random_forest__context_diet_labels,3,teeth_remaining,1,0.0026087025101313166,0.012785233129641416,1011,2776332.157348156
random_forest__context_diet_labels,3,teeth_remaining,2,0.003331316280460017,0.018025264417773745,1011,2776332.157348156
random_forest__context_diet_labels,3,teeth_remaining,3,0.0030883029064198986,0.013363959273492654,1011,2776332.157348156
random_forest__context_diet_labels,3,teeth_remaining,4,0.010311032255245767,0.059906207259679656,1011,2776332.157348156
random_forest__context_diet_labels,3,teeth_remaining,5,0.0011675297439913412,-0.00739719848416498,1011,2776332.157348156
random_forest__context_diet_labels,3,income_band,1,-9.743809695950123e-05,-0.0006042015977452131,1011,2776332.157348156
random_forest__context_diet_labels,3,income_band,2,-2.5091375338792687e-05,-0.000980325661828263,1011,2776332.157348156
random_forest__context_diet_labels,3,income_band,3,-8.17581661838318e-06,-0.00028782341156885494,1011,2776332.157348156
random_forest__context_diet_labels,3,income_band,4,-3.5153337071325286e-05,0.0002499593538058953,1011,2776332.157348156
random_forest__context_diet_labels,3,income_band,5,-0.00011744025783322343,-0.0011865275683802246,1011,2776332.157348156
random_forest__context_diet_labels,3,health_insurance,1,4.189545587951482e-06,-3.362398718698145e-05,1011,2776332.157348156
random_forest__context_diet_labels,3,health_insurance,2,7.166006999356767e-05,-0.0009347407231858895,1011,2776332.157348156
random_forest__context_diet_labels,3,health_insurance,3,4.616443780847135e-05,-0.00019666256011152683,1011,2776332.157348156
random_forest__context_diet_labels,3,health_insurance,4,1.2305733787909556e-05,-0.0001886316248781439,1011,2776332.157348156
random_forest__context_diet_labels,3,health_insurance,5,4.7730016733305014e-05,-0.00011525469714845915,1011,2776332.157348156
random_forest__context_diet_labels,3,smoking_status,1,0.00041976275567931487,0.001303841319565624,1011,2776332.157348156
random_forest__context_diet_labels,3,smoking_status,2,0.0003822979114327385,0.0011022573508385758,1011,2776332.157348156
random_forest__context_diet_labels,3,smoking_status,3,-0.000538730947060001,-0.0069197120539059576,1011,2776332.157348156
random_forest__context_diet_labels,3,smoking_status,4,0.00045309898595546905,0.0006499223390702413,1011,2776332.157348156
random_forest__context_diet_labels,3,smoking_status,5,0.0006449937239786097,0.0030599213036357487,1011,2776332.157348156
random_forest__context_diet_labels,3,diabetes_reported,1,8.496794565429622e-05,-0.0015626271753422794,1011,2776332.157348156
random_forest__context_diet_labels,3,diabetes_reported,2,-1.5331476484442552e-05,-0.00113158680971992,1011,2776332.157348156
random_forest__context_diet_labels,3,diabetes_reported,3,-1.0499301634964153e-05,-0.0025434693966297495,1011,2776332.157348156
random_forest__context_diet_labels,3,diabetes_reported,4,-9.610065512707933e-05,-0.0026213767502825114,1011,2776332.157348156
random_forest__context_diet_labels,3,diabetes_reported,5,-0.00013857504934960962,-0.003709486601982004,1011,2776332.157348156
random_forest__context_diet_labels,3,dental_visit,1,0.0006731861391182092,0.004201716829405511,1011,2776332.157348156
random_forest__context_diet_labels,3,dental_visit,2,0.0008205040117985896,0.0051798470542048225,1011,2776332.157348156
random_forest__context_diet_labels,3,dental_visit,3,3.683373974652793e-05,0.00028213340612015525,1011,2776332.157348156
random_forest__context_diet_labels,3,dental_visit,4,0.0005464035409742107,0.004090560189946357,1011,2776332.157348156
random_forest__context_diet_labels,3,dental_visit,5,0.0007640668876361945,0.006202638305047969,1011,2776332.157348156
random_forest__context_diet_labels,3,dental_visit_reason,1,0.002354465770968539,0.011747100637242824,1011,2776332.157348156
random_forest__context_diet_labels,3,dental_visit_reason,2,0.0021578132069560163,0.00894893952097231,1011,2776332.157348156
random_forest__context_diet_labels,3,dental_visit_reason,3,0.003119017691997128,0.018339942039207746,1011,2776332.157348156
random_forest__context_diet_labels,3,dental_visit_reason,4,0.008134974278088652,0.04215024669488254,1011,2776332.157348156
random_forest__context_diet_labels,3,dental_visit_reason,5,0.002163100891606873,0.007429638544365069,1011,2776332.157348156
random_forest__context_diet_labels,3,dental_access,1,0.00024572124751046087,0.0007833117537845435,1011,2776332.157348156
random_forest__context_diet_labels,3,dental_access,2,-5.615204063427748e-05,-0.001385286583387213,1011,2776332.157348156
random_forest__context_diet_labels,3,dental_access,3,5.423002414775557e-05,-0.0005276025992797528,1011,2776332.157348156
random_forest__context_diet_labels,3,dental_access,4,0.00015709555894619087,0.0009085127188992459,1011,2776332.157348156
random_forest__context_diet_labels,3,dental_access,5,0.0002520734568439431,0.0009546251051708587,1011,2776332.157348156
random_forest__context_diet_labels,3,household_water_source,1,0.0,0.0,1011,2776332.157348156
random_forest__context_diet_labels,3,household_water_source,2,0.0,0.0,1011,2776332.157348156
random_forest__context_diet_labels,3,household_water_source,3,0.0,0.0,1011,2776332.157348156
random_forest__context_diet_labels,3,household_water_source,4,0.0,0.0,1011,2776332.157348156
random_forest__context_diet_labels,3,household_water_source,5,0.0,0.0,1011,2776332.157348156
random_forest__context_diet_labels,3,rural_water_consumption,1,0.0,0.0,1011,2776332.157348156
random_forest__context_diet_labels,3,rural_water_consumption,2,0.0,0.0,1011,2776332.157348156
random_forest__context_diet_labels,3,rural_water_consumption,3,0.0,0.0,1011,2776332.157348156
random_forest__context_diet_labels,3,rural_water_consumption,4,0.0,0.0,1011,2776332.157348156
random_forest__context_diet_labels,3,rural_water_consumption,5,0.0,0.0,1011,2776332.157348156
random_forest__context_diet_labels,3,fish,1,-2.6674011585625657e-07,-0.00028954148582727157,1011,2776332.157348156
random_forest__context_diet_labels,3,fish,2,-5.002015190225251e-05,-0.0006050502911019162,1011,2776332.157348156
random_forest__context_diet_labels,3,fish,3,-0.00011752336168233124,-0.0005468023241850251,1011,2776332.157348156
random_forest__context_diet_labels,3,fish,4,-6.9729729963941e-05,-0.0008061825530208955,1011,2776332.157348156
random_forest__context_diet_labels,3,fish,5,-0.00017226365631420326,-0.0012191259722647008,1011,2776332.157348156
random_forest__context_diet_labels,3,dairy_frequency,1,1.6240960078267586e-05,-0.00019944567158014515,1011,2776332.157348156
random_forest__context_diet_labels,3,dairy_frequency,2,-9.086914468439677e-05,-0.0012956400730931295,1011,2776332.157348156
random_forest__context_diet_labels,3,dairy_frequency,3,9.687519930556832e-05,3.383902307763087e-05,1011,2776332.157348156
random_forest__context_diet_labels,3,dairy_frequency,4,-0.00011386574934227345,-0.0008189292104866519,1011,2776332.157348156
random_forest__context_diet_labels,3,dairy_frequency,5,8.876720998707288e-05,0.0004281926290943261,1011,2776332.157348156
random_forest__context_diet_labels,3,dairy_type,1,0.00015936794024637435,0.00037819771709857175,1011,2776332.157348156
random_forest__context_diet_labels,3,dairy_type,2,1.4455768357929388e-05,-0.0007752570055867825,1011,2776332.157348156
random_forest__context_diet_labels,3,dairy_type,3,0.0001298047864912999,-9.319107171046337e-05,1011,2776332.157348156
random_forest__context_diet_labels,3,dairy_type,4,9.323116296322542e-05,2.7596140628194377e-06,1011,2776332.157348156
random_forest__context_diet_labels,3,dairy_type,5,7.653259157566761e-05,-0.0006046458556905332,1011,2776332.157348156
random_forest__context_diet_labels,3,wholegrain,1,0.00013330855286861065,0.0003424146107550152,1011,2776332.157348156
random_forest__context_diet_labels,3,wholegrain,2,0.00016723556137784867,0.00034238932326746685,1011,2776332.157348156
random_forest__context_diet_labels,3,wholegrain,3,0.00023586042756648662,0.0004739169051921621,1011,2776332.157348156
random_forest__context_diet_labels,3,wholegrain,4,0.00023694298878840225,0.0015475491916742135,1011,2776332.157348156
random_forest__context_diet_labels,3,wholegrain,5,7.422208759622073e-05,-5.7223166348929766e-05,1011,2776332.157348156
random_forest__context_diet_labels,3,legumes,1,4.464284840560717e-05,-0.00022490251988205312,1011,2776332.157348156
random_forest__context_diet_labels,3,legumes,2,8.968086948588083e-05,-0.00035276943993234333,1011,2776332.157348156
random_forest__context_diet_labels,3,legumes,3,0.00010815616515871818,0.00032023180256279815,1011,2776332.157348156
random_forest__context_diet_labels,3,legumes,4,0.00011157466643393898,0.00042941225244708114,1011,2776332.157348156
random_forest__context_diet_labels,3,legumes,5,0.00010155255476079761,0.0011201618456437856,1011,2776332.157348156
random_forest__context_diet_labels,3,fruit_days,1,-0.0008691313143242285,-0.005845876849652543,1011,2776332.157348156
random_forest__context_diet_labels,3,fruit_days,2,-0.0006535119959680535,-0.0051830629558109464,1011,2776332.157348156
random_forest__context_diet_labels,3,fruit_days,3,-0.0002533832027926952,-0.0018520885486135175,1011,2776332.157348156
random_forest__context_diet_labels,3,fruit_days,4,-0.0014290332509457604,-0.009688392220684516,1011,2776332.157348156
random_forest__context_diet_labels,3,fruit_days,5,-0.00043211823743011246,-0.0047019201156864865,1011,2776332.157348156
random_forest__context_diet_labels,3,fruit_portions,1,8.97036500355497e-05,0.0009028662010149846,1011,2776332.157348156
random_forest__context_diet_labels,3,fruit_portions,2,0.0005159756514541147,0.0026361569266932783,1011,2776332.157348156
random_forest__context_diet_labels,3,fruit_portions,3,0.00047974821199281426,0.0036792094041373513,1011,2776332.157348156
random_forest__context_diet_labels,3,fruit_portions,4,0.00031271575507127447,0.0017324401099610975,1011,2776332.157348156
random_forest__context_diet_labels,3,fruit_portions,5,-0.00017649761298152433,-0.0017621776478361495,1011,2776332.157348156
random_forest__context_diet_labels,3,vegetable_days,1,6.919525292892192e-05,0.0006548802951866772,1011,2776332.157348156
random_forest__context_diet_labels,3,vegetable_days,2,0.00013210368801552796,0.0007124691150177664,1011,2776332.157348156
random_forest__context_diet_labels,3,vegetable_days,3,0.0001596885895893685,0.0007200147498613862,1011,2776332.157348156
random_forest__context_diet_labels,3,vegetable_days,4,0.0001000581983836013,0.0007993357753904862,1011,2776332.157348156
random_forest__context_diet_labels,3,vegetable_days,5,0.00011553686754578463,0.00023872856825346567,1011,2776332.157348156
random_forest__context_diet_labels,3,vegetable_portions,1,4.05949758815749e-05,5.6550713439351696e-05,1011,2776332.157348156
random_forest__context_diet_labels,3,vegetable_portions,2,-4.325635061050437e-05,-0.0004086103165241717,1011,2776332.157348156
random_forest__context_diet_labels,3,vegetable_portions,3,0.00017134789741377054,0.0006200260218082176,1011,2776332.157348156
random_forest__context_diet_labels,3,vegetable_portions,4,-1.573682927122344e-05,0.00048807449552912274,1011,2776332.157348156
random_forest__context_diet_labels,3,vegetable_portions,5,-4.986525352637661e-05,-0.0007504615216757937,1011,2776332.157348156
random_forest__context_diet_labels,3,water,1,8.661396747453032e-05,0.0005282629778098347,1011,2776332.157348156
random_forest__context_diet_labels,3,water,2,-0.0001490919957486403,-0.0014804502422502974,1011,2776332.157348156
random_forest__context_diet_labels,3,water,3,-0.00016814368590495343,-0.001442650559068337,1011,2776332.157348156
random_forest__context_diet_labels,3,water,4,-0.00014603986232450406,-0.0015045738885415272,1011,2776332.157348156
random_forest__context_diet_labels,3,water,5,-1.458393385803114e-05,-0.001020476811192328,1011,2776332.157348156
random_forest__context_diet_labels,3,soda_frequency,1,-0.00020881722156276816,-0.0026428509616815976,1011,2776332.157348156
random_forest__context_diet_labels,3,soda_frequency,2,3.26520916428541e-05,-0.0008551721580933869,1011,2776332.157348156
random_forest__context_diet_labels,3,soda_frequency,3,1.8446184933990084e-05,-0.0004253630630766114,1011,2776332.157348156
random_forest__context_diet_labels,3,soda_frequency,4,-0.00017330924669725634,0.0002038290844128543,1011,2776332.157348156
random_forest__context_diet_labels,3,soda_frequency,5,5.729875636120707e-05,0.00042210025721589606,1011,2776332.157348156
random_forest__context_diet_labels,3,juice_frequency,1,0.000213883843148438,0.0021881595766575224,1011,2776332.157348156
random_forest__context_diet_labels,3,juice_frequency,2,-0.00265884619599957,-0.018296424999095118,1011,2776332.157348156
random_forest__context_diet_labels,3,juice_frequency,3,-0.001158585293527331,-0.006983065585593584,1011,2776332.157348156
random_forest__context_diet_labels,3,juice_frequency,4,-0.0007961114346080878,-0.005999596936588025,1011,2776332.157348156
random_forest__context_diet_labels,3,juice_frequency,5,-0.0009152777529453371,-0.005555140615370546,1011,2776332.157348156
random_forest__context_diet_labels,3,oil,1,0.0,0.0,1011,2776332.157348156
random_forest__context_diet_labels,3,oil,2,0.0,0.0,1011,2776332.157348156
random_forest__context_diet_labels,3,oil,3,0.0,0.0,1011,2776332.157348156
random_forest__context_diet_labels,3,oil,4,0.0,0.0,1011,2776332.157348156
random_forest__context_diet_labels,3,oil,5,0.0,0.0,1011,2776332.157348156
random_forest__context_diet_labels,3,soda_glasses_daily,1,0.0001315952382130725,0.0007879709558225034,1011,2776332.157348156
random_forest__context_diet_labels,3,soda_glasses_daily,2,0.0005520611870910852,0.003642570743605189,1011,2776332.157348156
random_forest__context_diet_labels,3,soda_glasses_daily,3,0.0007838647854443159,0.006513125182431301,1011,2776332.157348156
random_forest__context_diet_labels,3,soda_glasses_daily,4,0.0008091745675734008,0.003972014795303069,1011,2776332.157348156
random_forest__context_diet_labels,3,soda_glasses_daily,5,0.0013009933007306351,0.009105101469116694,1011,2776332.157348156
random_forest__context_diet_labels,3,juice_glasses_daily,1,0.0003070673727339768,0.001631518430525003,1011,2776332.157348156
random_forest__context_diet_labels,3,juice_glasses_daily,2,-0.0005188578572765667,-0.004210016403738859,1011,2776332.157348156
random_forest__context_diet_labels,3,juice_glasses_daily,3,-0.0003421067377985809,-0.0048729942518165315,1011,2776332.157348156
random_forest__context_diet_labels,3,juice_glasses_daily,4,0.00027344160371811643,0.0009052271325338257,1011,2776332.157348156
random_forest__context_diet_labels,3,juice_glasses_daily,5,0.0002444786908137875,7.399407621266896e-05,1011,2776332.157348156
random_forest__context_diet_labels,3,label_ingredients,1,-2.1484768940704946e-05,-0.00045655503999864067,1011,2776332.157348156
random_forest__context_diet_labels,3,label_ingredients,2,-6.305674835679898e-05,-0.00054223028517697,1011,2776332.157348156
random_forest__context_diet_labels,3,label_ingredients,3,-5.1331186630781955e-05,-0.0008215447133735898,1011,2776332.157348156
random_forest__context_diet_labels,3,label_ingredients,4,-9.980639133211344e-07,-0.0001338005692215205,1011,2776332.157348156
random_forest__context_diet_labels,3,label_ingredients,5,-4.420223681939062e-06,-0.00042587208768174456,1011,2776332.157348156
random_forest__context_diet_labels,3,label_nutrition,1,5.159588018627259e-05,-0.0003225678514707786,1011,2776332.157348156
random_forest__context_diet_labels,3,label_nutrition,2,1.461537513083866e-05,-0.00040912354503008785,1011,2776332.157348156
random_forest__context_diet_labels,3,label_nutrition,3,1.554206149204096e-05,-0.0005278740983662988,1011,2776332.157348156
random_forest__context_diet_labels,3,label_nutrition,4,9.882940912128713e-05,-0.0003561646308997135,1011,2776332.157348156
random_forest__context_diet_labels,3,label_nutrition,5,0.0002084565268640759,0.00028329098963830734,1011,2776332.157348156
random_forest__context_diet_labels,3,label_warnings,1,-0.0012148939019828442,-0.012122292186075745,1011,2776332.157348156
random_forest__context_diet_labels,3,label_warnings,2,-0.00036085611013875196,-0.006492262241120206,1011,2776332.157348156
random_forest__context_diet_labels,3,label_warnings,3,0.00025859687785337315,-0.0016134632745277155,1011,2776332.157348156
random_forest__context_diet_labels,3,label_warnings,4,-0.00042149891696457997,-0.00864705608267291,1011,2776332.157348156
random_forest__context_diet_labels,3,label_warnings,5,-0.00021673200057531483,-0.002239798025474804,1011,2776332.157348156
random_forest__context_diet_labels,3,label_health,1,-1.6554640014765365e-05,-0.00040507305644843505,1011,2776332.157348156
random_forest__context_diet_labels,3,label_health,2,-6.983719522152265e-06,-0.0005400827765029703,1011,2776332.157348156
random_forest__context_diet_labels,3,label_health,3,-4.8229028871277224e-05,-0.00079388016540205,1011,2776332.157348156
random_forest__context_diet_labels,3,label_health,4,-5.20524355679397e-05,-0.0009220462571555288,1011,2776332.157348156
random_forest__context_diet_labels,3,label_health,5,-7.705401205967966e-05,-0.0004910857023132653,1011,2776332.157348156
random_forest__context_diet_labels,3,label_brand,1,4.040057063392499e-05,-0.00033172866403385903,1011,2776332.157348156
random_forest__context_diet_labels,3,label_brand,2,8.179999300639285e-06,-0.00028571899872886775,1011,2776332.157348156
random_forest__context_diet_labels,3,label_brand,3,8.658160041363772e-06,-0.0008836151229524303,1011,2776332.157348156
random_forest__context_diet_labels,3,label_brand,4,-9.296464090155498e-05,-0.0009915088209104805,1011,2776332.157348156
random_forest__context_diet_labels,3,label_brand,5,6.913986439621711e-06,-0.001056281999273656,1011,2776332.157348156
random_forest__context_diet_labels,3,label_discounts,1,-3.257231328587795e-05,-0.0008206162632178327,1011,2776332.157348156
random_forest__context_diet_labels,3,label_discounts,2,4.579396617424014e-05,0.00020986154366375853,1011,2776332.157348156
random_forest__context_diet_labels,3,label_discounts,3,-1.9411546816255898e-05,-0.00018873415528741777,1011,2776332.157348156
random_forest__context_diet_labels,3,label_discounts,4,2.4404876004857634e-05,-0.00021967644502030037,1011,2776332.157348156
random_forest__context_diet_labels,3,label_discounts,5,1.7430862615602782e-05,-0.00013851821841370793,1011,2776332.157348156
random_forest__context_diet_labels,4,age,1,0.0036690840497604904,0.035623685214312584,1007,2777806.4952178
random_forest__context_diet_labels,4,age,2,0.005204597943471889,0.03824738721155485,1007,2777806.4952178
random_forest__context_diet_labels,4,age,3,0.0010436219233864452,0.018689759447193643,1007,2777806.4952178
random_forest__context_diet_labels,4,age,4,0.004313680711313966,0.03961288915879069,1007,2777806.4952178
random_forest__context_diet_labels,4,age,5,0.0038097791451160434,0.03852530460088821,1007,2777806.4952178
random_forest__context_diet_labels,4,sex,1,0.0009383771788038509,0.005170022170606248,1007,2777806.4952178
random_forest__context_diet_labels,4,sex,2,0.0007669027710446585,0.0032503001267805143,1007,2777806.4952178
random_forest__context_diet_labels,4,sex,3,0.0007781391863762033,-0.002640371769293326,1007,2777806.4952178
random_forest__context_diet_labels,4,sex,4,0.002883848742686157,0.016604720842844478,1007,2777806.4952178
random_forest__context_diet_labels,4,sex,5,0.0016544007135232686,0.00964735400948813,1007,2777806.4952178
random_forest__context_diet_labels,4,region,1,-0.00015503828244209372,0.0005413998476430093,1007,2777806.4952178
random_forest__context_diet_labels,4,region,2,-0.00043635912846703984,-0.001954338295172331,1007,2777806.4952178
random_forest__context_diet_labels,4,region,3,-0.0002341204762349447,-0.0005058897438025012,1007,2777806.4952178
random_forest__context_diet_labels,4,region,4,-0.0003279071357302765,-0.0010228341403525354,1007,2777806.4952178
random_forest__context_diet_labels,4,region,5,-0.0001724137341442833,-0.0005366222021875311,1007,2777806.4952178
random_forest__context_diet_labels,4,rural,1,0.0,0.0,1007,2777806.4952178
random_forest__context_diet_labels,4,rural,2,0.0,0.0,1007,2777806.4952178
random_forest__context_diet_labels,4,rural,3,0.0,0.0,1007,2777806.4952178
random_forest__context_diet_labels,4,rural,4,0.0,0.0,1007,2777806.4952178
random_forest__context_diet_labels,4,rural,5,0.0,0.0,1007,2777806.4952178
random_forest__context_diet_labels,4,education,1,0.0008873518015071191,0.012005315033218111,1007,2777806.4952178
random_forest__context_diet_labels,4,education,2,-0.0010312151161070704,-0.002362057564490927,1007,2777806.4952178
random_forest__context_diet_labels,4,education,3,0.0023072834236775863,0.020557491975103814,1007,2777806.4952178
random_forest__context_diet_labels,4,education,4,0.000820490689756842,0.010318825769351947,1007,2777806.4952178
random_forest__context_diet_labels,4,education,5,0.0010131052055690204,0.010272409710158414,1007,2777806.4952178
random_forest__context_diet_labels,4,indigenous,1,0.0,0.0,1007,2777806.4952178
random_forest__context_diet_labels,4,indigenous,2,-5.551115123125783e-17,0.0,1007,2777806.4952178
random_forest__context_diet_labels,4,indigenous,3,0.0,0.0,1007,2777806.4952178
random_forest__context_diet_labels,4,indigenous,4,0.0,0.0,1007,2777806.4952178
random_forest__context_diet_labels,4,indigenous,5,0.0,0.0,1007,2777806.4952178
random_forest__context_diet_labels,4,born_chile,1,0.0,0.0,1007,2777806.4952178
random_forest__context_diet_labels,4,born_chile,2,0.0,0.0,1007,2777806.4952178
random_forest__context_diet_labels,4,born_chile,3,0.0,0.0,1007,2777806.4952178
random_forest__context_diet_labels,4,born_chile,4,0.0,0.0,1007,2777806.4952178
random_forest__context_diet_labels,4,born_chile,5,5.551115123125783e-17,0.0,1007,2777806.4952178
random_forest__context_diet_labels,4,teeth_remaining,1,0.001480271012259976,0.026654532264996922,1007,2777806.4952178
random_forest__context_diet_labels,4,teeth_remaining,2,0.01139544616462529,0.08637595433631906,1007,2777806.4952178
random_forest__context_diet_labels,4,teeth_remaining,3,0.0022047575983633605,0.02885340380807866,1007,2777806.4952178
random_forest__context_diet_labels,4,teeth_remaining,4,0.0023399920434327426,0.031675127366788125,1007,2777806.4952178
random_forest__context_diet_labels,4,teeth_remaining,5,0.0071463847792427315,0.05614102337513038,1007,2777806.4952178
random_forest__context_diet_labels,4,income_band,1,1.6501671123408945e-05,9.613692293986009e-05,1007,2777806.4952178
random_forest__context_diet_labels,4,income_band,2,3.9378401821471565e-05,0.00017274279070988996,1007,2777806.4952178
random_forest__context_diet_labels,4,income_band,3,2.1841145766171577e-05,-6.808281275749728e-06,1007,2777806.4952178
random_forest__context_diet_labels,4,income_band,4,2.620064946262657e-05,6.322995817087396e-05,1007,2777806.4952178
random_forest__context_diet_labels,4,income_band,5,6.802961731222634e-06,-0.00011108868864351251,1007,2777806.4952178
random_forest__context_diet_labels,4,health_insurance,1,0.0002852758239506592,0.002483998950912114,1007,2777806.4952178
random_forest__context_diet_labels,4,health_insurance,2,0.00023604322756062834,0.001969255710016715,1007,2777806.4952178
random_forest__context_diet_labels,4,health_insurance,3,-0.00015511278313209975,-0.00019841188567304435,1007,2777806.4952178
random_forest__context_diet_labels,4,health_insurance,4,0.00018721780785455056,0.0019039868136022653,1007,2777806.4952178
random_forest__context_diet_labels,4,health_insurance,5,-0.00028802938154412483,-0.0003023403151199977,1007,2777806.4952178
random_forest__context_diet_labels,4,smoking_status,1,0.00021836819654336148,0.0017030096610675116,1007,2777806.4952178
random_forest__context_diet_labels,4,smoking_status,2,0.00039956428501061736,0.0024725716500382244,1007,2777806.4952178
random_forest__context_diet_labels,4,smoking_status,3,0.0002434402579857553,0.0019384101085130334,1007,2777806.4952178
random_forest__context_diet_labels,4,smoking_status,4,0.00033151589141472426,0.0016876971696645482,1007,2777806.4952178
random_forest__context_diet_labels,4,smoking_status,5,0.00045139613612263374,0.004118205474526682,1007,2777806.4952178
random_forest__context_diet_labels,4,diabetes_reported,1,0.0001620464192788329,0.00014186669678839525,1007,2777806.4952178
random_forest__context_diet_labels,4,diabetes_reported,2,0.0001986465506634283,1.196580722806484e-05,1007,2777806.4952178
random_forest__context_diet_labels,4,diabetes_reported,3,0.0001177520169915458,0.0001948697359780427,1007,2777806.4952178
random_forest__context_diet_labels,4,diabetes_reported,4,0.00019909537816314993,0.00035319567247704686,1007,2777806.4952178
random_forest__context_diet_labels,4,diabetes_reported,5,0.00013486580902621892,-5.149288684391795e-05,1007,2777806.4952178
random_forest__context_diet_labels,4,dental_visit,1,0.0004616031037859569,0.00331725929314286,1007,2777806.4952178
random_forest__context_diet_labels,4,dental_visit,2,-0.0003703311574997925,-0.0011845397582529449,1007,2777806.4952178
random_forest__context_diet_labels,4,dental_visit,3,0.00034966559842691813,0.0032868083270182202,1007,2777806.4952178
random_forest__context_diet_labels,4,dental_visit,4,0.0011152804712439568,0.006875106876947368,1007,2777806.4952178
random_forest__context_diet_labels,4,dental_visit,5,0.00041567033386619157,0.0034551788056822463,1007,2777806.4952178
random_forest__context_diet_labels,4,dental_visit_reason,1,0.007399634597305749,0.04622608758788915,1007,2777806.4952178
random_forest__context_diet_labels,4,dental_visit_reason,2,0.0019417101505747325,0.019483364760365274,1007,2777806.4952178
random_forest__context_diet_labels,4,dental_visit_reason,3,0.0018551525251838952,0.008915269209099796,1007,2777806.4952178
random_forest__context_diet_labels,4,dental_visit_reason,4,0.003435426466731978,0.01203294180101011,1007,2777806.4952178
random_forest__context_diet_labels,4,dental_visit_reason,5,0.0059742395282816885,0.027117710047115495,1007,2777806.4952178
random_forest__context_diet_labels,4,dental_access,1,0.00011814474264737473,0.0029215037851088033,1007,2777806.4952178
random_forest__context_diet_labels,4,dental_access,2,0.00037434637553035444,0.004290071220964031,1007,2777806.4952178
random_forest__context_diet_labels,4,dental_access,3,0.000133665777783315,0.001855439494772626,1007,2777806.4952178
random_forest__context_diet_labels,4,dental_access,4,0.0001250633652360722,0.0023092610205150965,1007,2777806.4952178
random_forest__context_diet_labels,4,dental_access,5,0.0002967761098174593,0.00396263154167853,1007,2777806.4952178
random_forest__context_diet_labels,4,household_water_source,1,0.0,0.0,1007,2777806.4952178
random_forest__context_diet_labels,4,household_water_source,2,0.0,0.0,1007,2777806.4952178
random_forest__context_diet_labels,4,household_water_source,3,0.0,0.0,1007,2777806.4952178
random_forest__context_diet_labels,4,household_water_source,4,0.0,0.0,1007,2777806.4952178
random_forest__context_diet_labels,4,household_water_source,5,0.0,0.0,1007,2777806.4952178
random_forest__context_diet_labels,4,rural_water_consumption,1,0.0,0.0,1007,2777806.4952178
random_forest__context_diet_labels,4,rural_water_consumption,2,0.0,0.0,1007,2777806.4952178
random_forest__context_diet_labels,4,rural_water_consumption,3,0.0,0.0,1007,2777806.4952178
random_forest__context_diet_labels,4,rural_water_consumption,4,0.0,0.0,1007,2777806.4952178
random_forest__context_diet_labels,4,rural_water_consumption,5,0.0,0.0,1007,2777806.4952178
random_forest__context_diet_labels,4,fish,1,-0.00034720835939131,-2.9396890355970484e-05,1007,2777806.4952178
random_forest__context_diet_labels,4,fish,2,1.7782249120357196e-05,0.001196991101531153,1007,2777806.4952178
random_forest__context_diet_labels,4,fish,3,-0.00035124684102275094,-0.001009289566754057,1007,2777806.4952178
random_forest__context_diet_labels,4,fish,4,-0.00018983712310230438,0.000461807658664215,1007,2777806.4952178
random_forest__context_diet_labels,4,fish,5,-0.0004435976686993637,-0.0019121120639602474,1007,2777806.4952178
random_forest__context_diet_labels,4,dairy_frequency,1,-0.0001647351412707443,-0.0011687607911493592,1007,2777806.4952178
random_forest__context_diet_labels,4,dairy_frequency,2,-6.0630210721002165e-05,0.00019393238949627634,1007,2777806.4952178
random_forest__context_diet_labels,4,dairy_frequency,3,-0.00038001550517807736,-0.0011271617050634397,1007,2777806.4952178
random_forest__context_diet_labels,4,dairy_frequency,4,-0.00020556476707414562,-0.001039757518815576,1007,2777806.4952178
random_forest__context_diet_labels,4,dairy_frequency,5,0.00023510761701178717,0.0022930978346894504,1007,2777806.4952178
random_forest__context_diet_labels,4,dairy_type,1,-9.643100618100808e-06,0.0001080591228005412,1007,2777806.4952178
random_forest__context_diet_labels,4,dairy_type,2,-0.00018474247875116534,-0.00045443915802800827,1007,2777806.4952178
random_forest__context_diet_labels,4,dairy_type,3,-9.758864039385862e-05,-0.00032210340430482987,1007,2777806.4952178
random_forest__context_diet_labels,4,dairy_type,4,9.876282873980124e-05,0.0001121231835493619,1007,2777806.4952178
random_forest__context_diet_labels,4,dairy_type,5,-0.00011264679270989175,-0.0002864365148038672,1007,2777806.4952178
random_forest__context_diet_labels,4,wholegrain,1,1.856656342599794e-05,0.001915256700785406,1007,2777806.4952178
random_forest__context_diet_labels,4,wholegrain,2,-4.1903823263050866e-05,0.0009855834950109887,1007,2777806.4952178
random_forest__context_diet_labels,4,wholegrain,3,-0.0001929125826062028,-0.0006342638120692135,1007,2777806.4952178
random_forest__context_diet_labels,4,wholegrain,4,-0.0005293694234101698,-0.004757006942090691,1007,2777806.4952178
random_forest__context_diet_labels,4,wholegrain,5,4.465397485470257e-05,0.0004529996489304189,1007,2777806.4952178
random_forest__context_diet_labels,4,legumes,1,-0.0002201430328566678,-0.001290784476363327,1007,2777806.4952178
random_forest__context_diet_labels,4,legumes,2,8.076439791143697e-05,0.0005102063768125387,1007,2777806.4952178
random_forest__context_diet_labels,4,legumes,3,-0.00014938300787897818,0.00013193433693070578,1007,2777806.4952178
random_forest__context_diet_labels,4,legumes,4,-0.0001198838095750332,-0.0006428407993671614,1007,2777806.4952178
random_forest__context_diet_labels,4,legumes,5,-0.0002204462003378982,-0.0012940565403193327,1007,2777806.4952178
random_forest__context_diet_labels,4,fruit_days,1,0.00014073838767345026,0.0006080738078254599,1007,2777806.4952178
random_forest__context_diet_labels,4,fruit_days,2,0.00027877949985452566,0.0015706637546805124,1007,2777806.4952178
random_forest__context_diet_labels,4,fruit_days,3,0.00015424110884143527,0.0004754167128399045,1007,2777806.4952178
random_forest__context_diet_labels,4,fruit_days,4,0.00026630088306134336,0.0018510870373935617,1007,2777806.4952178
random_forest__context_diet_labels,4,fruit_days,5,0.00016078442136910343,0.000777434654153919,1007,2777806.4952178
random_forest__context_diet_labels,4,fruit_portions,1,0.00019788057670691583,0.0012995813750353857,1007,2777806.4952178
random_forest__context_diet_labels,4,fruit_portions,2,0.0004864876406097396,0.0035571803421687864,1007,2777806.4952178
random_forest__context_diet_labels,4,fruit_portions,3,0.00034950985617557273,0.003261034996218215,1007,2777806.4952178
random_forest__context_diet_labels,4,fruit_portions,4,0.0003846409112962801,0.0027797048936650803,1007,2777806.4952178
random_forest__context_diet_labels,4,fruit_portions,5,0.0003475245224627832,0.003285214697161254,1007,2777806.4952178
random_forest__context_diet_labels,4,vegetable_days,1,-6.635554712919323e-07,-0.000529411702831939,1007,2777806.4952178
random_forest__context_diet_labels,4,vegetable_days,2,5.365770573312334e-05,0.000546281075696875,1007,2777806.4952178
random_forest__context_diet_labels,4,vegetable_days,3,-0.00018099226680456937,-0.00046136767303806003,1007,2777806.4952178
random_forest__context_diet_labels,4,vegetable_days,4,-0.0005759906341141485,-0.004814349418598818,1007,2777806.4952178
random_forest__context_diet_labels,4,vegetable_days,5,-0.0006931165413558149,-0.00405223071046823,1007,2777806.4952178
random_forest__context_diet_labels,4,vegetable_portions,1,-0.00010837618281989148,8.400233644767496e-05,1007,2777806.4952178
random_forest__context_diet_labels,4,vegetable_portions,2,4.825162477262168e-05,0.00014216069308048418,1007,2777806.4952178
random_forest__context_diet_labels,4,vegetable_portions,3,-8.058638317365308e-05,-0.00034534891541515567,1007,2777806.4952178
random_forest__context_diet_labels,4,vegetable_portions,4,-2.6230223535039787e-05,0.0002373473750877375,1007,2777806.4952178
random_forest__context_diet_labels,4,vegetable_portions,5,4.234029359073688e-05,0.0004863130325428733,1007,2777806.4952178
random_forest__context_diet_labels,4,water,1,-4.6611519607692165e-05,-0.0002248412505837516,1007,2777806.4952178
random_forest__context_diet_labels,4,water,2,-0.0001736125006820688,-0.0008566123711998275,1007,2777806.4952178
random_forest__context_diet_labels,4,water,3,-0.00020553815651999652,-0.0007763691536796236,1007,2777806.4952178
random_forest__context_diet_labels,4,water,4,-0.0001658178672625521,-0.001245804635647496,1007,2777806.4952178
random_forest__context_diet_labels,4,water,5,5.09393498364652e-05,0.0006223441410929675,1007,2777806.4952178
random_forest__context_diet_labels,4,soda_frequency,1,-0.0018993397424561242,-0.01285781117320628,1007,2777806.4952178
random_forest__context_diet_labels,4,soda_frequency,2,-0.0009082105110616301,-0.00527793389380149,1007,2777806.4952178
random_forest__context_diet_labels,4,soda_frequency,3,-9.935664101401454e-05,-0.0004878280252438305,1007,2777806.4952178
random_forest__context_diet_labels,4,soda_frequency,4,-9.517258471683498e-05,-0.001154282473791901,1007,2777806.4952178
random_forest__context_diet_labels,4,soda_frequency,5,0.0001702371892643717,-0.0007005980965743008,1007,2777806.4952178
random_forest__context_diet_labels,4,juice_frequency,1,0.00037467359929724275,0.003252441921588578,1007,2777806.4952178
random_forest__context_diet_labels,4,juice_frequency,2,0.00023849080803992062,0.001371257336792664,1007,2777806.4952178
random_forest__context_diet_labels,4,juice_frequency,3,-4.260467497999021e-05,-0.00027054696186223914,1007,2777806.4952178
random_forest__context_diet_labels,4,juice_frequency,4,0.0004378262688461976,0.002105174834474366,1007,2777806.4952178
random_forest__context_diet_labels,4,juice_frequency,5,6.086587002965271e-05,-0.0011231659657161552,1007,2777806.4952178
random_forest__context_diet_labels,4,oil,1,0.0,0.0,1007,2777806.4952178
random_forest__context_diet_labels,4,oil,2,0.0,0.0,1007,2777806.4952178
random_forest__context_diet_labels,4,oil,3,0.0,0.0,1007,2777806.4952178
random_forest__context_diet_labels,4,oil,4,0.0,0.0,1007,2777806.4952178
random_forest__context_diet_labels,4,oil,5,0.0,0.0,1007,2777806.4952178
random_forest__context_diet_labels,4,soda_glasses_daily,1,0.0014235044748019954,0.009884866906419987,1007,2777806.4952178
random_forest__context_diet_labels,4,soda_glasses_daily,2,0.001408513205963774,0.014780491575475785,1007,2777806.4952178
random_forest__context_diet_labels,4,soda_glasses_daily,3,0.00018491197953829364,0.0037762868174409103,1007,2777806.4952178
random_forest__context_diet_labels,4,soda_glasses_daily,4,0.0019702741516189337,0.017033934093170555,1007,2777806.4952178
random_forest__context_diet_labels,4,soda_glasses_daily,5,-0.0008046604751946185,-0.0028192401993301086,1007,2777806.4952178
random_forest__context_diet_labels,4,juice_glasses_daily,1,4.017058964222997e-05,0.0003512571637686035,1007,2777806.4952178
random_forest__context_diet_labels,4,juice_glasses_daily,2,-0.00016702448463684627,6.820044261801606e-05,1007,2777806.4952178
random_forest__context_diet_labels,4,juice_glasses_daily,3,-3.446074863083792e-05,7.657127100890726e-05,1007,2777806.4952178
random_forest__context_diet_labels,4,juice_glasses_daily,4,-3.2669920228017846e-05,0.0005058493189007418,1007,2777806.4952178
random_forest__context_diet_labels,4,juice_glasses_daily,5,-2.1784138070857217e-05,0.00010984323087737113,1007,2777806.4952178
random_forest__context_diet_labels,4,label_ingredients,1,-0.0001644276420387225,-0.0014613183410832065,1007,2777806.4952178
random_forest__context_diet_labels,4,label_ingredients,2,-0.00020553306901283097,-0.00121112266679968,1007,2777806.4952178
random_forest__context_diet_labels,4,label_ingredients,3,-0.00014709086213471334,-0.0015619732080217608,1007,2777806.4952178
random_forest__context_diet_labels,4,label_ingredients,4,-1.460009290127351e-05,-0.000611018480991099,1007,2777806.4952178
random_forest__context_diet_labels,4,label_ingredients,5,-0.00012862711621683398,-0.0011619883282023569,1007,2777806.4952178
random_forest__context_diet_labels,4,label_nutrition,1,1.8567955709369866e-05,-0.00032010095536494365,1007,2777806.4952178
random_forest__context_diet_labels,4,label_nutrition,2,-0.00010727895145284938,-0.0011676485446114881,1007,2777806.4952178
random_forest__context_diet_labels,4,label_nutrition,3,-0.0001108618028020647,-0.0003805546595913034,1007,2777806.4952178
random_forest__context_diet_labels,4,label_nutrition,4,-7.62453833161314e-06,0.00012292483625075956,1007,2777806.4952178
random_forest__context_diet_labels,4,label_nutrition,5,1.418981827794319e-05,0.0005208124524734847,1007,2777806.4952178
random_forest__context_diet_labels,4,label_warnings,1,-0.000179356978112305,0.0011278168488536577,1007,2777806.4952178
random_forest__context_diet_labels,4,label_warnings,2,-0.0006019680175242681,-0.0023519273027510224,1007,2777806.4952178
random_forest__context_diet_labels,4,label_warnings,3,-0.0005099947428841012,-0.0032978349245565974,1007,2777806.4952178
random_forest__context_diet_labels,4,label_warnings,4,-0.00010254343436727487,0.001477748010548341,1007,2777806.4952178
random_forest__context_diet_labels,4,label_warnings,5,-0.0004923357406426965,-0.0025509218332967487,1007,2777806.4952178
random_forest__context_diet_labels,4,label_health,1,-6.413788809558896e-05,-0.0003963592244370373,1007,2777806.4952178
random_forest__context_diet_labels,4,label_health,2,-5.306285262610122e-05,-0.00038957989296417583,1007,2777806.4952178
random_forest__context_diet_labels,4,label_health,3,-5.003589148161458e-05,-0.0004321228802517396,1007,2777806.4952178
random_forest__context_diet_labels,4,label_health,4,-9.716367173059903e-05,-0.0003088752545493678,1007,2777806.4952178
random_forest__context_diet_labels,4,label_health,5,-9.408845649794273e-05,-0.0002456339675268593,1007,2777806.4952178
random_forest__context_diet_labels,4,label_brand,1,-1.857982730843477e-05,0.00045292473837033054,1007,2777806.4952178
random_forest__context_diet_labels,4,label_brand,2,3.743304871381414e-05,0.0005311734705505389,1007,2777806.4952178
random_forest__context_diet_labels,4,label_brand,3,5.799633950340222e-05,0.0005781247468445994,1007,2777806.4952178
random_forest__context_diet_labels,4,label_brand,4,3.6055148615043997e-06,0.0005875401926910273,1007,2777806.4952178
random_forest__context_diet_labels,4,label_brand,5,1.5930390750124035e-05,0.00017543585678025941,1007,2777806.4952178
random_forest__context_diet_labels,4,label_discounts,1,-1.2934952351301154e-05,0.00036261799802617123,1007,2777806.4952178
random_forest__context_diet_labels,4,label_discounts,2,-3.081161672940924e-05,0.00022464576351699517,1007,2777806.4952178
random_forest__context_diet_labels,4,label_discounts,3,0.00013659736402471534,0.0010933776317368915,1007,2777806.4952178
random_forest__context_diet_labels,4,label_discounts,4,4.704707161684585e-06,0.000460861967086279,1007,2777806.4952178
random_forest__context_diet_labels,4,label_discounts,5,2.1821648153314e-05,0.0007566131023218903,1007,2777806.4952178
random_forest__context_diet_labels,5,age,1,-0.0005277111259678335,-0.011345841959129577,1005,2807410.1710247993
random_forest__context_diet_labels,5,age,2,0.0007103478118620776,0.00839849863950648,1005,2807410.1710247993
random_forest__context_diet_labels,5,age,3,0.000262579406708624,0.006052425106052639,1005,2807410.1710247993
random_forest__context_diet_labels,5,age,4,-0.0009645638980131932,-0.004057448933798891,1005,2807410.1710247993
random_forest__context_diet_labels,5,age,5,-0.00014603211196351218,-0.005327011121444292,1005,2807410.1710247993
random_forest__context_diet_labels,5,sex,1,0.0024515687114483042,0.014700985152033108,1005,2807410.1710247993
random_forest__context_diet_labels,5,sex,2,0.002749725973552136,0.01324079295849201,1005,2807410.1710247993
random_forest__context_diet_labels,5,sex,3,0.002841435623687938,0.018049302709992054,1005,2807410.1710247993
random_forest__context_diet_labels,5,sex,4,0.0011500112095023107,0.004249259198192523,1005,2807410.1710247993
random_forest__context_diet_labels,5,sex,5,0.0017466269301417148,0.00754440286699265,1005,2807410.1710247993
random_forest__context_diet_labels,5,region,1,0.001145504240258971,0.007597260985350629,1005,2807410.1710247993
random_forest__context_diet_labels,5,region,2,0.0008241058370677401,0.0074283336229125085,1005,2807410.1710247993
random_forest__context_diet_labels,5,region,3,0.0008545294595671549,0.007846490612276269,1005,2807410.1710247993
random_forest__context_diet_labels,5,region,4,0.0007280323043867276,0.005336050070246623,1005,2807410.1710247993
random_forest__context_diet_labels,5,region,5,0.00026236723526440464,0.004792542108375986,1005,2807410.1710247993
random_forest__context_diet_labels,5,rural,1,-0.00027083798275368,-0.00288855324488535,1005,2807410.1710247993
random_forest__context_diet_labels,5,rural,2,-0.0001937993624733514,-0.0018212385537648146,1005,2807410.1710247993
random_forest__context_diet_labels,5,rural,3,7.513453642160606e-05,-9.416368575521084e-05,1005,2807410.1710247993
random_forest__context_diet_labels,5,rural,4,-3.174724535773277e-05,-2.392841198706197e-05,1005,2807410.1710247993
random_forest__context_diet_labels,5,rural,5,-0.0001342036331208052,-0.0011284784375310553,1005,2807410.1710247993
random_forest__context_diet_labels,5,education,1,0.00024533432847423375,0.0024015685709285473,1005,2807410.1710247993
random_forest__context_diet_labels,5,education,2,-0.0002190562815831132,-0.0003449872446795732,1005,2807410.1710247993
random_forest__context_diet_labels,5,education,3,-8.429712868146533e-05,-0.0012684550572988895,1005,2807410.1710247993
random_forest__context_diet_labels,5,education,4,-0.00015577972396146889,-0.0011659422702167133,1005,2807410.1710247993
random_forest__context_diet_labels,5,education,5,-0.0009583963704744847,-0.010145691499312215,1005,2807410.1710247993
random_forest__context_diet_labels,5,indigenous,1,4.607509581994185e-05,0.0003921171844059046,1005,2807410.1710247993
random_forest__context_diet_labels,5,indigenous,2,-7.212532974804065e-05,-9.161461594719977e-05,1005,2807410.1710247993
random_forest__context_diet_labels,5,indigenous,3,-4.4094810061040546e-05,-0.00018055795175520029,1005,2807410.1710247993
random_forest__context_diet_labels,5,indigenous,4,2.5771274273639344e-05,0.00021425352003368037,1005,2807410.1710247993
random_forest__context_diet_labels,5,indigenous,5,3.660684772513467e-05,0.0008647746645568111,1005,2807410.1710247993
random_forest__context_diet_labels,5,born_chile,1,3.8050798072369885e-05,0.00031192730170348515,1005,2807410.1710247993
random_forest__context_diet_labels,5,born_chile,2,-5.273484877929557e-05,-0.0003834365217219027,1005,2807410.1710247993
random_forest__context_diet_labels,5,born_chile,3,3.812291874361051e-05,0.0005268593489594631,1005,2807410.1710247993
random_forest__context_diet_labels,5,born_chile,4,-6.358189106137058e-05,-0.00027431439476377495,1005,2807410.1710247993
random_forest__context_diet_labels,5,born_chile,5,7.047201308341133e-06,-0.0003822181595128926,1005,2807410.1710247993
random_forest__context_diet_labels,5,teeth_remaining,1,0.0009949845305164684,0.005133152797453189,1005,2807410.1710247993
random_forest__context_diet_labels,5,teeth_remaining,2,0.0003058992504393898,0.0021764796321744884,1005,2807410.1710247993
random_forest__context_diet_labels,5,teeth_remaining,3,-0.0007147894955588929,-0.005965580045904528,1005,2807410.1710247993
random_forest__context_diet_labels,5,teeth_remaining,4,0.0034780298418131683,0.021900149875009656,1005,2807410.1710247993
random_forest__context_diet_labels,5,teeth_remaining,5,0.0024606642304556003,0.030854076237217254,1005,2807410.1710247993
random_forest__context_diet_labels,5,income_band,1,0.0007622617036245338,0.004423211556048634,1005,2807410.1710247993
random_forest__context_diet_labels,5,income_band,2,0.0009231441424558118,0.011392242340831138,1005,2807410.1710247993
random_forest__context_diet_labels,5,income_band,3,-0.00014070918918673847,-5.0031730334909597e-05,1005,2807410.1710247993
random_forest__context_diet_labels,5,income_band,4,-0.0005946286005001911,-0.0035260161992404226,1005,2807410.1710247993
random_forest__context_diet_labels,5,income_band,5,0.0004447961644992726,0.0065174271399843775,1005,2807410.1710247993
random_forest__context_diet_labels,5,health_insurance,1,0.00020439196811589122,0.0019724806351471003,1005,2807410.1710247993
random_forest__context_diet_labels,5,health_insurance,2,-0.0002255106853031319,-0.0011712662465900303,1005,2807410.1710247993
random_forest__context_diet_labels,5,health_insurance,3,0.0004176972489567665,0.0042355231071727895,1005,2807410.1710247993
random_forest__context_diet_labels,5,health_insurance,4,-7.694768104560268e-05,-0.000974028425249629,1005,2807410.1710247993
random_forest__context_diet_labels,5,health_insurance,5,-0.00022178742725292855,-0.0010735840862553525,1005,2807410.1710247993
random_forest__context_diet_labels,5,smoking_status,1,0.0008302160643451351,0.007478760521354988,1005,2807410.1710247993
random_forest__context_diet_labels,5,smoking_status,2,0.0007988298665611848,0.004990352222279282,1005,2807410.1710247993
random_forest__context_diet_labels,5,smoking_status,3,0.0009438294633738742,0.009148745066962172,1005,2807410.1710247993
random_forest__context_diet_labels,5,smoking_status,4,0.0004190264886808348,0.004057522124090496,1005,2807410.1710247993
random_forest__context_diet_labels,5,smoking_status,5,0.0005638626469951502,0.005620504692252726,1005,2807410.1710247993
random_forest__context_diet_labels,5,diabetes_reported,1,6.783125818307645e-05,0.0012525820277108357,1005,2807410.1710247993
random_forest__context_diet_labels,5,diabetes_reported,2,-0.0001235306160326799,-0.0007320214049882923,1005,2807410.1710247993
random_forest__context_diet_labels,5,diabetes_reported,3,1.7477704121332538e-05,0.001178702776933216,1005,2807410.1710247993
random_forest__context_diet_labels,5,diabetes_reported,4,-3.514698367082514e-05,0.0009555539497487775,1005,2807410.1710247993
random_forest__context_diet_labels,5,diabetes_reported,5,-0.0001558842729044163,-0.0007613917830603389,1005,2807410.1710247993
random_forest__context_diet_labels,5,dental_visit,1,0.0007517393223679114,0.004402060868211821,1005,2807410.1710247993
random_forest__context_diet_labels,5,dental_visit,2,0.0008379347863637088,0.005387224689867076,1005,2807410.1710247993
random_forest__context_diet_labels,5,dental_visit,3,-0.0008177484859311357,-0.0073668421725304745,1005,2807410.1710247993
random_forest__context_diet_labels,5,dental_visit,4,-0.0007807368911654511,-0.008843775005169197,1005,2807410.1710247993
random_forest__context_diet_labels,5,dental_visit,5,0.00010770779654950546,-0.0005876430116787956,1005,2807410.1710247993
random_forest__context_diet_labels,5,dental_visit_reason,1,0.003535858997684771,0.023031743361602186,1005,2807410.1710247993
random_forest__context_diet_labels,5,dental_visit_reason,2,0.0031933604417908046,0.015198089404007464,1005,2807410.1710247993
random_forest__context_diet_labels,5,dental_visit_reason,3,0.00288330415665064,0.01821150170963659,1005,2807410.1710247993
random_forest__context_diet_labels,5,dental_visit_reason,4,0.004153374788364916,0.019994422387249244,1005,2807410.1710247993
random_forest__context_diet_labels,5,dental_visit_reason,5,0.005010108880553726,0.024747417920769288,1005,2807410.1710247993
random_forest__context_diet_labels,5,dental_access,1,-2.7462372053727035e-05,-0.004136061869194796,1005,2807410.1710247993
random_forest__context_diet_labels,5,dental_access,2,-0.0006835866761654152,-0.007629392389711165,1005,2807410.1710247993
random_forest__context_diet_labels,5,dental_access,3,-0.00016084421978798669,-0.0025240713445325857,1005,2807410.1710247993
random_forest__context_diet_labels,5,dental_access,4,-0.0005527216259000045,-0.006915816564239341,1005,2807410.1710247993
random_forest__context_diet_labels,5,dental_access,5,-9.427508482612312e-05,-0.0016224607112376166,1005,2807410.1710247993
random_forest__context_diet_labels,5,household_water_source,1,7.3008534144658466e-06,7.832957563946863e-05,1005,2807410.1710247993
random_forest__context_diet_labels,5,household_water_source,2,1.6660766087389645e-05,0.00014411136286962556,1005,2807410.1710247993
random_forest__context_diet_labels,5,household_water_source,3,8.70835455779595e-06,0.00011814142359511948,1005,2807410.1710247993
random_forest__context_diet_labels,5,household_water_source,4,6.5570000172265885e-06,0.00010497636529316345,1005,2807410.1710247993
random_forest__context_diet_labels,5,household_water_source,5,8.671286985090232e-06,5.3451013016903026e-05,1005,2807410.1710247993
random_forest__context_diet_labels,5,rural_water_consumption,1,3.7576793790461416e-05,0.0003587362678392214,1005,2807410.1710247993
random_forest__context_diet_labels,5,rural_water_consumption,2,5.902366532273273e-05,0.0005845495569493098,1005,2807410.1710247993
random_forest__context_diet_labels,5,rural_water_consumption,3,2.646484562529583e-05,0.0002149629395938879,1005,2807410.1710247993
random_forest__context_diet_labels,5,rural_water_consumption,4,0.00012253517125368485,0.0013409892415522373,1005,2807410.1710247993
random_forest__context_diet_labels,5,rural_water_consumption,5,5.7831941734226566e-05,0.001272902618019267,1005,2807410.1710247993
random_forest__context_diet_labels,5,fish,1,-0.000574563072842843,-0.0036567831192060307,1005,2807410.1710247993
random_forest__context_diet_labels,5,fish,2,-7.267008444716838e-05,-0.00033562768240535945,1005,2807410.1710247993
random_forest__context_diet_labels,5,fish,3,-0.0005450185080790315,-0.0052904900295046575,1005,2807410.1710247993
random_forest__context_diet_labels,5,fish,4,-0.00045717478922788213,-0.0018350660250644468,1005,2807410.1710247993
random_forest__context_diet_labels,5,fish,5,-9.77124506612026e-05,-0.00013252865153789983,1005,2807410.1710247993
random_forest__context_diet_labels,5,dairy_frequency,1,-0.00032598713725437434,-2.8116915325560043e-05,1005,2807410.1710247993
random_forest__context_diet_labels,5,dairy_frequency,2,-0.00010997478133398242,0.0010192980968264376,1005,2807410.1710247993
random_forest__context_diet_labels,5,dairy_frequency,3,-0.00030605582959736255,-0.0024825553377832987,1005,2807410.1710247993
random_forest__context_diet_labels,5,dairy_frequency,4,-0.000499862457910144,-0.0016041722301149974,1005,2807410.1710247993
random_forest__context_diet_labels,5,dairy_frequency,5,0.0005159780009089954,0.0021395001728610197,1005,2807410.1710247993
random_forest__context_diet_labels,5,dairy_type,1,-2.5513183512515525e-05,0.0008563344957219776,1005,2807410.1710247993
random_forest__context_diet_labels,5,dairy_type,2,0.0005496902245328283,0.00326756491420499,1005,2807410.1710247993
random_forest__context_diet_labels,5,dairy_type,3,0.0004166496992308588,0.005231388965402983,1005,2807410.1710247993
random_forest__context_diet_labels,5,dairy_type,4,-0.00043722137670576533,-0.0005568523173877793,1005,2807410.1710247993
random_forest__context_diet_labels,5,dairy_type,5,-0.0009870099838388824,-0.004411174564842857,1005,2807410.1710247993
random_forest__context_diet_labels,5,wholegrain,1,0.000545761483045748,0.002802360956927763,1005,2807410.1710247993
random_forest__context_diet_labels,5,wholegrain,2,-6.22245665085619e-06,-0.0020717238797824944,1005,2807410.1710247993
random_forest__context_diet_labels,5,wholegrain,3,-2.6020103963991792e-05,0.0006884045824853136,1005,2807410.1710247993
random_forest__context_diet_labels,5,wholegrain,4,0.0006054895603743171,0.0014569705682953016,1005,2807410.1710247993
random_forest__context_diet_labels,5,wholegrain,5,0.0004885124146185582,0.0012235724912098567,1005,2807410.1710247993
random_forest__context_diet_labels,5,legumes,1,0.0006420252952111238,0.004800874866694893,1005,2807410.1710247993
random_forest__context_diet_labels,5,legumes,2,0.00011129251116809291,0.0009139514688231154,1005,2807410.1710247993
random_forest__context_diet_labels,5,legumes,3,0.0003913311634208827,0.0022129964305697136,1005,2807410.1710247993
random_forest__context_diet_labels,5,legumes,4,0.000307784952447987,0.0018902246870180495,1005,2807410.1710247993
random_forest__context_diet_labels,5,legumes,5,-0.0001435265847082312,-0.0018520957489979173,1005,2807410.1710247993
random_forest__context_diet_labels,5,fruit_days,1,1.5255177662126806e-05,0.0017466145793821886,1005,2807410.1710247993
random_forest__context_diet_labels,5,fruit_days,2,-0.0002596722683954056,0.0001498458104822742,1005,2807410.1710247993
random_forest__context_diet_labels,5,fruit_days,3,1.2712693717165102e-05,0.002291940858469177,1005,2807410.1710247993
random_forest__context_diet_labels,5,fruit_days,4,0.00029627535986873066,0.004181016886006916,1005,2807410.1710247993
random_forest__context_diet_labels,5,fruit_days,5,-0.00011175448521461018,-0.0003236872006467939,1005,2807410.1710247993
random_forest__context_diet_labels,5,fruit_portions,1,-0.0004101901078472081,-0.001954195400939107,1005,2807410.1710247993
random_forest__context_diet_labels,5,fruit_portions,2,-0.0008990661410602507,-0.004443967450573849,1005,2807410.1710247993
random_forest__context_diet_labels,5,fruit_portions,3,-0.0002349909458213284,0.0005090640645173394,1005,2807410.1710247993
random_forest__context_diet_labels,5,fruit_portions,4,-0.00021407697679232118,0.00011627430607141775,1005,2807410.1710247993
random_forest__context_diet_labels,5,fruit_portions,5,-0.000716301727970603,-0.000461172418258049,1005,2807410.1710247993
random_forest__context_diet_labels,5,vegetable_days,1,0.0007995827647821752,0.005030700618816275,1005,2807410.1710247993
random_forest__context_diet_labels,5,vegetable_days,2,0.0004442289882368444,0.0029305366281635603,1005,2807410.1710247993
random_forest__context_diet_labels,5,vegetable_days,3,0.00023735034738298078,0.0007953701449168182,1005,2807410.1710247993
random_forest__context_diet_labels,5,vegetable_days,4,-0.000244833862566074,-0.001985343046410737,1005,2807410.1710247993
random_forest__context_diet_labels,5,vegetable_days,5,-0.00025278181795113097,-0.0009005280684268868,1005,2807410.1710247993
random_forest__context_diet_labels,5,vegetable_portions,1,-0.00017524872731966568,-0.001516766734964592,1005,2807410.1710247993
random_forest__context_diet_labels,5,vegetable_portions,2,-0.00016693096081485392,-0.0006180816340369821,1005,2807410.1710247993
random_forest__context_diet_labels,5,vegetable_portions,3,1.2232568322584347e-05,0.0016771417886923823,1005,2807410.1710247993
random_forest__context_diet_labels,5,vegetable_portions,4,-0.00015165241611322933,-0.0009643187070843551,1005,2807410.1710247993
random_forest__context_diet_labels,5,vegetable_portions,5,8.762741621151648e-05,-8.087985842630818e-05,1005,2807410.1710247993
random_forest__context_diet_labels,5,water,1,8.973159870986902e-05,-0.0010360220086464977,1005,2807410.1710247993
random_forest__context_diet_labels,5,water,2,0.0002531196374648548,0.002385510282539194,1005,2807410.1710247993
random_forest__context_diet_labels,5,water,3,-4.4666213443400604e-05,-0.00024247190689863363,1005,2807410.1710247993
random_forest__context_diet_labels,5,water,4,-0.00017551344947761005,-0.0017584991807804151,1005,2807410.1710247993
random_forest__context_diet_labels,5,water,5,-0.00013788463287003894,-0.0023995875532850652,1005,2807410.1710247993
random_forest__context_diet_labels,5,soda_frequency,1,-0.000462293589453322,-0.0031086723994440124,1005,2807410.1710247993
random_forest__context_diet_labels,5,soda_frequency,2,0.00023185761895730406,0.0015010314086144616,1005,2807410.1710247993
random_forest__context_diet_labels,5,soda_frequency,3,-0.0010296072766293463,-0.005039843034001623,1005,2807410.1710247993
random_forest__context_diet_labels,5,soda_frequency,4,-0.0004857897928545185,-0.0026934254715021977,1005,2807410.1710247993
random_forest__context_diet_labels,5,soda_frequency,5,8.53226821423414e-06,0.002141834604530213,1005,2807410.1710247993
random_forest__context_diet_labels,5,juice_frequency,1,3.906046373772232e-05,0.002419278592294183,1005,2807410.1710247993
random_forest__context_diet_labels,5,juice_frequency,2,-0.00022307040587293825,0.0011544591342689259,1005,2807410.1710247993
random_forest__context_diet_labels,5,juice_frequency,3,-0.00042576314044528996,-0.00022624534356585624,1005,2807410.1710247993
random_forest__context_diet_labels,5,juice_frequency,4,-4.6143219010585934e-05,0.0015993071578993545,1005,2807410.1710247993
random_forest__context_diet_labels,5,juice_frequency,5,-3.5683812527748104e-05,0.001902855414041671,1005,2807410.1710247993
random_forest__context_diet_labels,5,oil,1,3.680810622858077e-05,0.00018213786345611105,1005,2807410.1710247993
random_forest__context_diet_labels,5,oil,2,8.991576844746829e-05,0.0011561744795896,1005,2807410.1710247993
random_forest__context_diet_labels,5,oil,3,-8.05192514978792e-05,-0.0004009363371271224,1005,2807410.1710247993
random_forest__context_diet_labels,5,oil,4,-0.0001244990181420158,-0.00014630803006843163,1005,2807410.1710247993
random_forest__context_diet_labels,5,oil,5,6.261991851835846e-05,0.0004839704151325952,1005,2807410.1710247993
random_forest__context_diet_labels,5,soda_glasses_daily,1,0.0004096021103913716,0.0026631262312120096,1005,2807410.1710247993
random_forest__context_diet_labels,5,soda_glasses_daily,2,0.00038173042119579725,0.003092275236780906,1005,2807410.1710247993
random_forest__context_diet_labels,5,soda_glasses_daily,3,0.0006855162982311314,0.005473568771249382,1005,2807410.1710247993
random_forest__context_diet_labels,5,soda_glasses_daily,4,-0.0004317297397657127,-0.0014440176129472126,1005,2807410.1710247993
random_forest__context_diet_labels,5,soda_glasses_daily,5,4.7320628440705725e-05,0.0035549849756038032,1005,2807410.1710247993
random_forest__context_diet_labels,5,juice_glasses_daily,1,8.338435286051049e-05,0.002292606129292274,1005,2807410.1710247993
random_forest__context_diet_labels,5,juice_glasses_daily,2,0.00017235475692845004,0.002334145407197785,1005,2807410.1710247993
random_forest__context_diet_labels,5,juice_glasses_daily,3,0.0005645489998857278,0.005458938838748595,1005,2807410.1710247993
random_forest__context_diet_labels,5,juice_glasses_daily,4,-0.00021335176720194138,0.001553333385336253,1005,2807410.1710247993
random_forest__context_diet_labels,5,juice_glasses_daily,5,5.594612423850953e-05,0.0014829246348452285,1005,2807410.1710247993
random_forest__context_diet_labels,5,label_ingredients,1,-0.0009956658757917791,-0.006990760844156507,1005,2807410.1710247993
random_forest__context_diet_labels,5,label_ingredients,2,-0.0005039212719551989,-0.003893278097979791,1005,2807410.1710247993
random_forest__context_diet_labels,5,label_ingredients,3,-0.000597779938816656,-0.0023309189927885887,1005,2807410.1710247993
random_forest__context_diet_labels,5,label_ingredients,4,-8.895127158362048e-05,-0.0014946288072693603,1005,2807410.1710247993
random_forest__context_diet_labels,5,label_ingredients,5,-0.0011098361740666807,-0.007959281131987295,1005,2807410.1710247993
random_forest__context_diet_labels,5,label_nutrition,1,-0.00015589295204346265,-0.0030859299227347092,1005,2807410.1710247993
random_forest__context_diet_labels,5,label_nutrition,2,-0.0006334926854077716,-0.0030473187847748218,1005,2807410.1710247993
random_forest__context_diet_labels,5,label_nutrition,3,4.370960021696235e-05,-0.001983226905111546,1005,2807410.1710247993
random_forest__context_diet_labels,5,label_nutrition,4,-0.00016713423036832098,-0.0025983834079800205,1005,2807410.1710247993
random_forest__context_diet_labels,5,label_nutrition,5,-0.00031262965320946745,-0.0026809726158149028,1005,2807410.1710247993
random_forest__context_diet_labels,5,label_warnings,1,0.0006434470518692503,0.0044818549055886114,1005,2807410.1710247993
random_forest__context_diet_labels,5,label_warnings,2,-0.0002421778891621984,-0.004572594890716819,1005,2807410.1710247993
random_forest__context_diet_labels,5,label_warnings,3,-0.0006793670470180424,-0.0033440408651911335,1005,2807410.1710247993
random_forest__context_diet_labels,5,label_warnings,4,-0.0003102748104922004,0.0003376456802022254,1005,2807410.1710247993
random_forest__context_diet_labels,5,label_warnings,5,-0.0005198225291856706,-0.006543259799828838,1005,2807410.1710247993
random_forest__context_diet_labels,5,label_health,1,-0.00010286970676617879,0.000551745633745826,1005,2807410.1710247993
random_forest__context_diet_labels,5,label_health,2,0.00020035040959881512,0.0024290469293162253,1005,2807410.1710247993
random_forest__context_diet_labels,5,label_health,3,0.00010334203871911751,0.0019899368265932083,1005,2807410.1710247993
random_forest__context_diet_labels,5,label_health,4,-0.00038988972436598823,-0.002147668390075963,1005,2807410.1710247993
random_forest__context_diet_labels,5,label_health,5,7.2806731403946e-05,0.0017848672858252757,1005,2807410.1710247993
random_forest__context_diet_labels,5,label_brand,1,-0.0005420335517414554,-0.002475835592872344,1005,2807410.1710247993
random_forest__context_diet_labels,5,label_brand,2,-0.00012330561906714887,5.8069144492578495e-05,1005,2807410.1710247993
random_forest__context_diet_labels,5,label_brand,3,-0.0005441377819700166,-0.0030694971391985737,1005,2807410.1710247993
random_forest__context_diet_labels,5,label_brand,4,-0.0005079893623077814,-0.0036160514251978304,1005,2807410.1710247993
random_forest__context_diet_labels,5,label_brand,5,-0.0008408910362831534,-0.005543852162168905,1005,2807410.1710247993
random_forest__context_diet_labels,5,label_discounts,1,-0.00023058435797218557,-0.0005457038180842755,1005,2807410.1710247993
random_forest__context_diet_labels,5,label_discounts,2,-0.00020935211969319578,0.00025729354189263365,1005,2807410.1710247993
random_forest__context_diet_labels,5,label_discounts,3,-0.00037711419041649985,-0.0027978459444334414,1005,2807410.1710247993
random_forest__context_diet_labels,5,label_discounts,4,-0.000469290481164536,-0.00185439178505864,1005,2807410.1710247993
random_forest__context_diet_labels,5,label_discounts,5,-0.0003504634291439934,-0.0010977823474498383,1005,2807410.1710247993
random_forest__symptoms_diet_labels,1,age,1,0.005210023078128817,0.032208514331261595,1006,2861322.5562906265
random_forest__symptoms_diet_labels,1,age,2,0.005042110022173446,0.027584450774821745,1006,2861322.5562906265
random_forest__symptoms_diet_labels,1,age,3,0.007245725499314015,0.038848049716894484,1006,2861322.5562906265
random_forest__symptoms_diet_labels,1,age,4,0.004833567222396973,0.026911777533125902,1006,2861322.5562906265
random_forest__symptoms_diet_labels,1,age,5,0.003912012039560597,0.024189249993155415,1006,2861322.5562906265
random_forest__symptoms_diet_labels,1,sex,1,0.0008283773070947575,0.005813597150145955,1006,2861322.5562906265
random_forest__symptoms_diet_labels,1,sex,2,0.00020109616875652048,0.0035116742712564264,1006,2861322.5562906265
random_forest__symptoms_diet_labels,1,sex,3,0.0019202348531727476,0.011359421206037501,1006,2861322.5562906265
random_forest__symptoms_diet_labels,1,sex,4,0.0004638464340236126,0.0026507325057316677,1006,2861322.5562906265
random_forest__symptoms_diet_labels,1,sex,5,0.0013883109276218164,0.00873410668970187,1006,2861322.5562906265
random_forest__symptoms_diet_labels,1,region,1,0.0005271101933167766,0.0016367042873157711,1006,2861322.5562906265
random_forest__symptoms_diet_labels,1,region,2,-0.0004927421655945841,-0.00414267104471322,1006,2861322.5562906265
random_forest__symptoms_diet_labels,1,region,3,0.0007200782089777646,0.0011502001570291576,1006,2861322.5562906265
random_forest__symptoms_diet_labels,1,region,4,-0.0007696624301692379,-0.005850434594489751,1006,2861322.5562906265
random_forest__symptoms_diet_labels,1,region,5,-0.001375702139591456,-0.009624200505404246,1006,2861322.5562906265
random_forest__symptoms_diet_labels,1,rural,1,-0.00036709822587965846,-0.002551408755076534,1006,2861322.5562906265
random_forest__symptoms_diet_labels,1,rural,2,-0.0004772046355781545,-0.002753201441222375,1006,2861322.5562906265
random_forest__symptoms_diet_labels,1,rural,3,-6.23881451886632e-05,-0.0017453752440654835,1006,2861322.5562906265
random_forest__symptoms_diet_labels,1,rural,4,-0.0006343749221819905,-0.0038528789277040287,1006,2861322.5562906265
random_forest__symptoms_diet_labels,1,rural,5,-0.0006330942526494854,-0.004306817111703665,1006,2861322.5562906265
random_forest__symptoms_diet_labels,1,education,1,-0.0006770590068894411,-0.005789327726603677,1006,2861322.5562906265
random_forest__symptoms_diet_labels,1,education,2,0.0009477107625877612,0.0009578325096157858,1006,2861322.5562906265
random_forest__symptoms_diet_labels,1,education,3,0.0016547536392043927,0.006868001648316913,1006,2861322.5562906265
random_forest__symptoms_diet_labels,1,education,4,0.001115653370140468,0.0047059853773328,1006,2861322.5562906265
random_forest__symptoms_diet_labels,1,education,5,0.00030171123566302693,-0.0013004100693800869,1006,2861322.5562906265
random_forest__symptoms_diet_labels,1,indigenous,1,-0.0001590529584533651,-0.0014968659629873704,1006,2861322.5562906265
random_forest__symptoms_diet_labels,1,indigenous,2,-4.779672947810565e-05,0.00038428784961852536,1006,2861322.5562906265
random_forest__symptoms_diet_labels,1,indigenous,3,5.52551103474852e-06,6.066145522121147e-05,1006,2861322.5562906265
random_forest__symptoms_diet_labels,1,indigenous,4,-0.0003819771661765503,-0.003086731605059234,1006,2861322.5562906265
random_forest__symptoms_diet_labels,1,indigenous,5,-9.274226446923106e-05,-0.001930139325742819,1006,2861322.5562906265
random_forest__symptoms_diet_labels,1,born_chile,1,-0.0006274391900561727,-0.003287020919525707,1006,2861322.5562906265
random_forest__symptoms_diet_labels,1,born_chile,2,-0.0003924140054212544,-0.002919278299134187,1006,2861322.5562906265
random_forest__symptoms_diet_labels,1,born_chile,3,-0.00041469249887293724,-0.00263323262928028,1006,2861322.5562906265
random_forest__symptoms_diet_labels,1,born_chile,4,-9.783305891780669e-05,-0.0017428058174930872,1006,2861322.5562906265
random_forest__symptoms_diet_labels,1,born_chile,5,-0.0003666106616009579,-0.0027494982728446526,1006,2861322.5562906265
random_forest__symptoms_diet_labels,1,teeth_remaining,1,0.002204160042041048,0.009981461068508946,1006,2861322.5562906265
random_forest__symptoms_diet_labels,1,teeth_remaining,2,0.0029707706079170615,0.012993452317435872,1006,2861322.5562906265
random_forest__symptoms_diet_labels,1,teeth_remaining,3,0.0028925415043367653,0.012863948331186092,1006,2861322.5562906265
random_forest__symptoms_diet_labels,1,teeth_remaining,4,0.0018234917845660614,0.0063432616417975485,1006,2861322.5562906265
random_forest__symptoms_diet_labels,1,teeth_remaining,5,0.003593046020784779,0.017879319172289354,1006,2861322.5562906265
random_forest__symptoms_diet_labels,1,income_band,1,0.0005030502830053185,0.0015426616427021145,1006,2861322.5562906265
random_forest__symptoms_diet_labels,1,income_band,2,0.0007353132579648314,0.0040121375826674965,1006,2861322.5562906265
random_forest__symptoms_diet_labels,1,income_band,3,-0.00046804442198514207,-0.0016512817449008121,1006,2861322.5562906265
random_forest__symptoms_diet_labels,1,income_band,4,-0.0007966074203145657,-0.005427713334018147,1006,2861322.5562906265
random_forest__symptoms_diet_labels,1,income_band,5,0.0008958116871703448,0.003593516842168576,1006,2861322.5562906265
random_forest__symptoms_diet_labels,1,health_insurance,1,0.0007729397415384975,0.0017901664987776122,1006,2861322.5562906265
random_forest__symptoms_diet_labels,1,health_insurance,2,0.0011301550117304993,0.003499528594251178,1006,2861322.5562906265
random_forest__symptoms_diet_labels,1,health_insurance,3,-0.0002139666686218622,-0.004178464057004394,1006,2861322.5562906265
random_forest__symptoms_diet_labels,1,health_insurance,4,1.874552938443963e-05,-0.002078547948896614,1006,2861322.5562906265
random_forest__symptoms_diet_labels,1,health_insurance,5,0.0002320940916959724,0.0003464409213025377,1006,2861322.5562906265
random_forest__symptoms_diet_labels,1,smoking_status,1,0.0011581692659425602,0.0060023977378947935,1006,2861322.5562906265
random_forest__symptoms_diet_labels,1,smoking_status,2,0.00142398893147605,0.0057059769119947035,1006,2861322.5562906265
random_forest__symptoms_diet_labels,1,smoking_status,3,0.0009231117861653315,0.004913512622702232,1006,2861322.5562906265
random_forest__symptoms_diet_labels,1,smoking_status,4,0.0002804671347222676,0.00239699050934139,1006,2861322.5562906265
random_forest__symptoms_diet_labels,1,smoking_status,5,0.0007460739776558589,0.0052399457009155714,1006,2861322.5562906265
random_forest__symptoms_diet_labels,1,diabetes_reported,1,0.00018831730894619536,0.0021816155737059972,1006,2861322.5562906265
random_forest__symptoms_diet_labels,1,diabetes_reported,2,-0.0006064679623413172,-0.004299767044533165,1006,2861322.5562906265
random_forest__symptoms_diet_labels,1,diabetes_reported,3,0.0005025530057279348,0.003942497520482591,1006,2861322.5562906265
random_forest__symptoms_diet_labels,1,diabetes_reported,4,0.000377516135446343,0.004022897113729607,1006,2861322.5562906265
random_forest__symptoms_diet_labels,1,diabetes_reported,5,3.058599717026267e-06,0.0010378369613948113,1006,2861322.5562906265
random_forest__symptoms_diet_labels,1,dental_visit,1,-0.000552653027390021,-0.004368150925444625,1006,2861322.5562906265
random_forest__symptoms_diet_labels,1,dental_visit,2,0.0010399584182640143,0.0003604097383671512,1006,2861322.5562906265
random_forest__symptoms_diet_labels,1,dental_visit,3,0.0009588799145001659,0.0024167138308429648,1006,2861322.5562906265
random_forest__symptoms_diet_labels,1,dental_visit,4,0.0007327480418821974,-0.001332567177804611,1006,2861322.5562906265
random_forest__symptoms_diet_labels,1,dental_visit,5,-0.00020408786453160466,-0.004416076207860886,1006,2861322.5562906265
random_forest__symptoms_diet_labels,1,dental_visit_reason,1,-9.002793809850806e-05,-0.0014734237514335558,1006,2861322.5562906265
random_forest__symptoms_diet_labels,1,dental_visit_reason,2,0.0038769585217308944,0.024168864547011615,1006,2861322.5562906265
random_forest__symptoms_diet_labels,1,dental_visit_reason,3,0.0015093430710255429,0.010558982752171153,1006,2861322.5562906265
random_forest__symptoms_diet_labels,1,dental_visit_reason,4,0.005332925824579449,0.03472609869202792,1006,2861322.5562906265
random_forest__symptoms_diet_labels,1,dental_visit_reason,5,0.0032005659561369637,0.018495488103938973,1006,2861322.5562906265
random_forest__symptoms_diet_labels,1,dental_access,1,0.0011788384004709773,0.005249082602458155,1006,2861322.5562906265
random_forest__symptoms_diet_labels,1,dental_access,2,0.0002561225585930027,-4.4955847655958614e-05,1006,2861322.5562906265
random_forest__symptoms_diet_labels,1,dental_access,3,0.0004948471386783948,0.002515518283026097,1006,2861322.5562906265
random_forest__symptoms_diet_labels,1,dental_access,4,0.0009650316438457318,0.00489679441881008,1006,2861322.5562906265
random_forest__symptoms_diet_labels,1,dental_access,5,0.0005988465311934643,0.00413348679447012,1006,2861322.5562906265
random_forest__symptoms_diet_labels,1,household_water_source,1,-0.0005437451915024649,-0.00302144420615047,1006,2861322.5562906265
random_forest__symptoms_diet_labels,1,household_water_source,2,-0.0005187875205319992,-0.0018322795587867313,1006,2861322.5562906265
random_forest__symptoms_diet_labels,1,household_water_source,3,-0.0005814271724345899,-0.00296139824141195,1006,2861322.5562906265
random_forest__symptoms_diet_labels,1,household_water_source,4,-0.0011461007749176133,-0.008333554649706199,1006,2861322.5562906265
random_forest__symptoms_diet_labels,1,household_water_source,5,0.00025675579062367504,0.0013428978622929133,1006,2861322.5562906265
random_forest__symptoms_diet_labels,1,rural_water_consumption,1,0.00019059880019672848,0.0010622259959344182,1006,2861322.5562906265
random_forest__symptoms_diet_labels,1,rural_water_consumption,2,0.00026974909247362566,0.001024324557766243,1006,2861322.5562906265
random_forest__symptoms_diet_labels,1,rural_water_consumption,3,-5.136267294716945e-05,0.00014483242765495064,1006,2861322.5562906265
random_forest__symptoms_diet_labels,1,rural_water_consumption,4,0.00047863198482384073,0.0027220065615007893,1006,2861322.5562906265
random_forest__symptoms_diet_labels,1,rural_water_consumption,5,0.00021044656150553953,0.0007806324863444125,1006,2861322.5562906265
random_forest__symptoms_diet_labels,1,oral_health_selfrating,1,0.0072691221517740545,0.0432656084721077,1006,2861322.5562906265
random_forest__symptoms_diet_labels,1,oral_health_selfrating,2,0.007957813163567695,0.04980175516248131,1006,2861322.5562906265
random_forest__symptoms_diet_labels,1,oral_health_selfrating,3,0.008819782572403179,0.05370175577723768,1006,2861322.5562906265
random_forest__symptoms_diet_labels,1,oral_health_selfrating,4,0.00944324780514011,0.06570430853191223,1006,2861322.5562906265
random_forest__symptoms_diet_labels,1,oral_health_selfrating,5,0.004706025031320754,0.020992350973279783,1006,2861322.5562906265
random_forest__symptoms_diet_labels,1,oral_pain,1,0.0005628534929502105,0.00381191748133225,1006,2861322.5562906265
random_forest__symptoms_diet_labels,1,oral_pain,2,-0.0002240338596244673,-0.0016523368353299484,1006,2861322.5562906265
random_forest__symptoms_diet_labels,1,oral_pain,3,-0.000593705847468512,-0.004263643769502612,1006,2861322.5562906265
random_forest__symptoms_diet_labels,1,oral_pain,4,-0.00019432835705152085,-0.0017168351016622063,1006,2861322.5562906265
random_forest__symptoms_diet_labels,1,oral_pain,5,-0.00033358816475770325,-7.940289105090592e-05,1006,2861322.5562906265
random_forest__symptoms_diet_labels,1,oral_speech,1,3.843453988638945e-05,-0.0006165917462311876,1006,2861322.5562906265
random_forest__symptoms_diet_labels,1,oral_speech,2,-0.00015495407166540853,-0.0017579511202119313,1006,2861322.5562906265
random_forest__symptoms_diet_labels,1,oral_speech,3,-0.0005529252368669246,-0.0040182584189044634,1006,2861322.5562906265
random_forest__symptoms_diet_labels,1,oral_speech,4,-1.98199926630116e-05,-0.0017532030248988972,1006,2861322.5562906265
random_forest__symptoms_diet_labels,1,oral_speech,5,-0.0003830059482143877,-0.003199754063735849,1006,2861322.5562906265
random_forest__symptoms_diet_labels,1,oral_eating,1,0.0009230479650926271,0.0049462524191661306,1006,2861322.5562906265
random_forest__symptoms_diet_labels,1,oral_eating,2,0.001192468047774814,0.005632112429151626,1006,2861322.5562906265
random_forest__symptoms_diet_labels,1,oral_eating,3,0.0010742958371623423,0.0057313743738263145,1006,2861322.5562906265
random_forest__symptoms_diet_labels,1,oral_eating,4,0.0008603507035290503,0.007435476734905966,1006,2861322.5562906265
random_forest__symptoms_diet_labels,1,oral_eating,5,0.0008561521881879364,0.006852714861165898,1006,2861322.5562906265
random_forest__symptoms_diet_labels,1,oral_daily_activities,1,0.00026776641875778107,0.0015637763906701796,1006,2861322.5562906265
random_forest__symptoms_diet_labels,1,oral_daily_activities,2,5.800786888332521e-06,-0.0001083754104076462,1006,2861322.5562906265
random_forest__symptoms_diet_labels,1,oral_daily_activities,3,0.0001357667470230084,0.0026683469104085145,1006,2861322.5562906265
random_forest__symptoms_diet_labels,1,oral_daily_activities,4,-9.963836138188187e-06,0.00013896526414358679,1006,2861322.5562906265
random_forest__symptoms_diet_labels,1,oral_daily_activities,5,8.673613423129667e-05,0.00036090457700999057,1006,2861322.5562906265
random_forest__symptoms_diet_labels,1,oral_social,1,0.0002659687161580826,0.0007051104973170297,1006,2861322.5562906265
random_forest__symptoms_diet_labels,1,oral_social,2,3.35355731565512e-05,-0.001704874393830047,1006,2861322.5562906265
random_forest__symptoms_diet_labels,1,oral_social,3,0.00017280610117814676,-0.00017638679434173188,1006,2861322.5562906265
random_forest__symptoms_diet_labels,1,oral_social,4,7.712326805192626e-05,-0.0005231245883117186,1006,2861322.5562906265
random_forest__symptoms_diet_labels,1,oral_social,5,0.00016840761834180373,0.00011305334989875071,1006,2861322.5562906265
random_forest__symptoms_diet_labels,1,fish,1,0.000611580632647768,0.0019327792386025777,1006,2861322.5562906265
random_forest__symptoms_diet_labels,1,fish,2,-0.0001447980859960174,-0.003103261878448338,1006,2861322.5562906265
random_forest__symptoms_diet_labels,1,fish,3,0.0007700359938173362,0.0020483539281499485,1006,2861322.5562906265
random_forest__symptoms_diet_labels,1,fish,4,5.771540958368626e-05,0.0003276253324951961,1006,2861322.5562906265
random_forest__symptoms_diet_labels,1,fish,5,-0.00022128555177780562,-0.0021957290248392214,1006,2861322.5562906265
random_forest__symptoms_diet_labels,1,dairy_frequency,1,6.791236371983533e-06,0.0018061874953774204,1006,2861322.5562906265
random_forest__symptoms_diet_labels,1,dairy_frequency,2,0.0004036540148099066,-0.00043819515931209363,1006,2861322.5562906265
random_forest__symptoms_diet_labels,1,dairy_frequency,3,-0.0005157964059593068,-0.0030493156798305776,1006,2861322.5562906265
random_forest__symptoms_diet_labels,1,dairy_frequency,4,-0.0010820611256965873,-0.008027811068231583,1006,2861322.5562906265
random_forest__symptoms_diet_labels,1,dairy_frequency,5,-5.1671418617504905e-05,-0.0028592201969814823,1006,2861322.5562906265
random_forest__symptoms_diet_labels,1,dairy_type,1,4.353129571540992e-05,0.00028731994997355237,1006,2861322.5562906265
random_forest__symptoms_diet_labels,1,dairy_type,2,-7.605918131886602e-05,-0.0012325237327048821,1006,2861322.5562906265
random_forest__symptoms_diet_labels,1,dairy_type,3,-0.0002804418534757269,-0.0020132649019841686,1006,2861322.5562906265
random_forest__symptoms_diet_labels,1,dairy_type,4,0.0003643387905310491,0.0013392464935968462,1006,2861322.5562906265
random_forest__symptoms_diet_labels,1,dairy_type,5,0.0010094763742259372,0.0032250098054824594,1006,2861322.5562906265
random_forest__symptoms_diet_labels,1,wholegrain,1,3.740888819830923e-05,0.0020802153716003025,1006,2861322.5562906265
random_forest__symptoms_diet_labels,1,wholegrain,2,0.0007570669185720247,0.004178975380199956,1006,2861322.5562906265
random_forest__symptoms_diet_labels,1,wholegrain,3,0.0009435416905710092,0.006735591377148076,1006,2861322.5562906265
random_forest__symptoms_diet_labels,1,wholegrain,4,9.409731266829535e-05,-0.0006718252927562229,1006,2861322.5562906265
random_forest__symptoms_diet_labels,1,wholegrain,5,0.0008465069051994123,0.004329640329248652,1006,2861322.5562906265
random_forest__symptoms_diet_labels,1,legumes,1,0.00041047140570638074,0.0035933001539842913,1006,2861322.5562906265
random_forest__symptoms_diet_labels,1,legumes,2,0.000594839941019859,0.0029427308943614783,1006,2861322.5562906265
random_forest__symptoms_diet_labels,1,legumes,3,0.0001199393201684884,0.0008118736889776157,1006,2861322.5562906265
random_forest__symptoms_diet_labels,1,legumes,4,0.000561914119913437,0.0013967151315802395,1006,2861322.5562906265
random_forest__symptoms_diet_labels,1,legumes,5,0.0006599969703841024,0.003488278707059922,1006,2861322.5562906265
random_forest__symptoms_diet_labels,1,fruit_days,1,-0.001373017126449494,-0.0075024103949818954,1006,2861322.5562906265
random_forest__symptoms_diet_labels,1,fruit_days,2,-0.0005573046668730375,-0.004137453867023133,1006,2861322.5562906265
random_forest__symptoms_diet_labels,1,fruit_days,3,-0.0008435276850054241,-0.006098734997069033,1006,2861322.5562906265
random_forest__symptoms_diet_labels,1,fruit_days,4,-0.0007522954138259041,-0.00713921296872333,1006,2861322.5562906265
random_forest__symptoms_diet_labels,1,fruit_days,5,-0.0005891457638922681,-0.004701589312608667,1006,2861322.5562906265
random_forest__symptoms_diet_labels,1,fruit_portions,1,-0.0008091102384619187,-0.006042729560194582,1006,2861322.5562906265
random_forest__symptoms_diet_labels,1,fruit_portions,2,-0.0009572629004710731,-0.006369491425473717,1006,2861322.5562906265
random_forest__symptoms_diet_labels,1,fruit_portions,3,-0.000781619919465848,-0.0072615268335956,1006,2861322.5562906265
random_forest__symptoms_diet_labels,1,fruit_portions,4,0.00010764180236536025,-1.5410042530472623e-05,1006,2861322.5562906265
random_forest__symptoms_diet_labels,1,fruit_portions,5,0.00019434740430310238,0.000558410750586269,1006,2861322.5562906265
random_forest__symptoms_diet_labels,1,vegetable_days,1,-0.0007709017836194376,-0.005821154579791599,1006,2861322.5562906265
random_forest__symptoms_diet_labels,1,vegetable_days,2,0.00010906339741637017,-7.352393752235731e-05,1006,2861322.5562906265
random_forest__symptoms_diet_labels,1,vegetable_days,3,-0.0003721148370224858,-0.0010996499849766916,1006,2861322.5562906265
random_forest__symptoms_diet_labels,1,vegetable_days,4,-0.0008251411679013332,-0.0067164797968410905,1006,2861322.5562906265
random_forest__symptoms_diet_labels,1,vegetable_days,5,1.553889979880041e-05,0.0001570107584570879,1006,2861322.5562906265
random_forest__symptoms_diet_labels,1,vegetable_portions,1,0.0006102906353806781,0.0036659595260970512,1006,2861322.5562906265
random_forest__symptoms_diet_labels,1,vegetable_portions,2,-0.00021414108768708084,-5.0669242938172765e-05,1006,2861322.5562906265
random_forest__symptoms_diet_labels,1,vegetable_portions,3,0.00016052618556000597,0.00046875879380803287,1006,2861322.5562906265
random_forest__symptoms_diet_labels,1,vegetable_portions,4,0.0007427815554320594,0.001931381694147749,1006,2861322.5562906265
random_forest__symptoms_diet_labels,1,vegetable_portions,5,6.714976959573682e-05,-0.0021115062602286017,1006,2861322.5562906265
random_forest__symptoms_diet_labels,1,water,1,0.0004239752559541121,0.0017848296205399405,1006,2861322.5562906265
random_forest__symptoms_diet_labels,1,water,2,-0.0009440949061299553,-0.005435649010391841,1006,2861322.5562906265
random_forest__symptoms_diet_labels,1,water,3,-0.0007645944548773098,-0.0030750446708019963,1006,2861322.5562906265
random_forest__symptoms_diet_labels,1,water,4,-0.0005991848376872833,-0.004150922208573271,1006,2861322.5562906265
random_forest__symptoms_diet_labels,1,water,5,0.001275763591493645,0.004845376387508926,1006,2861322.5562906265
random_forest__symptoms_diet_labels,1,soda_frequency,1,0.0009204119501287078,0.0074567058899027705,1006,2861322.5562906265
random_forest__symptoms_diet_labels,1,soda_frequency,2,0.0009668880420077297,0.007642629023343006,1006,2861322.5562906265
random_forest__symptoms_diet_labels,1,soda_frequency,3,0.001199748701609854,0.008761361999088058,1006,2861322.5562906265
random_forest__symptoms_diet_labels,1,soda_frequency,4,0.001180295418904631,0.007216562595629306,1006,2861322.5562906265
random_forest__symptoms_diet_labels,1,soda_frequency,5,-0.0001353924489829461,2.025831811125478e-05,1006,2861322.5562906265
random_forest__symptoms_diet_labels,1,juice_frequency,1,0.0008551339720493101,0.005866411944189465,1006,2861322.5562906265
random_forest__symptoms_diet_labels,1,juice_frequency,2,0.0006712785440659841,0.00424365586731168,1006,2861322.5562906265
random_forest__symptoms_diet_labels,1,juice_frequency,3,0.0005540911619011102,0.0036593437749676827,1006,2861322.5562906265
random_forest__symptoms_diet_labels,1,juice_frequency,4,-6.59408375097148e-05,0.0014471590315241478,1006,2861322.5562906265
random_forest__symptoms_diet_labels,1,juice_frequency,5,-0.0001129037442116898,0.001094938537102741,1006,2861322.5562906265
random_forest__symptoms_diet_labels,1,oil,1,-0.00011403059485093348,-0.00012885100722748177,1006,2861322.5562906265
random_forest__symptoms_diet_labels,1,oil,2,4.751311285439153e-06,-0.0002809912603574105,1006,2861322.5562906265
random_forest__symptoms_diet_labels,1,oil,3,3.3991477254441405e-05,0.0005025503740947457,1006,2861322.5562906265
random_forest__symptoms_diet_labels,1,oil,4,-4.39693025483523e-06,-0.00015012654487844834,1006,2861322.5562906265
random_forest__symptoms_diet_labels,1,oil,5,-5.544394762865834e-05,-0.0002768887466720882,1006,2861322.5562906265
random_forest__symptoms_diet_labels,1,soda_glasses_daily,1,-8.141684284579398e-05,0.0009077817436484725,1006,2861322.5562906265
random_forest__symptoms_diet_labels,1,soda_glasses_daily,2,0.0014914896821914825,0.007285672446656788,1006,2861322.5562906265
random_forest__symptoms_diet_labels,1,soda_glasses_daily,3,0.0013681592971737377,0.005850003225109424,1006,2861322.5562906265
random_forest__symptoms_diet_labels,1,soda_glasses_daily,4,0.0005685856657527966,-0.0002873508564265048,1006,2861322.5562906265
random_forest__symptoms_diet_labels,1,soda_glasses_daily,5,0.0007094894116651818,0.0030671751627460164,1006,2861322.5562906265
random_forest__symptoms_diet_labels,1,juice_glasses_daily,1,0.0006956911625932427,0.0022599143005781475,1006,2861322.5562906265
random_forest__symptoms_diet_labels,1,juice_glasses_daily,2,0.0006823860022756312,-0.0004632710324870004,1006,2861322.5562906265
random_forest__symptoms_diet_labels,1,juice_glasses_daily,3,0.0001534137436264571,-0.0009838475353296516,1006,2861322.5562906265
random_forest__symptoms_diet_labels,1,juice_glasses_daily,4,0.00046191543886570097,-0.0012028874250690214,1006,2861322.5562906265
random_forest__symptoms_diet_labels,1,juice_glasses_daily,5,-3.105778450104846e-05,-0.0033600756589258207,1006,2861322.5562906265
random_forest__symptoms_diet_labels,1,label_ingredients,1,-0.0006383302123754431,-0.00579401680033631,1006,2861322.5562906265
random_forest__symptoms_diet_labels,1,label_ingredients,2,-0.0011223258399350455,-0.008227757707534256,1006,2861322.5562906265
random_forest__symptoms_diet_labels,1,label_ingredients,3,-0.00012023893308607536,-0.0015909150178148312,1006,2861322.5562906265
random_forest__symptoms_diet_labels,1,label_ingredients,4,-4.305019208664107e-05,-0.0012567584151239597,1006,2861322.5562906265
random_forest__symptoms_diet_labels,1,label_ingredients,5,-0.0006062668881981481,-0.007635984734742252,1006,2861322.5562906265
random_forest__symptoms_diet_labels,1,label_nutrition,1,-0.0007549608591173596,0.0008079604984367883,1006,2861322.5562906265
random_forest__symptoms_diet_labels,1,label_nutrition,2,-0.0011629820891578546,-0.0061721452759035955,1006,2861322.5562906265
random_forest__symptoms_diet_labels,1,label_nutrition,3,2.961909199283852e-05,0.0007224874880844556,1006,2861322.5562906265
random_forest__symptoms_diet_labels,1,label_nutrition,4,8.50230996281287e-05,0.00015699007248271002,1006,2861322.5562906265
random_forest__symptoms_diet_labels,1,label_nutrition,5,-0.0011255541157912385,-0.007600094744601882,1006,2861322.5562906265
random_forest__symptoms_diet_labels,1,label_warnings,1,-0.00040309054440409997,-0.0019857264417573184,1006,2861322.5562906265
random_forest__symptoms_diet_labels,1,label_warnings,2,-0.0010043899539229073,-0.008668926560115753,1006,2861322.5562906265
random_forest__symptoms_diet_labels,1,label_warnings,3,-0.0011659609133889137,-0.00978308215560264,1006,2861322.5562906265
random_forest__symptoms_diet_labels,1,label_warnings,4,-0.0018437925655249154,-0.011152930272571027,1006,2861322.5562906265
random_forest__symptoms_diet_labels,1,label_warnings,5,-0.00014213434253873558,-0.001039842334784824,1006,2861322.5562906265
random_forest__symptoms_diet_labels,1,label_health,1,-0.0007577155847492967,-0.008001866336294516,1006,2861322.5562906265
random_forest__symptoms_diet_labels,1,label_health,2,-0.0010056248281113678,-0.008013568158855677,1006,2861322.5562906265
random_forest__symptoms_diet_labels,1,label_health,3,-0.0007499895070156304,-0.006968365394007692,1006,2861322.5562906265
random_forest__symptoms_diet_labels,1,label_health,4,-0.00064517180504442,-0.004831327808130337,1006,2861322.5562906265
random_forest__symptoms_diet_labels,1,label_health,5,-0.0006029620942919756,-0.00476121582611333,1006,2861322.5562906265
random_forest__symptoms_diet_labels,1,label_brand,1,8.928876039071554e-05,-0.00422492215173953,1006,2861322.5562906265
random_forest__symptoms_diet_labels,1,label_brand,2,-0.00013599172076542154,-0.004098355942917409,1006,2861322.5562906265
random_forest__symptoms_diet_labels,1,label_brand,3,-0.0012881458462460638,-0.012044648426122961,1006,2861322.5562906265
random_forest__symptoms_diet_labels,1,label_brand,4,-0.00016046536393399258,-0.005947949621169291,1006,2861322.5562906265
random_forest__symptoms_diet_labels,1,label_brand,5,-0.002519671129150136,-0.0166642750564735,1006,2861322.5562906265
random_forest__symptoms_diet_labels,1,label_discounts,1,-0.00031603975442781596,-0.0017959823741227066,1006,2861322.5562906265
random_forest__symptoms_diet_labels,1,label_discounts,2,-0.001913065979897488,-0.010695151446951767,1006,2861322.5562906265
random_forest__symptoms_diet_labels,1,label_discounts,3,0.0006741637906557407,0.0037025252421623023,1006,2861322.5562906265
random_forest__symptoms_diet_labels,1,label_discounts,4,-0.0012422259190783824,-0.0034523096167536904,1006,2861322.5562906265
random_forest__symptoms_diet_labels,1,label_discounts,5,-0.0005561702893124576,-0.0038665158981846526,1006,2861322.5562906265
random_forest__symptoms_diet_labels,2,age,1,0.0045427031531752315,0.01997227565113424,1007,2574325.41285038
random_forest__symptoms_diet_labels,2,age,2,0.004315276310958682,0.016979202090624423,1007,2574325.41285038
random_forest__symptoms_diet_labels,2,age,3,0.0007411082984805917,0.0013790009482824717,1007,2574325.41285038
random_forest__symptoms_diet_labels,2,age,4,0.002998457061690274,0.012477302078360952,1007,2574325.41285038
random_forest__symptoms_diet_labels,2,age,5,0.0020078147849272865,0.006131496466006303,1007,2574325.41285038
random_forest__symptoms_diet_labels,2,sex,1,-0.0004349922110833959,-0.0034729288481073484,1007,2574325.41285038
random_forest__symptoms_diet_labels,2,sex,2,0.0011972622168185953,0.0029892917601684887,1007,2574325.41285038
random_forest__symptoms_diet_labels,2,sex,3,0.001445472707455181,0.004572641180276005,1007,2574325.41285038
random_forest__symptoms_diet_labels,2,sex,4,-0.0002686490726338808,0.001112945195837045,1007,2574325.41285038
random_forest__symptoms_diet_labels,2,sex,5,-0.0006200939507872427,-0.0027993322089151507,1007,2574325.41285038
random_forest__symptoms_diet_labels,2,region,1,-0.001476151461408698,-0.009130227312914352,1007,2574325.41285038
random_forest__symptoms_diet_labels,2,region,2,0.0012175962017960118,0.007178003687666412,1007,2574325.41285038
random_forest__symptoms_diet_labels,2,region,3,0.0007945898668186568,0.0016381556592558466,1007,2574325.41285038
random_forest__symptoms_diet_labels,2,region,4,0.0012050482321173395,0.006264390644313833,1007,2574325.41285038
random_forest__symptoms_diet_labels,2,region,5,0.0006633794809347282,0.002870179579935739,1007,2574325.41285038
random_forest__symptoms_diet_labels,2,rural,1,6.915973581622659e-05,1.8954985513852662e-05,1007,2574325.41285038
random_forest__symptoms_diet_labels,2,rural,2,0.0001571143800765118,0.0007447281275760886,1007,2574325.41285038
random_forest__symptoms_diet_labels,2,rural,3,0.00019132596990903417,0.0002091810443546338,1007,2574325.41285038
random_forest__symptoms_diet_labels,2,rural,4,0.0005457643886937202,0.0030031547265492176,1007,2574325.41285038
random_forest__symptoms_diet_labels,2,rural,5,-9.557920756164684e-05,-0.0010075581871671346,1007,2574325.41285038
random_forest__symptoms_diet_labels,2,education,1,7.804787221984966e-05,0.002184324530323467,1007,2574325.41285038
random_forest__symptoms_diet_labels,2,education,2,0.0007915464241375625,0.00271306254259307,1007,2574325.41285038
random_forest__symptoms_diet_labels,2,education,3,3.2916182948011796e-05,0.001010683082119379,1007,2574325.41285038
random_forest__symptoms_diet_labels,2,education,4,0.0009761888505841476,0.0053190652775936265,1007,2574325.41285038
random_forest__symptoms_diet_labels,2,education,5,0.0006787121027705123,0.00462920372541642,1007,2574325.41285038
random_forest__symptoms_diet_labels,2,indigenous,1,0.00013233259674530484,0.00141570054542961,1007,2574325.41285038
random_forest__symptoms_diet_labels,2,indigenous,2,5.0016982351380745e-05,0.0008020970618753953,1007,2574325.41285038
random_forest__symptoms_diet_labels,2,indigenous,3,5.033002934581865e-05,0.0003903859032644563,1007,2574325.41285038
random_forest__symptoms_diet_labels,2,indigenous,4,-3.6318188642942006e-05,0.0011809370107042083,1007,2574325.41285038
random_forest__symptoms_diet_labels,2,indigenous,5,-2.64044875596392e-05,0.0007216876857196741,1007,2574325.41285038
random_forest__symptoms_diet_labels,2,born_chile,1,-0.00010278873125194044,-0.0007679049262467874,1007,2574325.41285038
random_forest__symptoms_diet_labels,2,born_chile,2,-0.00010723264833795154,-0.0003311990979152357,1007,2574325.41285038
random_forest__symptoms_diet_labels,2,born_chile,3,-0.00017331531272052336,-0.0006712169803529955,1007,2574325.41285038
random_forest__symptoms_diet_labels,2,born_chile,4,-0.00011277152741884233,-0.0002983895679951054,1007,2574325.41285038
random_forest__symptoms_diet_labels,2,born_chile,5,-0.0002919921560727845,-0.0017314789915947593,1007,2574325.41285038
random_forest__symptoms_diet_labels,2,teeth_remaining,1,0.00129272657074328,0.00546641874466236,1007,2574325.41285038
random_forest__symptoms_diet_labels,2,teeth_remaining,2,-0.00011152969691427539,-0.0048985111388658575,1007,2574325.41285038
random_forest__symptoms_diet_labels,2,teeth_remaining,3,0.0017884165443721733,0.007814748985742082,1007,2574325.41285038
random_forest__symptoms_diet_labels,2,teeth_remaining,4,0.0017412225155686856,0.012125679862758698,1007,2574325.41285038
random_forest__symptoms_diet_labels,2,teeth_remaining,5,-4.086984336260091e-05,-0.0017017573661308738,1007,2574325.41285038
random_forest__symptoms_diet_labels,2,income_band,1,0.0003308741436872098,0.0008909954941019871,1007,2574325.41285038
random_forest__symptoms_diet_labels,2,income_band,2,-1.665889156568512e-05,0.00038855722972730433,1007,2574325.41285038
random_forest__symptoms_diet_labels,2,income_band,3,0.001390875904301786,0.009196468836269567,1007,2574325.41285038
random_forest__symptoms_diet_labels,2,income_band,4,-6.789735576070988e-05,-0.0009122386246278591,1007,2574325.41285038
random_forest__symptoms_diet_labels,2,income_band,5,-0.0001915319192050957,-0.0017715111625850044,1007,2574325.41285038
random_forest__symptoms_diet_labels,2,health_insurance,1,0.001552975040866017,0.008497035869938108,1007,2574325.41285038
random_forest__symptoms_diet_labels,2,health_insurance,2,0.0012973942121221604,0.0057944668695342205,1007,2574325.41285038
random_forest__symptoms_diet_labels,2,health_insurance,3,0.0009147570827651441,0.0035864772188957117,1007,2574325.41285038
random_forest__symptoms_diet_labels,2,health_insurance,4,0.0011117752279922455,0.005617828529171143,1007,2574325.41285038
random_forest__symptoms_diet_labels,2,health_insurance,5,0.0013072793558743523,0.005274925433739197,1007,2574325.41285038
random_forest__symptoms_diet_labels,2,smoking_status,1,-0.0006473023695695579,-0.0029883683363570723,1007,2574325.41285038
random_forest__symptoms_diet_labels,2,smoking_status,2,0.0007669951902200267,0.005154238777369868,1007,2574325.41285038
random_forest__symptoms_diet_labels,2,smoking_status,3,0.0005399721274392533,0.0040794585630409275,1007,2574325.41285038
random_forest__symptoms_diet_labels,2,smoking_status,4,0.00013060544292189946,0.0028390840832602793,1007,2574325.41285038
random_forest__symptoms_diet_labels,2,smoking_status,5,3.775062612612623e-05,0.00029581374898890456,1007,2574325.41285038
random_forest__symptoms_diet_labels,2,diabetes_reported,1,-0.00039413868011653475,-0.0009287166973060978,1007,2574325.41285038
random_forest__symptoms_diet_labels,2,diabetes_reported,2,-0.00019882690819039706,8.46535320397912e-06,1007,2574325.41285038
random_forest__symptoms_diet_labels,2,diabetes_reported,3,-0.0005696593994917454,-0.0030549948145002226,1007,2574325.41285038
random_forest__symptoms_diet_labels,2,diabetes_reported,4,-0.00030852781134801943,-0.0016545823568732132,1007,2574325.41285038
random_forest__symptoms_diet_labels,2,diabetes_reported,5,-0.0003838323004115296,-0.0019118872087717786,1007,2574325.41285038
random_forest__symptoms_diet_labels,2,dental_visit,1,0.0007170911023711424,0.001095631797500829,1007,2574325.41285038
random_forest__symptoms_diet_labels,2,dental_visit,2,0.00028426821117405465,-0.0014408857139829312,1007,2574325.41285038
random_forest__symptoms_diet_labels,2,dental_visit,3,0.0008905791338233437,0.004494467632791599,1007,2574325.41285038
random_forest__symptoms_diet_labels,2,dental_visit,4,0.00014520708828241746,0.001043802374444458,1007,2574325.41285038
random_forest__symptoms_diet_labels,2,dental_visit,5,0.00046018391948210446,-0.00018737986296124554,1007,2574325.41285038
random_forest__symptoms_diet_labels,2,dental_visit_reason,1,0.004890103746520269,0.023393530502925364,1007,2574325.41285038
random_forest__symptoms_diet_labels,2,dental_visit_reason,2,0.00419846944085242,0.01799446826190887,1007,2574325.41285038
random_forest__symptoms_diet_labels,2,dental_visit_reason,3,0.001973370135575331,0.009523714851779275,1007,2574325.41285038
random_forest__symptoms_diet_labels,2,dental_visit_reason,4,0.0034319185444451616,0.01573124792076852,1007,2574325.41285038
random_forest__symptoms_diet_labels,2,dental_visit_reason,5,0.00511485052474786,0.025248692834612285,1007,2574325.41285038
random_forest__symptoms_diet_labels,2,dental_access,1,0.0009753353907547557,0.004974813728437333,1007,2574325.41285038
random_forest__symptoms_diet_labels,2,dental_access,2,0.001275887655997926,0.004989049473964502,1007,2574325.41285038
random_forest__symptoms_diet_labels,2,dental_access,3,0.001394471531936281,0.006497017443430897,1007,2574325.41285038
random_forest__symptoms_diet_labels,2,dental_access,4,0.0018896815343115714,0.01012647258320254,1007,2574325.41285038
random_forest__symptoms_diet_labels,2,dental_access,5,0.0004257057483924853,0.0008242175586806733,1007,2574325.41285038
random_forest__symptoms_diet_labels,2,household_water_source,1,4.8424941533481425e-05,0.00029626878558142167,1007,2574325.41285038
random_forest__symptoms_diet_labels,2,household_water_source,2,1.2948260658479649e-05,-0.0003150982396844526,1007,2574325.41285038
random_forest__symptoms_diet_labels,2,household_water_source,3,6.0134550184193225e-05,0.00031003222888992266,1007,2574325.41285038
random_forest__symptoms_diet_labels,2,household_water_source,4,6.718492412158272e-05,0.00046775103706897525,1007,2574325.41285038
random_forest__symptoms_diet_labels,2,household_water_source,5,1.3085400414752923e-05,9.114603811244404e-05,1007,2574325.41285038
random_forest__symptoms_diet_labels,2,rural_water_consumption,1,5.102064803169659e-05,0.00011438266926666607,1007,2574325.41285038
random_forest__symptoms_diet_labels,2,rural_water_consumption,2,0.00023055327206800147,0.0011265894488147188,1007,2574325.41285038
random_forest__symptoms_diet_labels,2,rural_water_consumption,3,0.0009334118113207557,0.005252041692195064,1007,2574325.41285038
random_forest__symptoms_diet_labels,2,rural_water_consumption,4,0.0003642273222692616,0.0010136564337450693,1007,2574325.41285038
random_forest__symptoms_diet_labels,2,rural_water_consumption,5,9.54012305722507e-05,-4.9229532277594856e-05,1007,2574325.41285038
random_forest__symptoms_diet_labels,2,oral_health_selfrating,1,0.006953360749972132,0.032852117992353325,1007,2574325.41285038
random_forest__symptoms_diet_labels,2,oral_health_selfrating,2,0.0066784897877275595,0.03415129402345096,1007,2574325.41285038
random_forest__symptoms_diet_labels,2,oral_health_selfrating,3,0.0032819751938759634,0.01261616699086332,1007,2574325.41285038
random_forest__symptoms_diet_labels,2,oral_health_selfrating,4,0.010450523746067142,0.0628537304183091,1007,2574325.41285038
random_forest__symptoms_diet_labels,2,oral_health_selfrating,5,0.006401174096406365,0.036045278739187614,1007,2574325.41285038
random_forest__symptoms_diet_labels,2,oral_pain,1,0.0014878120573848796,0.00400732382165081,1007,2574325.41285038
random_forest__symptoms_diet_labels,2,oral_pain,2,0.0013402694706431406,0.003740457032210598,1007,2574325.41285038
random_forest__symptoms_diet_labels,2,oral_pain,3,0.0014521116185068628,0.003671196522201936,1007,2574325.41285038
random_forest__symptoms_diet_labels,2,oral_pain,4,0.0007491766654817433,0.0010020690065362103,1007,2574325.41285038
random_forest__symptoms_diet_labels,2,oral_pain,5,0.0010023947330912442,0.0011229216350461257,1007,2574325.41285038
random_forest__symptoms_diet_labels,2,oral_speech,1,-0.00048656265743363125,-0.0019201399596506796,1007,2574325.41285038
random_forest__symptoms_diet_labels,2,oral_speech,2,-0.0003236304988036287,-0.0017903007600892362,1007,2574325.41285038
random_forest__symptoms_diet_labels,2,oral_speech,3,-0.00015688326768059646,-0.0005192574408687811,1007,2574325.41285038
random_forest__symptoms_diet_labels,2,oral_speech,4,-0.0005936081382490743,-0.0034960027591854903,1007,2574325.41285038
random_forest__symptoms_diet_labels,2,oral_speech,5,-0.00019389024269858557,-0.0009658317138925288,1007,2574325.41285038
random_forest__symptoms_diet_labels,2,oral_eating,1,0.00011090051641632348,-0.0013972598296342342,1007,2574325.41285038
random_forest__symptoms_diet_labels,2,oral_eating,2,0.00043891770162179933,0.0010612808548968733,1007,2574325.41285038
random_forest__symptoms_diet_labels,2,oral_eating,3,6.221789410951195e-05,-0.0013262277375150067,1007,2574325.41285038
random_forest__symptoms_diet_labels,2,oral_eating,4,0.000733817985752172,0.0023498926092380135,1007,2574325.41285038
random_forest__symptoms_diet_labels,2,oral_eating,5,6.38152781117507e-05,-0.0016161654747309795,1007,2574325.41285038
random_forest__symptoms_diet_labels,2,oral_daily_activities,1,-0.00024406848600153075,-0.0018051281203783631,1007,2574325.41285038
random_forest__symptoms_diet_labels,2,oral_daily_activities,2,-0.00033208414148899745,-0.0014059120140468284,1007,2574325.41285038
random_forest__symptoms_diet_labels,2,oral_daily_activities,3,-0.00037406940758163976,-0.002295608970555252,1007,2574325.41285038
random_forest__symptoms_diet_labels,2,oral_daily_activities,4,-0.0002689798249232711,-0.0014723485869565511,1007,2574325.41285038
random_forest__symptoms_diet_labels,2,oral_daily_activities,5,-0.00012659222637015355,-0.0009798524784798701,1007,2574325.41285038
random_forest__symptoms_diet_labels,2,oral_social,1,-8.301877553285042e-05,-0.001239670597562803,1007,2574325.41285038
random_forest__symptoms_diet_labels,2,oral_social,2,2.0925820878647805e-05,-0.0007245596882553551,1007,2574325.41285038
random_forest__symptoms_diet_labels,2,oral_social,3,0.0001111432995360151,0.00014761166056354025,1007,2574325.41285038
random_forest__symptoms_diet_labels,2,oral_social,4,0.00018031654532513208,-0.0004081993216081825,1007,2574325.41285038
random_forest__symptoms_diet_labels,2,oral_social,5,-9.327789276236675e-05,-0.0011443665119994506,1007,2574325.41285038
random_forest__symptoms_diet_labels,2,fish,1,-0.0006890652856458568,-0.004513773077991279,1007,2574325.41285038
random_forest__symptoms_diet_labels,2,fish,2,-0.0028094149115135414,-0.01565353445841622,1007,2574325.41285038
random_forest__symptoms_diet_labels,2,fish,3,-0.0017350615630438715,-0.010398276505152793,1007,2574325.41285038
random_forest__symptoms_diet_labels,2,fish,4,-0.0008040895896106459,-0.003279930016755639,1007,2574325.41285038
random_forest__symptoms_diet_labels,2,fish,5,-0.0015130581721220782,-0.00886968862329307,1007,2574325.41285038
random_forest__symptoms_diet_labels,2,dairy_frequency,1,0.0007263202462043927,0.004474750477890255,1007,2574325.41285038
random_forest__symptoms_diet_labels,2,dairy_frequency,2,0.00015493957187187601,0.0009535635394664066,1007,2574325.41285038
random_forest__symptoms_diet_labels,2,dairy_frequency,3,0.0005615288847384547,0.002837874750293068,1007,2574325.41285038
random_forest__symptoms_diet_labels,2,dairy_frequency,4,0.0003348348808359658,0.0018285650530511788,1007,2574325.41285038
random_forest__symptoms_diet_labels,2,dairy_frequency,5,0.0002461991376831729,0.00040947978076344427,1007,2574325.41285038
random_forest__symptoms_diet_labels,2,dairy_type,1,-8.084040701145101e-05,-0.0027562097428689425,1007,2574325.41285038
random_forest__symptoms_diet_labels,2,dairy_type,2,-0.001182803121560938,-0.007287616818358877,1007,2574325.41285038
random_forest__symptoms_diet_labels,2,dairy_type,3,-0.0009520745572817457,-0.005392901577973563,1007,2574325.41285038
random_forest__symptoms_diet_labels,2,dairy_type,4,-0.00032612860611153094,-0.004490705500247216,1007,2574325.41285038
random_forest__symptoms_diet_labels,2,dairy_type,5,0.0005308342059590077,0.0019485291958432072,1007,2574325.41285038
random_forest__symptoms_diet_labels,2,wholegrain,1,0.0005389651017474462,0.0014190202147706943,1007,2574325.41285038
random_forest__symptoms_diet_labels,2,wholegrain,2,0.0011545771177849107,0.0031912897042054578,1007,2574325.41285038
random_forest__symptoms_diet_labels,2,wholegrain,3,0.0010174674577351495,0.004300288839597988,1007,2574325.41285038
random_forest__symptoms_diet_labels,2,wholegrain,4,-0.00017791314765891464,-0.0028335987014906916,1007,2574325.41285038
random_forest__symptoms_diet_labels,2,wholegrain,5,0.00015465327133698525,-0.000800813047976856,1007,2574325.41285038
random_forest__symptoms_diet_labels,2,legumes,1,-0.0011620180973607175,-0.005023352444458951,1007,2574325.41285038
random_forest__symptoms_diet_labels,2,legumes,2,-0.0004258278009124927,-0.0009165540584531451,1007,2574325.41285038
random_forest__symptoms_diet_labels,2,legumes,3,-0.00012769353602687383,-0.0020181665371485913,1007,2574325.41285038
random_forest__symptoms_diet_labels,2,legumes,4,0.00010833513610808421,0.001040497774663085,1007,2574325.41285038
random_forest__symptoms_diet_labels,2,legumes,5,-0.0008468951898790156,-0.002659281619236342,1007,2574325.41285038
random_forest__symptoms_diet_labels,2,fruit_days,1,-0.00020151839536944327,-0.0032552961302185768,1007,2574325.41285038
random_forest__symptoms_diet_labels,2,fruit_days,2,-0.0007077811583269811,-0.003107548422133899,1007,2574325.41285038
random_forest__symptoms_diet_labels,2,fruit_days,3,0.0002627766969266754,0.0007031810694106966,1007,2574325.41285038
random_forest__symptoms_diet_labels,2,fruit_days,4,-0.0006314238917759507,-0.003131931974028279,1007,2574325.41285038
random_forest__symptoms_diet_labels,2,fruit_days,5,-0.001087333352763259,-0.005443089944532575,1007,2574325.41285038
random_forest__symptoms_diet_labels,2,fruit_portions,1,0.0003587759505958299,0.0021262234143740733,1007,2574325.41285038
random_forest__symptoms_diet_labels,2,fruit_portions,2,0.00032718653429422706,0.0014116671281223514,1007,2574325.41285038
random_forest__symptoms_diet_labels,2,fruit_portions,3,0.00012414364343932283,-6.960041005998896e-05,1007,2574325.41285038
random_forest__symptoms_diet_labels,2,fruit_portions,4,0.0005910949578785407,0.002339840736424681,1007,2574325.41285038
random_forest__symptoms_diet_labels,2,fruit_portions,5,0.0009152226414159415,0.00575846113185241,1007,2574325.41285038
random_forest__symptoms_diet_labels,2,vegetable_days,1,0.0004824706305536497,0.002344298807448686,1007,2574325.41285038
random_forest__symptoms_diet_labels,2,vegetable_days,2,0.0004690950604289146,0.0024523043542352685,1007,2574325.41285038
random_forest__symptoms_diet_labels,2,vegetable_days,3,-5.7897582205701514e-05,-0.0006547255368561933,1007,2574325.41285038
random_forest__symptoms_diet_labels,2,vegetable_days,4,-4.476356802252113e-05,0.0003578866162313732,1007,2574325.41285038
random_forest__symptoms_diet_labels,2,vegetable_days,5,0.0006263753056341137,0.002875713015432435,1007,2574325.41285038
random_forest__symptoms_diet_labels,2,vegetable_portions,1,-0.00011860679116562634,-0.0012957548021247378,1007,2574325.41285038
random_forest__symptoms_diet_labels,2,vegetable_portions,2,-0.00025505040810472335,-0.001025635520994772,1007,2574325.41285038
random_forest__symptoms_diet_labels,2,vegetable_portions,3,-0.00011981385080353513,-0.000793284797956928,1007,2574325.41285038
random_forest__symptoms_diet_labels,2,vegetable_portions,4,-0.00042112195007171227,-0.0009113137188165865,1007,2574325.41285038
random_forest__symptoms_diet_labels,2,vegetable_portions,5,-0.00015894497250232287,-0.000579523925133385,1007,2574325.41285038
random_forest__symptoms_diet_labels,2,water,1,-0.0004419647931405979,-0.002286035322134339,1007,2574325.41285038
random_forest__symptoms_diet_labels,2,water,2,-0.00013458136668026421,-0.0014275436505404304,1007,2574325.41285038
random_forest__symptoms_diet_labels,2,water,3,-0.00010980710078695166,0.0005347848839520886,1007,2574325.41285038
random_forest__symptoms_diet_labels,2,water,4,0.0002971354379588953,0.0006669461702170087,1007,2574325.41285038
random_forest__symptoms_diet_labels,2,water,5,0.00033385682149272844,0.0016726173500249963,1007,2574325.41285038
random_forest__symptoms_diet_labels,2,soda_frequency,1,-8.598228662354268e-05,-0.00187329262796454,1007,2574325.41285038
random_forest__symptoms_diet_labels,2,soda_frequency,2,-0.0014503810413238893,-0.009786714231561522,1007,2574325.41285038
random_forest__symptoms_diet_labels,2,soda_frequency,3,-0.0005499814812905957,-0.005645831911838428,1007,2574325.41285038
random_forest__symptoms_diet_labels,2,soda_frequency,4,-0.0007858710600682495,-0.006792730479767917,1007,2574325.41285038
random_forest__symptoms_diet_labels,2,soda_frequency,5,-0.0005047630091665478,-0.002787088476355004,1007,2574325.41285038
random_forest__symptoms_diet_labels,2,juice_frequency,1,0.0009591247915643752,0.00619619482004663,1007,2574325.41285038
random_forest__symptoms_diet_labels,2,juice_frequency,2,5.884216923068841e-05,-1.0377398704575214e-05,1007,2574325.41285038
random_forest__symptoms_diet_labels,2,juice_frequency,3,-6.501238786515984e-05,-0.0009660099667372357,1007,2574325.41285038
random_forest__symptoms_diet_labels,2,juice_frequency,4,0.0004723891004231595,0.002996388437880304,1007,2574325.41285038
random_forest__symptoms_diet_labels,2,juice_frequency,5,0.0003055163240160974,-0.00015489616235131454,1007,2574325.41285038
random_forest__symptoms_diet_labels,2,oil,1,-8.753257519297786e-05,0.0010763514920005823,1007,2574325.41285038
random_forest__symptoms_diet_labels,2,oil,2,-0.0001692985782273948,-0.0010014266570037567,1007,2574325.41285038
random_forest__symptoms_diet_labels,2,oil,3,-3.8995550905057685e-05,0.00043893734098920945,1007,2574325.41285038
random_forest__symptoms_diet_labels,2,oil,4,0.00022759611611020136,0.0016943735715730934,1007,2574325.41285038
random_forest__symptoms_diet_labels,2,oil,5,-3.672285133340947e-05,0.0010904722810066714,1007,2574325.41285038
random_forest__symptoms_diet_labels,2,soda_glasses_daily,1,-0.0002038732695631429,-0.002823158163911099,1007,2574325.41285038
random_forest__symptoms_diet_labels,2,soda_glasses_daily,2,0.0011898989802542337,0.003984863463173172,1007,2574325.41285038
random_forest__symptoms_diet_labels,2,soda_glasses_daily,3,-0.0005471414230952543,-0.004278008487342833,1007,2574325.41285038
random_forest__symptoms_diet_labels,2,soda_glasses_daily,4,-0.0008720806481798127,-0.008030927568311363,1007,2574325.41285038
random_forest__symptoms_diet_labels,2,soda_glasses_daily,5,-0.0015814489244496133,-0.009727263440872935,1007,2574325.41285038
random_forest__symptoms_diet_labels,2,juice_glasses_daily,1,0.0004492773921225546,0.0031807373850119003,1007,2574325.41285038
random_forest__symptoms_diet_labels,2,juice_glasses_daily,2,-0.00030372010958626405,-0.0021885696655336018,1007,2574325.41285038
random_forest__symptoms_diet_labels,2,juice_glasses_daily,3,0.0008357851459189214,0.004029155543747831,1007,2574325.41285038
random_forest__symptoms_diet_labels,2,juice_glasses_daily,4,0.00039462588057131986,0.0009466083680467197,1007,2574325.41285038
random_forest__symptoms_diet_labels,2,juice_glasses_daily,5,0.00016736472235762134,0.0017270204829651359,1007,2574325.41285038
random_forest__symptoms_diet_labels,2,label_ingredients,1,0.0006308800996075448,0.0004507878154951239,1007,2574325.41285038
random_forest__symptoms_diet_labels,2,label_ingredients,2,0.0005157696282833135,-0.00024313146577692457,1007,2574325.41285038
random_forest__symptoms_diet_labels,2,label_ingredients,3,-9.425235847290714e-05,-0.0012659571842333905,1007,2574325.41285038
random_forest__symptoms_diet_labels,2,label_ingredients,4,0.0004778723013262043,0.00010144940002887459,1007,2574325.41285038
random_forest__symptoms_diet_labels,2,label_ingredients,5,-0.0002684193853076111,-0.0027330348043115293,1007,2574325.41285038
random_forest__symptoms_diet_labels,2,label_nutrition,1,0.0006782342943460196,0.004174543704896783,1007,2574325.41285038
random_forest__symptoms_diet_labels,2,label_nutrition,2,0.00020983981562675003,0.0003252812739836797,1007,2574325.41285038
random_forest__symptoms_diet_labels,2,label_nutrition,3,0.00014671663484258635,0.00046052203166913053,1007,2574325.41285038
random_forest__symptoms_diet_labels,2,label_nutrition,4,-4.0350619185086645e-05,0.000824885396458308,1007,2574325.41285038
random_forest__symptoms_diet_labels,2,label_nutrition,5,2.9516568335885562e-06,0.000670608107264492,1007,2574325.41285038
random_forest__symptoms_diet_labels,2,label_warnings,1,-0.00012020487436736893,-0.003893479824277346,1007,2574325.41285038
random_forest__symptoms_diet_labels,2,label_warnings,2,-0.00038210864186177806,-0.005085896171135085,1007,2574325.41285038
random_forest__symptoms_diet_labels,2,label_warnings,3,-0.0009493019679371884,-0.008053563939825703,1007,2574325.41285038
random_forest__symptoms_diet_labels,2,label_warnings,4,-0.00038003217179988225,-0.004255992396734909,1007,2574325.41285038
random_forest__symptoms_diet_labels,2,label_warnings,5,0.0010015514520682334,0.0005755639176145966,1007,2574325.41285038
random_forest__symptoms_diet_labels,2,label_health,1,-0.0009130409419583208,-0.00571013113008334,1007,2574325.41285038
random_forest__symptoms_diet_labels,2,label_health,2,-0.00042142645324760863,-0.002079293178054553,1007,2574325.41285038
random_forest__symptoms_diet_labels,2,label_health,3,-0.0006643284865122945,-0.003597010592576999,1007,2574325.41285038
random_forest__symptoms_diet_labels,2,label_health,4,-0.001065998012893421,-0.004688867480508008,1007,2574325.41285038
random_forest__symptoms_diet_labels,2,label_health,5,0.00029980836053405957,0.001303900836549854,1007,2574325.41285038
random_forest__symptoms_diet_labels,2,label_brand,1,0.0003479707872024729,0.001274236651871874,1007,2574325.41285038
random_forest__symptoms_diet_labels,2,label_brand,2,0.0006988057900368383,0.00265235740333436,1007,2574325.41285038
random_forest__symptoms_diet_labels,2,label_brand,3,0.0013508529012117576,0.006990548579835165,1007,2574325.41285038
random_forest__symptoms_diet_labels,2,label_brand,4,-0.00017054736936009118,-0.0012179194507394575,1007,2574325.41285038
random_forest__symptoms_diet_labels,2,label_brand,5,0.00040774073208460493,0.0009003711393781311,1007,2574325.41285038
random_forest__symptoms_diet_labels,2,label_discounts,1,-6.499763445502738e-05,0.0001174033907159755,1007,2574325.41285038
random_forest__symptoms_diet_labels,2,label_discounts,2,-0.0005375018160441725,-0.003666925493763573,1007,2574325.41285038
random_forest__symptoms_diet_labels,2,label_discounts,3,-8.01296625455028e-05,-0.0009898324523707203,1007,2574325.41285038
random_forest__symptoms_diet_labels,2,label_discounts,4,-1.872301700400758e-06,-5.624942207116401e-05,1007,2574325.41285038
random_forest__symptoms_diet_labels,2,label_discounts,5,-0.0004292186410667642,-0.0024413838840818824,1007,2574325.41285038
random_forest__symptoms_diet_labels,3,age,1,0.0012409182623257797,-0.008621665892195929,1011,2776332.157348156
random_forest__symptoms_diet_labels,3,age,2,0.006676457252863172,0.02763762738624098,1011,2776332.157348156
random_forest__symptoms_diet_labels,3,age,3,0.010475398922305701,0.04139097891855281,1011,2776332.157348156
random_forest__symptoms_diet_labels,3,age,4,-0.0017051800054736777,-0.012551738272725155,1011,2776332.157348156
random_forest__symptoms_diet_labels,3,age,5,0.004731459208804856,0.021637354869683323,1011,2776332.157348156
random_forest__symptoms_diet_labels,3,sex,1,0.0022141782871135662,0.009217550576581579,1011,2776332.157348156
random_forest__symptoms_diet_labels,3,sex,2,2.7991907408653205e-07,-0.002402876584011171,1011,2776332.157348156
random_forest__symptoms_diet_labels,3,sex,3,-0.00041556976317100314,0.0006224865326297513,1011,2776332.157348156
random_forest__symptoms_diet_labels,3,sex,4,0.0016596320467428816,0.0061859367045505875,1011,2776332.157348156
random_forest__symptoms_diet_labels,3,sex,5,-0.00021301438863263744,0.0008625325966922226,1011,2776332.157348156
random_forest__symptoms_diet_labels,3,region,1,-0.0004366148820023896,-0.004482754608615136,1011,2776332.157348156
random_forest__symptoms_diet_labels,3,region,2,-0.00011591744100850065,-0.0016969463613065727,1011,2776332.157348156
random_forest__symptoms_diet_labels,3,region,3,0.0007819318234284778,0.000138775406887226,1011,2776332.157348156
random_forest__symptoms_diet_labels,3,region,4,0.0003562907466207743,-0.0006274075733134765,1011,2776332.157348156
random_forest__symptoms_diet_labels,3,region,5,-0.0006536656359400206,-0.00590702327379089,1011,2776332.157348156
random_forest__symptoms_diet_labels,3,rural,1,-7.280028775819014e-05,-0.0006385795722733123,1011,2776332.157348156
random_forest__symptoms_diet_labels,3,rural,2,-0.00017968675706533932,-0.0011941928167468197,1011,2776332.157348156
random_forest__symptoms_diet_labels,3,rural,3,-0.00015838058393238819,-0.0005970354648294762,1011,2776332.157348156
random_forest__symptoms_diet_labels,3,rural,4,1.3401870086277023e-05,0.0001273283176818074,1011,2776332.157348156
random_forest__symptoms_diet_labels,3,rural,5,-0.0001070695377421993,-0.0004913888539254119,1011,2776332.157348156
random_forest__symptoms_diet_labels,3,education,1,0.0007782309490462491,0.0031918711413768674,1011,2776332.157348156
random_forest__symptoms_diet_labels,3,education,2,0.0007058693142015793,0.003999810893392186,1011,2776332.157348156
random_forest__symptoms_diet_labels,3,education,3,0.0005249387913526526,0.0016092306453207028,1011,2776332.157348156
random_forest__symptoms_diet_labels,3,education,4,-0.0005720393779786725,-0.002138842805376684,1011,2776332.157348156
random_forest__symptoms_diet_labels,3,education,5,0.000550946825605303,0.0018761156697204573,1011,2776332.157348156
random_forest__symptoms_diet_labels,3,indigenous,1,0.0,0.0,1011,2776332.157348156
random_forest__symptoms_diet_labels,3,indigenous,2,0.0,0.0,1011,2776332.157348156
random_forest__symptoms_diet_labels,3,indigenous,3,0.0,0.0,1011,2776332.157348156
random_forest__symptoms_diet_labels,3,indigenous,4,0.0,0.0,1011,2776332.157348156
random_forest__symptoms_diet_labels,3,indigenous,5,0.0,0.0,1011,2776332.157348156
random_forest__symptoms_diet_labels,3,born_chile,1,0.0,0.0,1011,2776332.157348156
random_forest__symptoms_diet_labels,3,born_chile,2,0.0,0.0,1011,2776332.157348156
random_forest__symptoms_diet_labels,3,born_chile,3,0.0,0.0,1011,2776332.157348156
random_forest__symptoms_diet_labels,3,born_chile,4,0.0,0.0,1011,2776332.157348156
random_forest__symptoms_diet_labels,3,born_chile,5,0.0,0.0,1011,2776332.157348156
random_forest__symptoms_diet_labels,3,teeth_remaining,1,0.0015117534515214637,0.010488107481336884,1011,2776332.157348156
random_forest__symptoms_diet_labels,3,teeth_remaining,2,0.0006763366442730789,-0.004734227137914937,1011,2776332.157348156
random_forest__symptoms_diet_labels,3,teeth_remaining,3,0.0020208300915122712,0.010767864186242426,1011,2776332.157348156
random_forest__symptoms_diet_labels,3,teeth_remaining,4,0.007887924112060712,0.034527197633583584,1011,2776332.157348156
random_forest__symptoms_diet_labels,3,teeth_remaining,5,0.00250255534238511,0.013645943742214284,1011,2776332.157348156
random_forest__symptoms_diet_labels,3,income_band,1,1.4508252298955915e-05,0.00018947749504960587,1011,2776332.157348156
random_forest__symptoms_diet_labels,3,income_band,2,0.00018234910972414475,0.0003288460996044851,1011,2776332.157348156
random_forest__symptoms_diet_labels,3,income_band,3,-4.858883025615768e-05,0.00047766823440875683,1011,2776332.157348156
random_forest__symptoms_diet_labels,3,income_band,4,1.0831487167212162e-05,-0.000538942348964011,1011,2776332.157348156
random_forest__symptoms_diet_labels,3,income_band,5,4.708748490150905e-05,0.00032492460044397653,1011,2776332.157348156
random_forest__symptoms_diet_labels,3,health_insurance,1,0.0004028625910910688,0.0018811074821234453,1011,2776332.157348156
random_forest__symptoms_diet_labels,3,health_insurance,2,0.0010053746716957301,0.0045138998582899825,1011,2776332.157348156
random_forest__symptoms_diet_labels,3,health_insurance,3,0.0011429399079091185,0.006121353783627992,1011,2776332.157348156
random_forest__symptoms_diet_labels,3,health_insurance,4,0.0003914987121061697,0.0029912728970399316,1011,2776332.157348156
random_forest__symptoms_diet_labels,3,health_insurance,5,-0.00025024086544123136,-0.0009693072525206459,1011,2776332.157348156
random_forest__symptoms_diet_labels,3,smoking_status,1,0.000957890590285948,-9.514859120707264e-06,1011,2776332.157348156
random_forest__symptoms_diet_labels,3,smoking_status,2,-0.0002717253830236688,-0.0034680850325524704,1011,2776332.157348156
random_forest__symptoms_diet_labels,3,smoking_status,3,-0.0007758212938545062,-0.009215042124263495,1011,2776332.157348156
random_forest__symptoms_diet_labels,3,smoking_status,4,-0.0014550165602788268,-0.012631122566178044,1011,2776332.157348156
random_forest__symptoms_diet_labels,3,smoking_status,5,0.0005312752710667501,-4.9280524879180554e-05,1011,2776332.157348156
random_forest__symptoms_diet_labels,3,diabetes_reported,1,0.0005006783315770202,0.001088354847488815,1011,2776332.157348156
random_forest__symptoms_diet_labels,3,diabetes_reported,2,0.0002901916503176838,0.0004569578166930821,1011,2776332.157348156
random_forest__symptoms_diet_labels,3,diabetes_reported,3,-4.830810714623324e-05,-0.0030073354978685796,1011,2776332.157348156
random_forest__symptoms_diet_labels,3,diabetes_reported,4,-5.824171311630266e-05,-0.0020653966725946438,1011,2776332.157348156
random_forest__symptoms_diet_labels,3,diabetes_reported,5,-1.770150751076449e-05,-0.0027264459959214227,1011,2776332.157348156
random_forest__symptoms_diet_labels,3,dental_visit,1,0.00019387493765343766,0.000728334655648033,1011,2776332.157348156
random_forest__symptoms_diet_labels,3,dental_visit,2,0.000424082607356574,0.002045642936211345,1011,2776332.157348156
random_forest__symptoms_diet_labels,3,dental_visit,3,0.00042870714944687194,0.0017333407819998259,1011,2776332.157348156
random_forest__symptoms_diet_labels,3,dental_visit,4,0.0002099246427366419,0.0022474724335758145,1011,2776332.157348156
random_forest__symptoms_diet_labels,3,dental_visit,5,0.00044300718715215015,0.002778596414722778,1011,2776332.157348156
random_forest__symptoms_diet_labels,3,dental_visit_reason,1,0.0010455207102573194,0.008740451615309341,1011,2776332.157348156
random_forest__symptoms_diet_labels,3,dental_visit_reason,2,0.0004205761250770934,0.004540428690714138,1011,2776332.157348156
random_forest__symptoms_diet_labels,3,dental_visit_reason,3,0.0016980612717878707,0.010228665531082926,1011,2776332.157348156
random_forest__symptoms_diet_labels,3,dental_visit_reason,4,0.00413320123659533,0.02446184150709174,1011,2776332.157348156
random_forest__symptoms_diet_labels,3,dental_visit_reason,5,0.00078690482074667,0.000980011515226198,1011,2776332.157348156
random_forest__symptoms_diet_labels,3,dental_access,1,0.0004093427750154477,0.0008349285578892474,1011,2776332.157348156
random_forest__symptoms_diet_labels,3,dental_access,2,0.00047337994411653095,0.0016131875322995537,1011,2776332.157348156
random_forest__symptoms_diet_labels,3,dental_access,3,0.00034380299478567466,0.0025083041130605777,1011,2776332.157348156
random_forest__symptoms_diet_labels,3,dental_access,4,0.0005698730920306316,0.0030336166720495994,1011,2776332.157348156
random_forest__symptoms_diet_labels,3,dental_access,5,0.0004718448535180053,0.0003707905345281537,1011,2776332.157348156
random_forest__symptoms_diet_labels,3,household_water_source,1,0.0,0.0,1011,2776332.157348156
random_forest__symptoms_diet_labels,3,household_water_source,2,0.0,0.0,1011,2776332.157348156
random_forest__symptoms_diet_labels,3,household_water_source,3,0.0,0.0,1011,2776332.157348156
random_forest__symptoms_diet_labels,3,household_water_source,4,0.0,0.0,1011,2776332.157348156
random_forest__symptoms_diet_labels,3,household_water_source,5,0.0,0.0,1011,2776332.157348156
random_forest__symptoms_diet_labels,3,rural_water_consumption,1,-6.800529159589619e-05,0.00016504139638873205,1011,2776332.157348156
random_forest__symptoms_diet_labels,3,rural_water_consumption,2,-5.075771601106838e-05,-0.000289880122321895,1011,2776332.157348156
random_forest__symptoms_diet_labels,3,rural_water_consumption,3,5.4785796875983506e-05,0.0006366355395518442,1011,2776332.157348156
random_forest__symptoms_diet_labels,3,rural_water_consumption,4,6.2574104788548635e-06,6.654725380017545e-05,1011,2776332.157348156
random_forest__symptoms_diet_labels,3,rural_water_consumption,5,2.9960659389149935e-05,-3.9394156700289784e-05,1011,2776332.157348156
random_forest__symptoms_diet_labels,3,oral_health_selfrating,1,0.012731565029791475,0.0570729882415687,1011,2776332.157348156
random_forest__symptoms_diet_labels,3,oral_health_selfrating,2,0.004920781704119692,0.031028390932181682,1011,2776332.157348156
random_forest__symptoms_diet_labels,3,oral_health_selfrating,3,0.0042513037939029275,0.021326866868849992,1011,2776332.157348156
random_forest__symptoms_diet_labels,3,oral_health_selfrating,4,0.014527920568929875,0.0833431523189716,1011,2776332.157348156
random_forest__symptoms_diet_labels,3,oral_health_selfrating,5,0.0002683074900940996,0.0030962936464644653,1011,2776332.157348156
random_forest__symptoms_diet_labels,3,oral_pain,1,-0.00035425097624017243,0.00023425453527570195,1011,2776332.157348156
random_forest__symptoms_diet_labels,3,oral_pain,2,0.00013485717655611906,0.0017744942296239463,1011,2776332.157348156
random_forest__symptoms_diet_labels,3,oral_pain,3,-0.0002387201535489769,-0.0006494760001047872,1011,2776332.157348156
random_forest__symptoms_diet_labels,3,oral_pain,4,-0.0008728116056714308,-0.0029196450027826337,1011,2776332.157348156
random_forest__symptoms_diet_labels,3,oral_pain,5,-0.0004717023239789453,-0.003119714609789548,1011,2776332.157348156
random_forest__symptoms_diet_labels,3,oral_speech,1,5.363133592828362e-05,-0.0005216314033202885,1011,2776332.157348156
random_forest__symptoms_diet_labels,3,oral_speech,2,8.152249397774813e-05,0.0003031607409512693,1011,2776332.157348156
random_forest__symptoms_diet_labels,3,oral_speech,3,-0.00036223008697172654,-0.002619163199665153,1011,2776332.157348156
random_forest__symptoms_diet_labels,3,oral_speech,4,-0.00016892469865717463,-0.0014777960901256604,1011,2776332.157348156
random_forest__symptoms_diet_labels,3,oral_speech,5,0.00013012017744190585,5.787783001387492e-05,1011,2776332.157348156
random_forest__symptoms_diet_labels,3,oral_eating,1,0.00012340223457316113,0.00035888326190258724,1011,2776332.157348156
random_forest__symptoms_diet_labels,3,oral_eating,2,-4.967112433595933e-05,-0.000122956407862862,1011,2776332.157348156
random_forest__symptoms_diet_labels,3,oral_eating,3,-0.00012713036637870823,-0.0008159750512388708,1011,2776332.157348156
random_forest__symptoms_diet_labels,3,oral_eating,4,-0.00022963654779620257,-0.000675857409022651,1011,2776332.157348156
random_forest__symptoms_diet_labels,3,oral_eating,5,-0.00015993080393028603,-0.001718552021814701,1011,2776332.157348156
random_forest__symptoms_diet_labels,3,oral_daily_activities,1,1.2203159777679495e-06,-0.00010357167661301236,1011,2776332.157348156
random_forest__symptoms_diet_labels,3,oral_daily_activities,2,5.429782415133921e-06,3.084992593538338e-05,1011,2776332.157348156
random_forest__symptoms_diet_labels,3,oral_daily_activities,3,-4.101418412366664e-06,-0.00013036955486345203,1011,2776332.157348156
random_forest__symptoms_diet_labels,3,oral_daily_activities,4,6.227262885460938e-06,-7.869153736517198e-05,1011,2776332.157348156
random_forest__symptoms_diet_labels,3,oral_daily_activities,5,4.589597059789785e-06,-3.457326492151136e-05,1011,2776332.157348156
random_forest__symptoms_diet_labels,3,oral_social,1,-3.69329541951291e-05,-0.0001946494836250201,1011,2776332.157348156
random_forest__symptoms_diet_labels,3,oral_social,2,-1.2943870386777911e-05,-0.00023797341621989432,1011,2776332.157348156
random_forest__symptoms_diet_labels,3,oral_social,3,-1.1634016457123808e-05,-3.28084548918417e-05,1011,2776332.157348156
random_forest__symptoms_diet_labels,3,oral_social,4,-1.850586746193761e-05,-0.0002876247705091428,1011,2776332.157348156
random_forest__symptoms_diet_labels,3,oral_social,5,-1.1273416508639222e-06,-0.0002001990351653271,1011,2776332.157348156
random_forest__symptoms_diet_labels,3,fish,1,0.00015120374708701978,0.0005849732242998451,1011,2776332.157348156
random_forest__symptoms_diet_labels,3,fish,2,0.0003253255910333208,0.001658824901084599,1011,2776332.157348156
random_forest__symptoms_diet_labels,3,fish,3,0.000184852337888175,-0.0001779825528188672,1011,2776332.157348156
random_forest__symptoms_diet_labels,3,fish,4,0.000381649217153307,0.0021364179337338696,1011,2776332.157348156
random_forest__symptoms_diet_labels,3,fish,5,-9.684522494501913e-07,-0.00035789846848977014,1011,2776332.157348156
random_forest__symptoms_diet_labels,3,dairy_frequency,1,-0.00019843073596362282,-0.0007547345871319333,1011,2776332.157348156
random_forest__symptoms_diet_labels,3,dairy_frequency,2,-0.0004855662616990719,-0.0025238593873956328,1011,2776332.157348156
random_forest__symptoms_diet_labels,3,dairy_frequency,3,0.00011396817301706497,0.0012936095165075878,1011,2776332.157348156
random_forest__symptoms_diet_labels,3,dairy_frequency,4,-0.0002702280382946287,-0.0019684738903921195,1011,2776332.157348156
random_forest__symptoms_diet_labels,3,dairy_frequency,5,2.680721670603181e-05,0.0006950574831333656,1011,2776332.157348156
random_forest__symptoms_diet_labels,3,dairy_type,1,0.0011013161226013646,0.006170137177171964,1011,2776332.157348156
random_forest__symptoms_diet_labels,3,dairy_type,2,0.0013105329597997428,0.007682637516780999,1011,2776332.157348156
random_forest__symptoms_diet_labels,3,dairy_type,3,0.0015543760348572244,0.009856978519260595,1011,2776332.157348156
random_forest__symptoms_diet_labels,3,dairy_type,4,0.001826680134490527,0.0128566849596925,1011,2776332.157348156
random_forest__symptoms_diet_labels,3,dairy_type,5,0.0015820539685762192,0.009965173703631147,1011,2776332.157348156
random_forest__symptoms_diet_labels,3,wholegrain,1,-0.00012882037585992823,-5.0918107597497375e-05,1011,2776332.157348156
random_forest__symptoms_diet_labels,3,wholegrain,2,-0.00026683858876230815,-0.001575806085117204,1011,2776332.157348156
random_forest__symptoms_diet_labels,3,wholegrain,3,-0.00014693465360551827,-0.0013103663006427402,1011,2776332.157348156
random_forest__symptoms_diet_labels,3,wholegrain,4,-8.28620751084641e-05,-0.0005079052234187031,1011,2776332.157348156
random_forest__symptoms_diet_labels,3,wholegrain,5,-0.00024715322925872307,-0.0005582506286724298,1011,2776332.157348156
random_forest__symptoms_diet_labels,3,legumes,1,-5.4159870176900826e-05,-0.00038745314068344694,1011,2776332.157348156
random_forest__symptoms_diet_labels,3,legumes,2,-4.3547480048783394e-05,-0.0002556168335675624,1011,2776332.157348156
random_forest__symptoms_diet_labels,3,legumes,3,2.1494764302548708e-05,-5.5849159646625957e-05,1011,2776332.157348156
random_forest__symptoms_diet_labels,3,legumes,4,0.0001162335825128924,0.00042929450087070276,1011,2776332.157348156
random_forest__symptoms_diet_labels,3,legumes,5,-2.058298320978258e-06,0.0006089981521351095,1011,2776332.157348156
random_forest__symptoms_diet_labels,3,fruit_days,1,4.865070594375909e-05,0.0034365411845829197,1011,2776332.157348156
random_forest__symptoms_diet_labels,3,fruit_days,2,-0.00039646147839217383,-0.0016235246390159386,1011,2776332.157348156
random_forest__symptoms_diet_labels,3,fruit_days,3,-0.00085962628171668,-0.005054060878198485,1011,2776332.157348156
random_forest__symptoms_diet_labels,3,fruit_days,4,-0.0019334051481846581,-0.009758010228400615,1011,2776332.157348156
random_forest__symptoms_diet_labels,3,fruit_days,5,0.00024788179772861074,0.0022178900100440213,1011,2776332.157348156
random_forest__symptoms_diet_labels,3,fruit_portions,1,0.00024157879986483333,0.0024647917557162335,1011,2776332.157348156
random_forest__symptoms_diet_labels,3,fruit_portions,2,0.0006370062675491173,0.0034143876009740115,1011,2776332.157348156
random_forest__symptoms_diet_labels,3,fruit_portions,3,0.000918103407863996,0.00334959970252402,1011,2776332.157348156
random_forest__symptoms_diet_labels,3,fruit_portions,4,0.00038009207818351376,0.002460995223768636,1011,2776332.157348156
random_forest__symptoms_diet_labels,3,fruit_portions,5,0.00021740783117743523,0.0008325207586262762,1011,2776332.157348156
random_forest__symptoms_diet_labels,3,vegetable_days,1,0.0002845680160221964,0.0017668063954258129,1011,2776332.157348156
random_forest__symptoms_diet_labels,3,vegetable_days,2,0.00024844313951175034,0.0006591363241194026,1011,2776332.157348156
random_forest__symptoms_diet_labels,3,vegetable_days,3,0.00030473175510950523,0.0007434759635440713,1011,2776332.157348156
random_forest__symptoms_diet_labels,3,vegetable_days,4,0.0005636700339486378,0.00204484213392242,1011,2776332.157348156
random_forest__symptoms_diet_labels,3,vegetable_days,5,0.00042327336259889714,0.0012328223371489422,1011,2776332.157348156
random_forest__symptoms_diet_labels,3,vegetable_portions,1,-0.0005024647575805063,-0.0023158349299093883,1011,2776332.157348156
random_forest__symptoms_diet_labels,3,vegetable_portions,2,-6.48955136509366e-05,0.0005518981303517245,1011,2776332.157348156
random_forest__symptoms_diet_labels,3,vegetable_portions,3,0.00020214278250743623,0.0024993495136572674,1011,2776332.157348156
random_forest__symptoms_diet_labels,3,vegetable_portions,4,-0.00034319937366988906,-0.0010522416897219555,1011,2776332.157348156
random_forest__symptoms_diet_labels,3,vegetable_portions,5,-0.00015581231325279,-9.702153956159254e-05,1011,2776332.157348156
random_forest__symptoms_diet_labels,3,water,1,0.00022375166480614883,0.0007382833679209222,1011,2776332.157348156
random_forest__symptoms_diet_labels,3,water,2,-0.00018401863031294874,-0.0006735723818428463,1011,2776332.157348156
random_forest__symptoms_diet_labels,3,water,3,-0.0002752452185189047,-0.0006216559493691376,1011,2776332.157348156
random_forest__symptoms_diet_labels,3,water,4,-0.00015018499723545853,-0.0009838568227468203,1011,2776332.157348156
random_forest__symptoms_diet_labels,3,water,5,-0.0003196267121402252,-0.0006968270791996023,1011,2776332.157348156
random_forest__symptoms_diet_labels,3,soda_frequency,1,-0.0001971550882490236,-0.0024216437124747747,1011,2776332.157348156
random_forest__symptoms_diet_labels,3,soda_frequency,2,0.00028174592559593314,0.0009886937550910302,1011,2776332.157348156
random_forest__symptoms_diet_labels,3,soda_frequency,3,-0.0002190526690604988,-0.0015731495497449677,1011,2776332.157348156
random_forest__symptoms_diet_labels,3,soda_frequency,4,-0.0012064442924080987,-0.007661525788915102,1011,2776332.157348156
random_forest__symptoms_diet_labels,3,soda_frequency,5,0.0001354853292279412,0.00014598120511821744,1011,2776332.157348156
random_forest__symptoms_diet_labels,3,juice_frequency,1,0.001385121831424918,0.005747398401478199,1011,2776332.157348156
random_forest__symptoms_diet_labels,3,juice_frequency,2,-0.005252155953395149,-0.02595620207296767,1011,2776332.157348156
random_forest__symptoms_diet_labels,3,juice_frequency,3,-0.0008734574782018334,-0.007025677206225045,1011,2776332.157348156
random_forest__symptoms_diet_labels,3,juice_frequency,4,-0.001156064736369783,-0.011333125208922712,1011,2776332.157348156
random_forest__symptoms_diet_labels,3,juice_frequency,5,0.00026492241113840187,-0.003723885819192918,1011,2776332.157348156
random_forest__symptoms_diet_labels,3,oil,1,0.0,0.0,1011,2776332.157348156
random_forest__symptoms_diet_labels,3,oil,2,0.0,0.0,1011,2776332.157348156
random_forest__symptoms_diet_labels,3,oil,3,0.0,0.0,1011,2776332.157348156
random_forest__symptoms_diet_labels,3,oil,4,0.0,0.0,1011,2776332.157348156
random_forest__symptoms_diet_labels,3,oil,5,0.0,0.0,1011,2776332.157348156
random_forest__symptoms_diet_labels,3,soda_glasses_daily,1,-0.0009241201875017646,-0.004306757283124019,1011,2776332.157348156
random_forest__symptoms_diet_labels,3,soda_glasses_daily,2,-0.0004895745860878931,-0.001029378482350185,1011,2776332.157348156
random_forest__symptoms_diet_labels,3,soda_glasses_daily,3,-0.00015105615740210188,0.0005789384294468958,1011,2776332.157348156
random_forest__symptoms_diet_labels,3,soda_glasses_daily,4,-0.0001310382102642782,-0.0003197790981059878,1011,2776332.157348156
random_forest__symptoms_diet_labels,3,soda_glasses_daily,5,0.0008571629885853749,0.005377786283136676,1011,2776332.157348156
random_forest__symptoms_diet_labels,3,juice_glasses_daily,1,0.00018420233704499744,0.0004478437181164585,1011,2776332.157348156
random_forest__symptoms_diet_labels,3,juice_glasses_daily,2,-0.002448225174985441,-0.012543647848426098,1011,2776332.157348156
random_forest__symptoms_diet_labels,3,juice_glasses_daily,3,-0.0018002777703340633,-0.009825586053366808,1011,2776332.157348156
random_forest__symptoms_diet_labels,3,juice_glasses_daily,4,-3.771752182812893e-05,-0.0006027461246038701,1011,2776332.157348156
random_forest__symptoms_diet_labels,3,juice_glasses_daily,5,-0.0004104696285504028,-0.0033237421138557766,1011,2776332.157348156
random_forest__symptoms_diet_labels,3,label_ingredients,1,-3.50165935235347e-05,-4.1154420161171323e-05,1011,2776332.157348156
random_forest__symptoms_diet_labels,3,label_ingredients,2,-9.298723148917776e-05,-0.0004404498172171367,1011,2776332.157348156
random_forest__symptoms_diet_labels,3,label_ingredients,3,1.1571525353498702e-05,0.0005940360738404538,1011,2776332.157348156
random_forest__symptoms_diet_labels,3,label_ingredients,4,0.00013740060249223252,0.00039379848541898355,1011,2776332.157348156
random_forest__symptoms_diet_labels,3,label_ingredients,5,5.634924018591003e-05,-0.00011806295569349867,1011,2776332.157348156
random_forest__symptoms_diet_labels,3,label_nutrition,1,8.948524443003203e-05,0.000906715030013161,1011,2776332.157348156
random_forest__symptoms_diet_labels,3,label_nutrition,2,6.0125230846447275e-05,0.0006455830318606859,1011,2776332.157348156
random_forest__symptoms_diet_labels,3,label_nutrition,3,3.7182845701866363e-06,-3.2098463270457955e-05,1011,2776332.157348156
random_forest__symptoms_diet_labels,3,label_nutrition,4,-4.728750924240521e-05,-0.0005711820419189717,1011,2776332.157348156
random_forest__symptoms_diet_labels,3,label_nutrition,5,-1.2247661510228491e-05,0.00023758277792651494,1011,2776332.157348156
random_forest__symptoms_diet_labels,3,label_warnings,1,-0.00025237248321827166,-0.004035871263338708,1011,2776332.157348156
random_forest__symptoms_diet_labels,3,label_warnings,2,8.656133846085545e-05,-0.0015383946715974428,1011,2776332.157348156
random_forest__symptoms_diet_labels,3,label_warnings,3,0.00034170432973149034,-9.189931418418507e-05,1011,2776332.157348156
random_forest__symptoms_diet_labels,3,label_warnings,4,0.00014724690227382875,-0.002024392667561159,1011,2776332.157348156
random_forest__symptoms_diet_labels,3,label_warnings,5,0.00040083592133099977,0.0005004607093580526,1011,2776332.157348156
random_forest__symptoms_diet_labels,3,label_health,1,-5.7860591576142095e-05,-0.0006293887687577326,1011,2776332.157348156
random_forest__symptoms_diet_labels,3,label_health,2,1.3412507193916179e-05,-0.00031678900769471774,1011,2776332.157348156
random_forest__symptoms_diet_labels,3,label_health,3,2.5083799490094316e-05,-0.0006799003789953462,1011,2776332.157348156
random_forest__symptoms_diet_labels,3,label_health,4,-9.784189623388007e-05,-0.0005405581053350428,1011,2776332.157348156
random_forest__symptoms_diet_labels,3,label_health,5,-7.058249734578914e-05,-0.000781293833866048,1011,2776332.157348156
random_forest__symptoms_diet_labels,3,label_brand,1,1.8229350544712863e-05,0.0007652559154512906,1011,2776332.157348156
random_forest__symptoms_diet_labels,3,label_brand,2,-7.254904333220402e-05,0.0005090002294378948,1011,2776332.157348156
random_forest__symptoms_diet_labels,3,label_brand,3,0.0002591218736847922,0.0013905659453300467,1011,2776332.157348156
random_forest__symptoms_diet_labels,3,label_brand,4,3.0132555686041007e-05,0.0006996821695069988,1011,2776332.157348156
random_forest__symptoms_diet_labels,3,label_brand,5,0.0002667959884939397,0.0009332793592944366,1011,2776332.157348156
random_forest__symptoms_diet_labels,3,label_discounts,1,-6.286577187583631e-05,-0.0012347338598315272,1011,2776332.157348156
random_forest__symptoms_diet_labels,3,label_discounts,2,0.0005323212274332967,0.00442919899816252,1011,2776332.157348156
random_forest__symptoms_diet_labels,3,label_discounts,3,-6.622692128893659e-06,-0.0010491323065231484,1011,2776332.157348156
random_forest__symptoms_diet_labels,3,label_discounts,4,-2.2458188828622383e-06,0.0006294603258818476,1011,2776332.157348156
random_forest__symptoms_diet_labels,3,label_discounts,5,-0.0001549216265593345,-0.0014633334954093913,1011,2776332.157348156
random_forest__symptoms_diet_labels,4,age,1,0.0033961061301568396,0.02884251895599088,1007,2777806.4952178
random_forest__symptoms_diet_labels,4,age,2,0.004081865726292516,0.025753583167780425,1007,2777806.4952178
random_forest__symptoms_diet_labels,4,age,3,0.0011028530900174804,0.011062317733098515,1007,2777806.4952178
random_forest__symptoms_diet_labels,4,age,4,0.0027760556968629557,0.02556027394877547,1007,2777806.4952178
random_forest__symptoms_diet_labels,4,age,5,0.003075414608334215,0.02339330112211946,1007,2777806.4952178
random_forest__symptoms_diet_labels,4,sex,1,0.0008489825323310662,0.002423631250113245,1007,2777806.4952178
random_forest__symptoms_diet_labels,4,sex,2,0.0013064948046704605,0.0021218147841695068,1007,2777806.4952178
random_forest__symptoms_diet_labels,4,sex,3,0.0007887021334899713,-0.0001676730890574074,1007,2777806.4952178
random_forest__symptoms_diet_labels,4,sex,4,0.0016521840784228803,0.006900712465020886,1007,2777806.4952178
random_forest__symptoms_diet_labels,4,sex,5,0.0012423419779784839,0.006388994589291208,1007,2777806.4952178
random_forest__symptoms_diet_labels,4,region,1,0.0008026773566020828,0.007269637408875984,1007,2777806.4952178
random_forest__symptoms_diet_labels,4,region,2,0.00047709925863703706,0.004826235138017276,1007,2777806.4952178
random_forest__symptoms_diet_labels,4,region,3,0.00021498753545895477,0.003615846863646688,1007,2777806.4952178
random_forest__symptoms_diet_labels,4,region,4,0.0006997517100107709,0.006865262676454598,1007,2777806.4952178
random_forest__symptoms_diet_labels,4,region,5,0.0011637259941374711,0.008524002782103413,1007,2777806.4952178
random_forest__symptoms_diet_labels,4,rural,1,-4.63942508366344e-05,-0.00028009127361505737,1007,2777806.4952178
random_forest__symptoms_diet_labels,4,rural,2,-0.00011487898486775561,-0.000954732883813425,1007,2777806.4952178
random_forest__symptoms_diet_labels,4,rural,3,-7.584655813011598e-05,-0.0013702031116045177,1007,2777806.4952178
random_forest__symptoms_diet_labels,4,rural,4,-5.787686936037373e-05,-0.0012925849299005865,1007,2777806.4952178
random_forest__symptoms_diet_labels,4,rural,5,-0.00010704445299908327,-0.0010455018144952533,1007,2777806.4952178
random_forest__symptoms_diet_labels,4,education,1,0.00032131285447353775,0.0006844516669251011,1007,2777806.4952178
random_forest__symptoms_diet_labels,4,education,2,-0.0005627932745538855,-0.005368688282860079,1007,2777806.4952178
random_forest__symptoms_diet_labels,4,education,3,0.001375748101223817,0.008065733583456192,1007,2777806.4952178
random_forest__symptoms_diet_labels,4,education,4,0.00026276791418280987,0.0008831896108065784,1007,2777806.4952178
random_forest__symptoms_diet_labels,4,education,5,0.0005828690787520185,0.00340649043463237,1007,2777806.4952178
random_forest__symptoms_diet_labels,4,indigenous,1,-1.6660434032506055e-05,-0.0005134634676401406,1007,2777806.4952178
random_forest__symptoms_diet_labels,4,indigenous,2,2.4066206988720973e-05,-2.0430669641746668e-05,1007,2777806.4952178
random_forest__symptoms_diet_labels,4,indigenous,3,-9.145279500144543e-05,-0.0006780273708806295,1007,2777806.4952178
random_forest__symptoms_diet_labels,4,indigenous,4,6.274024076960427e-05,0.00025234906809989965,1007,2777806.4952178
random_forest__symptoms_diet_labels,4,indigenous,5,-5.178004176825679e-05,-0.00039660027824517385,1007,2777806.4952178
random_forest__symptoms_diet_labels,4,born_chile,1,1.073994289063629e-05,0.00017119877759652624,1007,2777806.4952178
random_forest__symptoms_diet_labels,4,born_chile,2,-8.385490972706577e-07,-7.224527714111417e-05,1007,2777806.4952178
random_forest__symptoms_diet_labels,4,born_chile,3,-6.590080612683957e-06,2.4372983750797772e-05,1007,2777806.4952178
random_forest__symptoms_diet_labels,4,born_chile,4,4.20363673170332e-06,2.7072921261805938e-05,1007,2777806.4952178
random_forest__symptoms_diet_labels,4,born_chile,5,1.2221749742025168e-05,0.00012997478703280496,1007,2777806.4952178
random_forest__symptoms_diet_labels,4,teeth_remaining,1,0.0006898677744401616,0.003231887977128256,1007,2777806.4952178
random_forest__symptoms_diet_labels,4,teeth_remaining,2,0.0028981258437398294,0.017714185555687822,1007,2777806.4952178
random_forest__symptoms_diet_labels,4,teeth_remaining,3,0.00014517193983029641,0.002480904006042506,1007,2777806.4952178
random_forest__symptoms_diet_labels,4,teeth_remaining,4,-7.246497466792401e-05,-0.0007110390207301087,1007,2777806.4952178
random_forest__symptoms_diet_labels,4,teeth_remaining,5,0.0015415293369689664,0.010712868969932954,1007,2777806.4952178
random_forest__symptoms_diet_labels,4,income_band,1,0.00010749836742518504,-0.0018881522013313168,1007,2777806.4952178
random_forest__symptoms_diet_labels,4,income_band,2,0.0007059464295010032,0.0023282836248361694,1007,2777806.4952178
random_forest__symptoms_diet_labels,4,income_band,3,-9.925176819813863e-05,-0.0008529765137554879,1007,2777806.4952178
random_forest__symptoms_diet_labels,4,income_band,4,-0.00017941122496414885,-0.004775571911539878,1007,2777806.4952178
random_forest__symptoms_diet_labels,4,income_band,5,0.00019865380606329253,-0.00037554984415533177,1007,2777806.4952178
random_forest__symptoms_diet_labels,4,health_insurance,1,-0.00018678505313277083,-0.0022974906746285884,1007,2777806.4952178
random_forest__symptoms_diet_labels,4,health_insurance,2,7.255890940527365e-06,-0.000739093495978449,1007,2777806.4952178
random_forest__symptoms_diet_labels,4,health_insurance,3,6.295690943317056e-05,-3.204315639904198e-05,1007,2777806.4952178
random_forest__symptoms_diet_labels,4,health_insurance,4,7.230573413080643e-05,-0.0014464444124433484,1007,2777806.4952178
random_forest__symptoms_diet_labels,4,health_insurance,5,-0.0005737718679733328,-0.0054271848424151115,1007,2777806.4952178
random_forest__symptoms_diet_labels,4,smoking_status,1,0.00017409156172976115,0.0005246719771349051,1007,2777806.4952178
random_forest__symptoms_diet_labels,4,smoking_status,2,0.0004247078650891356,0.0045525879841922245,1007,2777806.4952178
random_forest__symptoms_diet_labels,4,smoking_status,3,0.0003656080249841154,0.0016764786535381493,1007,2777806.4952178
random_forest__symptoms_diet_labels,4,smoking_status,4,0.0002575905572723969,0.002141962902297845,1007,2777806.4952178
random_forest__symptoms_diet_labels,4,smoking_status,5,0.0010204887367582793,0.004285630762719261,1007,2777806.4952178
random_forest__symptoms_diet_labels,4,diabetes_reported,1,-1.4482812958266367e-05,-0.00096077585386245,1007,2777806.4952178
random_forest__symptoms_diet_labels,4,diabetes_reported,2,0.00014180776608976875,0.00016091845002197402,1007,2777806.4952178
random_forest__symptoms_diet_labels,4,diabetes_reported,3,0.00015838077001650852,0.0002300668989356769,1007,2777806.4952178
random_forest__symptoms_diet_labels,4,diabetes_reported,4,0.0001329517094048882,0.00028719236748242505,1007,2777806.4952178
random_forest__symptoms_diet_labels,4,diabetes_reported,5,-5.1280767996014776e-05,-0.0009385528915037966,1007,2777806.4952178
random_forest__symptoms_diet_labels,4,dental_visit,1,0.0014102704882593964,0.008422285320882406,1007,2777806.4952178
random_forest__symptoms_diet_labels,4,dental_visit,2,0.0005692818176682435,0.003740428072503521,1007,2777806.4952178
random_forest__symptoms_diet_labels,4,dental_visit,3,0.0004669287211667428,0.0025608462072383986,1007,2777806.4952178
random_forest__symptoms_diet_labels,4,dental_visit,4,0.0017502842008769726,0.011551258983646395,1007,2777806.4952178
random_forest__symptoms_diet_labels,4,dental_visit,5,0.0007427266117167042,0.0053458659895838645,1007,2777806.4952178
random_forest__symptoms_diet_labels,4,dental_visit_reason,1,0.003312432704753815,0.020996204663197404,1007,2777806.4952178
random_forest__symptoms_diet_labels,4,dental_visit_reason,2,0.001661367822426596,0.010746607990769874,1007,2777806.4952178
random_forest__symptoms_diet_labels,4,dental_visit_reason,3,0.0004985452317440853,0.0035298964513156283,1007,2777806.4952178
random_forest__symptoms_diet_labels,4,dental_visit_reason,4,0.0023264578398506652,0.015313407328132578,1007,2777806.4952178
random_forest__symptoms_diet_labels,4,dental_visit_reason,5,0.003753090034283507,0.020227938846450466,1007,2777806.4952178
random_forest__symptoms_diet_labels,4,dental_access,1,0.0003704876550981451,0.0015425754972520078,1007,2777806.4952178
random_forest__symptoms_diet_labels,4,dental_access,2,0.0005129515926914907,0.0016078128500374156,1007,2777806.4952178
random_forest__symptoms_diet_labels,4,dental_access,3,8.955168300517347e-05,0.00032302048068511,1007,2777806.4952178
random_forest__symptoms_diet_labels,4,dental_access,4,-2.128622690697468e-05,-0.0012543976805139412,1007,2777806.4952178
random_forest__symptoms_diet_labels,4,dental_access,5,-2.697870812479186e-05,-0.0003932958541764675,1007,2777806.4952178
random_forest__symptoms_diet_labels,4,household_water_source,1,-4.242767336365416e-05,-0.00022944351963405385,1007,2777806.4952178
random_forest__symptoms_diet_labels,4,household_water_source,2,-6.194054517183467e-06,-1.8958772285637693e-05,1007,2777806.4952178
random_forest__symptoms_diet_labels,4,household_water_source,3,-3.445044630270844e-05,-0.0003605900840168985,1007,2777806.4952178
random_forest__symptoms_diet_labels,4,household_water_source,4,-3.014740560403073e-05,-0.00014626181850641018,1007,2777806.4952178
random_forest__symptoms_diet_labels,4,household_water_source,5,4.701577239529797e-06,0.00012853756994446464,1007,2777806.4952178
random_forest__symptoms_diet_labels,4,rural_water_consumption,1,-1.815224432549778e-05,0.00016750121670616736,1007,2777806.4952178
random_forest__symptoms_diet_labels,4,rural_water_consumption,2,0.00013681764850947964,0.0002118693735280175,1007,2777806.4952178
random_forest__symptoms_diet_labels,4,rural_water_consumption,3,0.0001433235102982211,0.00037361081880693536,1007,2777806.4952178
random_forest__symptoms_diet_labels,4,rural_water_consumption,4,9.138460533492099e-05,-0.00042864683285426253,1007,2777806.4952178
random_forest__symptoms_diet_labels,4,rural_water_consumption,5,8.462595725167166e-05,-0.00021296370807022402,1007,2777806.4952178
random_forest__symptoms_diet_labels,4,oral_health_selfrating,1,0.007864510563567434,0.05531400959534871,1007,2777806.4952178
random_forest__symptoms_diet_labels,4,oral_health_selfrating,2,0.0046052253079588434,0.03489653647967095,1007,2777806.4952178
random_forest__symptoms_diet_labels,4,oral_health_selfrating,3,0.008637818062325497,0.06968559027704868,1007,2777806.4952178
random_forest__symptoms_diet_labels,4,oral_health_selfrating,4,0.005568131883814109,0.03860801994390206,1007,2777806.4952178
random_forest__symptoms_diet_labels,4,oral_health_selfrating,5,0.005306179240835374,0.03622246754863423,1007,2777806.4952178
random_forest__symptoms_diet_labels,4,oral_pain,1,0.0012455727327012889,0.00794546015468367,1007,2777806.4952178
random_forest__symptoms_diet_labels,4,oral_pain,2,-0.00027301678415181385,-0.003173368120548248,1007,2777806.4952178
random_forest__symptoms_diet_labels,4,oral_pain,3,-0.001349348018681168,-0.014131442550124329,1007,2777806.4952178
random_forest__symptoms_diet_labels,4,oral_pain,4,-5.6811625361835594e-05,-0.004307923002880409,1007,2777806.4952178
random_forest__symptoms_diet_labels,4,oral_pain,5,0.00020551736616922223,-0.0005748771561577826,1007,2777806.4952178
random_forest__symptoms_diet_labels,4,oral_speech,1,5.599075208195803e-07,9.462186827313701e-05,1007,2777806.4952178
random_forest__symptoms_diet_labels,4,oral_speech,2,-1.0234164938976997e-05,-0.0005231965035246144,1007,2777806.4952178
random_forest__symptoms_diet_labels,4,oral_speech,3,8.80121995777694e-06,0.00029783837617591846,1007,2777806.4952178
random_forest__symptoms_diet_labels,4,oral_speech,4,2.2500127038554973e-05,0.0004769165313158741,1007,2777806.4952178
random_forest__symptoms_diet_labels,4,oral_speech,5,5.3182539884094604e-05,0.00042486403978769793,1007,2777806.4952178
random_forest__symptoms_diet_labels,4,oral_eating,1,0.0002487794004786825,0.0012042235000608859,1007,2777806.4952178
random_forest__symptoms_diet_labels,4,oral_eating,2,0.0004153898657294208,0.0017575762810086992,1007,2777806.4952178
random_forest__symptoms_diet_labels,4,oral_eating,3,0.0003568421509198283,0.0006144181416234407,1007,2777806.4952178
random_forest__symptoms_diet_labels,4,oral_eating,4,-0.00026713013524787277,-0.0019907769016729304,1007,2777806.4952178
random_forest__symptoms_diet_labels,4,oral_eating,5,-0.0002606785830627234,-0.002429931014097386,1007,2777806.4952178
random_forest__symptoms_diet_labels,4,oral_daily_activities,1,0.00012141823067304824,0.0005669822352840637,1007,2777806.4952178
random_forest__symptoms_diet_labels,4,oral_daily_activities,2,6.267020955222358e-05,0.0004547874716054334,1007,2777806.4952178
random_forest__symptoms_diet_labels,4,oral_daily_activities,3,2.6058933036171572e-05,8.441402755909877e-05,1007,2777806.4952178
random_forest__symptoms_diet_labels,4,oral_daily_activities,4,0.0001632382469392013,0.0007225162657816808,1007,2777806.4952178
random_forest__symptoms_diet_labels,4,oral_daily_activities,5,-7.103164776434134e-05,-0.00039467339384824385,1007,2777806.4952178
random_forest__symptoms_diet_labels,4,oral_social,1,-2.1832158470513896e-06,-9.523860037297105e-05,1007,2777806.4952178
random_forest__symptoms_diet_labels,4,oral_social,2,-8.627412130035594e-05,-0.0005595476472135541,1007,2777806.4952178
random_forest__symptoms_diet_labels,4,oral_social,3,8.221801122948458e-06,3.9830164083931585e-05,1007,2777806.4952178
random_forest__symptoms_diet_labels,4,oral_social,4,7.247704630819474e-05,-0.0004326343678746625,1007,2777806.4952178
random_forest__symptoms_diet_labels,4,oral_social,5,-5.46872051203906e-05,-0.00015854351136124212,1007,2777806.4952178
random_forest__symptoms_diet_labels,4,fish,1,7.891626419134767e-05,0.0039004453015386575,1007,2777806.4952178
random_forest__symptoms_diet_labels,4,fish,2,0.00012275423752380887,0.00039115092729336,1007,2777806.4952178
random_forest__symptoms_diet_labels,4,fish,3,-9.169700815667148e-05,0.0029857892821441023,1007,2777806.4952178
random_forest__symptoms_diet_labels,4,fish,4,-0.0004185339840926394,-0.0010689611446180747,1007,2777806.4952178
random_forest__symptoms_diet_labels,4,fish,5,-0.0004079679092161559,-0.001858838099148885,1007,2777806.4952178
random_forest__symptoms_diet_labels,4,dairy_frequency,1,-9.695512509083626e-05,-0.002071616787286068,1007,2777806.4952178
random_forest__symptoms_diet_labels,4,dairy_frequency,2,0.0003078118701924093,0.0005966181934367043,1007,2777806.4952178
random_forest__symptoms_diet_labels,4,dairy_frequency,3,-0.0003295074635926709,-0.0011248463071513726,1007,2777806.4952178
random_forest__symptoms_diet_labels,4,dairy_frequency,4,-0.0005555669736262425,-0.002478406560669999,1007,2777806.4952178
random_forest__symptoms_diet_labels,4,dairy_frequency,5,0.00037237833416550736,0.0029312229743130302,1007,2777806.4952178
random_forest__symptoms_diet_labels,4,dairy_type,1,0.0003410927483472326,0.0020284008969037037,1007,2777806.4952178
random_forest__symptoms_diet_labels,4,dairy_type,2,0.00039359074828679286,0.003153586704404243,1007,2777806.4952178
random_forest__symptoms_diet_labels,4,dairy_type,3,0.0001193295915603576,0.00034743065628395353,1007,2777806.4952178
random_forest__symptoms_diet_labels,4,dairy_type,4,0.0005813751909334308,0.004258052593627992,1007,2777806.4952178
random_forest__symptoms_diet_labels,4,dairy_type,5,-0.00020766916080763864,-0.0003698652728698626,1007,2777806.4952178
random_forest__symptoms_diet_labels,4,wholegrain,1,-0.0003918645711219748,-0.003718809654896016,1007,2777806.4952178
random_forest__symptoms_diet_labels,4,wholegrain,2,-0.0003341574524044211,-0.004482134453737685,1007,2777806.4952178
random_forest__symptoms_diet_labels,4,wholegrain,3,-0.0003678815725654816,-0.002836173835657818,1007,2777806.4952178
random_forest__symptoms_diet_labels,4,wholegrain,4,-0.00040966724551907974,-0.004896036129072967,1007,2777806.4952178
random_forest__symptoms_diet_labels,4,wholegrain,5,-0.0002292714605129642,-0.003741902409821196,1007,2777806.4952178
random_forest__symptoms_diet_labels,4,legumes,1,-0.0002994090043516584,-0.002337351917597208,1007,2777806.4952178
random_forest__symptoms_diet_labels,4,legumes,2,-8.293480176191359e-05,-0.0009643187709038603,1007,2777806.4952178
random_forest__symptoms_diet_labels,4,legumes,3,-0.00022204608417042415,-0.0018650186757951381,1007,2777806.4952178
random_forest__symptoms_diet_labels,4,legumes,4,6.796089715965792e-05,-0.0005312066935401205,1007,2777806.4952178
random_forest__symptoms_diet_labels,4,legumes,5,-0.00018289681792604817,-0.001202672706458352,1007,2777806.4952178
random_forest__symptoms_diet_labels,4,fruit_days,1,5.166308525955676e-06,-0.0007002276661126627,1007,2777806.4952178
random_forest__symptoms_diet_labels,4,fruit_days,2,-0.0001469057014528985,-0.000992715420880308,1007,2777806.4952178
random_forest__symptoms_diet_labels,4,fruit_days,3,-0.0004110340380718558,-0.0031438896575048947,1007,2777806.4952178
random_forest__symptoms_diet_labels,4,fruit_days,4,0.00031517206577441614,0.0033612259696578217,1007,2777806.4952178
random_forest__symptoms_diet_labels,4,fruit_days,5,3.624803813659372e-05,-0.0005796915237442635,1007,2777806.4952178
random_forest__symptoms_diet_labels,4,fruit_portions,1,0.0002061030190545765,0.0006128533583577012,1007,2777806.4952178
random_forest__symptoms_diet_labels,4,fruit_portions,2,0.00029046613166025526,0.00048372250011974316,1007,2777806.4952178
random_forest__symptoms_diet_labels,4,fruit_portions,3,0.0003474318847695723,0.0012940592390577876,1007,2777806.4952178
random_forest__symptoms_diet_labels,4,fruit_portions,4,0.00039257204868364814,0.0008617804399490003,1007,2777806.4952178
random_forest__symptoms_diet_labels,4,fruit_portions,5,0.0006791040810326665,0.0038467651607436704,1007,2777806.4952178
random_forest__symptoms_diet_labels,4,vegetable_days,1,0.0008080257533198409,0.005017113409245044,1007,2777806.4952178
random_forest__symptoms_diet_labels,4,vegetable_days,2,0.0006147674129102776,0.004799598236512104,1007,2777806.4952178
random_forest__symptoms_diet_labels,4,vegetable_days,3,0.00043860820324165273,0.0022945848539676073,1007,2777806.4952178
random_forest__symptoms_diet_labels,4,vegetable_days,4,4.486207460352443e-06,-0.002435496200524412,1007,2777806.4952178
random_forest__symptoms_diet_labels,4,vegetable_days,5,9.998464018601272e-05,0.00145925860275109,1007,2777806.4952178
random_forest__symptoms_diet_labels,4,vegetable_portions,1,-0.00038764505063085264,-0.0023361986963378323,1007,2777806.4952178
random_forest__symptoms_diet_labels,4,vegetable_portions,2,-0.0001568788828537615,-0.001615442481350593,1007,2777806.4952178
random_forest__symptoms_diet_labels,4,vegetable_portions,3,-0.00015446858823289777,-0.001150101975129214,1007,2777806.4952178
random_forest__symptoms_diet_labels,4,vegetable_portions,4,-0.00010883662829544449,2.6393192464668758e-05,1007,2777806.4952178
random_forest__symptoms_diet_labels,4,vegetable_portions,5,-9.475656090840445e-05,-0.0006542866986559703,1007,2777806.4952178
random_forest__symptoms_diet_labels,4,water,1,0.0006016396411703262,0.003351291254942379,1007,2777806.4952178
random_forest__symptoms_diet_labels,4,water,2,0.00019921309554951638,0.0014676623317638748,1007,2777806.4952178
random_forest__symptoms_diet_labels,4,water,3,0.0004343892654888881,0.003955433947135045,1007,2777806.4952178
random_forest__symptoms_diet_labels,4,water,4,0.0005343709497468985,0.002427046081239337,1007,2777806.4952178
random_forest__symptoms_diet_labels,4,water,5,0.0006906817022046541,0.0047614248913327994,1007,2777806.4952178
random_forest__symptoms_diet_labels,4,soda_frequency,1,-0.0014146874811205301,-0.009654131462417337,1007,2777806.4952178
random_forest__symptoms_diet_labels,4,soda_frequency,2,-4.0730149232059976e-05,-0.0011922998028960352,1007,2777806.4952178
random_forest__symptoms_diet_labels,4,soda_frequency,3,0.00034627070179898967,0.001333520360140894,1007,2777806.4952178
random_forest__symptoms_diet_labels,4,soda_frequency,4,0.00024215781220185417,0.00025850021065620954,1007,2777806.4952178
random_forest__symptoms_diet_labels,4,soda_frequency,5,0.00031303098281262876,0.0004798350725098155,1007,2777806.4952178
random_forest__symptoms_diet_labels,4,juice_frequency,1,0.0007814871585027916,0.004424253498891195,1007,2777806.4952178
random_forest__symptoms_diet_labels,4,juice_frequency,2,0.0006919629556289553,0.002974953355296628,1007,2777806.4952178
random_forest__symptoms_diet_labels,4,juice_frequency,3,6.934478147710421e-05,-0.001722644449035693,1007,2777806.4952178
random_forest__symptoms_diet_labels,4,juice_frequency,4,0.0003821928140710362,0.00014174738497874095,1007,2777806.4952178
random_forest__symptoms_diet_labels,4,juice_frequency,5,-2.502298035225725e-05,-0.0027577518109737076,1007,2777806.4952178
random_forest__symptoms_diet_labels,4,oil,1,-6.202508737879198e-05,0.00010273201950372624,1007,2777806.4952178
random_forest__symptoms_diet_labels,4,oil,2,-8.260675232626968e-05,3.440622246031477e-05,1007,2777806.4952178
random_forest__symptoms_diet_labels,4,oil,3,-1.9894338642550968e-05,-2.3478032866952603e-05,1007,2777806.4952178
random_forest__symptoms_diet_labels,4,oil,4,9.280941949135757e-05,0.0006177611609693434,1007,2777806.4952178
random_forest__symptoms_diet_labels,4,oil,5,9.687093250720924e-06,0.0004416554002600881,1007,2777806.4952178
random_forest__symptoms_diet_labels,4,soda_glasses_daily,1,-0.0002938360123361239,-0.0036340317678311695,1007,2777806.4952178
random_forest__symptoms_diet_labels,4,soda_glasses_daily,2,-4.3295777418433934e-05,0.00010779613011446809,1007,2777806.4952178
random_forest__symptoms_diet_labels,4,soda_glasses_daily,3,-0.0005973959373387627,-0.005414771133362528,1007,2777806.4952178
random_forest__symptoms_diet_labels,4,soda_glasses_daily,4,0.00025539853359823894,0.0016643200102240963,1007,2777806.4952178
random_forest__symptoms_diet_labels,4,soda_glasses_daily,5,-0.0006343553326105811,-0.004912471850687883,1007,2777806.4952178
random_forest__symptoms_diet_labels,4,juice_glasses_daily,1,0.0004552364830034128,5.233067557619542e-06,1007,2777806.4952178
random_forest__symptoms_diet_labels,4,juice_glasses_daily,2,-0.00019175549167393946,-0.0025247064359108506,1007,2777806.4952178
random_forest__symptoms_diet_labels,4,juice_glasses_daily,3,-0.0001791941993897206,-0.0013941593952295772,1007,2777806.4952178
random_forest__symptoms_diet_labels,4,juice_glasses_daily,4,0.0004474209094063597,0.0021037183651320124,1007,2777806.4952178
random_forest__symptoms_diet_labels,4,juice_glasses_daily,5,0.00011982523617215524,0.0002456896764643224,1007,2777806.4952178
random_forest__symptoms_diet_labels,4,label_ingredients,1,-0.00010908743713741731,-0.0022747747334941337,1007,2777806.4952178
random_forest__symptoms_diet_labels,4,label_ingredients,2,-5.473630968103049e-05,-0.00022112499061877067,1007,2777806.4952178
random_forest__symptoms_diet_labels,4,label_ingredients,3,-0.00034940591282384137,-0.0025249983923050223,1007,2777806.4952178
random_forest__symptoms_diet_labels,4,label_ingredients,4,0.00016291230901277487,-0.0009982516478829195,1007,2777806.4952178
random_forest__symptoms_diet_labels,4,label_ingredients,5,-0.0002985199264337879,-0.00494096283374823,1007,2777806.4952178
random_forest__symptoms_diet_labels,4,label_nutrition,1,0.00027122776121571435,0.0010310140739010487,1007,2777806.4952178
random_forest__symptoms_diet_labels,4,label_nutrition,2,0.0003388280403293087,0.0019368869006070044,1007,2777806.4952178
random_forest__symptoms_diet_labels,4,label_nutrition,3,0.00019413591968373,0.00035870359071721314,1007,2777806.4952178
random_forest__symptoms_diet_labels,4,label_nutrition,4,9.066952241193471e-05,0.0009360395181258196,1007,2777806.4952178
random_forest__symptoms_diet_labels,4,label_nutrition,5,0.0004953550775175231,0.0034927232285356657,1007,2777806.4952178
random_forest__symptoms_diet_labels,4,label_warnings,1,0.00012918919008722551,-0.001995337764093108,1007,2777806.4952178
random_forest__symptoms_diet_labels,4,label_warnings,2,-0.0005582194664245643,-0.0056810345247994,1007,2777806.4952178
random_forest__symptoms_diet_labels,4,label_warnings,3,-0.0010067903089441554,-0.010560537613283572,1007,2777806.4952178
random_forest__symptoms_diet_labels,4,label_warnings,4,-0.00017806368524292404,-0.00408396576068204,1007,2777806.4952178
random_forest__symptoms_diet_labels,4,label_warnings,5,-4.733384786970163e-05,-0.003267224270769975,1007,2777806.4952178
random_forest__symptoms_diet_labels,4,label_health,1,0.0002841373144053805,0.002054837358353434,1007,2777806.4952178
random_forest__symptoms_diet_labels,4,label_health,2,0.00022972541840599048,0.0018296097263288402,1007,2777806.4952178
random_forest__symptoms_diet_labels,4,label_health,3,7.688612348788482e-06,0.0004783463447317615,1007,2777806.4952178
random_forest__symptoms_diet_labels,4,label_health,4,0.00010477814076617631,0.0016266703948050187,1007,2777806.4952178
random_forest__symptoms_diet_labels,4,label_health,5,-0.00027655105695006954,-0.0008838283620937748,1007,2777806.4952178
random_forest__symptoms_diet_labels,4,label_brand,1,0.00036056629150379993,0.0026498561964205525,1007,2777806.4952178
random_forest__symptoms_diet_labels,4,label_brand,2,0.0002582479474454169,0.002116171543686929,1007,2777806.4952178
random_forest__symptoms_diet_labels,4,label_brand,3,-9.973667564819322e-05,-0.00043161533630797777,1007,2777806.4952178
random_forest__symptoms_diet_labels,4,label_brand,4,0.00023789192338360965,0.0012326090981257254,1007,2777806.4952178
random_forest__symptoms_diet_labels,4,label_brand,5,0.00012890834320755662,0.0009206216447171789,1007,2777806.4952178
random_forest__symptoms_diet_labels,4,label_discounts,1,-0.00022707062969590242,-0.0008576862274196628,1007,2777806.4952178
random_forest__symptoms_diet_labels,4,label_discounts,2,-0.00010553936415028109,0.00027026978865474227,1007,2777806.4952178
random_forest__symptoms_diet_labels,4,label_discounts,3,-0.00013593730491243128,-0.0008236235110828938,1007,2777806.4952178
random_forest__symptoms_diet_labels,4,label_discounts,4,0.00010716372635841132,0.0009390251298395658,1007,2777806.4952178
random_forest__symptoms_diet_labels,4,label_discounts,5,-1.2237472696047247e-05,0.0007557202161305732,1007,2777806.4952178
random_forest__symptoms_diet_labels,5,age,1,-0.00023440647833031236,-0.0034657104399804517,1005,2807410.1710247993
random_forest__symptoms_diet_labels,5,age,2,-2.5635360079628855e-05,0.0026497903909314946,1005,2807410.1710247993
random_forest__symptoms_diet_labels,5,age,3,0.00030572353335289737,-0.0017982639483735685,1005,2807410.1710247993
random_forest__symptoms_diet_labels,5,age,4,-0.0010778054870075604,-0.009189503625285256,1005,2807410.1710247993
random_forest__symptoms_diet_labels,5,age,5,-0.0004615536525030828,-0.009349545040636675,1005,2807410.1710247993
random_forest__symptoms_diet_labels,5,sex,1,0.0020868723916923626,0.008843276958647395,1005,2807410.1710247993
random_forest__symptoms_diet_labels,5,sex,2,0.002604674027120696,0.012294333078648134,1005,2807410.1710247993
random_forest__symptoms_diet_labels,5,sex,3,0.002942588824063147,0.018225140228150583,1005,2807410.1710247993
random_forest__symptoms_diet_labels,5,sex,4,0.0008417553013638501,0.0021035618249257704,1005,2807410.1710247993
random_forest__symptoms_diet_labels,5,sex,5,0.002103695275938622,0.012459603660987195,1005,2807410.1710247993
random_forest__symptoms_diet_labels,5,region,1,0.0006348493387653698,0.0041187637526513,1005,2807410.1710247993
random_forest__symptoms_diet_labels,5,region,2,0.0004285232341616485,0.004017868583965023,1005,2807410.1710247993
random_forest__symptoms_diet_labels,5,region,3,0.0004468343496953908,0.0050803708162338035,1005,2807410.1710247993
random_forest__symptoms_diet_labels,5,region,4,0.0003848948330519575,0.002307382083603371,1005,2807410.1710247993
random_forest__symptoms_diet_labels,5,region,5,0.00023348758767088862,0.0027701734448721815,1005,2807410.1710247993
random_forest__symptoms_diet_labels,5,rural,1,0.00010922765951867919,0.0009432733087068046,1005,2807410.1710247993
random_forest__symptoms_diet_labels,5,rural,2,9.353142686571725e-05,0.00063897055449047,1005,2807410.1710247993
random_forest__symptoms_diet_labels,5,rural,3,0.000401939738410767,0.0021375229835461917,1005,2807410.1710247993
random_forest__symptoms_diet_labels,5,rural,4,0.00024434029059475226,0.0021042244864306614,1005,2807410.1710247993
random_forest__symptoms_diet_labels,5,rural,5,6.630456080231051e-05,0.0008746747215151451,1005,2807410.1710247993
random_forest__symptoms_diet_labels,5,education,1,0.0003353415834209117,0.0027174303599745153,1005,2807410.1710247993
random_forest__symptoms_diet_labels,5,education,2,0.00029305812148136545,0.0006537354290144792,1005,2807410.1710247993
random_forest__symptoms_diet_labels,5,education,3,0.0005156032505484742,0.0016227880340532463,1005,2807410.1710247993
random_forest__symptoms_diet_labels,5,education,4,0.0002194977931459785,-0.0011282330122057704,1005,2807410.1710247993
random_forest__symptoms_diet_labels,5,education,5,-0.0009175156652114769,-0.008095627981183573,1005,2807410.1710247993
random_forest__symptoms_diet_labels,5,indigenous,1,0.00014072369858625366,0.0009777761500951998,1005,2807410.1710247993
random_forest__symptoms_diet_labels,5,indigenous,2,0.00014168324302402113,0.0012135750723014649,1005,2807410.1710247993
random_forest__symptoms_diet_labels,5,indigenous,3,7.986896754974548e-05,0.0011454551548382153,1005,2807410.1710247993
random_forest__symptoms_diet_labels,5,indigenous,4,0.00013831443187065084,0.0010474587103409538,1005,2807410.1710247993
random_forest__symptoms_diet_labels,5,indigenous,5,7.047327682541127e-05,0.0009268402290366629,1005,2807410.1710247993
random_forest__symptoms_diet_labels,5,born_chile,1,-1.1310538274883486e-05,-0.00010170336622361553,1005,2807410.1710247993
random_forest__symptoms_diet_labels,5,born_chile,2,-8.82666163765089e-06,-8.235595876449064e-05,1005,2807410.1710247993
random_forest__symptoms_diet_labels,5,born_chile,3,-2.9468003520327635e-05,-7.263587035444274e-05,1005,2807410.1710247993
random_forest__symptoms_diet_labels,5,born_chile,4,-4.457088938064624e-05,-0.0002742261513588584,1005,2807410.1710247993
random_forest__symptoms_diet_labels,5,born_chile,5,-8.909459347311577e-06,0.00010185739311963093,1005,2807410.1710247993
random_forest__symptoms_diet_labels,5,teeth_remaining,1,0.0016414837777518898,0.008838244747736645,1005,2807410.1710247993
random_forest__symptoms_diet_labels,5,teeth_remaining,2,0.0011407832954047348,0.007372323747455556,1005,2807410.1710247993
random_forest__symptoms_diet_labels,5,teeth_remaining,3,-0.000432764015947662,-0.0067668268865620496,1005,2807410.1710247993
random_forest__symptoms_diet_labels,5,teeth_remaining,4,0.0031843240130679795,0.01618167600488296,1005,2807410.1710247993
random_forest__symptoms_diet_labels,5,teeth_remaining,5,0.0020323802834815996,0.018390324697544203,1005,2807410.1710247993
random_forest__symptoms_diet_labels,5,income_band,1,0.0004243019689674221,0.0028732473880797027,1005,2807410.1710247993
random_forest__symptoms_diet_labels,5,income_band,2,0.0009814966070179898,0.0075757447181487025,1005,2807410.1710247993
random_forest__symptoms_diet_labels,5,income_band,3,-0.00021094476642868898,-0.0018469017600921678,1005,2807410.1710247993
random_forest__symptoms_diet_labels,5,income_band,4,-0.0006716546079180152,-0.006226479083310976,1005,2807410.1710247993
random_forest__symptoms_diet_labels,5,income_band,5,0.0002728308791360434,0.003654631286701737,1005,2807410.1710247993
random_forest__symptoms_diet_labels,5,health_insurance,1,-0.00027785711471525754,-0.0008712501701694242,1005,2807410.1710247993
random_forest__symptoms_diet_labels,5,health_insurance,2,0.00011369792355903074,0.0015077833692522802,1005,2807410.1710247993
random_forest__symptoms_diet_labels,5,health_insurance,3,0.0006485450726657072,0.005514012055846229,1005,2807410.1710247993
random_forest__symptoms_diet_labels,5,health_insurance,4,0.00026849704882311864,0.002720182184423048,1005,2807410.1710247993
random_forest__symptoms_diet_labels,5,health_insurance,5,0.00045467023088011094,0.003321298419508567,1005,2807410.1710247993
random_forest__symptoms_diet_labels,5,smoking_status,1,1.865239168225008e-05,0.0012399267585078144,1005,2807410.1710247993
random_forest__symptoms_diet_labels,5,smoking_status,2,0.0006774914731900727,0.003303511111962587,1005,2807410.1710247993
random_forest__symptoms_diet_labels,5,smoking_status,3,0.00014249755014153487,0.000628481834088146,1005,2807410.1710247993
random_forest__symptoms_diet_labels,5,smoking_status,4,0.00014099221774566129,0.0015479635814114046,1005,2807410.1710247993
random_forest__symptoms_diet_labels,5,smoking_status,5,-0.0003212251165157498,-0.0007391021562964672,1005,2807410.1710247993
random_forest__symptoms_diet_labels,5,diabetes_reported,1,0.00023273655790195802,0.002227620536961017,1005,2807410.1710247993
random_forest__symptoms_diet_labels,5,diabetes_reported,2,5.539700478249254e-05,0.0012082044051057172,1005,2807410.1710247993
random_forest__symptoms_diet_labels,5,diabetes_reported,3,0.00015172288482612206,0.0014166881048164326,1005,2807410.1710247993
random_forest__symptoms_diet_labels,5,diabetes_reported,4,2.3590929798006366e-05,0.0007071902008212172,1005,2807410.1710247993
random_forest__symptoms_diet_labels,5,diabetes_reported,5,0.00017591724638671424,0.0018581217844156894,1005,2807410.1710247993
random_forest__symptoms_diet_labels,5,dental_visit,1,0.00041305650383652304,-0.0037297276258090317,1005,2807410.1710247993
random_forest__symptoms_diet_labels,5,dental_visit,2,0.0003839757389596521,-0.0037474810753262977,1005,2807410.1710247993
random_forest__symptoms_diet_labels,5,dental_visit,3,-0.0006521453066548333,-0.009373065962573479,1005,2807410.1710247993
random_forest__symptoms_diet_labels,5,dental_visit,4,-0.0007441574291043862,-0.010565173137505934,1005,2807410.1710247993
random_forest__symptoms_diet_labels,5,dental_visit,5,-7.112166379508178e-05,-0.003179009111684228,1005,2807410.1710247993
random_forest__symptoms_diet_labels,5,dental_visit_reason,1,0.0020130398506102987,0.013013762000677498,1005,2807410.1710247993
random_forest__symptoms_diet_labels,5,dental_visit_reason,2,0.002149443839342763,0.00796625940462592,1005,2807410.1710247993
random_forest__symptoms_diet_labels,5,dental_visit_reason,3,0.001906929707854943,0.008867840487243539,1005,2807410.1710247993
random_forest__symptoms_diet_labels,5,dental_visit_reason,4,0.002620736527824352,0.010555367572092744,1005,2807410.1710247993
random_forest__symptoms_diet_labels,5,dental_visit_reason,5,0.0033202367820847623,0.01113618034025432,1005,2807410.1710247993
random_forest__symptoms_diet_labels,5,dental_access,1,0.0005678003840975943,0.002019784862256069,1005,2807410.1710247993
random_forest__symptoms_diet_labels,5,dental_access,2,-0.00012200441495185954,-0.0038236716257521453,1005,2807410.1710247993
random_forest__symptoms_diet_labels,5,dental_access,3,0.0005851446697041629,0.0021570918326115907,1005,2807410.1710247993
random_forest__symptoms_diet_labels,5,dental_access,4,0.000369480133029787,0.0018050819507807736,1005,2807410.1710247993
random_forest__symptoms_diet_labels,5,dental_access,5,0.0008187940072256206,0.0029483445740666747,1005,2807410.1710247993
random_forest__symptoms_diet_labels,5,household_water_source,1,2.0894971605039947e-05,0.00011088273760095912,1005,2807410.1710247993
random_forest__symptoms_diet_labels,5,household_water_source,2,2.917958777678975e-05,0.00015641095559071339,1005,2807410.1710247993
random_forest__symptoms_diet_labels,5,household_water_source,3,2.2492565597831415e-05,0.0001221415478608323,1005,2807410.1710247993
random_forest__symptoms_diet_labels,5,household_water_source,4,2.411523331091736e-05,0.00014278325610483922,1005,2807410.1710247993
random_forest__symptoms_diet_labels,5,household_water_source,5,9.368065507053824e-06,2.6079238191090148e-05,1005,2807410.1710247993
random_forest__symptoms_diet_labels,5,rural_water_consumption,1,5.583999577896126e-06,0.0004143129765765696,1005,2807410.1710247993
random_forest__symptoms_diet_labels,5,rural_water_consumption,2,0.00015929853195373322,0.001122787981258866,1005,2807410.1710247993
random_forest__symptoms_diet_labels,5,rural_water_consumption,3,0.00023191885256187983,0.0011533611803706822,1005,2807410.1710247993
random_forest__symptoms_diet_labels,5,rural_water_consumption,4,-0.0001347656330631386,-0.0008946474620362688,1005,2807410.1710247993
random_forest__symptoms_diet_labels,5,rural_water_consumption,5,-0.00010326489907633296,-0.0007777060975256989,1005,2807410.1710247993
random_forest__symptoms_diet_labels,5,oral_health_selfrating,1,0.009016466243027682,0.06475928377501694,1005,2807410.1710247993
random_forest__symptoms_diet_labels,5,oral_health_selfrating,2,0.005605932414613157,0.03860897596785495,1005,2807410.1710247993
random_forest__symptoms_diet_labels,5,oral_health_selfrating,3,0.007310441871153928,0.05153477496001335,1005,2807410.1710247993
random_forest__symptoms_diet_labels,5,oral_health_selfrating,4,0.006811305510294852,0.047090098955041904,1005,2807410.1710247993
random_forest__symptoms_diet_labels,5,oral_health_selfrating,5,0.002514593088322109,0.018505335501521003,1005,2807410.1710247993
random_forest__symptoms_diet_labels,5,oral_pain,1,0.0005475858505897546,0.0036252123685619475,1005,2807410.1710247993
random_forest__symptoms_diet_labels,5,oral_pain,2,0.0007418019774439732,0.004684811903500674,1005,2807410.1710247993
random_forest__symptoms_diet_labels,5,oral_pain,3,0.000400201412425083,0.00220958506048452,1005,2807410.1710247993
random_forest__symptoms_diet_labels,5,oral_pain,4,-2.3847315096248156e-05,-0.00028930301239349365,1005,2807410.1710247993
random_forest__symptoms_diet_labels,5,oral_pain,5,-7.815294449056709e-05,-0.0020513649551636703,1005,2807410.1710247993
random_forest__symptoms_diet_labels,5,oral_speech,1,7.171856882934313e-05,0.001952486375754181,1005,2807410.1710247993
random_forest__symptoms_diet_labels,5,oral_speech,2,-4.263169627463648e-05,0.0001170402957502148,1005,2807410.1710247993
random_forest__symptoms_diet_labels,5,oral_speech,3,0.00011900102577130922,0.0012932887165950646,1005,2807410.1710247993
random_forest__symptoms_diet_labels,5,oral_speech,4,5.621456740770303e-05,0.0014034819800420317,1005,2807410.1710247993
random_forest__symptoms_diet_labels,5,oral_speech,5,0.00013728167872781305,0.0015094195876778072,1005,2807410.1710247993
random_forest__symptoms_diet_labels,5,oral_eating,1,0.00048295850182134004,0.004676290900235025,1005,2807410.1710247993
random_forest__symptoms_diet_labels,5,oral_eating,2,0.00029446684200609696,0.0034518585706907468,1005,2807410.1710247993
random_forest__symptoms_diet_labels,5,oral_eating,3,-6.931793971229339e-05,-0.0021437164957187615,1005,2807410.1710247993
random_forest__symptoms_diet_labels,5,oral_eating,4,-0.0004050597275204737,-0.0009932413480367996,1005,2807410.1710247993
random_forest__symptoms_diet_labels,5,oral_eating,5,-0.0002264150762766315,-0.0004308096493527147,1005,2807410.1710247993
random_forest__symptoms_diet_labels,5,oral_daily_activities,1,-5.765172202659707e-06,-0.00012165624102633554,1005,2807410.1710247993
random_forest__symptoms_diet_labels,5,oral_daily_activities,2,-5.287777092577439e-05,-0.0006889655356153712,1005,2807410.1710247993
random_forest__symptoms_diet_labels,5,oral_daily_activities,3,4.532173957880192e-05,-3.936339748955575e-05,1005,2807410.1710247993
random_forest__symptoms_diet_labels,5,oral_daily_activities,4,1.0453872743843018e-06,-0.00023988257979623562,1005,2807410.1710247993
random_forest__symptoms_diet_labels,5,oral_daily_activities,5,-5.606182164688556e-05,7.645094824237919e-05,1005,2807410.1710247993
random_forest__symptoms_diet_labels,5,oral_social,1,-3.1481481540834855e-05,-0.00010350163260619549,1005,2807410.1710247993
random_forest__symptoms_diet_labels,5,oral_social,2,-5.4235727811768886e-05,-0.0005037969699508427,1005,2807410.1710247993
random_forest__symptoms_diet_labels,5,oral_social,3,8.92540269745723e-05,0.0006502232971717925,1005,2807410.1710247993
random_forest__symptoms_diet_labels,5,oral_social,4,-5.491179449504391e-05,-0.00027901691861131894,1005,2807410.1710247993
random_forest__symptoms_diet_labels,5,oral_social,5,-5.511347424488888e-05,-0.00031603001064028913,1005,2807410.1710247993
random_forest__symptoms_diet_labels,5,fish,1,-0.00043104993438430883,-0.003517087689281939,1005,2807410.1710247993
random_forest__symptoms_diet_labels,5,fish,2,-0.0002313631650326664,-0.0012999682618126673,1005,2807410.1710247993
random_forest__symptoms_diet_labels,5,fish,3,-0.0006614389128075382,-0.0034933073557947836,1005,2807410.1710247993
random_forest__symptoms_diet_labels,5,fish,4,6.20878547643311e-05,0.0005606781646843029,1005,2807410.1710247993
random_forest__symptoms_diet_labels,5,fish,5,-0.0003412581000367676,-0.003110752328284283,1005,2807410.1710247993
random_forest__symptoms_diet_labels,5,dairy_frequency,1,5.567031744671547e-05,-0.0007558693817516504,1005,2807410.1710247993
random_forest__symptoms_diet_labels,5,dairy_frequency,2,0.00021480938487966617,0.0004235540303707541,1005,2807410.1710247993
random_forest__symptoms_diet_labels,5,dairy_frequency,3,1.8510000797555826e-05,-0.0009286975028124367,1005,2807410.1710247993
random_forest__symptoms_diet_labels,5,dairy_frequency,4,2.077248415202626e-05,0.000482177179529919,1005,2807410.1710247993
random_forest__symptoms_diet_labels,5,dairy_frequency,5,0.0003016154781562974,0.00030548124381502006,1005,2807410.1710247993
random_forest__symptoms_diet_labels,5,dairy_type,1,-0.0006964298491009269,-0.00574332615977291,1005,2807410.1710247993
random_forest__symptoms_diet_labels,5,dairy_type,2,4.5559340856454744e-05,0.0010036134933714136,1005,2807410.1710247993
random_forest__symptoms_diet_labels,5,dairy_type,3,0.00020861082683754084,0.0017990123368186728,1005,2807410.1710247993
random_forest__symptoms_diet_labels,5,dairy_type,4,-0.0004074104978370463,-0.0032566821335232587,1005,2807410.1710247993
random_forest__symptoms_diet_labels,5,dairy_type,5,-0.0007374505135821774,-0.004954556450383785,1005,2807410.1710247993
random_forest__symptoms_diet_labels,5,wholegrain,1,0.0003394865411640857,0.0019218015397245436,1005,2807410.1710247993
random_forest__symptoms_diet_labels,5,wholegrain,2,0.00013438708567112267,-0.0008381622127811017,1005,2807410.1710247993
random_forest__symptoms_diet_labels,5,wholegrain,3,0.00014967762275289176,-0.0003841532700824546,1005,2807410.1710247993
random_forest__symptoms_diet_labels,5,wholegrain,4,0.0006053666418062431,0.0039012176473289806,1005,2807410.1710247993
random_forest__symptoms_diet_labels,5,wholegrain,5,-7.817684558170113e-05,-0.001897488640300038,1005,2807410.1710247993
random_forest__symptoms_diet_labels,5,legumes,1,0.0005934913320113366,0.005080615440501868,1005,2807410.1710247993
random_forest__symptoms_diet_labels,5,legumes,2,0.0003676016712757524,0.0032903656094706024,1005,2807410.1710247993
random_forest__symptoms_diet_labels,5,legumes,3,0.0005135442112589594,0.004308204979484254,1005,2807410.1710247993
random_forest__symptoms_diet_labels,5,legumes,4,0.0003912205425914417,0.003691781072758249,1005,2807410.1710247993
random_forest__symptoms_diet_labels,5,legumes,5,1.86017531134397e-05,-0.0008426587165216715,1005,2807410.1710247993
random_forest__symptoms_diet_labels,5,fruit_days,1,-0.0002598809864800822,-0.0006087006239626769,1005,2807410.1710247993
random_forest__symptoms_diet_labels,5,fruit_days,2,-0.0002614773602123144,-0.001159972289887068,1005,2807410.1710247993
random_forest__symptoms_diet_labels,5,fruit_days,3,-0.000203744786119342,-0.0012242852976934726,1005,2807410.1710247993
random_forest__symptoms_diet_labels,5,fruit_days,4,0.00016357023999830078,0.0032854344100458066,1005,2807410.1710247993
random_forest__symptoms_diet_labels,5,fruit_days,5,0.00023723735706235316,0.002658518892775019,1005,2807410.1710247993
random_forest__symptoms_diet_labels,5,fruit_portions,1,-0.0005877608696373826,-0.0030654745209056644,1005,2807410.1710247993
random_forest__symptoms_diet_labels,5,fruit_portions,2,-0.0007178095200302825,-0.0011603055136538698,1005,2807410.1710247993
random_forest__symptoms_diet_labels,5,fruit_portions,3,-0.00030320649286336154,0.0006137412398311559,1005,2807410.1710247993
random_forest__symptoms_diet_labels,5,fruit_portions,4,-0.00041930977874005126,-0.0011953244852191958,1005,2807410.1710247993
random_forest__symptoms_diet_labels,5,fruit_portions,5,-0.0008705744284227546,-0.004473638305101724,1005,2807410.1710247993
random_forest__symptoms_diet_labels,5,vegetable_days,1,0.0002623913187617677,0.0018664549252610518,1005,2807410.1710247993
random_forest__symptoms_diet_labels,5,vegetable_days,2,0.00023729933757951627,0.0008818095087322897,1005,2807410.1710247993
random_forest__symptoms_diet_labels,5,vegetable_days,3,-8.245539018153503e-06,-0.0021829883744935996,1005,2807410.1710247993
random_forest__symptoms_diet_labels,5,vegetable_days,4,-0.00033316651980724865,-0.0026872899822427687,1005,2807410.1710247993
random_forest__symptoms_diet_labels,5,vegetable_days,5,5.621171133174396e-05,0.0003511312206869732,1005,2807410.1710247993
random_forest__symptoms_diet_labels,5,vegetable_portions,1,-2.11622203982742e-06,0.001354376896122944,1005,2807410.1710247993
random_forest__symptoms_diet_labels,5,vegetable_portions,2,-0.00014859244593384835,-0.0008667865955802601,1005,2807410.1710247993
random_forest__symptoms_diet_labels,5,vegetable_portions,3,0.00034523478924633477,0.002483917480157749,1005,2807410.1710247993
random_forest__symptoms_diet_labels,5,vegetable_portions,4,-0.0002693669183619074,-0.0018327114193753546,1005,2807410.1710247993
random_forest__symptoms_diet_labels,5,vegetable_portions,5,-3.9709176676366864e-05,-0.0004999835991826851,1005,2807410.1710247993
random_forest__symptoms_diet_labels,5,water,1,-0.0002843128673263029,-0.0018012048917370738,1005,2807410.1710247993
random_forest__symptoms_diet_labels,5,water,2,-0.00025835249449499,-0.002165681380335127,1005,2807410.1710247993
random_forest__symptoms_diet_labels,5,water,3,6.049602498972573e-05,0.0009214463439753962,1005,2807410.1710247993
random_forest__symptoms_diet_labels,5,water,4,-0.0002841557678907036,-0.002571514572935918,1005,2807410.1710247993
random_forest__symptoms_diet_labels,5,water,5,-0.00024442968361795825,-0.0023213800924073436,1005,2807410.1710247993
random_forest__symptoms_diet_labels,5,soda_frequency,1,-0.0005402243225714753,-0.006386040824223227,1005,2807410.1710247993
random_forest__symptoms_diet_labels,5,soda_frequency,2,0.0003451014028583721,0.0011001298179378338,1005,2807410.1710247993
random_forest__symptoms_diet_labels,5,soda_frequency,3,-0.00029099040949948085,-0.00276724457990718,1005,2807410.1710247993
random_forest__symptoms_diet_labels,5,soda_frequency,4,-0.00023669640758747224,-0.0014725700771961447,1005,2807410.1710247993
random_forest__symptoms_diet_labels,5,soda_frequency,5,0.00013275827403516627,0.000676855946518784,1005,2807410.1710247993
random_forest__symptoms_diet_labels,5,juice_frequency,1,0.00013732403298688522,0.0005778701153310584,1005,2807410.1710247993
random_forest__symptoms_diet_labels,5,juice_frequency,2,-0.0001522797707919077,-0.00039835750165106987,1005,2807410.1710247993
random_forest__symptoms_diet_labels,5,juice_frequency,3,-0.00021178167810487203,-0.000671555234336263,1005,2807410.1710247993
random_forest__symptoms_diet_labels,5,juice_frequency,4,-4.112645259279901e-05,0.0001310805764167533,1005,2807410.1710247993
random_forest__symptoms_diet_labels,5,juice_frequency,5,0.0003706098340751085,0.0022960239922558134,1005,2807410.1710247993
random_forest__symptoms_diet_labels,5,oil,1,7.635478767725745e-05,0.0002708256336002579,1005,2807410.1710247993
random_forest__symptoms_diet_labels,5,oil,2,4.191898774502656e-05,0.0003082772153916169,1005,2807410.1710247993
random_forest__symptoms_diet_labels,5,oil,3,2.255224132230449e-05,-3.1205689110969104e-05,1005,2807410.1710247993
random_forest__symptoms_diet_labels,5,oil,4,1.2661075231179542e-05,4.123416537549218e-06,1005,2807410.1710247993
random_forest__symptoms_diet_labels,5,oil,5,4.167552687608933e-05,0.00013534036585038933,1005,2807410.1710247993
random_forest__symptoms_diet_labels,5,soda_glasses_daily,1,0.0004068355007879054,0.0038650025586134396,1005,2807410.1710247993
random_forest__symptoms_diet_labels,5,soda_glasses_daily,2,0.00021009187278300812,0.0024745036460752656,1005,2807410.1710247993
random_forest__symptoms_diet_labels,5,soda_glasses_daily,3,0.0005168485546392931,0.005785145295897465,1005,2807410.1710247993
random_forest__symptoms_diet_labels,5,soda_glasses_daily,4,0.00019005805224087124,0.0018551470351835242,1005,2807410.1710247993
random_forest__symptoms_diet_labels,5,soda_glasses_daily,5,-0.00036323676360699997,-0.001307323533495719,1005,2807410.1710247993
random_forest__symptoms_diet_labels,5,juice_glasses_daily,1,0.0005928010608200751,0.003167267497423354,1005,2807410.1710247993
random_forest__symptoms_diet_labels,5,juice_glasses_daily,2,0.00022539717329392306,0.000490558614441694,1005,2807410.1710247993
random_forest__symptoms_diet_labels,5,juice_glasses_daily,3,0.00040039051631021727,0.002210374014452454,1005,2807410.1710247993
random_forest__symptoms_diet_labels,5,juice_glasses_daily,4,0.00026132387509866795,0.0016744391325563823,1005,2807410.1710247993
random_forest__symptoms_diet_labels,5,juice_glasses_daily,5,8.120885196785665e-05,0.0009616762670247025,1005,2807410.1710247993
random_forest__symptoms_diet_labels,5,label_ingredients,1,-0.0004650942595194607,-0.0049320889097116405,1005,2807410.1710247993
random_forest__symptoms_diet_labels,5,label_ingredients,2,-0.0008749765270010812,-0.007170598246463711,1005,2807410.1710247993
random_forest__symptoms_diet_labels,5,label_ingredients,3,-0.0002792817672600534,-0.0024657600485170628,1005,2807410.1710247993
random_forest__symptoms_diet_labels,5,label_ingredients,4,-3.544682554099121e-05,-0.0008157914686260925,1005,2807410.1710247993
random_forest__symptoms_diet_labels,5,label_ingredients,5,-0.0007969218709185932,-0.005863491607956961,1005,2807410.1710247993
random_forest__symptoms_diet_labels,5,label_nutrition,1,-0.0001596570181671142,-0.0025777231514939603,1005,2807410.1710247993
random_forest__symptoms_diet_labels,5,label_nutrition,2,-0.0001881812287425899,-0.001593898541094041,1005,2807410.1710247993
random_forest__symptoms_diet_labels,5,label_nutrition,3,-9.951532648683203e-05,-0.0019059139420772864,1005,2807410.1710247993
random_forest__symptoms_diet_labels,5,label_nutrition,4,-0.00037728687632868074,-0.0038254466498778283,1005,2807410.1710247993
random_forest__symptoms_diet_labels,5,label_nutrition,5,-0.00019694024109997987,-0.0011633430013712198,1005,2807410.1710247993
random_forest__symptoms_diet_labels,5,label_warnings,1,0.000286599946459104,0.002731899292659268,1005,2807410.1710247993
random_forest__symptoms_diet_labels,5,label_warnings,2,0.00012781373575315724,-0.0009761105332071196,1005,2807410.1710247993
random_forest__symptoms_diet_labels,5,label_warnings,3,-0.0004445209088332902,-0.0020764043396520604,1005,2807410.1710247993
random_forest__symptoms_diet_labels,5,label_warnings,4,-5.81824357098748e-06,-0.0009888026627111746,1005,2807410.1710247993
random_forest__symptoms_diet_labels,5,label_warnings,5,-0.00015513941874950588,-0.002614699658125441,1005,2807410.1710247993
random_forest__symptoms_diet_labels,5,label_health,1,-4.68280679649935e-05,-0.0002589723508824582,1005,2807410.1710247993
random_forest__symptoms_diet_labels,5,label_health,2,-0.0003489379473396448,-0.002148334606949187,1005,2807410.1710247993
random_forest__symptoms_diet_labels,5,label_health,3,-0.0005991331572353376,-0.0030803168746218468,1005,2807410.1710247993
random_forest__symptoms_diet_labels,5,label_health,4,-0.0002707919347453569,-0.0013535976589740262,1005,2807410.1710247993
random_forest__symptoms_diet_labels,5,label_health,5,-0.00022487697075435076,-0.00041675777754135446,1005,2807410.1710247993
random_forest__symptoms_diet_labels,5,label_brand,1,6.132106760398104e-05,0.0001887972483105571,1005,2807410.1710247993
random_forest__symptoms_diet_labels,5,label_brand,2,0.00021565694202826946,0.0010991392375292452,1005,2807410.1710247993
random_forest__symptoms_diet_labels,5,label_brand,3,-3.158739904512986e-05,0.0016320957251032553,1005,2807410.1710247993
random_forest__symptoms_diet_labels,5,label_brand,4,-2.8540930149784094e-05,-0.0003002711170413397,1005,2807410.1710247993
random_forest__symptoms_diet_labels,5,label_brand,5,-0.0003144353223375196,-0.0010999687108731449,1005,2807410.1710247993
random_forest__symptoms_diet_labels,5,label_discounts,1,-5.949783247022333e-05,-0.001895210132659475,1005,2807410.1710247993
random_forest__symptoms_diet_labels,5,label_discounts,2,0.0003544211644523898,0.0024771877836986533,1005,2807410.1710247993
random_forest__symptoms_diet_labels,5,label_discounts,3,0.0003553457195838716,0.0017236249450064411,1005,2807410.1710247993
random_forest__symptoms_diet_labels,5,label_discounts,4,0.00015775539173626396,0.0021945077428988657,1005,2807410.1710247993
random_forest__symptoms_diet_labels,5,label_discounts,5,0.0002930924238186139,0.0018988719242757357,1005,2807410.1710247993
