epochs_requested,epochs_completed,optimizer_loss_initial,optimizer_loss_final,optimizer_loss_minimum,last_10_epoch_loss_change,optimizer_loss_curve,optimizer_status,convergence_claim,convergence_warning_count,warnings,n_input_columns,n_parameters,fit_seconds,model,fold,candidate,inner_fold,phase,params,n_train
100,100,1.037822289795765,0.7027127599524225,0.7014826841504646,-0.001547081315763088,"[1.037822289795765, 0.9556888967992858, 0.9188920774846221, 1.1472360709815632, 0.8842340708218074, 0.8963077114091167, 0.9365148544454454, 1.0293062187144442, 0.8642885534594853, 0.8481969491604952, 0.9199231665523718, 0.8972324313681066, 0.7955340202128017, 0.8278103393887225, 0.8654177635041648, 0.7839282433873945, 0.7810692639858875, 0.7749448054780981, 0.7889282950188751, 0.7705678865650162, 0.7669567815088864, 0.7847228089973831, 0.7766150115192848, 0.7869496119472881, 0.7598692787691875, 0.787085766511625, 0.765157085729223, 0.7548649740113937, 0.7508206986258179, 0.7539293880924908, 1.1577964446781683, 0.7475484089886638, 0.7440128064076471, 0.7390963233933677, 0.7379258678206052, 0.7272091733509227, 0.7265059822515073, 0.7328803778393123, 0.7314476191271141, 0.7308412982102798, 0.7204344559868145, 0.7236563772285272, 0.7207566013302141, 0.7238416217268964, 0.7324897631794183, 0.7220072341715658, 0.7157300880609129, 0.7199912460454194, 0.7146553279639579, 0.7141810755991944, 0.7140916453347094, 0.7164900690154682, 2.2892220462822235, 0.71606135487766, 0.7185593755865135, 0.7217652924962552, 0.7165404935540173, 0.7199788433953122, 0.7169135260917268, 0.7367468746459149, 0.7239693312541448, 0.7160757700430542, 0.7140607109153747, 0.7116527018565836, 0.7208950321359472, 0.7154712446298523, 0.7106175573241593, 0.7132583577162371, 0.7159715348580367, 0.7102713704370855, 0.7132306465389477, 0.7096160597442761, 0.7112510292832713, 0.7091237007069546, 0.8150977346053908, 0.7074529782313235, 0.7079634706848175, 0.7075270361146722, 0.7053983820046419, 0.7090777606141537, 0.7061966704500748, 0.7063358172172053, 0.7060713517129436, 0.7057454285017253, 0.7047608934817098, 0.8215569333103409, 0.7039444344502448, 0.7125913879641196, 0.7081835620457095, 0.7042598412681856, 0.7045283464633115, 0.7075663368039504, 0.7036866652962833, 0.703911814436423, 0.702699965320209, 0.7019112286456188, 0.7033943772842837, 0.7014826841504646, 0.7029082579493707, 0.7027127599524225]",fixed_epoch_budget_completed,No tolerance-based convergence claim; epochs selected by inner validation,1,"[{""category"": ""ConvergenceWarning"", ""message"": ""Stochastic Optimizer: Maximum iterations (100) reached and the optimization hasn't converged yet.""}]",161,5729,0.37726000000111526,mlp__context_diet_labels,1,0,1.0,inner,"{""alpha"": 1.0, ""epochs"": 100, ""hidden_layer_sizes"": [32, 16]}",2689
100,100,0.9715029434554288,0.3400825815123911,0.3358612563782541,-0.008843841763942373,"[0.9715029434554288, 0.9129727318863926, 0.8701566488779666, 0.8385509724871542, 0.8120701587161319, 0.7824119453304457, 0.7658719244269822, 0.7479379291530092, 0.7309320784406903, 0.718057723289226, 0.7027726155277539, 0.693473761657999, 0.6789689944332327, 0.6717066795408972, 0.6633585910281222, 0.6537599263626819, 0.6454062764593557, 0.6369609774080294, 0.6263475042200296, 0.61662701637034, 0.6095359996846773, 0.6052980001937392, 0.5907883797540127, 0.5862375740892974, 0.5748549106317599, 0.5686731715738634, 0.5596371637762726, 0.5468009856303917, 0.5388926632452996, 0.5328024713346553, 0.5214540682517494, 0.5125097445817264, 0.503056281311814, 0.497652138809571, 0.4927035977242615, 0.48462201076379113, 0.47436927043752175, 0.4697300520338753, 0.46107717178675156, 0.4589374301457424, 0.4568329024251653, 0.4477229825994678, 0.4384789624772166, 0.4358459185260735, 0.42990491729343694, 0.4336069976804848, 0.42571552553585784, 0.4205038158872074, 0.41511611605421544, 0.4109473765745794, 0.4064398119091827, 0.4025182710666021, 0.40315808777403966, 0.3982742398205365, 0.3923605722815501, 0.39670157661078154, 0.3939743383067934, 0.3870498954740726, 0.3840523104132639, 0.3873616003379722, 0.38501829895669815, 0.37826549250773145, 0.3791980337741836, 0.3738449363779629, 0.37452064890376463, 0.3753585097976344, 0.38009265932085645, 0.3675955026378395, 0.3651411904112068, 0.36861854254532544, 0.36246698623418844, 0.36216765596313116, 0.3607943902678605, 0.35837094389884044, 0.36028535376122256, 0.35596897794806204, 0.3600715927259044, 0.3654897706145395, 0.35998737966783845, 0.3567844911292355, 0.3530371556811698, 0.35161877510095535, 0.3507446835124378, 0.3479290261049768, 0.3515960853018015, 0.3479457916057544, 0.35376694142393295, 0.3477181512039877, 0.3470345527485468, 0.3489264232763335, 0.34836291628460814, 0.34343622176467326, 0.3432471383018823, 0.34617071394580556, 0.34578672535819543, 0.3450791098507252, 0.34118341502020905, 0.3358612563782541, 0.34179170956722876, 0.3400825815123911]",fixed_epoch_budget_completed,No tolerance-based convergence claim; epochs selected by inner validation,1,"[{""category"": ""ConvergenceWarning"", ""message"": ""Stochastic Optimizer: Maximum iterations (100) reached and the optimization hasn't converged yet.""}]",161,5729,0.3692734170035692,mlp__context_diet_labels,1,0,2.0,inner,"{""alpha"": 1.0, ""epochs"": 100, ""hidden_layer_sizes"": [32, 16]}",2685
100,100,0.9930702600664304,0.34661456348480724,0.34367596577464626,-0.0068850959155254965,"[0.9930702600664304, 0.9345968268666529, 0.8901029168686457, 0.8552308745475865, 0.8241446929562777, 0.8011113875416019, 0.7787906455968933, 0.7596242688645529, 0.7441080952294238, 0.7291875804723724, 0.7149184144021786, 0.7055877668531086, 0.690920825368805, 0.6842620662647354, 0.6760888462115722, 0.6621525901140813, 0.6552506098044673, 0.649644612091206, 0.6417451514930027, 0.633213198698545, 0.6329128241836334, 0.6174122239265218, 0.6115682575400725, 0.6007611431414615, 0.5979507429990125, 0.5955654230004827, 0.5821927506388953, 0.5745315440349312, 0.566353702977822, 0.5596404020401415, 0.5478215853127225, 0.5456148556798487, 0.5307907890259586, 0.5253038577740223, 0.5147883138102528, 0.5098398491368094, 0.5054697035640026, 0.49181283087362054, 0.48884225028930284, 0.48234819959229996, 0.473258463666112, 0.4770914040444373, 0.46426098550765305, 0.4603500765710506, 0.4570470684219214, 0.4465440201269298, 0.4433288140378862, 0.4357450671562423, 0.430775952218921, 0.42863803142251067, 0.4285102022795921, 0.4231773233308532, 0.4181512167245588, 0.41477602660003626, 0.41621630001380977, 0.4159149792508675, 0.4117691143420241, 0.4090001114905427, 0.40525753515170215, 0.40031800407874163, 0.3960120158670614, 0.3937793169087994, 0.38896005439198233, 0.3865652034772319, 0.3848668814789978, 0.38112096260945005, 0.37837430369950226, 0.3819047792555024, 0.37490048329193915, 0.3757120055392621, 0.37484732428258283, 0.3734685987887337, 0.371358166711801, 0.37927264680186334, 0.3727131366966656, 0.370163080306522, 0.36617065808578814, 0.3635423267075715, 0.3594924606791175, 0.3614179902092884, 0.3605071968954671, 0.36086133994389175, 0.35751347776497683, 0.35436913645702833, 0.3555869178778995, 0.3542597980706646, 0.3540037480955921, 0.3499274211364991, 0.35323172435543715, 0.35349965940033273, 0.35108150893332185, 0.34941935029331517, 0.34987789416087944, 0.34692207503580774, 0.3467463954895954, 0.34618266577747303, 0.34367596577464626, 0.3438614877826707, 0.346647884451951, 0.34661456348480724]",fixed_epoch_budget_completed,No tolerance-based convergence claim; epochs selected by inner validation,1,"[{""category"": ""ConvergenceWarning"", ""message"": ""Stochastic Optimizer: Maximum iterations (100) reached and the optimization hasn't converged yet.""}]",161,5729,0.36095025000395253,mlp__context_diet_labels,1,0,3.0,inner,"{""alpha"": 1.0, ""epochs"": 100, ""hidden_layer_sizes"": [32, 16]}",2686
100,100,3.8720628526699277,0.8482166680667002,0.8424942271986673,-0.007399251449159316,"[3.8720628526699277, 3.127073281485038, 2.847211541966185, 4.845055362038476, 2.5579846027028275, 2.6541245405885387, 3.011813167181187, 3.814924007060247, 2.3605266324339365, 2.2286700402739648, 2.8394608781920785, 2.633680240636857, 1.757798939268581, 2.0299770820158316, 2.3439754999814353, 1.647660296179644, 1.623767459264556, 1.5809495338482265, 1.70482888784147, 1.5509350545902492, 1.5242811740375017, 1.6815163393183836, 1.617934846153114, 1.6947595526493648, 1.4697706179160495, 1.6886773109827333, 1.502102245902061, 1.4167128825755508, 1.3736656919038277, 1.4055747161076242, 4.796866357508715, 1.2772153755476585, 1.2067578392111253, 1.1778813118459461, 1.1741417491387898, 1.0930327885123554, 1.087920877895994, 1.1408840902725421, 1.1422605013673681, 1.1355216514535977, 1.0512007040664242, 1.0777344421752395, 1.0621682651184998, 1.087379022329922, 1.1654614533117071, 1.0724343311182873, 1.0269140788651003, 1.0573593438168998, 1.0219144154624231, 1.0200919829220305, 1.0264839891024446, 1.0489419938138607, 14.09607803774083, 0.9512921193823067, 0.9195703221160503, 0.945703313226927, 0.9063481655803912, 0.930295969418071, 0.9080602870859515, 1.078180109219514, 0.9812464898834335, 0.915414884499904, 0.9033214417130891, 0.8907844299506871, 0.9690209021400474, 0.913921913163621, 0.8850516470376593, 0.9073048408549983, 0.9287523046931242, 0.8767189355946533, 0.9044421984385095, 0.8795806631783833, 0.8930387948457935, 0.877201657713108, 1.7665745625758549, 0.8725589315048228, 0.8783217096488253, 0.8737397287868732, 0.8617309592354047, 0.895393916676307, 0.8666424676747286, 0.8717578282295694, 0.8689399948002444, 0.8683047202886873, 0.8598034017139856, 1.853538203047131, 0.8525371640937304, 0.9212110221928557, 0.8890383934361588, 0.8556159195158595, 0.8502631350278045, 0.8860656430380093, 0.8518649480712556, 0.8606474470392825, 0.8461382963314928, 0.8440548068871305, 0.8554547838573833, 0.8424942271986673, 0.8473688746672313, 0.8482166680667002]",fixed_epoch_budget_completed,No tolerance-based convergence claim; epochs selected by inner validation,1,"[{""category"": ""ConvergenceWarning"", ""message"": ""Stochastic Optimizer: Maximum iterations (100) reached and the optimization hasn't converged yet.""}]",161,5729,0.3584933330057538,mlp__context_diet_labels,1,1,1.0,inner,"{""alpha"": 10.0, ""epochs"": 100, ""hidden_layer_sizes"": [32, 16]}",2689
100,100,3.3487435802161913,0.6880452871127162,0.6871512705822246,-1.1261699785269919e-05,"[3.3487435802161913, 2.6416634438835698, 2.130259813206718, 1.7507698693807896, 1.485896184657121, 1.2658540224237358, 1.1283417335615282, 1.018816058352052, 0.9418913417637963, 0.8836999993895831, 0.8396923813771421, 0.8101131116177268, 0.7832089148123599, 0.7656162392023929, 0.7514030823270627, 0.7396986996959843, 0.7316789576668964, 0.7239959492480883, 0.7181115125413855, 0.7133093384552793, 0.710266644447158, 0.7079730518764489, 0.7048421789828737, 0.7023245708667124, 0.7003612384053571, 0.6990305142364813, 0.6978562931782784, 0.6971592284300284, 0.6961017768087254, 0.6950395854877442, 0.6945997197160678, 0.6936085982634055, 0.6939173837483456, 0.6933670868194968, 0.6928250871011006, 0.692005891914545, 0.6926089758991832, 0.691601027251084, 0.6908410119226315, 0.6915591903267384, 0.6903156047214969, 0.6916748845645795, 0.6903318067373588, 0.6903880904393885, 0.6906789790643539, 0.6901204517822309, 0.6902932309909967, 0.6895069497730734, 0.6896223723357471, 0.689773863500784, 0.6899100278721344, 0.689650767127869, 0.6893645765281428, 0.6892012108021315, 0.6890671666693219, 0.6883059926900874, 0.6888930454087833, 0.688900823369908, 0.6893052241091284, 0.6881327270160137, 0.6888856311325048, 0.68853411750395, 0.6890382587122471, 0.6886815455552477, 0.6887386601858528, 0.688358258313604, 0.6890866381565105, 0.6889946419758688, 0.6893309824682139, 0.6883714586631884, 0.6885891484574886, 0.6881555015049493, 0.6884886611315704, 0.6886092566219334, 0.688705294825612, 0.6882448204674975, 0.688274156592233, 0.6879315925444107, 0.6887952772555351, 0.6877707506629988, 0.6884406513853207, 0.6890807894626151, 0.688301990315611, 0.6877802981188408, 0.6879341468410912, 0.6879421084436279, 0.6883833763014675, 0.6885179895245925, 0.6882270021092484, 0.6880565488125014, 0.6882962861958751, 0.6887029374818062, 0.6882739075984198, 0.6877792965914642, 0.6888678172359556, 0.6871512705822246, 0.6882876630331092, 0.6882853288079468, 0.6885922654988046, 0.6880452871127162]",fixed_epoch_budget_completed,No tolerance-based convergence claim; epochs selected by inner validation,1,"[{""category"": ""ConvergenceWarning"", ""message"": ""Stochastic Optimizer: Maximum iterations (100) reached and the optimization hasn't converged yet.""}]",161,5729,0.3333891670044977,mlp__context_diet_labels,1,1,2.0,inner,"{""alpha"": 10.0, ""epochs"": 100, ""hidden_layer_sizes"": [32, 16]}",2685
100,100,3.4141590620240057,0.6872867216871366,0.686511316746178,0.00030446270916661966,"[3.4141590620240057, 2.7446604703349724, 2.232977708652156, 1.8380165467210856, 1.5432127467590706, 1.3320292755900456, 1.1697542101668301, 1.05748899181081, 0.9756274581518435, 0.9095598044229674, 0.8642206710615183, 0.8301137065779831, 0.800511836979487, 0.7818959422088244, 0.7641036778111115, 0.750503348649698, 0.740921100537084, 0.7332106376224039, 0.7264725804487603, 0.7211087620442959, 0.7164957409938438, 0.7125669944630261, 0.7084352245666731, 0.7074144048108083, 0.7052379085653051, 0.7037111205226186, 0.702058634710653, 0.7000534060214658, 0.6993075992276981, 0.6985086464944107, 0.6976877613700397, 0.696182150794408, 0.6947069720220062, 0.6948988508277254, 0.6938767461073844, 0.6939100220993828, 0.6932876981673591, 0.6924737323483984, 0.6915491805585361, 0.6910442754956362, 0.6900873652114794, 0.6910440093738213, 0.6904480825298704, 0.689703917438465, 0.6895997922581303, 0.6900392963115682, 0.6884693605313164, 0.6881363188254273, 0.6888075796542542, 0.6884515893183496, 0.6882827287847553, 0.6880908348521069, 0.6878599632423767, 0.688082802327794, 0.6882691848972294, 0.6882448062294013, 0.6878520746575071, 0.6872620279812968, 0.6874971687796899, 0.6878461292757199, 0.6883312436411904, 0.6883032890654533, 0.6871016845212998, 0.6876737897444806, 0.6886554679902553, 0.6867442038591128, 0.6876088482499819, 0.6876526008865765, 0.687110447214012, 0.6875649492746486, 0.6871150878877843, 0.6881355646481796, 0.6878515067801939, 0.6873178639382127, 0.6870919366797571, 0.6872554661779231, 0.6867509969963227, 0.6873592764086871, 0.687024354313395, 0.6875996494434488, 0.6880788562262556, 0.6872807564954981, 0.6876003843129822, 0.6870122577322632, 0.687312749929777, 0.6872418564155643, 0.6872288177552226, 0.686511316746178, 0.6872882949548391, 0.6869822589779699, 0.6865224631258076, 0.6877158411069862, 0.6870977510217595, 0.6870021187464705, 0.6866818675568966, 0.6871631655384817, 0.6869016003974836, 0.6879912553990116, 0.6871415265830193, 0.6872867216871366]",fixed_epoch_budget_completed,No tolerance-based convergence claim; epochs selected by inner validation,1,"[{""category"": ""ConvergenceWarning"", ""message"": ""Stochastic Optimizer: Maximum iterations (100) reached and the optimization hasn't converged yet.""}]",161,5729,0.35623158299858915,mlp__context_diet_labels,1,1,3.0,inner,"{""alpha"": 10.0, ""epochs"": 100, ""hidden_layer_sizes"": [32, 16]}",2686
250,250,3.8720628526699277,0.7416657291061525,0.7413499584727228,-0.008103205794174562,"[3.8720628526699277, 3.127073281485038, 2.847211541966185, 4.845055362038476, 2.5579846027028275, 2.6541245405885387, 3.011813167181187, 3.814924007060247, 2.3605266324339365, 2.2286700402739648, 2.8394608781920785, 2.633680240636857, 1.757798939268581, 2.0299770820158316, 2.3439754999814353, 1.647660296179644, 1.623767459264556, 1.5809495338482265, 1.70482888784147, 1.5509350545902492, 1.5242811740375017, 1.6815163393183836, 1.617934846153114, 1.6947595526493648, 1.4697706179160495, 1.6886773109827333, 1.502102245902061, 1.4167128825755508, 1.3736656919038277, 1.4055747161076242, 4.796866357508715, 1.2772153755476585, 1.2067578392111253, 1.1778813118459461, 1.1741417491387898, 1.0930327885123554, 1.087920877895994, 1.1408840902725421, 1.1422605013673681, 1.1355216514535977, 1.0512007040664242, 1.0777344421752395, 1.0621682651184998, 1.087379022329922, 1.1654614533117071, 1.0724343311182873, 1.0269140788651003, 1.0573593438168998, 1.0219144154624231, 1.0200919829220305, 1.0264839891024446, 1.0489419938138607, 14.09607803774083, 0.9512921193823067, 0.9195703221160503, 0.945703313226927, 0.9063481655803912, 0.930295969418071, 0.9080602870859515, 1.078180109219514, 0.9812464898834335, 0.915414884499904, 0.9033214417130891, 0.8907844299506871, 0.9690209021400474, 0.913921913163621, 0.8850516470376593, 0.9073048408549983, 0.9287523046931242, 0.8767189355946533, 0.9044421984385095, 0.8795806631783833, 0.8930387948457935, 0.877201657713108, 1.7665745625758549, 0.8725589315048228, 0.8783217096488253, 0.8737397287868732, 0.8617309592354047, 0.895393916676307, 0.8666424676747286, 0.8717578282295694, 0.8689399948002444, 0.8683047202886873, 0.8598034017139856, 1.853538203047131, 0.8525371640937304, 0.9212110221928557, 0.8890383934361588, 0.8556159195158595, 0.8502631350278045, 0.8860656430380093, 0.8518649480712556, 0.8606474470392825, 0.8461382963314928, 0.8440548068871305, 0.8554547838573833, 0.8424942271986673, 0.8473688746672313, 0.8482166680667002, 0.8596984117301638, 0.9046306093406675, 0.8442681724586132, 0.8443675478771681, 1.1783803057612487, 0.850100168066612, 0.8596443459588903, 0.8834453299756894, 0.8417640870541094, 0.8598743729250562, 0.8388825513664966, 1.310877653540029, 0.8707821780555554, 0.8258646363216495, 0.833659516135716, 0.8258260077520119, 0.982088168804401, 0.8403626854546352, 1.0723329866908966, 0.8264684309829065, 0.8624682814505907, 0.8291634512806498, 0.8291428344678257, 0.8131477891676713, 0.816271258365511, 0.8134610353281233, 0.8137314022487947, 0.8382422734470603, 0.8143798052734865, 1.117196073525103, 0.9589763168920888, 0.8223092049033722, 0.8623176232217963, 0.8065169091564863, 0.8027312488610264, 0.804139947003994, 0.8075266361743413, 0.8034062695271305, 0.8052062950966661, 0.8010831362893459, 0.8022051320715262, 0.8191675414933461, 0.8229188913982328, 0.8054109527999956, 0.8009626042645593, 0.8125985891459462, 0.8010213674929254, 0.7979775446484377, 0.8050846700063066, 0.9320104917861082, 0.7972618426174028, 0.8230645332450883, 0.794298858702758, 0.8010149585449844, 0.7935538072913662, 0.7988101343735964, 0.8242231180836804, 0.8011978127177007, 0.8114376905220366, 0.7961646954097547, 0.7925216748390924, 0.8565606723888014, 0.9747846149323663, 0.7893316721848924, 0.7854550164523499, 0.7853363084535014, 0.78662829319197, 0.7906345496865375, 0.8337853698293284, 0.7846371021161704, 0.7865387072413704, 0.8054831748522436, 0.7871891149946437, 0.781819808297041, 0.7829613489694025, 0.7832661841855056, 0.7841255927119173, 0.784553888537172, 0.7868398226176948, 0.7816517592118938, 0.785602782890616, 0.7867972962684029, 0.8403071548194069, 0.781547270723914, 0.792132445606786, 0.7780452423684487, 0.7798476678789331, 0.8155781719747692, 0.7769566665112747, 0.7987334659558105, 0.7743477297467468, 0.7849916467972912, 0.7767914023454657, 0.7752343151323542, 0.7795611209092915, 0.7851399573150307, 0.8096501799408842, 0.843567362442198, 0.7737098212794127, 0.7717647527199377, 0.7672672986938188, 0.7680995610140521, 0.7804602631101206, 0.7692492568759387, 0.7738060439766697, 0.7764048516849759, 0.7668169898065371, 0.7838776613977583, 0.7676773439030343, 0.7862859625665941, 0.7644126506989026, 0.7660465734054277, 0.7811032100343737, 0.7700629659489707, 0.7793872376012075, 0.7668762480306752, 0.7688681277218944, 0.8078845516712865, 0.760073163078179, 0.7569344470231123, 0.7625844731143722, 0.7606885155967186, 0.8320520900093183, 0.7544083337065072, 0.762022297060074, 0.7573341967953509, 0.7547539490081323, 0.7526430384925124, 0.7841514541842918, 0.7507394887015013, 0.7524917809362035, 0.7572694222302865, 0.7491977616959452, 0.7554655696525594, 0.7733679361915524, 0.7487416532285021, 0.7716256795429353, 0.7460169844379932, 0.7551816033140126, 0.749768934900327, 0.7443197112082497, 0.7463329551963737, 0.758416692310507, 0.7426718602744051, 0.7435915414337037, 0.7447331273920114, 0.7432033513726006, 0.7443162057346739, 0.7413499584727228, 0.7416657291061525]",fixed_epoch_budget_completed,No tolerance-based convergence claim; epochs selected by inner validation,1,"[{""category"": ""ConvergenceWarning"", ""message"": ""Stochastic Optimizer: Maximum iterations (250) reached and the optimization hasn't converged yet.""}]",161,5729,0.8755841250022058,mlp__context_diet_labels,1,2,1.0,inner,"{""alpha"": 10.0, ""epochs"": 250, ""hidden_layer_sizes"": [32, 16]}",2689
250,250,3.3487435802161913,0.6881180539565813,0.6869240357112821,0.00046523341261395235,"[3.3487435802161913, 2.6416634438835698, 2.130259813206718, 1.7507698693807896, 1.485896184657121, 1.2658540224237358, 1.1283417335615282, 1.018816058352052, 0.9418913417637963, 0.8836999993895831, 0.8396923813771421, 0.8101131116177268, 0.7832089148123599, 0.7656162392023929, 0.7514030823270627, 0.7396986996959843, 0.7316789576668964, 0.7239959492480883, 0.7181115125413855, 0.7133093384552793, 0.710266644447158, 0.7079730518764489, 0.7048421789828737, 0.7023245708667124, 0.7003612384053571, 0.6990305142364813, 0.6978562931782784, 0.6971592284300284, 0.6961017768087254, 0.6950395854877442, 0.6945997197160678, 0.6936085982634055, 0.6939173837483456, 0.6933670868194968, 0.6928250871011006, 0.692005891914545, 0.6926089758991832, 0.691601027251084, 0.6908410119226315, 0.6915591903267384, 0.6903156047214969, 0.6916748845645795, 0.6903318067373588, 0.6903880904393885, 0.6906789790643539, 0.6901204517822309, 0.6902932309909967, 0.6895069497730734, 0.6896223723357471, 0.689773863500784, 0.6899100278721344, 0.689650767127869, 0.6893645765281428, 0.6892012108021315, 0.6890671666693219, 0.6883059926900874, 0.6888930454087833, 0.688900823369908, 0.6893052241091284, 0.6881327270160137, 0.6888856311325048, 0.68853411750395, 0.6890382587122471, 0.6886815455552477, 0.6887386601858528, 0.688358258313604, 0.6890866381565105, 0.6889946419758688, 0.6893309824682139, 0.6883714586631884, 0.6885891484574886, 0.6881555015049493, 0.6884886611315704, 0.6886092566219334, 0.688705294825612, 0.6882448204674975, 0.688274156592233, 0.6879315925444107, 0.6887952772555351, 0.6877707506629988, 0.6884406513853207, 0.6890807894626151, 0.688301990315611, 0.6877802981188408, 0.6879341468410912, 0.6879421084436279, 0.6883833763014675, 0.6885179895245925, 0.6882270021092484, 0.6880565488125014, 0.6882962861958751, 0.6887029374818062, 0.6882739075984198, 0.6877792965914642, 0.6888678172359556, 0.6871512705822246, 0.6882876630331092, 0.6882853288079468, 0.6885922654988046, 0.6880452871127162, 0.6880546147271809, 0.6885716482583227, 0.6883828042514235, 0.6879671665547252, 0.6881298498161356, 0.6889094913285643, 0.6871373898686092, 0.6875527930588903, 0.6879934905390095, 0.6871507423480154, 0.6881301181132966, 0.6880249905601666, 0.687801277975532, 0.6884380986080252, 0.6887369763687513, 0.6879199269131744, 0.6882582374444096, 0.68730690998519, 0.6880573552823819, 0.6884845561265305, 0.6883740143366154, 0.6874558091002089, 0.6880365565402112, 0.688492584293757, 0.6889413156801991, 0.6880755228985937, 0.6884414549712453, 0.6877478538218638, 0.6881554607013176, 0.6886085488377158, 0.6876385060148528, 0.6880508173007046, 0.6876421900200517, 0.6880464413317735, 0.688258229051584, 0.6871407656182164, 0.6870243839708956, 0.6881845673441008, 0.6880183256319858, 0.6880949922328075, 0.6876164168360935, 0.6875044709977849, 0.687592623743523, 0.6881054728725708, 0.6872171043656632, 0.6876237262147225, 0.687488319893547, 0.6887301542740982, 0.6880240188965718, 0.6884903144905968, 0.6881023867207021, 0.6872518682840588, 0.6877739793760361, 0.6891441533464975, 0.6880348361219348, 0.6881991955922351, 0.6879432846170669, 0.6880906543288382, 0.6881659668608171, 0.6883048504095554, 0.6887272183933948, 0.6875823236162297, 0.6878567247628544, 0.6874642763743686, 0.6880761916560632, 0.6889155968781383, 0.6886761701411065, 0.688048716847598, 0.6874489781867239, 0.6874372742248874, 0.6879623236928247, 0.6884256492345675, 0.687679261069867, 0.6880299963047997, 0.6881198762592058, 0.6887973673081271, 0.6876845294113388, 0.6877434589942041, 0.6877401218015422, 0.6886091326727164, 0.6876539499065971, 0.6875659846584234, 0.6883333034390342, 0.6874868469524421, 0.6871530458326006, 0.687855141398304, 0.6869240357112821, 0.6882587188256556, 0.6880091410664521, 0.6876720033656736, 0.6876377078424856, 0.6879153709959405, 0.6886001720280942, 0.6878974120594801, 0.6877705179094439, 0.6879260929067771, 0.6874618227868629, 0.6879836011995952, 0.6878849753084463, 0.6885804412763789, 0.6881015197780739, 0.6879111665651073, 0.687726589847656, 0.6877932036068721, 0.6880819855203427, 0.6879936259024625, 0.6874888460814375, 0.6872707060304759, 0.6880247702237855, 0.6873894954071418, 0.6884502207743505, 0.6878989493471027, 0.6887807236275695, 0.6881426153067063, 0.6872443772303402, 0.6878576469413737, 0.6875487635356952, 0.6875323852792398, 0.6875691692494573, 0.6877753656305453, 0.6890261434098727, 0.6878727333558067, 0.6881582187789277, 0.688662839197063, 0.6884394950472553, 0.6882289925543944, 0.6878373392795408, 0.6881567533579273, 0.6880790854181378, 0.6883201016080605, 0.6884760781727337, 0.6869589984241871, 0.6879560779332552, 0.6875237887904815, 0.6885156871344653, 0.6880516780255962, 0.6884594805428629, 0.6889343841682681, 0.6880612453552201, 0.6876528205439674, 0.6882661654653375, 0.6880718812830695, 0.687978103338269, 0.6884422007890445, 0.6880787180084822, 0.6878967649237206, 0.6881239611521908, 0.6879210853340647, 0.6891508567711606, 0.6881180539565813]",fixed_epoch_budget_completed,No tolerance-based convergence claim; epochs selected by inner validation,1,"[{""category"": ""ConvergenceWarning"", ""message"": ""Stochastic Optimizer: Maximum iterations (250) reached and the optimization hasn't converged yet.""}]",161,5729,0.8296022499998799,mlp__context_diet_labels,1,2,2.0,inner,"{""alpha"": 10.0, ""epochs"": 250, ""hidden_layer_sizes"": [32, 16]}",2685
250,250,3.4141590620240057,0.6876979241021173,0.6859018976662263,0.0004811656470615766,"[3.4141590620240057, 2.7446604703349724, 2.232977708652156, 1.8380165467210856, 1.5432127467590706, 1.3320292755900456, 1.1697542101668301, 1.05748899181081, 0.9756274581518435, 0.9095598044229674, 0.8642206710615183, 0.8301137065779831, 0.800511836979487, 0.7818959422088244, 0.7641036778111115, 0.750503348649698, 0.740921100537084, 0.7332106376224039, 0.7264725804487603, 0.7211087620442959, 0.7164957409938438, 0.7125669944630261, 0.7084352245666731, 0.7074144048108083, 0.7052379085653051, 0.7037111205226186, 0.702058634710653, 0.7000534060214658, 0.6993075992276981, 0.6985086464944107, 0.6976877613700397, 0.696182150794408, 0.6947069720220062, 0.6948988508277254, 0.6938767461073844, 0.6939100220993828, 0.6932876981673591, 0.6924737323483984, 0.6915491805585361, 0.6910442754956362, 0.6900873652114794, 0.6910440093738213, 0.6904480825298704, 0.689703917438465, 0.6895997922581303, 0.6900392963115682, 0.6884693605313164, 0.6881363188254273, 0.6888075796542542, 0.6884515893183496, 0.6882827287847553, 0.6880908348521069, 0.6878599632423767, 0.688082802327794, 0.6882691848972294, 0.6882448062294013, 0.6878520746575071, 0.6872620279812968, 0.6874971687796899, 0.6878461292757199, 0.6883312436411904, 0.6883032890654533, 0.6871016845212998, 0.6876737897444806, 0.6886554679902553, 0.6867442038591128, 0.6876088482499819, 0.6876526008865765, 0.687110447214012, 0.6875649492746486, 0.6871150878877843, 0.6881355646481796, 0.6878515067801939, 0.6873178639382127, 0.6870919366797571, 0.6872554661779231, 0.6867509969963227, 0.6873592764086871, 0.687024354313395, 0.6875996494434488, 0.6880788562262556, 0.6872807564954981, 0.6876003843129822, 0.6870122577322632, 0.687312749929777, 0.6872418564155643, 0.6872288177552226, 0.686511316746178, 0.6872882949548391, 0.6869822589779699, 0.6865224631258076, 0.6877158411069862, 0.6870977510217595, 0.6870021187464705, 0.6866818675568966, 0.6871631655384817, 0.6869016003974836, 0.6879912553990116, 0.6871415265830193, 0.6872867216871366, 0.6876565161788473, 0.6864205360980851, 0.6867900906167005, 0.6870588246865007, 0.6874959310891318, 0.6877335415977018, 0.6865758939125717, 0.6865900555489202, 0.6876390032101101, 0.6873745865149092, 0.6870777353343923, 0.6872077513512846, 0.687159196766448, 0.6880502140099434, 0.6873069611934347, 0.6869717485097423, 0.687020676702174, 0.6868262561899859, 0.686610285375804, 0.6871081680900745, 0.6867560324005746, 0.6865595325542557, 0.6874018748724366, 0.6866707989096529, 0.6862557618487666, 0.6873157216237138, 0.6870993827542179, 0.6873188347553163, 0.6878503032558448, 0.6865789503942283, 0.6874517387167436, 0.6871931228522932, 0.6864310807442519, 0.6869412494790973, 0.6869234716338597, 0.6871811100345145, 0.6874707928885838, 0.6873926583084912, 0.6871038325245015, 0.6866390829123172, 0.6871874851378286, 0.6874980701342933, 0.6873808461121325, 0.6866531111800543, 0.687046035507972, 0.6868011852867997, 0.6874061243896877, 0.6871331308812566, 0.6862775473555383, 0.6866546391050168, 0.6867615329058027, 0.687101253250197, 0.6869094100352707, 0.6874302980577994, 0.6865726368546805, 0.6866927514838507, 0.6866669528122651, 0.6867410864071775, 0.6871078238096254, 0.6869125778129426, 0.6868740826853259, 0.6868728257739556, 0.6874061096620879, 0.6867955221154854, 0.6873574502677191, 0.6867370012584773, 0.6865960337358726, 0.686186614922266, 0.6867318902927692, 0.6865307698422514, 0.6873991745034788, 0.6870658169699245, 0.68680887957297, 0.6872423063876496, 0.687150849564056, 0.6874496627897939, 0.6863142881721777, 0.6868627717566381, 0.6874781774423936, 0.6867245300155363, 0.6871920629058036, 0.6864779644035373, 0.6871478929663848, 0.6869683098826233, 0.6869982661665283, 0.6865944004151036, 0.6870566573873464, 0.6872405969875047, 0.6868471173295106, 0.6874369548287225, 0.6870086026425595, 0.6872165813688195, 0.6866032168368301, 0.6864551286085891, 0.6871096283607117, 0.6866970674279833, 0.6870396249439702, 0.687185170975009, 0.6868784089698138, 0.6869372706554335, 0.6872862144275227, 0.6868573629767104, 0.6875163255575282, 0.6868257698362459, 0.6861459521875699, 0.6874954138638334, 0.6873205708684553, 0.6873386582442403, 0.6865852004157349, 0.6871707322057016, 0.6869052684416392, 0.6869604058370538, 0.6869797506433011, 0.6869787478342725, 0.6869955837529109, 0.6867946921459488, 0.6874942498927029, 0.6866988550720138, 0.68731223664111, 0.6873108552415155, 0.6878183511416828, 0.6859018976662263, 0.6871248839758507, 0.6876159301185374, 0.6866639322876067, 0.6870942127854848, 0.6869685821116536, 0.6869569125870172, 0.6875422970271572, 0.6867738821369053, 0.6874563058828382, 0.687254963728603, 0.6870805852329791, 0.6861008976536186, 0.6878134493806873, 0.6866359392647594, 0.6863590855496523, 0.6868232525309887, 0.6873955520787562, 0.6872167584550557, 0.6867292420665198, 0.6868038356893792, 0.6871530162107439, 0.6874777128347794, 0.6870260568309069, 0.6867097730795071, 0.6874273773804979, 0.6874506435118988, 0.6872071066917824, 0.6876979241021173]",fixed_epoch_budget_completed,No tolerance-based convergence claim; epochs selected by inner validation,1,"[{""category"": ""ConvergenceWarning"", ""message"": ""Stochastic Optimizer: Maximum iterations (250) reached and the optimization hasn't converged yet.""}]",161,5729,0.8379436659961357,mlp__context_diet_labels,1,2,3.0,inner,"{""alpha"": 10.0, ""epochs"": 250, ""hidden_layer_sizes"": [32, 16]}",2686
100,100,1.3097770864107492,0.6990517283379353,0.6990517283379353,-0.004724554182074181,"[1.3097770864107492, 1.1435729033142616, 1.1687733183707685, 1.051081576425904, 1.0330206127038926, 1.0176197996704515, 2.0394058110933395, 0.9818026924899181, 0.9428754994745767, 1.0451556892156277, 0.935388489960034, 0.9555317257574554, 0.9454495541624398, 1.0698566912012082, 0.9531312948640195, 0.9201448933163366, 0.8893554036865666, 0.9353916728865648, 1.091356540409858, 0.8728701789679865, 0.9036568861046678, 0.8858159859015926, 0.8640639429950098, 0.898409613990022, 0.8679084381340226, 0.8542688672102325, 0.8440742726858421, 0.8465322480161823, 0.840142602991365, 0.8394851618560486, 0.8384318129251382, 0.8548742919692754, 0.8380372354843588, 0.8425935662272073, 0.8533079256716453, 0.833817345871667, 0.8301988312487516, 0.8323897154228801, 0.8181755997476438, 0.8573888008372664, 0.8712546324651189, 1.1728601127329963, 0.7811341992243785, 0.7750786630126715, 0.7701815237068843, 0.7830668191702775, 0.7656874397819328, 0.7641840073148713, 0.7693701869278147, 0.7581927572257127, 0.7593373250118357, 0.7625733312154855, 0.7558905212169007, 0.7572879671817896, 0.7669794452089446, 0.75135413694978, 0.7729083603538974, 0.7501044107291127, 0.9756345626071974, 0.7363589316341139, 0.7307985588659117, 0.7429476054577397, 0.7396150577578853, 0.7245237210185077, 0.7254013610011912, 0.72456635510664, 0.7348864027636474, 0.7206544370713651, 0.733511041035212, 0.7172789957003622, 0.7154670650148366, 0.7244884625863999, 0.7136547071448849, 0.7132493430878841, 0.7158887972539437, 0.7130560717969432, 0.7147485095412627, 0.7091566396710608, 0.7228352246519729, 0.7143937723281367, 0.7125242296006012, 0.7252983445328597, 0.7072970025263299, 0.7095209257139016, 0.7056015700336028, 0.7067907411819576, 0.7089598867242375, 0.7038180311797622, 0.7036928197015091, 0.7037762825200095, 0.7049747675031447, 0.7043312347277675, 0.7058603572497353, 0.7012845323213138, 0.7001545610881281, 0.7102730715593846, 0.6999630271059637, 0.7003507445271501, 0.700131711778546, 0.6990517283379353]",fixed_epoch_budget_completed,No tolerance-based convergence claim; epochs selected by inner validation,1,"[{""category"": ""ConvergenceWarning"", ""message"": ""Stochastic Optimizer: Maximum iterations (100) reached and the optimization hasn't converged yet.""}]",161,12481,0.5303719579969766,mlp__context_diet_labels,1,3,1.0,inner,"{""alpha"": 1.0, ""epochs"": 100, ""hidden_layer_sizes"": [64, 32]}",2689
100,100,1.2221101499818545,0.31467465046988774,0.3116114702195505,0.0006875273872420373,"[1.2221101499818545, 1.1046751256324177, 1.0295979559343824, 0.970219909945369, 0.9180404251255352, 0.8757596638670235, 0.8422727171126806, 0.8148804413213787, 0.7856718834604995, 0.7635377032641371, 0.7430029389701779, 0.722622005717572, 0.7058548437069987, 0.6906061233005815, 0.6785994306344233, 0.6694354050278042, 0.6510296101088712, 0.6300253477182135, 0.6158152873354092, 0.6021668980539663, 0.5874984913093921, 0.5760654184317352, 0.5537809352758177, 0.5413765802479621, 0.5268183036738318, 0.5095203115202174, 0.5006576381154467, 0.49306425929310255, 0.4765053372652129, 0.4701049306417667, 0.4573903095486836, 0.45031644730333253, 0.4438392622307891, 0.4320480803929952, 0.43483592739480287, 0.4222370439769175, 0.41669765699898165, 0.4045311892939084, 0.3980107404948955, 0.39482651922567813, 0.39236021158451, 0.39519618177051313, 0.3891185379113382, 0.3908694121446349, 0.3783280604373773, 0.37833936529529133, 0.37301693902310623, 0.37139360998119425, 0.3668558019591824, 0.3678142635006494, 0.3610517627935268, 0.3658768084784215, 0.3647568887032505, 0.35047013609507655, 0.3484781125182255, 0.35110269182485765, 0.3489177628893834, 0.34860486831102916, 0.34799579127963726, 0.343739278055688, 0.3413943541417553, 0.3457629670376737, 0.34573011609395926, 0.3394593283391197, 0.3329596097326952, 0.3357200030851209, 0.3364327417525302, 0.33603443260399773, 0.333036299845344, 0.33052363980741156, 0.33281222039832203, 0.32857272687244515, 0.3329773336821051, 0.3270757484337041, 0.33322464108903604, 0.324221238452581, 0.32517150359444363, 0.3223566089363724, 0.3226223290973089, 0.3246975385505111, 0.3267911594509411, 0.32411360244413745, 0.32281638030733595, 0.3195851741733232, 0.32050711513600816, 0.3207293703502773, 0.31995492985872326, 0.3158035784377558, 0.31761526049122396, 0.3139871230826457, 0.3181880651727702, 0.3169104052457062, 0.31578239840823313, 0.3172852325564159, 0.32199786094807903, 0.31774876145092995, 0.3133768908452398, 0.3136079483193418, 0.3116114702195505, 0.31467465046988774]",fixed_epoch_budget_completed,No tolerance-based convergence claim; epochs selected by inner validation,1,"[{""category"": ""ConvergenceWarning"", ""message"": ""Stochastic Optimizer: Maximum iterations (100) reached and the optimization hasn't converged yet.""}]",161,12481,0.4877205830052844,mlp__context_diet_labels,1,3,2.0,inner,"{""alpha"": 1.0, ""epochs"": 100, ""hidden_layer_sizes"": [64, 32]}",2685
100,100,1.192551654692119,0.3127718218374307,0.3120886266698769,-0.006199242291779483,"[1.192551654692119, 1.086493028799052, 1.0019781279551183, 0.9383753879037325, 0.8863533852807898, 0.8393203413336426, 0.8073781974556327, 0.7733594243945426, 0.7512374614219699, 0.732423810002041, 0.710954619300703, 0.6911965201102906, 0.6763023307152154, 0.6572290085177268, 0.6377277807735765, 0.6306047539458036, 0.6081453294063436, 0.5943043135528847, 0.5821125452372975, 0.5623536763755835, 0.5562503769963426, 0.5352545986772185, 0.5193720541450787, 0.5079568682992049, 0.49504557352803064, 0.48667309774431106, 0.47345789038828257, 0.465355510525502, 0.4509011000684571, 0.44004556275062456, 0.4319655511391207, 0.42928573789553826, 0.41982001107861305, 0.41879933954719956, 0.4125267018442213, 0.4037801141284192, 0.39955493394549235, 0.39488073910391797, 0.3893458774139237, 0.3872508911101612, 0.3813789895844682, 0.3777263990364923, 0.3736374291187619, 0.37432999023828584, 0.36786051787681046, 0.3694920219008802, 0.36571537863703646, 0.36802424746083406, 0.35986747097028104, 0.358581220788452, 0.35554548995358676, 0.3589175799998667, 0.34732353617099243, 0.3496471083476664, 0.3465828398680821, 0.34904650188075764, 0.3425414481257122, 0.34185059550775454, 0.3379074843032339, 0.33665226409660887, 0.3386612322320545, 0.33859541695308826, 0.3350319653020498, 0.33235381282176385, 0.3330821429369304, 0.33587107020532025, 0.33344350206059004, 0.3284416972708136, 0.3308643635688345, 0.3309151915199034, 0.32791356089865165, 0.33126027619633686, 0.3306312996429512, 0.3279508552792077, 0.3269842945850735, 0.3207467560358813, 0.3246895105478764, 0.3213911815480033, 0.32503835106333023, 0.31968144574410173, 0.3207194675847999, 0.3237034680558235, 0.3184250335589351, 0.3180882056644045, 0.319339316202438, 0.3177867640560078, 0.3181785745167405, 0.31914047064998097, 0.3212409636771921, 0.31897106412921017, 0.3181590143172037, 0.3221521215851109, 0.3174765094969938, 0.3144217846280252, 0.3120886266698769, 0.31582255420224326, 0.31278716881767826, 0.3168199161288152, 0.31309658750904523, 0.3127718218374307]",fixed_epoch_budget_completed,No tolerance-based convergence claim; epochs selected by inner validation,1,"[{""category"": ""ConvergenceWarning"", ""message"": ""Stochastic Optimizer: Maximum iterations (100) reached and the optimization hasn't converged yet.""}]",161,12481,0.49320683300175006,mlp__context_diet_labels,1,3,3.0,inner,"{""alpha"": 1.0, ""epochs"": 100, ""hidden_layer_sizes"": [64, 32]}",2686
100,100,6.276669966666949,0.8348877458857151,0.8348877458857151,-0.041282705338237635,"[6.276669966666949, 4.6534378087474355, 4.898809739367524, 3.8825999149859514, 3.747835312854642, 3.63949989373226, 12.199979671226313, 3.3098566185380722, 2.960128220238619, 3.804483857842129, 2.901291391344923, 3.064930668950802, 2.9848158880718696, 3.9980567098873214, 3.030074418429605, 2.7546079463790187, 2.5075893030310956, 2.88198647591672, 4.160954603156336, 2.357783403898608, 2.59303044185782, 2.4472294659616654, 2.272594112543424, 2.5541898451399034, 2.3050206196919145, 2.1938655303121113, 2.1186810449431133, 2.1422902717229597, 2.0972648347340193, 2.0924219143472036, 2.0848873180900447, 2.230286192771467, 2.0879100555835017, 2.1338392837723736, 2.218288234354513, 2.0643498490554766, 2.0300102018935613, 2.0520670622699595, 1.9424478297376828, 2.265884154129751, 2.360616839436228, 4.75329941408231, 1.5455953077771205, 1.4661039944201504, 1.4321670656325345, 1.523176790722294, 1.3866484084626591, 1.3845231845810904, 1.4371008273270953, 1.345610943683572, 1.3564597740429798, 1.3938959349211455, 1.3466795579407838, 1.3623733074697482, 1.4379118605311445, 1.3170066805728364, 1.4902334587076733, 1.3066668656171279, 3.0369607336979216, 1.130278549352912, 1.052845126654838, 1.1418907327464058, 1.12500383623219, 1.0139954294752733, 1.0311636216200673, 1.0144530176995374, 1.101412983242305, 0.9941055746678216, 1.0934021819544661, 0.9764507498006726, 0.9604937627551604, 1.0322722905779076, 0.956671855537529, 0.954624810196257, 0.970576585049869, 0.9562023599496124, 0.9750356527895552, 0.9351476410637883, 1.0313638120906046, 0.956413264676851, 0.9495053988374058, 1.0344438265599218, 0.8971984766989024, 0.9114990298078026, 0.8834243381383955, 0.8989048863740149, 0.9176906818158613, 0.8757019780886732, 0.8729105765982786, 0.8761704512239528, 0.8852695739695485, 0.8877295859307892, 0.8982905622687876, 0.8547662001996074, 0.8563793328422117, 0.9271152485495612, 0.8427344422623476, 0.8400787637307182, 0.8401840606511664, 0.8348877458857151]",fixed_epoch_budget_completed,No tolerance-based convergence claim; epochs selected by inner validation,1,"[{""category"": ""ConvergenceWarning"", ""message"": ""Stochastic Optimizer: Maximum iterations (100) reached and the optimization hasn't converged yet.""}]",161,12481,0.5056922919975477,mlp__context_diet_labels,1,4,1.0,inner,"{""alpha"": 10.0, ""epochs"": 100, ""hidden_layer_sizes"": [64, 32]}",2689
100,100,5.421100183526123,0.6894194997286973,0.6886894636662347,8.697649841404864e-05,"[5.421100183526123, 4.0807463733264, 3.128101168325903, 2.414769116801114, 1.8981864546256657, 1.5477262998495331, 1.2974783639735565, 1.1181074552179715, 0.9970105616071314, 0.913058183703945, 0.8527343798915823, 0.8122508710545483, 0.782366946666022, 0.7614261758392707, 0.7461348306644152, 0.7365929557065447, 0.7287548986654586, 0.7206182056913376, 0.717157402120051, 0.7134961002459497, 0.7112615199105399, 0.7088075840190143, 0.7073041084799099, 0.7067516584565627, 0.7050086803378062, 0.7041529834808713, 0.7032748705276115, 0.7019193239203756, 0.7021577901530355, 0.7010724825911642, 0.6999274245235789, 0.6993936355668737, 0.6989186818809869, 0.6977666313222519, 0.6981171888829728, 0.6970989510271187, 0.6972706917648519, 0.6965293211739113, 0.6964132477232151, 0.6959123240219183, 0.6953493405041926, 0.6951589268111932, 0.6949908113997497, 0.6945401215212785, 0.6940530748924916, 0.6939066380026048, 0.6938646494989954, 0.6928108668539282, 0.6927152929452834, 0.6928815776545774, 0.6923268090359332, 0.6928614123908806, 0.6925034441562201, 0.692139373685042, 0.6916637489142555, 0.6917798458585467, 0.6913839928938957, 0.6910692411114127, 0.6912544087987063, 0.6913358428736386, 0.6904432158898288, 0.6910284978764653, 0.6912714166439057, 0.6907053467288572, 0.6900186179008795, 0.690115371430007, 0.6903866072291952, 0.6904427973413542, 0.6901980308745588, 0.6898452598016223, 0.6905869442756088, 0.6898315455264644, 0.6898231260444119, 0.68965667684099, 0.6895765750399105, 0.6890452670112059, 0.6898353433955792, 0.6892232015656774, 0.6898222706125625, 0.6897142696908243, 0.6891931291373934, 0.6896860890357375, 0.6894076484529438, 0.6894491022999293, 0.6895288723603167, 0.6891580710501617, 0.6888338484988396, 0.6890279891479866, 0.6887829452754425, 0.6893325232302833, 0.6886894636662347, 0.6899543781996821, 0.6887883054691408, 0.6893555055625271, 0.6892539636057086, 0.6893611198978226, 0.6889529927114016, 0.6888463028759869, 0.6889439632141239, 0.6894194997286973]",fixed_epoch_budget_completed,No tolerance-based convergence claim; epochs selected by inner validation,1,"[{""category"": ""ConvergenceWarning"", ""message"": ""Stochastic Optimizer: Maximum iterations (100) reached and the optimization hasn't converged yet.""}]",161,12481,0.47321391699369997,mlp__context_diet_labels,1,4,2.0,inner,"{""alpha"": 10.0, ""epochs"": 100, ""hidden_layer_sizes"": [64, 32]}",2685
100,100,5.4430649259797885,0.6879015637778942,0.687471432170005,-0.0007257602552587228,"[5.4430649259797885, 4.081488208011401, 3.0580273755276246, 2.34304449108633, 1.848976622277949, 1.4822284487734556, 1.2391632745697743, 1.0735891884045565, 0.9560655192635975, 0.8787989642022952, 0.8248324774659697, 0.787101964662108, 0.7612671468175268, 0.742538431918078, 0.729411960958884, 0.7212308775082049, 0.7144267293205726, 0.7105441886608312, 0.7074149848566353, 0.7042622179957881, 0.7023961129311025, 0.7004715724016248, 0.6998282181336157, 0.6982499873414759, 0.6975159426992702, 0.6971025676531276, 0.6961471711254844, 0.6961107566638371, 0.6957054762673891, 0.6950642869328649, 0.6941565231440004, 0.6944576381509763, 0.6937867751303626, 0.6932341753038321, 0.6930452593827944, 0.692740764887721, 0.693038622335695, 0.6921932348981418, 0.6917338438181251, 0.6915168343813454, 0.6912935657398817, 0.6910250377628363, 0.6913578699928269, 0.6903409531063576, 0.6910908236558939, 0.690055717156014, 0.690763972263457, 0.6904670219583402, 0.6899703618910474, 0.6905280745732086, 0.6902186397077752, 0.6890838928628994, 0.689680321577768, 0.6903190964792663, 0.6896110762581645, 0.6897902267793568, 0.6895537767132888, 0.6897492826136651, 0.6892492705501624, 0.6895241631809097, 0.6891117828981035, 0.6892228225801921, 0.6893052748559192, 0.688626749499924, 0.6888257361312535, 0.6886979017769751, 0.6886726473792172, 0.6884184307362314, 0.6885566065098007, 0.6895491086147275, 0.6884006765825086, 0.6897291362428143, 0.688206103265037, 0.6884246525509633, 0.6889191580626337, 0.6883252163906683, 0.6885643778106306, 0.6883497548590313, 0.6876210058187723, 0.6878156705369425, 0.6884656415029569, 0.6888377527343965, 0.6881529872311817, 0.6882709881939344, 0.6878943838821915, 0.688080368410289, 0.6882203182641629, 0.6881917313686986, 0.6883223396961404, 0.688627324033153, 0.6878840268976341, 0.6878765279005343, 0.688481380384694, 0.6882130631635921, 0.6878191571305715, 0.688009944278113, 0.6876135208018355, 0.6881119548550088, 0.687471432170005, 0.6879015637778942]",fixed_epoch_budget_completed,No tolerance-based convergence claim; epochs selected by inner validation,1,"[{""category"": ""ConvergenceWarning"", ""message"": ""Stochastic Optimizer: Maximum iterations (100) reached and the optimization hasn't converged yet.""}]",161,12481,0.474982584004465,mlp__context_diet_labels,1,4,3.0,inner,"{""alpha"": 10.0, ""epochs"": 100, ""hidden_layer_sizes"": [64, 32]}",2686
250,250,6.276669966666949,0.6879705012444345,0.6873415808808213,4.6644664121298085e-05,"[6.276669966666949, 4.6534378087474355, 4.898809739367524, 3.8825999149859514, 3.747835312854642, 3.63949989373226, 12.199979671226313, 3.3098566185380722, 2.960128220238619, 3.804483857842129, 2.901291391344923, 3.064930668950802, 2.9848158880718696, 3.9980567098873214, 3.030074418429605, 2.7546079463790187, 2.5075893030310956, 2.88198647591672, 4.160954603156336, 2.357783403898608, 2.59303044185782, 2.4472294659616654, 2.272594112543424, 2.5541898451399034, 2.3050206196919145, 2.1938655303121113, 2.1186810449431133, 2.1422902717229597, 2.0972648347340193, 2.0924219143472036, 2.0848873180900447, 2.230286192771467, 2.0879100555835017, 2.1338392837723736, 2.218288234354513, 2.0643498490554766, 2.0300102018935613, 2.0520670622699595, 1.9424478297376828, 2.265884154129751, 2.360616839436228, 4.75329941408231, 1.5455953077771205, 1.4661039944201504, 1.4321670656325345, 1.523176790722294, 1.3866484084626591, 1.3845231845810904, 1.4371008273270953, 1.345610943683572, 1.3564597740429798, 1.3938959349211455, 1.3466795579407838, 1.3623733074697482, 1.4379118605311445, 1.3170066805728364, 1.4902334587076733, 1.3066668656171279, 3.0369607336979216, 1.130278549352912, 1.052845126654838, 1.1418907327464058, 1.12500383623219, 1.0139954294752733, 1.0311636216200673, 1.0144530176995374, 1.101412983242305, 0.9941055746678216, 1.0934021819544661, 0.9764507498006726, 0.9604937627551604, 1.0322722905779076, 0.956671855537529, 0.954624810196257, 0.970576585049869, 0.9562023599496124, 0.9750356527895552, 0.9351476410637883, 1.0313638120906046, 0.956413264676851, 0.9495053988374058, 1.0344438265599218, 0.8971984766989024, 0.9114990298078026, 0.8834243381383955, 0.8989048863740149, 0.9176906818158613, 0.8757019780886732, 0.8729105765982786, 0.8761704512239528, 0.8852695739695485, 0.8877295859307892, 0.8982905622687876, 0.8547662001996074, 0.8563793328422117, 0.9271152485495612, 0.8427344422623476, 0.8400787637307182, 0.8401840606511664, 0.8348877458857151, 0.8335122709794627, 0.8362470421809228, 0.845919719971081, 0.8362589682329875, 0.8589922133035032, 0.8579071631163078, 0.8231112490370905, 0.8505088746826507, 0.8130500861704194, 0.8146669555678532, 0.7990458802092254, 0.8019060269319003, 0.8649186654044327, 0.7908508152689621, 0.786060174781976, 0.7854651975312285, 0.8448333009982533, 0.7870473838102005, 0.7696877756415813, 0.8269383819722739, 0.7653020614367405, 0.760625994493733, 0.7611071832120495, 0.7560124302200716, 0.7506635566447465, 0.7585555629957479, 0.7663803463203362, 0.7501933251948969, 0.7422469178750122, 0.7468110058852055, 0.7442266673207711, 0.7404990176666862, 0.7421162070888042, 0.740350934141152, 0.7375974670476748, 0.7420480497803482, 0.7401603007751205, 0.7393614911865409, 0.7738692684504873, 0.7322602847894445, 0.8520403335690958, 0.7263717621175878, 0.7098525551313248, 0.7309539150287798, 0.7116960786240208, 0.7133540491064767, 0.7060827285931762, 0.7023361666302574, 0.7029018487215407, 0.7056347943543522, 0.7021600963219765, 0.7018515646697349, 0.7018894771621919, 0.7007849294409846, 0.6996399565884016, 0.7042670628623822, 0.6996970824848614, 0.697221577881756, 0.6985805964989927, 0.6997610372756207, 0.6963345581007047, 0.6962797951533535, 0.6990935239197327, 0.700965212881331, 0.7050575493740775, 0.6990009759673241, 0.6962909526847466, 0.6935857516090782, 0.6934960861443356, 0.6935147385535093, 0.6952691374396017, 0.6967401071823995, 0.6926694580866471, 0.6942208905187529, 0.6918119670841308, 0.6905041547592126, 0.6912425286405502, 0.6914377796582124, 0.6911849162388859, 0.6899165857476601, 0.6907626440973217, 0.6930574996299924, 0.6907727805938965, 0.691149131939275, 0.6915635940217594, 0.6911385984924807, 0.6906576875797737, 0.6905351630040297, 0.6903409697616842, 0.689846782611283, 0.6924060458934468, 0.6900064725352124, 0.6889636736557986, 0.6898495763193794, 0.6902250065570058, 0.6890221502284374, 0.6893075329336488, 0.6892071618243167, 0.68996379768733, 0.6892472423687542, 0.6898987083594357, 0.6893353215954724, 0.6889329358161883, 0.6914560933407995, 0.6891805143142761, 0.6886634535543863, 0.6885704617362689, 0.6891184657588669, 0.6885491207036641, 0.6889223594072871, 0.6887425697406938, 0.6883829904522144, 0.6889434031230495, 0.689437625075463, 0.688456386713282, 0.6885778949113139, 0.6891267779971588, 0.6885437053599988, 0.6888457870924513, 0.6883305328789602, 0.6901065916914145, 0.6882369486609843, 0.6888010043166043, 0.6880866080655623, 0.691732213849949, 0.6878693454112659, 0.6899808700191805, 0.6888973618582441, 0.6879201779978087, 0.6881992225583201, 0.6915241282218567, 0.6882557744172617, 0.6886506356097243, 0.6887755648330854, 0.6881822737078855, 0.6882191755608404, 0.6886300053190865, 0.6888363870556307, 0.6876794258405435, 0.6879238565803132, 0.6886003310397982, 0.6874952098787522, 0.6873415808808213, 0.6876229565783165, 0.6877498954971302, 0.6882764849681673, 0.687533616128155, 0.6879199793381173, 0.6879034618224189, 0.6879705012444345]",fixed_epoch_budget_completed,No tolerance-based convergence claim; epochs selected by inner validation,1,"[{""category"": ""ConvergenceWarning"", ""message"": ""Stochastic Optimizer: Maximum iterations (250) reached and the optimization hasn't converged yet.""}]",161,12481,1.2002664590036147,mlp__context_diet_labels,1,5,1.0,inner,"{""alpha"": 10.0, ""epochs"": 250, ""hidden_layer_sizes"": [64, 32]}",2689
250,250,5.421100183526123,0.6881506631073089,0.6866730186973867,-0.0006484540338104194,"[5.421100183526123, 4.0807463733264, 3.128101168325903, 2.414769116801114, 1.8981864546256657, 1.5477262998495331, 1.2974783639735565, 1.1181074552179715, 0.9970105616071314, 0.913058183703945, 0.8527343798915823, 0.8122508710545483, 0.782366946666022, 0.7614261758392707, 0.7461348306644152, 0.7365929557065447, 0.7287548986654586, 0.7206182056913376, 0.717157402120051, 0.7134961002459497, 0.7112615199105399, 0.7088075840190143, 0.7073041084799099, 0.7067516584565627, 0.7050086803378062, 0.7041529834808713, 0.7032748705276115, 0.7019193239203756, 0.7021577901530355, 0.7010724825911642, 0.6999274245235789, 0.6993936355668737, 0.6989186818809869, 0.6977666313222519, 0.6981171888829728, 0.6970989510271187, 0.6972706917648519, 0.6965293211739113, 0.6964132477232151, 0.6959123240219183, 0.6953493405041926, 0.6951589268111932, 0.6949908113997497, 0.6945401215212785, 0.6940530748924916, 0.6939066380026048, 0.6938646494989954, 0.6928108668539282, 0.6927152929452834, 0.6928815776545774, 0.6923268090359332, 0.6928614123908806, 0.6925034441562201, 0.692139373685042, 0.6916637489142555, 0.6917798458585467, 0.6913839928938957, 0.6910692411114127, 0.6912544087987063, 0.6913358428736386, 0.6904432158898288, 0.6910284978764653, 0.6912714166439057, 0.6907053467288572, 0.6900186179008795, 0.690115371430007, 0.6903866072291952, 0.6904427973413542, 0.6901980308745588, 0.6898452598016223, 0.6905869442756088, 0.6898315455264644, 0.6898231260444119, 0.68965667684099, 0.6895765750399105, 0.6890452670112059, 0.6898353433955792, 0.6892232015656774, 0.6898222706125625, 0.6897142696908243, 0.6891931291373934, 0.6896860890357375, 0.6894076484529438, 0.6894491022999293, 0.6895288723603167, 0.6891580710501617, 0.6888338484988396, 0.6890279891479866, 0.6887829452754425, 0.6893325232302833, 0.6886894636662347, 0.6899543781996821, 0.6887883054691408, 0.6893555055625271, 0.6892539636057086, 0.6893611198978226, 0.6889529927114016, 0.6888463028759869, 0.6889439632141239, 0.6894194997286973, 0.6883040660599009, 0.6889359519142353, 0.6886482262635083, 0.6895280796349339, 0.6892701484277476, 0.688762829361225, 0.688785221401178, 0.6889157957460927, 0.6892490129014817, 0.6886193811368272, 0.6885423885884675, 0.6895266409546722, 0.6888816313899417, 0.6886433995900755, 0.6889974588175845, 0.68873109605725, 0.6884996406540115, 0.6889777124578179, 0.6892726718355625, 0.6884428080401301, 0.6893285593008364, 0.6886788002312625, 0.6884388014640617, 0.6879208294933143, 0.6891606754593087, 0.6879661270628374, 0.6884513561346934, 0.6884049785128498, 0.6881110672893448, 0.6883874172741146, 0.6888038720140739, 0.688491725868683, 0.6882193436121864, 0.6882676577411047, 0.6879730082769735, 0.6886847056387595, 0.6886565496564934, 0.6888491422736173, 0.6880466537135294, 0.6888490776414655, 0.688603612575188, 0.6875129953396873, 0.6876352810221961, 0.6878221006936794, 0.6880326711214231, 0.6880323402831817, 0.6887932534109155, 0.68811028479647, 0.6890333584067948, 0.6882681582700864, 0.6882175608856789, 0.68737292672491, 0.6892242194044791, 0.6885544600055946, 0.6886444686615205, 0.6880786827605588, 0.6886030023791072, 0.688293385452944, 0.6883904350789031, 0.6882653637812814, 0.688893222837782, 0.6884178473986027, 0.6890060975706449, 0.6881787572399493, 0.6888583341510123, 0.6877942655860646, 0.6880327774255625, 0.6884228800166374, 0.6883256665438348, 0.6879988669690925, 0.6893362216089225, 0.688127468428334, 0.6884100275714976, 0.6886917085623478, 0.6884170852417334, 0.6878691264826038, 0.6880238090752981, 0.6887219442880291, 0.6885651232419056, 0.6885442805267833, 0.688517710260626, 0.6890389846425671, 0.687342961281237, 0.6883839222378235, 0.6880839241346418, 0.6873838519782945, 0.6882018616355117, 0.6876699351213652, 0.6888080274886935, 0.6871312254040816, 0.6884968502462931, 0.6881690081911638, 0.6871980908860427, 0.6883430905720122, 0.6887058834985196, 0.6880062006640297, 0.6885834878911543, 0.6883059812928274, 0.6876495744366756, 0.6885510811716504, 0.6881864597531224, 0.6878767002681352, 0.6883183011769838, 0.6884884806327711, 0.6883455629458747, 0.6879610995307245, 0.6877956178464798, 0.6884991335530815, 0.6880230577885034, 0.6882421400117191, 0.6883585527604491, 0.6878628142836172, 0.6866730186973867, 0.6885121942898956, 0.6881767182864279, 0.6883043401912047, 0.6886159220487303, 0.6879066567060834, 0.688490147061812, 0.6885447691599915, 0.6876718388611659, 0.6881818661471852, 0.68776165977381, 0.6883849373578239, 0.6879104305900883, 0.6880482488985706, 0.6873821571050736, 0.6881977001620863, 0.6883320730977074, 0.6876528799700454, 0.6883744736825674, 0.6885395474255209, 0.6880901001537462, 0.6890456828611536, 0.6880708439388792, 0.6875160628150552, 0.6879911296971081, 0.688278999635239, 0.6887667483880853, 0.6887991171411193, 0.6877446678369029, 0.6881106368306862, 0.6879891202846803, 0.6877684954111145, 0.6881134742046146, 0.6885024615265602, 0.6878107258926609, 0.6878981670451383, 0.6884862379142872, 0.6881506631073089]",fixed_epoch_budget_completed,No tolerance-based convergence claim; epochs selected by inner validation,1,"[{""category"": ""ConvergenceWarning"", ""message"": ""Stochastic Optimizer: Maximum iterations (250) reached and the optimization hasn't converged yet.""}]",161,12481,1.1456232920027105,mlp__context_diet_labels,1,5,2.0,inner,"{""alpha"": 10.0, ""epochs"": 250, ""hidden_layer_sizes"": [64, 32]}",2685
250,250,5.4430649259797885,0.6869940106675279,0.6862596237381844,-0.000389670672787612,"[5.4430649259797885, 4.081488208011401, 3.0580273755276246, 2.34304449108633, 1.848976622277949, 1.4822284487734556, 1.2391632745697743, 1.0735891884045565, 0.9560655192635975, 0.8787989642022952, 0.8248324774659697, 0.787101964662108, 0.7612671468175268, 0.742538431918078, 0.729411960958884, 0.7212308775082049, 0.7144267293205726, 0.7105441886608312, 0.7074149848566353, 0.7042622179957881, 0.7023961129311025, 0.7004715724016248, 0.6998282181336157, 0.6982499873414759, 0.6975159426992702, 0.6971025676531276, 0.6961471711254844, 0.6961107566638371, 0.6957054762673891, 0.6950642869328649, 0.6941565231440004, 0.6944576381509763, 0.6937867751303626, 0.6932341753038321, 0.6930452593827944, 0.692740764887721, 0.693038622335695, 0.6921932348981418, 0.6917338438181251, 0.6915168343813454, 0.6912935657398817, 0.6910250377628363, 0.6913578699928269, 0.6903409531063576, 0.6910908236558939, 0.690055717156014, 0.690763972263457, 0.6904670219583402, 0.6899703618910474, 0.6905280745732086, 0.6902186397077752, 0.6890838928628994, 0.689680321577768, 0.6903190964792663, 0.6896110762581645, 0.6897902267793568, 0.6895537767132888, 0.6897492826136651, 0.6892492705501624, 0.6895241631809097, 0.6891117828981035, 0.6892228225801921, 0.6893052748559192, 0.688626749499924, 0.6888257361312535, 0.6886979017769751, 0.6886726473792172, 0.6884184307362314, 0.6885566065098007, 0.6895491086147275, 0.6884006765825086, 0.6897291362428143, 0.688206103265037, 0.6884246525509633, 0.6889191580626337, 0.6883252163906683, 0.6885643778106306, 0.6883497548590313, 0.6876210058187723, 0.6878156705369425, 0.6884656415029569, 0.6888377527343965, 0.6881529872311817, 0.6882709881939344, 0.6878943838821915, 0.688080368410289, 0.6882203182641629, 0.6881917313686986, 0.6883223396961404, 0.688627324033153, 0.6878840268976341, 0.6878765279005343, 0.688481380384694, 0.6882130631635921, 0.6878191571305715, 0.688009944278113, 0.6876135208018355, 0.6881119548550088, 0.687471432170005, 0.6879015637778942, 0.6879038913464676, 0.687738224340916, 0.6877056934727663, 0.6877836640458743, 0.6877386480968511, 0.6874845436848448, 0.6873691705149424, 0.6872982284112895, 0.6879951217579348, 0.6879701756160262, 0.6883004848349858, 0.6875805642234091, 0.6887901946906528, 0.6873926846483704, 0.6877217820336657, 0.6883342332257784, 0.6878895118754489, 0.6884661320064117, 0.6875689309151066, 0.6875339329572223, 0.6874179464401053, 0.6878617195868819, 0.686822904889508, 0.686972420355065, 0.6878169076710713, 0.6875566693416106, 0.6876897835325804, 0.6869119097150341, 0.6877217673883899, 0.6880711848816751, 0.6876953616378724, 0.6879389945907152, 0.6882251651243091, 0.6876855650376245, 0.6874119645566004, 0.6875492201124145, 0.6870291197388246, 0.6869800822642972, 0.6877496241470624, 0.686917741366671, 0.686709946451704, 0.6879360175088587, 0.6868072967270513, 0.6870873815066135, 0.6882090286454828, 0.6867716257492685, 0.6877790062942778, 0.6873091092180059, 0.6881636732333842, 0.6870714561407334, 0.6869732681743843, 0.6870495387669057, 0.6871883171027794, 0.6874890012206507, 0.6871257802299611, 0.6873914853372043, 0.686722508756295, 0.6877992337453985, 0.6869498142210928, 0.6878430927898961, 0.6876342195174585, 0.687747248403545, 0.6874724728514957, 0.6870570806530368, 0.686656217823203, 0.6867996896595373, 0.6876729316589929, 0.6881783345450557, 0.6874803981849154, 0.6875988203170524, 0.6877533721506839, 0.6874001646366619, 0.6866990744841139, 0.6874128530448415, 0.6871209824688223, 0.6871938523046541, 0.6874523656281103, 0.6877752011614132, 0.6875910519023056, 0.6873334687610126, 0.6874545997153403, 0.6865642533345319, 0.6879829160496138, 0.6867986371484304, 0.6872360921098891, 0.6870435089624005, 0.6871082397195347, 0.6873423503193451, 0.6872040060668877, 0.6875735261582074, 0.6870575101370225, 0.6871327449638133, 0.68694710737254, 0.6876723404894166, 0.6869094059308273, 0.6866610576176178, 0.6869165022318491, 0.6868800104764721, 0.6875466481420861, 0.6869362673687452, 0.6864946458240089, 0.6870979086768971, 0.6875633565324287, 0.686826609515782, 0.687711990785216, 0.6874816408384143, 0.6877982055720552, 0.6871626589837366, 0.6869843149069049, 0.6873989682853674, 0.6878879091819454, 0.6864020512524628, 0.6866716244049943, 0.68705961914531, 0.6878922191590203, 0.6871830062741073, 0.6874184910263961, 0.6869536582353091, 0.6866511613479913, 0.6878526281303959, 0.6870429351214394, 0.6872575882639126, 0.6872687665987671, 0.6866615631901966, 0.6868577996699375, 0.687536613004914, 0.6876322080582996, 0.686980671426745, 0.6869210493860967, 0.6874114454121595, 0.6874679184317811, 0.6862596237381844, 0.6871514639140751, 0.6874284854460321, 0.6870895646840776, 0.6864905944366991, 0.6876598297312112, 0.6874781253560803, 0.6869813050050793, 0.6873836813403155, 0.686700206040271, 0.6865534780910975, 0.6875260764307012, 0.6876779839911197, 0.6870198543746963, 0.6872780084472869, 0.686623848524281, 0.6873027853019422, 0.6874257893449055, 0.6869940106675279]",fixed_epoch_budget_completed,No tolerance-based convergence claim; epochs selected by inner validation,1,"[{""category"": ""ConvergenceWarning"", ""message"": ""Stochastic Optimizer: Maximum iterations (250) reached and the optimization hasn't converged yet.""}]",161,12481,1.1508534160020645,mlp__context_diet_labels,1,5,3.0,inner,"{""alpha"": 10.0, ""epochs"": 250, ""hidden_layer_sizes"": [64, 32]}",2686
100,100,5.008768796013176,0.6876302043312648,0.6866575877011887,0.00028170548455486166,"[5.008768796013176, 3.22570977218894, 2.1556002346791763, 1.5172398124368627, 1.1623806891957276, 0.9604470449771202, 0.8488184314116588, 0.7826067409632737, 0.7452707495823987, 0.723933874629852, 0.7103938971020424, 0.7023804975651076, 0.6978144614585052, 0.6936697891193749, 0.692062726267859, 0.6904221445206047, 0.6899765872824541, 0.6897060145381614, 0.6890760062005207, 0.6879706298346558, 0.6884927800520402, 0.687854902448249, 0.6882934257509133, 0.6873753412183001, 0.6882222076743305, 0.6876306924283078, 0.6877847359007209, 0.6877675958096279, 0.6874089639162485, 0.687837806800489, 0.6875551032310147, 0.6871833108084326, 0.6878612923867884, 0.6879602635021016, 0.6875663266064264, 0.6875883376035515, 0.6879340880311273, 0.6884729464295304, 0.6873528469662773, 0.6871614010476166, 0.6878574044906104, 0.6870674610233516, 0.6877364828183927, 0.6876040606286817, 0.6876423805540628, 0.6876853818220318, 0.687882713254805, 0.6873494500176591, 0.6874535499219693, 0.6879336263911346, 0.6866575877011887, 0.6873860766230683, 0.6874324802064424, 0.6876020572861247, 0.6874491187610926, 0.6873016763496933, 0.6874201993877271, 0.6873828010835534, 0.6881253130698309, 0.6876715615556982, 0.6875675160316507, 0.6878511738730722, 0.6876436457908095, 0.687484532864652, 0.6877094831198302, 0.6876277867799304, 0.6871628362141017, 0.6870217970935835, 0.6875679328094166, 0.6875041710922788, 0.6876660065492464, 0.6879338005566099, 0.6875468347487204, 0.6877409795496672, 0.68714341697462, 0.6877569029087894, 0.6874182326901797, 0.6879613490974649, 0.6869578997100763, 0.6878448110350691, 0.6871258026478028, 0.6871391757411597, 0.6876513335441216, 0.6874317716903874, 0.6870608414246682, 0.687632993127653, 0.6877990838502467, 0.6875084490389148, 0.6878621662006447, 0.6873484988467099, 0.6873965160358408, 0.6873594943804126, 0.6880983829920206, 0.6875931929164978, 0.6878410128694897, 0.6876853759788442, 0.6877470656639417, 0.6881167693179845, 0.6871318124150846, 0.6876302043312648]",fixed_epoch_budget_completed,No tolerance-based convergence claim; epochs selected by inner validation,1,"[{""category"": ""ConvergenceWarning"", ""message"": ""Stochastic Optimizer: Maximum iterations (100) reached and the optimization hasn't converged yet.""}]",161,12481,0.7497918750013923,mlp__context_diet_labels,1,4,,outer,"{""alpha"": 10.0, ""epochs"": 100, ""hidden_layer_sizes"": [64, 32]}",4030
100,100,0.9929163858002803,0.35426552794792887,0.35426552794792887,-0.015281400327128658,"[0.9929163858002803, 0.9301250936293936, 0.8839424581059445, 0.8502772922888484, 0.8194221320074563, 0.7937525662729038, 0.7700586937196824, 0.7517116662081352, 0.7341298944966768, 0.7198935859498587, 0.7096962057973216, 0.6944997959168181, 0.6793610612715866, 0.674608612102772, 0.6606327101407459, 0.6510563810330366, 0.6410167397496946, 0.6335590898056923, 0.6235853792021544, 0.6204653008517996, 0.6117176001657075, 0.5991256076456658, 0.5958689166778303, 0.5946261130794563, 0.5844441533585168, 0.5759529941519779, 0.5687103705599069, 0.5608727515717422, 0.5530478571902484, 0.5492011550549392, 0.5419848698791722, 0.534518042466217, 0.5332989757846235, 0.5271961034985757, 0.5292350491693297, 0.513457185130567, 0.5006246975651437, 0.5037027252047374, 0.4906131683597631, 0.48752155400932223, 0.4812125162067214, 0.4765650300946979, 0.4684920523307878, 0.46430740615326443, 0.46264900208087056, 0.4549862686127821, 0.44910834226164814, 0.4476853601998734, 0.44484124737990066, 0.44388283095827946, 0.44585205993293897, 0.4347661620257099, 0.4322372918382785, 0.427664657662992, 0.42420193339649065, 0.41870184368158797, 0.41983400493469025, 0.4179037581819341, 0.4134850773363385, 0.41092017032388267, 0.40860230143529674, 0.4097027648849097, 0.40117873389291014, 0.4027964747063141, 0.3992089159758484, 0.39629913457271376, 0.3989266646234511, 0.3929100904824206, 0.3968663327356983, 0.3906746571106633, 0.3927991110383447, 0.3884243592686636, 0.38329060015568966, 0.38221822157306923, 0.38241371264251894, 0.37780551001707713, 0.3805059260765148, 0.37405537890682605, 0.37354183923068246, 0.3733016913583419, 0.37070909244211336, 0.36647440517210017, 0.3673689975026718, 0.3674953298479178, 0.36800181756329325, 0.3675471941954084, 0.3648129215082913, 0.3652993736006686, 0.36417485202977623, 0.36954692827505753, 0.3681609271399805, 0.3596988693328685, 0.35949302029700303, 0.3571293995361231, 0.355732025281443, 0.360899711524375, 0.35689658043239914, 0.35632398408833027, 0.35595350303910683, 0.35426552794792887]",fixed_epoch_budget_completed,No tolerance-based convergence claim; epochs selected by inner validation,1,"[{""category"": ""ConvergenceWarning"", ""message"": ""Stochastic Optimizer: Maximum iterations (100) reached and the optimization hasn't converged yet.""}]",162,5761,0.36234983400208876,mlp__context_diet_labels,2,0,1.0,inner,"{""alpha"": 1.0, ""epochs"": 100, ""hidden_layer_sizes"": [32, 16]}",2686
100,100,0.9924886575425476,0.3416232890030142,0.3416232890030142,-0.00432965886119574,"[0.9924886575425476, 0.9391625779889814, 0.8954888988224523, 0.8620781154719914, 0.8338290732716876, 0.8109793638169587, 0.7853987287188277, 0.7697771934848004, 0.751020597173372, 0.7366736897787648, 0.723585189490184, 0.7117731437281337, 0.7007613200587945, 0.6888207282692919, 0.6830954134337001, 0.6723852369711407, 0.6632611727632431, 0.6489580180982134, 0.6403199837024486, 0.6322764168189428, 0.6204678286891061, 0.6096957508536063, 0.5993077398564486, 0.5882698704176285, 0.5780335620254138, 0.5631609442890347, 0.5534528419441428, 0.5445171598549295, 0.5377393613742287, 0.5261457129771001, 0.5165894048682657, 0.5148089745392552, 0.5147469220170571, 0.4917768429956614, 0.4867346900830241, 0.477138142027939, 0.4723640227827664, 0.46677277158467445, 0.46427591598608053, 0.45518522217444113, 0.4497358773266309, 0.44522483818080777, 0.4365311632516363, 0.43458874858717766, 0.42908356267019276, 0.4283562628850077, 0.4249545085327189, 0.4179509343230361, 0.4178781347436452, 0.4122775738377736, 0.4076950782014886, 0.40266845731647133, 0.4012758766333269, 0.39771254440051296, 0.3947738339247662, 0.3937919691972951, 0.3968649775247587, 0.39555979271066316, 0.3916665982523351, 0.38612764627308155, 0.3807508664009334, 0.37884264918098126, 0.37961283882452446, 0.37585881992445747, 0.3776345279971026, 0.3703347832281061, 0.3697517208838268, 0.3695562070019279, 0.36696147748099356, 0.36643310021234393, 0.3658029181657178, 0.36152706648183175, 0.3676884143230711, 0.36317121057530277, 0.3556125811138477, 0.3623343932939327, 0.35789366958142727, 0.35893842367988366, 0.35426098755789937, 0.35448831829700084, 0.36018268538706366, 0.3524851870795132, 0.35052410986274946, 0.35293081318690367, 0.34841356443710253, 0.34784916548388045, 0.34714081248890316, 0.34759131731355, 0.3475038709383058, 0.34595294786420994, 0.34743372954209595, 0.34532372274835205, 0.34502330094775135, 0.3437272907522342, 0.3442956179934983, 0.34500406135627326, 0.34323724628232266, 0.34232743684384137, 0.34374035074751685, 0.3416232890030142]",fixed_epoch_budget_completed,No tolerance-based convergence claim; epochs selected by inner validation,1,"[{""category"": ""ConvergenceWarning"", ""message"": ""Stochastic Optimizer: Maximum iterations (100) reached and the optimization hasn't converged yet.""}]",162,5761,0.39711975000682287,mlp__context_diet_labels,2,0,2.0,inner,"{""alpha"": 1.0, ""epochs"": 100, ""hidden_layer_sizes"": [32, 16]}",2688
100,100,0.986606471292917,0.33934861497101537,0.33934861497101537,-0.010777068170226667,"[0.986606471292917, 0.9271397318278255, 0.8813266877113275, 0.8511668323700612, 0.8230724257368945, 0.7978021086937365, 0.7791059417630843, 0.7648641674410828, 0.745129739985428, 0.7262000758828822, 0.7188789650839987, 0.7067922855330313, 0.6944829977542905, 0.6804584251488678, 0.6720899370417643, 0.6636275260678057, 0.6547812849505681, 0.6450560584185565, 0.6377733080174168, 0.628845402047929, 0.620621865076592, 0.6215143009049627, 0.6156967070891642, 0.5986659807255611, 0.5927563174239419, 0.5838121871217583, 0.5757994731736595, 0.5735900384578067, 0.5602990624307045, 0.5493147723627879, 0.5372865843762537, 0.5403089666374952, 0.5355538588692491, 0.5177037779710569, 0.5102293259623291, 0.4976223513004695, 0.49751406995031633, 0.48873892296271476, 0.4814774070459686, 0.4732502165144173, 0.46578545218338546, 0.46339351236704085, 0.4614110046881718, 0.4510444633786905, 0.44058712325786337, 0.4483089541862257, 0.43518976140800764, 0.4340358199245383, 0.4270758756463194, 0.42787984456764344, 0.42687158428918887, 0.4157209950571597, 0.41407817019354176, 0.41399033034004573, 0.40671296657129674, 0.4123502767828666, 0.3994457105946191, 0.39387810937951795, 0.3945123281264398, 0.394206680594319, 0.38750081080632326, 0.3865964592200357, 0.3925498504906682, 0.39053551190444286, 0.3798982404516317, 0.37996009182942264, 0.37665642417613365, 0.37621778363393477, 0.3747935454487214, 0.37376838283975977, 0.3785597258717287, 0.37460807924694456, 0.36726846326764445, 0.3720064528533667, 0.36452401708995325, 0.36332048810982354, 0.36500752468225356, 0.3640015918274966, 0.3640741721050873, 0.3605319963353146, 0.35641383810885957, 0.35503103732376085, 0.35540356933937767, 0.35497880623024913, 0.3527159579873087, 0.34923024316866713, 0.3531081794969204, 0.3485676854499173, 0.34975491196020286, 0.35012568314124204, 0.351126861877107, 0.34755671350597545, 0.34746100945815755, 0.34703607260231684, 0.34617084710241136, 0.3434213875193897, 0.3453160545188176, 0.34032489022592055, 0.34189432929330865, 0.33934861497101537]",fixed_epoch_budget_completed,No tolerance-based convergence claim; epochs selected by inner validation,1,"[{""category"": ""ConvergenceWarning"", ""message"": ""Stochastic Optimizer: Maximum iterations (100) reached and the optimization hasn't converged yet.""}]",161,5729,0.41238508300011745,mlp__context_diet_labels,2,0,3.0,inner,"{""alpha"": 1.0, ""epochs"": 100, ""hidden_layer_sizes"": [32, 16]}",2684
100,100,3.4302964526297743,0.6886522280151112,0.6881524737375246,-0.0002301934844087805,"[3.4302964526297743, 2.7492679902813397, 2.2210146522072836, 1.8509117299865858, 1.5637727588406465, 1.3490694460039088, 1.1939335693150708, 1.0824351618473702, 0.9958406191291879, 0.9321930513122363, 0.8833046515961848, 0.8455743661049708, 0.8155298941400161, 0.7963315327634455, 0.7762668004618821, 0.7626346151161209, 0.7510548064933327, 0.7425390776305585, 0.7346125093063862, 0.7293406354622525, 0.723881676014527, 0.7198922820682241, 0.7163680733689596, 0.7135912410703873, 0.7114372083651864, 0.7084974482023445, 0.7073258036035949, 0.7056287651622499, 0.703936684979167, 0.7028137496961042, 0.7019589357385293, 0.7007762950086119, 0.7004541188431057, 0.6989290245529504, 0.6985218119769031, 0.6978901567811358, 0.6972453347226047, 0.6967510192495903, 0.6963135046270037, 0.6953758622096917, 0.6949076939903027, 0.6948571751197858, 0.6941027184874833, 0.693880448735759, 0.693908930375407, 0.6933110813855342, 0.6925095776596941, 0.6922325689665508, 0.692056275317414, 0.691675566691698, 0.691608418738957, 0.6908583231439662, 0.6915227459626294, 0.6909752903549604, 0.6904889729439804, 0.6910097957362693, 0.6900140776154293, 0.6904200841181982, 0.6904619215623957, 0.6901860827068719, 0.6901971881826412, 0.6895367618565695, 0.6894959844016655, 0.6897125684888468, 0.689918646356322, 0.689388579135072, 0.6896266188891286, 0.6894783195217381, 0.6894999995563384, 0.6892008201708768, 0.6895339926787005, 0.6895989580913755, 0.6892659520960541, 0.688989889322921, 0.6890098521059637, 0.6886485274578542, 0.6899345336582335, 0.689101470143734, 0.6889476595753192, 0.6896670854586866, 0.6887057442905129, 0.6884274355307078, 0.6887709291311526, 0.6890482072214468, 0.6891818327708858, 0.6889893108491049, 0.6891980963373819, 0.688936738140029, 0.6884170569632289, 0.68888242149952, 0.6891933623975245, 0.6888791702122524, 0.6889139304686875, 0.688803593042574, 0.6894071043743367, 0.689978655170683, 0.6893780688384421, 0.6890632405632694, 0.6881524737375246, 0.6886522280151112]",fixed_epoch_budget_completed,No tolerance-based convergence claim; epochs selected by inner validation,1,"[{""category"": ""ConvergenceWarning"", ""message"": ""Stochastic Optimizer: Maximum iterations (100) reached and the optimization hasn't converged yet.""}]",162,5761,0.37052558299910743,mlp__context_diet_labels,2,1,1.0,inner,"{""alpha"": 10.0, ""epochs"": 100, ""hidden_layer_sizes"": [32, 16]}",2686
100,100,3.395951219482421,0.6899028360346199,0.6892722837240493,-0.00027702140989249724,"[3.395951219482421, 2.7145790694911347, 2.194666848032623, 1.8083022207138466, 1.5309028042998853, 1.3176149571907558, 1.1619465497021433, 1.0539540493061597, 0.965677443366713, 0.9056478545278038, 0.8610391960449975, 0.8261773416155346, 0.7985990861502208, 0.7790760563373573, 0.7620293483804639, 0.7491302523766287, 0.7387264677788803, 0.7302402677544952, 0.7231945596581032, 0.7178933891323687, 0.7132617698358192, 0.7085782369966742, 0.7057744906737652, 0.7032691643829101, 0.7008655837753528, 0.6987343676649603, 0.6969337675558778, 0.6961190125252859, 0.6947416091210442, 0.6948275279549472, 0.693222857611841, 0.6933350092473293, 0.6923922305539185, 0.6921188331472482, 0.6921254869215401, 0.6914647052584102, 0.6911295746660101, 0.6905585962298173, 0.6908445017103781, 0.690317989458146, 0.6906332913000158, 0.6910241982763871, 0.6907524654466188, 0.690395924671542, 0.6906481854357873, 0.6900608506010657, 0.690316519276587, 0.6904565568139752, 0.6905351045635637, 0.690291898891162, 0.6900673318536974, 0.6901822674613246, 0.6905085158762517, 0.690874679070584, 0.6898412687090817, 0.690230115108775, 0.6901692002168234, 0.6905533536870534, 0.6902252161520055, 0.6905644030732914, 0.6900505234561142, 0.6902064056568804, 0.6906661533753063, 0.6903417800553604, 0.6905643624767895, 0.6903124239484335, 0.6904477427490908, 0.6892722837240493, 0.6903181243475176, 0.690106382039407, 0.6903279675738038, 0.6905036190022702, 0.6900327343513984, 0.6901432764176052, 0.6902600743457578, 0.6905195116526097, 0.6904166462917241, 0.6901941256572186, 0.6901566477275584, 0.689544504332854, 0.6898973970192843, 0.6906296072375123, 0.6903808910410687, 0.6905047741749386, 0.69091913637971, 0.6901026945946959, 0.690544647246222, 0.6902514598128943, 0.6906380232632798, 0.6901798574445124, 0.6904327162833083, 0.6899166506562684, 0.689883973978256, 0.6901166309856899, 0.6903933749506835, 0.6899804561352906, 0.690507737156701, 0.690254694284541, 0.6900693528383929, 0.6899028360346199]",fixed_epoch_budget_completed,No tolerance-based convergence claim; epochs selected by inner validation,1,"[{""category"": ""ConvergenceWarning"", ""message"": ""Stochastic Optimizer: Maximum iterations (100) reached and the optimization hasn't converged yet.""}]",162,5761,0.3674312080038362,mlp__context_diet_labels,2,1,2.0,inner,"{""alpha"": 10.0, ""epochs"": 100, ""hidden_layer_sizes"": [32, 16]}",2688
100,100,3.412054962464067,0.6854757611955441,0.6854757611955441,-0.0005439701378464612,"[3.412054962464067, 2.7298095089481884, 2.2069789786324394, 1.8371448922153912, 1.554555275960318, 1.342776593423288, 1.1922910419536807, 1.0786196082883046, 0.9871040806458193, 0.9204341458702845, 0.8716460335927078, 0.8382577199632035, 0.8087290251172625, 0.7844601760555399, 0.7674337343735995, 0.7540714613985461, 0.7429540185993214, 0.7333074022941521, 0.7259825746958446, 0.7200934228066267, 0.7149512343099429, 0.7114814430878982, 0.7081218173458481, 0.7039470603387904, 0.7021583525797404, 0.6997118349945718, 0.6978304592083813, 0.6972804474729986, 0.6953367296514413, 0.6943372065619754, 0.6934743992576861, 0.6922616530604643, 0.6915985683250209, 0.6909836736827214, 0.6903607236549536, 0.6900117142555839, 0.6898577458277437, 0.6894552985273114, 0.68886592551604, 0.6875887963392108, 0.6884444412442385, 0.6888997668929524, 0.6879751836193027, 0.6880161501572466, 0.6878539807251022, 0.688300827847469, 0.6873492919330824, 0.6869301138044779, 0.6870728795370807, 0.6869560601531777, 0.6870698747027782, 0.6874851637645577, 0.6868978005877437, 0.6867339719989864, 0.6874121183481203, 0.6862990105767759, 0.6870184441172759, 0.6872401992817133, 0.6855406688288441, 0.6864751585839325, 0.6868839975570192, 0.6865724366099448, 0.6862808561482204, 0.685957423450868, 0.6865337024820068, 0.6864884902636139, 0.6863064806573028, 0.6860281867079294, 0.6869759927683106, 0.6871673699131562, 0.6878698150984786, 0.6863591807715084, 0.6871874207587001, 0.6876957610515699, 0.6867154834743464, 0.6881194460566599, 0.6867126248911936, 0.6862984124360426, 0.6869400456184609, 0.6865923255255636, 0.6861554132717301, 0.6864855092453339, 0.6871979753404355, 0.6873929739822157, 0.6859193676385987, 0.6873450115236499, 0.6872489000788015, 0.6873512396534999, 0.6859115545344509, 0.6860197313333906, 0.6858147343259842, 0.6861074241989206, 0.6858903357910805, 0.6873350748090157, 0.6861224338141277, 0.6865215877350845, 0.6863696460969599, 0.6863526450362982, 0.6867728633741695, 0.6854757611955441]",fixed_epoch_budget_completed,No tolerance-based convergence claim; epochs selected by inner validation,1,"[{""category"": ""ConvergenceWarning"", ""message"": ""Stochastic Optimizer: Maximum iterations (100) reached and the optimization hasn't converged yet.""}]",161,5729,0.36216412499925354,mlp__context_diet_labels,2,1,3.0,inner,"{""alpha"": 10.0, ""epochs"": 100, ""hidden_layer_sizes"": [32, 16]}",2684
250,250,3.4302964526297743,0.6888670337568593,0.6876457400417594,0.00016856138733534198,"[3.4302964526297743, 2.7492679902813397, 2.2210146522072836, 1.8509117299865858, 1.5637727588406465, 1.3490694460039088, 1.1939335693150708, 1.0824351618473702, 0.9958406191291879, 0.9321930513122363, 0.8833046515961848, 0.8455743661049708, 0.8155298941400161, 0.7963315327634455, 0.7762668004618821, 0.7626346151161209, 0.7510548064933327, 0.7425390776305585, 0.7346125093063862, 0.7293406354622525, 0.723881676014527, 0.7198922820682241, 0.7163680733689596, 0.7135912410703873, 0.7114372083651864, 0.7084974482023445, 0.7073258036035949, 0.7056287651622499, 0.703936684979167, 0.7028137496961042, 0.7019589357385293, 0.7007762950086119, 0.7004541188431057, 0.6989290245529504, 0.6985218119769031, 0.6978901567811358, 0.6972453347226047, 0.6967510192495903, 0.6963135046270037, 0.6953758622096917, 0.6949076939903027, 0.6948571751197858, 0.6941027184874833, 0.693880448735759, 0.693908930375407, 0.6933110813855342, 0.6925095776596941, 0.6922325689665508, 0.692056275317414, 0.691675566691698, 0.691608418738957, 0.6908583231439662, 0.6915227459626294, 0.6909752903549604, 0.6904889729439804, 0.6910097957362693, 0.6900140776154293, 0.6904200841181982, 0.6904619215623957, 0.6901860827068719, 0.6901971881826412, 0.6895367618565695, 0.6894959844016655, 0.6897125684888468, 0.689918646356322, 0.689388579135072, 0.6896266188891286, 0.6894783195217381, 0.6894999995563384, 0.6892008201708768, 0.6895339926787005, 0.6895989580913755, 0.6892659520960541, 0.688989889322921, 0.6890098521059637, 0.6886485274578542, 0.6899345336582335, 0.689101470143734, 0.6889476595753192, 0.6896670854586866, 0.6887057442905129, 0.6884274355307078, 0.6887709291311526, 0.6890482072214468, 0.6891818327708858, 0.6889893108491049, 0.6891980963373819, 0.688936738140029, 0.6884170569632289, 0.68888242149952, 0.6891933623975245, 0.6888791702122524, 0.6889139304686875, 0.688803593042574, 0.6894071043743367, 0.689978655170683, 0.6893780688384421, 0.6890632405632694, 0.6881524737375246, 0.6886522280151112, 0.6892698124997163, 0.6892099082565043, 0.6885463833931635, 0.6886768191290696, 0.6887221033884076, 0.6890683196553146, 0.6883724904124341, 0.6898552010587228, 0.6890941874718698, 0.6888992246673183, 0.6894661458809636, 0.6881637642890827, 0.6889433574629532, 0.6888183240763971, 0.6886930194319537, 0.6885010170930898, 0.6892796822520774, 0.688079982758974, 0.6887584638076937, 0.6888937189487554, 0.6892660370148479, 0.6889794534751164, 0.6887415796590096, 0.6887428441482263, 0.6891396388372701, 0.6887602680056525, 0.6893180842596557, 0.6890868827145763, 0.6886418941379648, 0.688930037193171, 0.6887018706754557, 0.6885077430755314, 0.689025249375348, 0.6885362666334263, 0.6883968179397658, 0.6890366444807323, 0.6888648198444776, 0.6885703208284665, 0.6887619248590506, 0.6899719381077892, 0.6888859830655977, 0.6884528074398248, 0.6889831142702475, 0.6883718179215099, 0.6884099071025075, 0.6887443185050074, 0.688807993494584, 0.6892636601360318, 0.6890965575940123, 0.688958498234944, 0.6888993863919448, 0.6887587503817959, 0.6890803133603752, 0.6881392307069403, 0.688975084822574, 0.6888754772494784, 0.6892722057275255, 0.6885981511678361, 0.6886020723157884, 0.6884725031946003, 0.6887254178265944, 0.6888077620504646, 0.6885524111919853, 0.6882351978459467, 0.6876457400417594, 0.6883123637522759, 0.6881636421133368, 0.6887635744078542, 0.6888968141078377, 0.6881806738532849, 0.6893397294316167, 0.6881979636498962, 0.6885255021322845, 0.6887691064373402, 0.68815929658341, 0.6884362076975201, 0.6889180755429906, 0.689288953771786, 0.6882346578827244, 0.6891535445894369, 0.689208075980805, 0.6889486319220337, 0.6887638971324043, 0.6889446664866915, 0.6890010153141398, 0.6887849569996468, 0.6888363909580498, 0.6887668337728672, 0.6895048564902195, 0.6885098715083015, 0.6884378604232866, 0.6887197521061924, 0.6894833706616983, 0.6886743557990374, 0.6890700559743461, 0.6883500378477477, 0.6887105579398182, 0.6889674197405361, 0.6882620628016706, 0.6884284921125955, 0.6891761156024747, 0.6890590384155137, 0.6891463646345485, 0.6887795269419519, 0.6882602076176192, 0.6891134356660535, 0.68873507383628, 0.6889924040792478, 0.6886947308224057, 0.6887157984447375, 0.6883621787198037, 0.6890634395484556, 0.6883917443348588, 0.6886747233368031, 0.6886359468692902, 0.6890055861656975, 0.6879288986644917, 0.6886099828276394, 0.6886380053183397, 0.6883893802255593, 0.6885001920730076, 0.6894026424120605, 0.6886977924173927, 0.6892403724406169, 0.6889727162952225, 0.6887542027095099, 0.6891457149602057, 0.6890157584182596, 0.6897615720603003, 0.6889493276694002, 0.6892454814720433, 0.6886184518182205, 0.6886288045257059, 0.688623115359059, 0.6891452049408634, 0.6892929188859447, 0.688714843581536, 0.6887137830905358, 0.6888342669468028, 0.688698472369524, 0.6887519223708977, 0.6888709404269937, 0.6879128136426482, 0.6890524214431785, 0.6886514966023036, 0.6887326405291453, 0.688682337176699, 0.6886780571668308, 0.6882107207109159, 0.6888670337568593]",fixed_epoch_budget_completed,No tolerance-based convergence claim; epochs selected by inner validation,1,"[{""category"": ""ConvergenceWarning"", ""message"": ""Stochastic Optimizer: Maximum iterations (250) reached and the optimization hasn't converged yet.""}]",162,5761,0.8242243329950725,mlp__context_diet_labels,2,2,1.0,inner,"{""alpha"": 10.0, ""epochs"": 250, ""hidden_layer_sizes"": [32, 16]}",2686
250,250,3.395951219482421,0.6906560090575854,0.6892722837240493,4.2721087431196736e-05,"[3.395951219482421, 2.7145790694911347, 2.194666848032623, 1.8083022207138466, 1.5309028042998853, 1.3176149571907558, 1.1619465497021433, 1.0539540493061597, 0.965677443366713, 0.9056478545278038, 0.8610391960449975, 0.8261773416155346, 0.7985990861502208, 0.7790760563373573, 0.7620293483804639, 0.7491302523766287, 0.7387264677788803, 0.7302402677544952, 0.7231945596581032, 0.7178933891323687, 0.7132617698358192, 0.7085782369966742, 0.7057744906737652, 0.7032691643829101, 0.7008655837753528, 0.6987343676649603, 0.6969337675558778, 0.6961190125252859, 0.6947416091210442, 0.6948275279549472, 0.693222857611841, 0.6933350092473293, 0.6923922305539185, 0.6921188331472482, 0.6921254869215401, 0.6914647052584102, 0.6911295746660101, 0.6905585962298173, 0.6908445017103781, 0.690317989458146, 0.6906332913000158, 0.6910241982763871, 0.6907524654466188, 0.690395924671542, 0.6906481854357873, 0.6900608506010657, 0.690316519276587, 0.6904565568139752, 0.6905351045635637, 0.690291898891162, 0.6900673318536974, 0.6901822674613246, 0.6905085158762517, 0.690874679070584, 0.6898412687090817, 0.690230115108775, 0.6901692002168234, 0.6905533536870534, 0.6902252161520055, 0.6905644030732914, 0.6900505234561142, 0.6902064056568804, 0.6906661533753063, 0.6903417800553604, 0.6905643624767895, 0.6903124239484335, 0.6904477427490908, 0.6892722837240493, 0.6903181243475176, 0.690106382039407, 0.6903279675738038, 0.6905036190022702, 0.6900327343513984, 0.6901432764176052, 0.6902600743457578, 0.6905195116526097, 0.6904166462917241, 0.6901941256572186, 0.6901566477275584, 0.689544504332854, 0.6898973970192843, 0.6906296072375123, 0.6903808910410687, 0.6905047741749386, 0.69091913637971, 0.6901026945946959, 0.690544647246222, 0.6902514598128943, 0.6906380232632798, 0.6901798574445124, 0.6904327162833083, 0.6899166506562684, 0.689883973978256, 0.6901166309856899, 0.6903933749506835, 0.6899804561352906, 0.690507737156701, 0.690254694284541, 0.6900693528383929, 0.6899028360346199, 0.6898708660058139, 0.6897964960158157, 0.6906389234779207, 0.6897971903766701, 0.6900209061047692, 0.6906373969873296, 0.6904961384531939, 0.6907525050507901, 0.69047331062738, 0.6904909670679941, 0.690305255688585, 0.6901870195965548, 0.6896435567494101, 0.6902258283116446, 0.690324492180717, 0.6905215917189919, 0.6901497311089017, 0.6897754785068742, 0.6903488988341528, 0.6903214849106489, 0.6895939062928841, 0.6900164765887439, 0.6901852272525529, 0.6903578931466766, 0.6904678057691596, 0.6898058593293577, 0.6903140075944295, 0.6902481961033957, 0.689813739806724, 0.6903101268219526, 0.6902746966508804, 0.6907853749655443, 0.6903314893456862, 0.6900045942123316, 0.6903042163006484, 0.6904348017265494, 0.6900298405308011, 0.6898075722168883, 0.6903911772376238, 0.6906034001984133, 0.6903088068197266, 0.6903511322544679, 0.6909111570821898, 0.6910070108118412, 0.690520344804984, 0.6905982999513874, 0.6905709104212454, 0.6901211557862327, 0.6897266970502836, 0.6898982281633189, 0.6901224381043013, 0.6903137274268226, 0.6901506050693017, 0.6903193001878518, 0.6901099667754038, 0.6902776613904996, 0.6903217994958815, 0.6901905755926638, 0.6906310312120233, 0.6896791733634453, 0.6905278553906884, 0.6900002212761096, 0.6906453981907662, 0.6902309504569809, 0.6901667343432191, 0.6902967902152884, 0.6901215691346152, 0.68997679879821, 0.690171258780756, 0.6905525359500899, 0.6902197580025945, 0.6906193427258954, 0.6904566978344528, 0.690003476459395, 0.6903379395290099, 0.6897420697057388, 0.6907874170795336, 0.6906143155492712, 0.6901365829264344, 0.6901929294714932, 0.6905123740137956, 0.6903693074134399, 0.6904044370914951, 0.6898959382428045, 0.6909770560038618, 0.690346016204891, 0.6904079593810641, 0.6902288673487811, 0.6903318894355434, 0.6898915909571132, 0.6900897873729847, 0.6900267439956442, 0.6902432524325546, 0.6901665104837893, 0.6908720010911804, 0.6911932607696947, 0.6898511655825582, 0.6902006680664888, 0.6902080631698675, 0.6899597789249133, 0.6908588358315847, 0.6907022099429742, 0.6903571939502621, 0.6903085165473365, 0.6905413479544565, 0.689923468928795, 0.6901396214935408, 0.6905638608520059, 0.6899977992269221, 0.6901877692905694, 0.6905543234383144, 0.6900473294344324, 0.690281779052374, 0.6900934573561431, 0.6901704324382549, 0.6901791921611556, 0.6900920589353307, 0.6904756191980602, 0.6903951477686368, 0.6898697579042189, 0.6898998596733753, 0.6906637612342832, 0.6905475327386368, 0.6901359434270559, 0.6902520929400889, 0.6903648846430533, 0.6896408255601871, 0.6898853398812747, 0.6899697506797219, 0.6899450520164221, 0.6901001411158748, 0.6901302034913928, 0.6900484678920185, 0.6902835971742101, 0.6904335007552462, 0.6901577559946764, 0.689864551868437, 0.6896077725329663, 0.6899612975569787, 0.6906132879701542, 0.6905323382225639, 0.6904757575950008, 0.6901403108310192, 0.6903339219070422, 0.6899722505493031, 0.690465637915174, 0.6901302531466712, 0.6902077894876542, 0.6899656464558392, 0.6906560090575854]",fixed_epoch_budget_completed,No tolerance-based convergence claim; epochs selected by inner validation,1,"[{""category"": ""ConvergenceWarning"", ""message"": ""Stochastic Optimizer: Maximum iterations (250) reached and the optimization hasn't converged yet.""}]",162,5761,0.8638609169938718,mlp__context_diet_labels,2,2,2.0,inner,"{""alpha"": 10.0, ""epochs"": 250, ""hidden_layer_sizes"": [32, 16]}",2688
250,250,3.412054962464067,0.6864153639513378,0.6851314654143563,0.00011289577022366437,"[3.412054962464067, 2.7298095089481884, 2.2069789786324394, 1.8371448922153912, 1.554555275960318, 1.342776593423288, 1.1922910419536807, 1.0786196082883046, 0.9871040806458193, 0.9204341458702845, 0.8716460335927078, 0.8382577199632035, 0.8087290251172625, 0.7844601760555399, 0.7674337343735995, 0.7540714613985461, 0.7429540185993214, 0.7333074022941521, 0.7259825746958446, 0.7200934228066267, 0.7149512343099429, 0.7114814430878982, 0.7081218173458481, 0.7039470603387904, 0.7021583525797404, 0.6997118349945718, 0.6978304592083813, 0.6972804474729986, 0.6953367296514413, 0.6943372065619754, 0.6934743992576861, 0.6922616530604643, 0.6915985683250209, 0.6909836736827214, 0.6903607236549536, 0.6900117142555839, 0.6898577458277437, 0.6894552985273114, 0.68886592551604, 0.6875887963392108, 0.6884444412442385, 0.6888997668929524, 0.6879751836193027, 0.6880161501572466, 0.6878539807251022, 0.688300827847469, 0.6873492919330824, 0.6869301138044779, 0.6870728795370807, 0.6869560601531777, 0.6870698747027782, 0.6874851637645577, 0.6868978005877437, 0.6867339719989864, 0.6874121183481203, 0.6862990105767759, 0.6870184441172759, 0.6872401992817133, 0.6855406688288441, 0.6864751585839325, 0.6868839975570192, 0.6865724366099448, 0.6862808561482204, 0.685957423450868, 0.6865337024820068, 0.6864884902636139, 0.6863064806573028, 0.6860281867079294, 0.6869759927683106, 0.6871673699131562, 0.6878698150984786, 0.6863591807715084, 0.6871874207587001, 0.6876957610515699, 0.6867154834743464, 0.6881194460566599, 0.6867126248911936, 0.6862984124360426, 0.6869400456184609, 0.6865923255255636, 0.6861554132717301, 0.6864855092453339, 0.6871979753404355, 0.6873929739822157, 0.6859193676385987, 0.6873450115236499, 0.6872489000788015, 0.6873512396534999, 0.6859115545344509, 0.6860197313333906, 0.6858147343259842, 0.6861074241989206, 0.6858903357910805, 0.6873350748090157, 0.6861224338141277, 0.6865215877350845, 0.6863696460969599, 0.6863526450362982, 0.6867728633741695, 0.6854757611955441, 0.6861425757579648, 0.6861647223207067, 0.68711750673081, 0.6862658846338016, 0.6863616491297979, 0.68675833963659, 0.6865170686071753, 0.6864217811934028, 0.6857087532183154, 0.6871261195931543, 0.6862222282905936, 0.6866610039069596, 0.6861836995822302, 0.6858181680696434, 0.6853847770084422, 0.6862569511530455, 0.6873403787130634, 0.6862665915518923, 0.6856943788978469, 0.6872864333880574, 0.6861385898708311, 0.6860920292430119, 0.6859003593327779, 0.6859269613979448, 0.6872879909137348, 0.686152541435938, 0.6864218645090453, 0.6861370683946988, 0.6875015839246904, 0.6868064247203477, 0.6870541482034659, 0.6858973414327558, 0.6869001498777826, 0.687248475446465, 0.686827850177658, 0.6862801625091386, 0.6871977679256309, 0.686177505194457, 0.6869577564906456, 0.6865360181559655, 0.6866583704841649, 0.6862519793304072, 0.686745575424023, 0.6862064790425754, 0.6859564518033856, 0.6870481278252979, 0.6863807980960226, 0.6862325301924426, 0.6865823817390657, 0.6867058034298454, 0.6864484188540313, 0.6861686945483496, 0.6870482856094037, 0.6860170089634087, 0.686368977104408, 0.6861394619157917, 0.686427340455933, 0.6871590830952181, 0.685792553416339, 0.6873901980405546, 0.6863112712560803, 0.6858473922471806, 0.6868550119365072, 0.6868190971045846, 0.685474902093124, 0.6869803192593874, 0.6860047456065934, 0.6862426819095565, 0.6867081456992863, 0.685976064780251, 0.686222462713482, 0.6864026955658215, 0.6858778307672339, 0.6869057816266734, 0.6866710959387505, 0.6860442416004389, 0.6862187768200035, 0.6869222995231674, 0.6869831695532672, 0.6872119766853475, 0.6866916641982433, 0.6861712577625756, 0.6872740152277229, 0.6872751223028889, 0.6863174940974667, 0.6859786761634002, 0.6865231098043239, 0.6866204780769273, 0.6873226362650702, 0.6851314654143563, 0.6864464843297939, 0.6864813865253243, 0.6868354154573029, 0.6862838110739804, 0.6862437887079965, 0.6856017583455508, 0.6868582245388546, 0.686863213688992, 0.6864184648425165, 0.6859347107215791, 0.6865190736653365, 0.685679553676054, 0.6868565486197501, 0.6868487603222884, 0.6856385304639782, 0.686651613158437, 0.6863070322811751, 0.6860315019886056, 0.6872751330006347, 0.6862863980600933, 0.686419258772186, 0.6858715427597422, 0.6856833173448935, 0.6869458562938587, 0.6867779098254644, 0.6869515883584166, 0.6864144284758507, 0.6862463661269109, 0.686093694574086, 0.6872455840299362, 0.6864137625535291, 0.6868880247529693, 0.6858623619283291, 0.6866963638194585, 0.6869599788592202, 0.686644205644644, 0.6863888845690129, 0.6865798585571958, 0.6865688049751256, 0.6860401575796828, 0.6861846013209658, 0.6862136740243194, 0.6862323188100011, 0.6867578536154397, 0.6862657498755569, 0.6855030284400628, 0.6865659026701141, 0.6865130929890487, 0.6861664253299594, 0.6863024681811142, 0.6865379103554643, 0.6859171311687023, 0.6865779508903077, 0.6855509014997966, 0.688142805568346, 0.6861186040645911, 0.6866315471011296, 0.687021134726033, 0.6857733358794088, 0.6864153639513378]",fixed_epoch_budget_completed,No tolerance-based convergence claim; epochs selected by inner validation,1,"[{""category"": ""ConvergenceWarning"", ""message"": ""Stochastic Optimizer: Maximum iterations (250) reached and the optimization hasn't converged yet.""}]",161,5729,0.852537917002337,mlp__context_diet_labels,2,2,3.0,inner,"{""alpha"": 10.0, ""epochs"": 250, ""hidden_layer_sizes"": [32, 16]}",2684
100,100,1.227421586819643,0.31803945816606377,0.3111708002693461,0.0030399168300980217,"[1.227421586819643, 1.1059839978695902, 1.022406473503007, 0.9589111390940656, 0.90813445786291, 0.8622029269885568, 0.830860904590966, 0.7967870863484906, 0.7660336572512895, 0.7417047610016987, 0.7232518123629278, 0.7039485830921147, 0.6855564751934966, 0.6758930026240001, 0.6518045073501714, 0.6391776283139754, 0.6233520048031815, 0.6042886059996551, 0.5952140958376133, 0.5806001515893633, 0.566348735741999, 0.5502890144402611, 0.5380949055549953, 0.5271939076691113, 0.5165704368189464, 0.5078488447855641, 0.49379130957418604, 0.4798600151485515, 0.47343779868177194, 0.46935507426776135, 0.4530136197579644, 0.44311816661737347, 0.44325124089849566, 0.43105775968164584, 0.4240997351071789, 0.41463928415620827, 0.41618088327101377, 0.4110783648152391, 0.4057049970021003, 0.39914381425742573, 0.3998009173236056, 0.39018709697504955, 0.3867964676960999, 0.38508017936550143, 0.38321624146241046, 0.3776120624497219, 0.37250736740820006, 0.3672337074593365, 0.3662933326548145, 0.36028377477838297, 0.3607917814389832, 0.36308539077032265, 0.3543395327283256, 0.35289823585383906, 0.3525777054953451, 0.35693287111726313, 0.3500931935759351, 0.3448794399381064, 0.34740426546227476, 0.34218929839228374, 0.34560511212915124, 0.3458256950826085, 0.34860192198272694, 0.3424416398139075, 0.3345897565668318, 0.3339536882399045, 0.3350347305350881, 0.33654985452704006, 0.3353163111100082, 0.332320846586339, 0.33389813506131405, 0.33251351684655045, 0.3332441301640935, 0.338196542254304, 0.33038390278847757, 0.3286136256510524, 0.32607927231136724, 0.3258255368644233, 0.3243025622596044, 0.3193971180971554, 0.32150230693003484, 0.32268836496972125, 0.31980673934557535, 0.32357475982592415, 0.3225792708766481, 0.3194998988633955, 0.316927775299024, 0.3158091369994812, 0.31745077758016405, 0.31499954133596575, 0.3186083758776229, 0.31653378988302183, 0.32388123050024087, 0.31902826516515403, 0.3143379369666679, 0.3111708002693461, 0.3138980179820323, 0.3126360371183583, 0.31736220927048775, 0.31803945816606377]",fixed_epoch_budget_completed,No tolerance-based convergence claim; epochs selected by inner validation,1,"[{""category"": ""ConvergenceWarning"", ""message"": ""Stochastic Optimizer: Maximum iterations (100) reached and the optimization hasn't converged yet.""}]",162,12545,0.5024090000006254,mlp__context_diet_labels,2,3,1.0,inner,"{""alpha"": 1.0, ""epochs"": 100, ""hidden_layer_sizes"": [64, 32]}",2686
100,100,1.2332385863539765,0.3145359884273252,0.31343108989549445,-0.001939794101202208,"[1.2332385863539765, 1.1188761773697635, 1.0444435609749187, 0.9792230129471952, 0.925088475553738, 0.8874602086115397, 0.8439878490507754, 0.817156827432611, 0.7857218305884908, 0.7651944912037908, 0.7420535783221308, 0.7269516099813478, 0.7086480307963237, 0.6892676846730003, 0.6695851587547867, 0.6555471165421284, 0.6410158360001447, 0.626206924143352, 0.6127818442257441, 0.5913239113385363, 0.5729368601422502, 0.5606276173454561, 0.5394237129079323, 0.526492810978235, 0.5114364841516112, 0.49993715444517406, 0.4911927076733055, 0.4719658275190799, 0.4582594529580042, 0.459224545952644, 0.4454661158943515, 0.4351460507008655, 0.43125349008663294, 0.41897089552024513, 0.4188295183542235, 0.40948325803387897, 0.407412926784825, 0.39897006523612527, 0.3966892017512115, 0.39521814640170455, 0.3881060070751237, 0.3873515905324777, 0.3814778397336801, 0.37927877251113123, 0.38777275316575616, 0.37593404834688815, 0.38267178791672063, 0.36960245321398527, 0.3672225117706476, 0.3645096125659635, 0.3583439680130046, 0.35465965719080567, 0.3565147258760352, 0.3542574105041118, 0.35324198607496116, 0.3494307645343377, 0.34666051723766805, 0.34581410657878237, 0.34514775525159835, 0.34363340346577187, 0.34251578643422165, 0.3388065545440813, 0.33915632291750114, 0.33826767222477166, 0.33824417144101193, 0.33786242853093656, 0.3362594241235789, 0.3340002183923762, 0.3317938302444335, 0.33095777520994557, 0.33214866423234984, 0.32899514408743114, 0.3298588222432251, 0.3292843505498745, 0.33309040801432993, 0.3261474339237636, 0.3281878114065986, 0.32417852179478096, 0.3275803752287746, 0.325625220066557, 0.32216992666109767, 0.3230658433272221, 0.32462986863200455, 0.3321412778323903, 0.32528711754971407, 0.3230440268469265, 0.3226868822631606, 0.32096864523053475, 0.31654069231994975, 0.3164757825285274, 0.31947454818061755, 0.3211823557008335, 0.3186628906275476, 0.3198077925483745, 0.3189489256222433, 0.31343108989549445, 0.31784959442818583, 0.31975008898295565, 0.3165504182404803, 0.3145359884273252]",fixed_epoch_budget_completed,No tolerance-based convergence claim; epochs selected by inner validation,1,"[{""category"": ""ConvergenceWarning"", ""message"": ""Stochastic Optimizer: Maximum iterations (100) reached and the optimization hasn't converged yet.""}]",162,12545,0.5066967500024475,mlp__context_diet_labels,2,3,2.0,inner,"{""alpha"": 1.0, ""epochs"": 100, ""hidden_layer_sizes"": [64, 32]}",2688
100,100,1.1915828573137668,0.31615110810116664,0.31020258724840816,-0.0030119538049778183,"[1.1915828573137668, 1.0884820563022788, 1.0123894987684248, 0.9471947939540017, 0.8999725033425686, 0.8584920609495614, 0.8234682983798804, 0.7926055967712836, 0.76890928905027, 0.7446518705708747, 0.7203432372400573, 0.7004389220713909, 0.6833343892684837, 0.6655114323585657, 0.6516953776248364, 0.6395721645840231, 0.6082605245365662, 0.5981369031672422, 0.5792275883460231, 0.5666310623876216, 0.5506630684884918, 0.5371983049044106, 0.5180946249648382, 0.49865269333630663, 0.49349222177645774, 0.47812925927833494, 0.4703728114742457, 0.4627174066165978, 0.4487025231950109, 0.44604783755274896, 0.43403219023223005, 0.4278474726942367, 0.42534002620048866, 0.4218916090006747, 0.4201705068498899, 0.4065223724553708, 0.3969621152367384, 0.3940819496154618, 0.39426350006391286, 0.3840578855046421, 0.38357153124060106, 0.37661486785366394, 0.3754341108928424, 0.3669027012066516, 0.3718813598418687, 0.37242583822790787, 0.3632316116166734, 0.3668514919789475, 0.37469938458951163, 0.35867350756642075, 0.36136335556926896, 0.36055424167392947, 0.35395784814884285, 0.3512019695348326, 0.34192435692883383, 0.34316172195880723, 0.35061107689718085, 0.3502336439343561, 0.33680238067576895, 0.33732496705479426, 0.33579268739660173, 0.3390696557760784, 0.33773993802803626, 0.33238836392081, 0.3348735793612426, 0.3317735417758634, 0.3341660627444858, 0.33823918458862084, 0.3321057818657336, 0.33881732738682907, 0.3302502604919692, 0.32582654190381205, 0.32639350827688146, 0.3249116097950791, 0.32659095232956725, 0.3231953517261363, 0.32679013030408216, 0.32605856193305366, 0.32746606789797617, 0.3202918564642217, 0.31726267381694623, 0.32551711649087584, 0.32128535936574554, 0.3183071583462328, 0.32147467579148, 0.3180555277354477, 0.31713147442052037, 0.32008827179287574, 0.31761115774300597, 0.31916306190614446, 0.31756539374937365, 0.3161082989284398, 0.3134487818594413, 0.31666270332613655, 0.3205770625108526, 0.3161137710634062, 0.31325219356753736, 0.3120506718375321, 0.31020258724840816, 0.31615110810116664]",fixed_epoch_budget_completed,No tolerance-based convergence claim; epochs selected by inner validation,1,"[{""category"": ""ConvergenceWarning"", ""message"": ""Stochastic Optimizer: Maximum iterations (100) reached and the optimization hasn't converged yet.""}]",161,12481,0.5139943339963793,mlp__context_diet_labels,2,3,3.0,inner,"{""alpha"": 1.0, ""epochs"": 100, ""hidden_layer_sizes"": [64, 32]}",2684
100,100,5.437323180560058,0.6879820930681715,0.6878902321343784,-0.001183062767343035,"[5.437323180560058, 4.067014145371268, 3.0677693737139116, 2.3561342199121476, 1.8604502372099705, 1.4992939793346667, 1.2630192050881066, 1.0908952659888702, 0.9658039887291945, 0.8881912254730577, 0.8324341868884226, 0.7931285438034971, 0.7677153699741406, 0.7469182033932746, 0.7339154829504213, 0.7243762718098326, 0.7172428262958525, 0.7116710168682612, 0.7082106481962472, 0.7055306348935285, 0.7026591466287065, 0.7002456883045767, 0.6994902388026287, 0.6979754409969773, 0.69716906720277, 0.6952928631622881, 0.6953215181608565, 0.6935758128098264, 0.6931031130768401, 0.6924801026584861, 0.692142058898599, 0.6920273606760595, 0.6919125548728002, 0.6908691309819622, 0.6903762103057889, 0.6911406023425424, 0.6911884653994128, 0.6904565382999045, 0.6900836735903892, 0.6891937084096621, 0.6896390674793664, 0.6893451895913856, 0.6897516321524952, 0.6889337337651245, 0.6909190460049203, 0.6886715293703456, 0.6892022421252488, 0.6892232016253529, 0.6893911174539484, 0.6897897580349016, 0.6887657764768798, 0.6896742961766469, 0.6887856168301897, 0.6888397047418353, 0.6895801019126163, 0.6893576891416847, 0.6893569783580977, 0.6889403226349052, 0.689229130666892, 0.6885737683481022, 0.6893481751234556, 0.6886224682148269, 0.6893786809060662, 0.6884218012648173, 0.6885316795223936, 0.6891043086885638, 0.6884459915328174, 0.6884659528497288, 0.6879574013029188, 0.6886418744212262, 0.6902757485454102, 0.6886179648299269, 0.688888241708141, 0.6889497741885287, 0.6888656986080914, 0.689037132990217, 0.6884950323033796, 0.6883094782377043, 0.6883084486038714, 0.6883822970052129, 0.6886969305685562, 0.6888505252401174, 0.6888982439005233, 0.6888146472096882, 0.6878902321343784, 0.6885162521865416, 0.6886867727108853, 0.6889871474837865, 0.6887441871423087, 0.6891651558355145, 0.6889829561585632, 0.6890645922663592, 0.6890568594918692, 0.6890007499844207, 0.6886808699155579, 0.6890257491972723, 0.6890359058464601, 0.6884438417166426, 0.6885712126768155, 0.6879820930681715]",fixed_epoch_budget_completed,No tolerance-based convergence claim; epochs selected by inner validation,1,"[{""category"": ""ConvergenceWarning"", ""message"": ""Stochastic Optimizer: Maximum iterations (100) reached and the optimization hasn't converged yet.""}]",162,12545,0.47454641699732747,mlp__context_diet_labels,2,4,1.0,inner,"{""alpha"": 10.0, ""epochs"": 100, ""hidden_layer_sizes"": [64, 32]}",2686
100,100,5.496496114216072,0.6906411963716824,0.6895110499931913,0.00038642404518329787,"[5.496496114216072, 4.115395230336183, 3.139983026025524, 2.4093971754803976, 1.8800077022462545, 1.536486486984048, 1.2638537331925712, 1.0928081863931032, 0.9727359881938147, 0.8876511414004847, 0.8302797603239689, 0.7912929703571597, 0.7624505068696423, 0.743544354022602, 0.7287924955207962, 0.7194666611987752, 0.7124018041054476, 0.70711253322528, 0.7029067012488696, 0.6997902012103987, 0.6980311012497553, 0.6967147400419472, 0.6950406285680317, 0.6944398997850273, 0.6935909510600373, 0.6932414778695148, 0.6921544994066503, 0.691673967414611, 0.6920883147722527, 0.6916660464779754, 0.691511425738157, 0.6914388233095984, 0.6913686917479601, 0.6908502970485069, 0.6909605221904771, 0.6909551829613256, 0.6907075605761895, 0.6909671240048679, 0.6903981027552406, 0.6905997422245556, 0.6900552966428675, 0.6907398309357984, 0.6906482279194348, 0.6906207452084479, 0.690002422893528, 0.6900759405799499, 0.6901280629033709, 0.6908113195473266, 0.6906036643513912, 0.6902229082107539, 0.6908882548510697, 0.6903229011580757, 0.6903992689092936, 0.6900256266132961, 0.690357214658066, 0.6900113201438008, 0.690190307410321, 0.6909279286545125, 0.6907467251698209, 0.6895923068615321, 0.6905853629995193, 0.6906234057994303, 0.6904638451076134, 0.690785238000861, 0.690658010153594, 0.6899061478349806, 0.6904011197175942, 0.690129184532944, 0.6902959942019585, 0.6902917614799376, 0.6904674628759855, 0.6906193233663208, 0.6905050403927273, 0.690181370435724, 0.689938370263407, 0.6901745319527395, 0.690383253520481, 0.6904424801471205, 0.6903952768106171, 0.68994775249432, 0.6901823609232794, 0.6902039523073027, 0.6900267286534392, 0.6901369149637786, 0.6905822005942652, 0.690300533449449, 0.6907088960650617, 0.690534243612052, 0.6905557224056347, 0.6902547723264991, 0.6898805063792145, 0.6907814141712968, 0.6899611606304342, 0.6895110499931913, 0.6912243402918554, 0.6900683196655144, 0.6904368495989295, 0.6901045250565546, 0.6896159878788966, 0.6906411963716824]",fixed_epoch_budget_completed,No tolerance-based convergence claim; epochs selected by inner validation,1,"[{""category"": ""ConvergenceWarning"", ""message"": ""Stochastic Optimizer: Maximum iterations (100) reached and the optimization hasn't converged yet.""}]",162,12545,0.4749559580013738,mlp__context_diet_labels,2,4,2.0,inner,"{""alpha"": 10.0, ""epochs"": 100, ""hidden_layer_sizes"": [64, 32]}",2688
100,100,5.312795700344968,0.6869611569668019,0.6853288474925121,-0.0012401101201011677,"[5.312795700344968, 4.005155539508463, 3.0208222738102983, 2.29771882971423, 1.8106857361230317, 1.46685705390769, 1.224880214902807, 1.0621850120479253, 0.9477776427408581, 0.8716080347707971, 0.8157933333086369, 0.778165335637166, 0.7551797409110796, 0.7349899489061502, 0.7229523530641121, 0.7140454824137596, 0.7081683329589037, 0.7031673450862084, 0.6992887687132566, 0.6969839340845249, 0.6957880617336223, 0.6943123286019277, 0.6935494602950375, 0.6920866018304491, 0.6910014063207148, 0.6904172469026258, 0.689036502664826, 0.6891682373392556, 0.6889987768757101, 0.6880764313995571, 0.6879423755363361, 0.6876956766697098, 0.6883202344328049, 0.6877353556492077, 0.687910983033594, 0.6886193067971064, 0.6876058684076837, 0.6874517850212806, 0.6862432976716896, 0.6874943570692411, 0.6871117635515953, 0.6869618970557695, 0.686764259423484, 0.6865684717002574, 0.685832946633994, 0.6868699403306915, 0.6868876496193402, 0.6869245701212934, 0.6856472711134161, 0.6869852231617568, 0.6865087497024506, 0.6871402486486542, 0.6865310558444414, 0.6876354903127367, 0.6867876292134143, 0.686498744568222, 0.6867508186602846, 0.6864418019822428, 0.6874048598019528, 0.6872679033020649, 0.686141219852745, 0.6870482775406368, 0.6857696191646669, 0.6873176039951736, 0.686193354549482, 0.6860781038293732, 0.6862145125905251, 0.6861181242839275, 0.6868897402484844, 0.6861494122498683, 0.6861714816948112, 0.6856111592560632, 0.6863568331492192, 0.6874029122939685, 0.6861409789564908, 0.6863283777344054, 0.6865568191706756, 0.6856849234685708, 0.6866707774120667, 0.6860741747492892, 0.6867054663811234, 0.6860562183533105, 0.6867633687095125, 0.6870731167109205, 0.6865794210004568, 0.6871613336323774, 0.6869594112052148, 0.6867415376011836, 0.6866361294845653, 0.6882012670869031, 0.6860944236321731, 0.6853288474925121, 0.6858642725200723, 0.6863897207117075, 0.687028981484505, 0.6857673728915346, 0.6861464458694381, 0.6860117543916987, 0.6862652772450911, 0.6869611569668019]",fixed_epoch_budget_completed,No tolerance-based convergence claim; epochs selected by inner validation,1,"[{""category"": ""ConvergenceWarning"", ""message"": ""Stochastic Optimizer: Maximum iterations (100) reached and the optimization hasn't converged yet.""}]",161,12481,0.46699395799805643,mlp__context_diet_labels,2,4,3.0,inner,"{""alpha"": 10.0, ""epochs"": 100, ""hidden_layer_sizes"": [64, 32]}",2684
250,250,5.437323180560058,0.6884403956257232,0.6878902321343784,-0.0004822070299669301,"[5.437323180560058, 4.067014145371268, 3.0677693737139116, 2.3561342199121476, 1.8604502372099705, 1.4992939793346667, 1.2630192050881066, 1.0908952659888702, 0.9658039887291945, 0.8881912254730577, 0.8324341868884226, 0.7931285438034971, 0.7677153699741406, 0.7469182033932746, 0.7339154829504213, 0.7243762718098326, 0.7172428262958525, 0.7116710168682612, 0.7082106481962472, 0.7055306348935285, 0.7026591466287065, 0.7002456883045767, 0.6994902388026287, 0.6979754409969773, 0.69716906720277, 0.6952928631622881, 0.6953215181608565, 0.6935758128098264, 0.6931031130768401, 0.6924801026584861, 0.692142058898599, 0.6920273606760595, 0.6919125548728002, 0.6908691309819622, 0.6903762103057889, 0.6911406023425424, 0.6911884653994128, 0.6904565382999045, 0.6900836735903892, 0.6891937084096621, 0.6896390674793664, 0.6893451895913856, 0.6897516321524952, 0.6889337337651245, 0.6909190460049203, 0.6886715293703456, 0.6892022421252488, 0.6892232016253529, 0.6893911174539484, 0.6897897580349016, 0.6887657764768798, 0.6896742961766469, 0.6887856168301897, 0.6888397047418353, 0.6895801019126163, 0.6893576891416847, 0.6893569783580977, 0.6889403226349052, 0.689229130666892, 0.6885737683481022, 0.6893481751234556, 0.6886224682148269, 0.6893786809060662, 0.6884218012648173, 0.6885316795223936, 0.6891043086885638, 0.6884459915328174, 0.6884659528497288, 0.6879574013029188, 0.6886418744212262, 0.6902757485454102, 0.6886179648299269, 0.688888241708141, 0.6889497741885287, 0.6888656986080914, 0.689037132990217, 0.6884950323033796, 0.6883094782377043, 0.6883084486038714, 0.6883822970052129, 0.6886969305685562, 0.6888505252401174, 0.6888982439005233, 0.6888146472096882, 0.6878902321343784, 0.6885162521865416, 0.6886867727108853, 0.6889871474837865, 0.6887441871423087, 0.6891651558355145, 0.6889829561585632, 0.6890645922663592, 0.6890568594918692, 0.6890007499844207, 0.6886808699155579, 0.6890257491972723, 0.6890359058464601, 0.6884438417166426, 0.6885712126768155, 0.6879820930681715, 0.6889252505443686, 0.6890700466498083, 0.6884610499336269, 0.6893135634824351, 0.6890319201975353, 0.6889887861682586, 0.6886424908525428, 0.6885914998141038, 0.6891541776139455, 0.6887298608022736, 0.6889056520621558, 0.6882883175771957, 0.6884281316918714, 0.6891227332014127, 0.689346181544933, 0.6882385193545633, 0.6890397486184255, 0.689504137502765, 0.6887759652817879, 0.688750969975685, 0.6882039949858243, 0.689634045397893, 0.6889597515663726, 0.6880542630324726, 0.6880473342558049, 0.68871447515965, 0.6886447392337941, 0.6888125974334799, 0.6889987121279921, 0.6883915922348753, 0.6886064613976478, 0.6888746222965075, 0.6887934508402281, 0.6886120036630382, 0.6881594402666251, 0.6886076556949307, 0.6888609455443101, 0.6886032934891878, 0.6891915436784434, 0.6882682370780489, 0.6878985495291273, 0.6888470283462377, 0.6882919603047326, 0.688114802545434, 0.6887769940127203, 0.6891360318413046, 0.6891176759354213, 0.688298450622562, 0.6888503119278878, 0.6883878424948451, 0.6890923781145587, 0.6887872415323918, 0.6887038169341444, 0.6889552415743375, 0.6881852677144777, 0.6884854254347843, 0.6881071459788712, 0.6888796404125388, 0.6882878961452933, 0.6888612278403253, 0.6888378592984662, 0.6888444725571293, 0.6884684943530492, 0.688712642628557, 0.6886332760849666, 0.6895636331908447, 0.6887920773017533, 0.6889779375182367, 0.688558648839737, 0.6881746019282257, 0.6885696029209798, 0.6896065311820251, 0.6890452020475965, 0.6892640675166135, 0.6897027993646838, 0.6890821834012849, 0.6890726125598905, 0.6884780603826773, 0.6889495227912175, 0.6884692654068802, 0.688921083694214, 0.6889219147333989, 0.689510222057294, 0.6885282236056822, 0.6894168466019717, 0.6890367834893157, 0.6889459972039985, 0.6883818499219998, 0.688896438583271, 0.6879103395582431, 0.688269642196179, 0.6890085387581836, 0.6888030707182938, 0.6894954968521613, 0.6879272497191521, 0.689183041675794, 0.6888162209420539, 0.6890106013594454, 0.6888401430430663, 0.688240707182649, 0.6891034234767139, 0.6885260170461771, 0.6894864436036497, 0.6891358503934404, 0.6892748584990881, 0.6893097676644611, 0.6886109186959518, 0.6891493505121024, 0.688675394921646, 0.6887545202438712, 0.6890146658980093, 0.6889312507157942, 0.6888558481685081, 0.6890344301344031, 0.6882410947833022, 0.6888095955153875, 0.6885697028713815, 0.6895460515796491, 0.6886719714053368, 0.6884790731473936, 0.6889426944493275, 0.6886047334000215, 0.688453094189075, 0.6885515807237662, 0.6883951336545885, 0.6888668241014867, 0.6889201346548238, 0.6894567551503198, 0.6881979143894938, 0.6889500693038124, 0.6888160705336629, 0.6893104149730301, 0.6886965643996169, 0.6890834083879308, 0.6882932481959938, 0.6888066237688156, 0.6886412554341703, 0.6887907900344711, 0.6889351192847033, 0.6889226026556902, 0.6895162982376652, 0.6890044541196394, 0.6888777718685768, 0.6882919473326411, 0.6890402256570143, 0.6889849791464243, 0.6892187807772223, 0.6891601357634907, 0.6892064994699391, 0.6884403956257232]",fixed_epoch_budget_completed,No tolerance-based convergence claim; epochs selected by inner validation,1,"[{""category"": ""ConvergenceWarning"", ""message"": ""Stochastic Optimizer: Maximum iterations (250) reached and the optimization hasn't converged yet.""}]",162,12545,1.1294236250032554,mlp__context_diet_labels,2,5,1.0,inner,"{""alpha"": 10.0, ""epochs"": 250, ""hidden_layer_sizes"": [64, 32]}",2686
250,250,5.496496114216072,0.6905174640828085,0.6894884148963835,-0.0003448300632180601,"[5.496496114216072, 4.115395230336183, 3.139983026025524, 2.4093971754803976, 1.8800077022462545, 1.536486486984048, 1.2638537331925712, 1.0928081863931032, 0.9727359881938147, 0.8876511414004847, 0.8302797603239689, 0.7912929703571597, 0.7624505068696423, 0.743544354022602, 0.7287924955207962, 0.7194666611987752, 0.7124018041054476, 0.70711253322528, 0.7029067012488696, 0.6997902012103987, 0.6980311012497553, 0.6967147400419472, 0.6950406285680317, 0.6944398997850273, 0.6935909510600373, 0.6932414778695148, 0.6921544994066503, 0.691673967414611, 0.6920883147722527, 0.6916660464779754, 0.691511425738157, 0.6914388233095984, 0.6913686917479601, 0.6908502970485069, 0.6909605221904771, 0.6909551829613256, 0.6907075605761895, 0.6909671240048679, 0.6903981027552406, 0.6905997422245556, 0.6900552966428675, 0.6907398309357984, 0.6906482279194348, 0.6906207452084479, 0.690002422893528, 0.6900759405799499, 0.6901280629033709, 0.6908113195473266, 0.6906036643513912, 0.6902229082107539, 0.6908882548510697, 0.6903229011580757, 0.6903992689092936, 0.6900256266132961, 0.690357214658066, 0.6900113201438008, 0.690190307410321, 0.6909279286545125, 0.6907467251698209, 0.6895923068615321, 0.6905853629995193, 0.6906234057994303, 0.6904638451076134, 0.690785238000861, 0.690658010153594, 0.6899061478349806, 0.6904011197175942, 0.690129184532944, 0.6902959942019585, 0.6902917614799376, 0.6904674628759855, 0.6906193233663208, 0.6905050403927273, 0.690181370435724, 0.689938370263407, 0.6901745319527395, 0.690383253520481, 0.6904424801471205, 0.6903952768106171, 0.68994775249432, 0.6901823609232794, 0.6902039523073027, 0.6900267286534392, 0.6901369149637786, 0.6905822005942652, 0.690300533449449, 0.6907088960650617, 0.690534243612052, 0.6905557224056347, 0.6902547723264991, 0.6898805063792145, 0.6907814141712968, 0.6899611606304342, 0.6895110499931913, 0.6912243402918554, 0.6900683196655144, 0.6904368495989295, 0.6901045250565546, 0.6896159878788966, 0.6906411963716824, 0.6904963661937951, 0.6900616211941619, 0.6901632711405233, 0.6904937441926375, 0.6904553634115258, 0.6904301457034805, 0.6903793505485845, 0.6899541508397838, 0.6897844274816561, 0.6902226758984761, 0.6900301239391717, 0.6903540274207413, 0.6900796238253829, 0.6905748320376445, 0.6903514095416001, 0.6904556464834661, 0.6903273594725254, 0.6897617176424594, 0.6906529003591411, 0.6898631949128049, 0.6904349518523069, 0.6906444721554131, 0.6900769415936449, 0.6899663222331472, 0.690779264551666, 0.6903748908336401, 0.690160673094919, 0.6900312199217546, 0.6900855055793405, 0.69053827378766, 0.6904231884954051, 0.6903223566167244, 0.6904197039543245, 0.6900631366421903, 0.6908445990062069, 0.6906464233218339, 0.6902512474039499, 0.6903083062223392, 0.6902145372517327, 0.6904633682672722, 0.6902745484835647, 0.6906487155827682, 0.6901194611880608, 0.6901657562031358, 0.69041620880702, 0.6899752368633048, 0.6904447078469063, 0.6901547180304104, 0.690105028936997, 0.6894884148963835, 0.6905208304918196, 0.6903559912600247, 0.690414493266365, 0.6898271969683067, 0.6899074395666579, 0.6905159197056895, 0.690185009843435, 0.6900316909079762, 0.6902482285487578, 0.6899075798151982, 0.6897959122459923, 0.690392504382102, 0.6899470137637899, 0.690222106567952, 0.6902509209732367, 0.6905614774108366, 0.6899454395403448, 0.6900895164165115, 0.6909672236505249, 0.6901294375069995, 0.6906974200766525, 0.6901737340353472, 0.6904360387757132, 0.6901655401714204, 0.6900476658809803, 0.691059817392542, 0.6903043105052812, 0.6903337984309827, 0.6904092970880664, 0.6900484701343682, 0.6908162608636372, 0.6902531081507653, 0.6898104454233612, 0.6899428293631003, 0.6903068909098918, 0.6896979882352285, 0.6906570807244576, 0.6904222473181874, 0.6901829474915737, 0.6913258814474086, 0.6901125079879551, 0.690257241288882, 0.6898664242180933, 0.690880306900488, 0.6906613578730822, 0.690577563808734, 0.6904171120610959, 0.6905009005879004, 0.6901870757031446, 0.690371528320747, 0.6904884063189853, 0.6903237963167602, 0.6903821480939654, 0.6903722875706636, 0.6905407597382144, 0.6899114812891489, 0.6899633068221417, 0.690603225911664, 0.6898971420077897, 0.6900302715153821, 0.689979534061134, 0.6906642447569445, 0.689968889698644, 0.6904987004235487, 0.6902649217219495, 0.6901347844200819, 0.6903095749323489, 0.6900215736404672, 0.6903418133042342, 0.6905192849438593, 0.6903395115640615, 0.6896454946570761, 0.6907122594104885, 0.6899244411662633, 0.6910710763843486, 0.6898023786576853, 0.6902084610031695, 0.6906008773752863, 0.6900345141023446, 0.6901921234818168, 0.6898197530854832, 0.6905626333792403, 0.6899610486301908, 0.6901737611971865, 0.6906547753131982, 0.6905567940475398, 0.6905495896799742, 0.6901667011398877, 0.6904417713379827, 0.6908622941460265, 0.6904220174601906, 0.6899986259983302, 0.6902476660950082, 0.6906959698633051, 0.6902030807225179, 0.690470275660042, 0.689976045834022, 0.690031720935356, 0.6907318713269402, 0.6905174640828085]",fixed_epoch_budget_completed,No tolerance-based convergence claim; epochs selected by inner validation,1,"[{""category"": ""ConvergenceWarning"", ""message"": ""Stochastic Optimizer: Maximum iterations (250) reached and the optimization hasn't converged yet.""}]",162,12545,1.156913542006805,mlp__context_diet_labels,2,5,2.0,inner,"{""alpha"": 10.0, ""epochs"": 250, ""hidden_layer_sizes"": [64, 32]}",2688
250,250,5.312795700344968,0.6868396822358981,0.6853288474925121,0.00014458044281517868,"[5.312795700344968, 4.005155539508463, 3.0208222738102983, 2.29771882971423, 1.8106857361230317, 1.46685705390769, 1.224880214902807, 1.0621850120479253, 0.9477776427408581, 0.8716080347707971, 0.8157933333086369, 0.778165335637166, 0.7551797409110796, 0.7349899489061502, 0.7229523530641121, 0.7140454824137596, 0.7081683329589037, 0.7031673450862084, 0.6992887687132566, 0.6969839340845249, 0.6957880617336223, 0.6943123286019277, 0.6935494602950375, 0.6920866018304491, 0.6910014063207148, 0.6904172469026258, 0.689036502664826, 0.6891682373392556, 0.6889987768757101, 0.6880764313995571, 0.6879423755363361, 0.6876956766697098, 0.6883202344328049, 0.6877353556492077, 0.687910983033594, 0.6886193067971064, 0.6876058684076837, 0.6874517850212806, 0.6862432976716896, 0.6874943570692411, 0.6871117635515953, 0.6869618970557695, 0.686764259423484, 0.6865684717002574, 0.685832946633994, 0.6868699403306915, 0.6868876496193402, 0.6869245701212934, 0.6856472711134161, 0.6869852231617568, 0.6865087497024506, 0.6871402486486542, 0.6865310558444414, 0.6876354903127367, 0.6867876292134143, 0.686498744568222, 0.6867508186602846, 0.6864418019822428, 0.6874048598019528, 0.6872679033020649, 0.686141219852745, 0.6870482775406368, 0.6857696191646669, 0.6873176039951736, 0.686193354549482, 0.6860781038293732, 0.6862145125905251, 0.6861181242839275, 0.6868897402484844, 0.6861494122498683, 0.6861714816948112, 0.6856111592560632, 0.6863568331492192, 0.6874029122939685, 0.6861409789564908, 0.6863283777344054, 0.6865568191706756, 0.6856849234685708, 0.6866707774120667, 0.6860741747492892, 0.6867054663811234, 0.6860562183533105, 0.6867633687095125, 0.6870731167109205, 0.6865794210004568, 0.6871613336323774, 0.6869594112052148, 0.6867415376011836, 0.6866361294845653, 0.6882012670869031, 0.6860944236321731, 0.6853288474925121, 0.6858642725200723, 0.6863897207117075, 0.687028981484505, 0.6857673728915346, 0.6861464458694381, 0.6860117543916987, 0.6862652772450911, 0.6869611569668019, 0.6865857456792059, 0.6869884111426307, 0.6864375827181939, 0.6870440956632152, 0.6870758458135481, 0.6859944264033612, 0.6872638917143369, 0.6869395581709343, 0.6864814250811963, 0.6862329013068118, 0.6861645043137538, 0.6858410542539798, 0.6866271040320672, 0.6862632373306452, 0.6866067947222078, 0.6858700403017434, 0.6871953098923953, 0.6857692254860421, 0.6854417914902937, 0.6864838615633995, 0.6862883702018377, 0.6869889247731505, 0.6859947338672826, 0.6861902391824591, 0.686015825147279, 0.6872271977311252, 0.6862815411673019, 0.686806097790016, 0.6870384833785919, 0.6860719455652942, 0.6867125299332072, 0.6861917468085786, 0.6860501942268331, 0.6857495950574167, 0.6854340592057973, 0.6863676116704884, 0.6856825662706084, 0.6860887100182146, 0.6865450915003751, 0.686844729255267, 0.6873099569493419, 0.6874000011342063, 0.6857375456166033, 0.6867515374075512, 0.686840896694421, 0.6865292371036056, 0.6868150977286307, 0.686403441468826, 0.6862306234151906, 0.6864066482198531, 0.6868525061822648, 0.6862070175185535, 0.6872053068999063, 0.6866630222396594, 0.6859180906773101, 0.6863673310586668, 0.6864909441134476, 0.6863140975526847, 0.685895377385837, 0.6856648359369797, 0.6858952732415882, 0.6867756287774543, 0.6869248656329886, 0.6865986718316198, 0.6867470054140676, 0.6861651318762417, 0.6862663672037089, 0.6864834972547708, 0.6858865284999207, 0.6860768663567375, 0.6874852377511019, 0.6860834692445379, 0.6858216892651425, 0.6854830010130144, 0.6868139203197672, 0.6862998727016525, 0.6863150740180785, 0.6868022858570086, 0.6861754416948092, 0.6866473330445534, 0.6869824254717134, 0.6859952111647428, 0.6870831808592948, 0.6863305402897298, 0.6877262370396228, 0.6862497238533009, 0.6869606003633204, 0.6869603994957391, 0.6870937125511847, 0.6861826035307688, 0.6864636050732963, 0.6864440298520871, 0.6867582792131752, 0.6862927514491213, 0.6859153940277851, 0.6863215218586382, 0.6861447818539901, 0.6869203892207906, 0.6855256555616581, 0.6868667062863513, 0.6865293574900301, 0.6854283137574076, 0.6863821680679852, 0.6861508899013028, 0.6861120410238796, 0.687380039255051, 0.6869085616737023, 0.6858728751139137, 0.686607731030161, 0.6866213702550636, 0.6860919788833796, 0.6856850608770251, 0.6862091091997797, 0.6864710782812681, 0.6864431646136676, 0.6868829540129028, 0.6873654686029529, 0.6859288115614941, 0.6861956744851073, 0.685931445498494, 0.686035374207519, 0.6866745829594473, 0.6859732103348831, 0.6867051231406772, 0.6863165557126719, 0.6861911609667161, 0.6870125670598812, 0.6857362810887865, 0.6867699839344139, 0.6863309441805937, 0.6867132985664784, 0.6870017781551702, 0.6863379091972667, 0.6868153706747151, 0.6871340442469058, 0.6861309861190817, 0.6861136470346881, 0.686238162304584, 0.68690367098733, 0.6866951017930829, 0.686162998870122, 0.685707061040126, 0.6862578807294352, 0.6858577593710781, 0.6865462369731333, 0.6863217792456113, 0.6869274389020102, 0.6858812920013486, 0.6861732306731556, 0.6868396822358981]",fixed_epoch_budget_completed,No tolerance-based convergence claim; epochs selected by inner validation,1,"[{""category"": ""ConvergenceWarning"", ""message"": ""Stochastic Optimizer: Maximum iterations (250) reached and the optimization hasn't converged yet.""}]",161,12481,1.1666302500016172,mlp__context_diet_labels,2,5,3.0,inner,"{""alpha"": 10.0, ""epochs"": 250, ""hidden_layer_sizes"": [64, 32]}",2684
100,100,3.20609557286572,0.6882223309743929,0.6882223309743929,-0.0005746342995739395,"[3.20609557286572, 2.302813862257136, 1.7299489084440953, 1.3720689330982396, 1.1377524265369008, 0.9908139787267738, 0.8984440885124158, 0.8407648650642023, 0.8017740844062303, 0.7714067509799757, 0.753189748570422, 0.7384650191568487, 0.7274280953605144, 0.7199470641386074, 0.713994782208237, 0.7084664113188684, 0.7048535957481428, 0.7016134914692045, 0.6991957622313444, 0.6971993272003656, 0.6963075771499782, 0.6946566640385302, 0.6935732379592614, 0.6923782613586628, 0.6918789021993854, 0.6915917121766348, 0.6909795906730265, 0.6902967621345361, 0.6898923616528748, 0.6897545934741706, 0.6893157065271531, 0.6898023270213562, 0.6897085922067538, 0.6890077903626093, 0.6883951098180564, 0.6891440526084455, 0.6889920490311949, 0.6885473319647045, 0.6887016853128446, 0.6888718712677199, 0.688900593413562, 0.6887056610085325, 0.6886836277680881, 0.6889400341847135, 0.6888002632721195, 0.6889303918074698, 0.6889134209527443, 0.6887436014269729, 0.6891205243844843, 0.6883422331581724, 0.6888233109295828, 0.6886089350451743, 0.689020491908283, 0.6883488874237497, 0.6884456720742933, 0.6890021480259731, 0.6888892677822251, 0.6885780111182215, 0.688612440145326, 0.6887822987301631, 0.6889353267481793, 0.6884891925219372, 0.6891228280456125, 0.6887495253854242, 0.6888434852410116, 0.6889899030582035, 0.6884619217679775, 0.6887648818819492, 0.6888761399549238, 0.6889020793052069, 0.6882298444143822, 0.6884091869980586, 0.688464950791469, 0.6887020317024904, 0.6887202265527809, 0.6885552551867762, 0.6882881508015584, 0.6887634562553396, 0.6890306925118053, 0.6887441635204457, 0.6882488035082517, 0.6889163038623305, 0.6884849824849313, 0.689147853484632, 0.6888541207521844, 0.6884630553045792, 0.6887044579842074, 0.6886724020354111, 0.6890486099116274, 0.6887969652739668, 0.688282288877911, 0.6888448989959886, 0.6887053782990802, 0.6888439065195554, 0.6887946508944943, 0.6890030029786156, 0.6885638697280595, 0.6888088874377609, 0.6889893910794302, 0.6882223309743929]",fixed_epoch_budget_completed,No tolerance-based convergence claim; epochs selected by inner validation,1,"[{""category"": ""ConvergenceWarning"", ""message"": ""Stochastic Optimizer: Maximum iterations (100) reached and the optimization hasn't converged yet.""}]",162,5761,0.5351624999966589,mlp__context_diet_labels,2,1,,outer,"{""alpha"": 10.0, ""epochs"": 100, ""hidden_layer_sizes"": [32, 16]}",4029
100,100,0.9986367141717233,0.3447643409267665,0.3436528245763419,-0.010013236189555685,"[0.9986367141717233, 0.9279908419757745, 0.8867664114929367, 0.8554401685183396, 0.824682258981388, 0.7983744852158842, 0.7814829834888591, 0.7608420532408301, 0.7451663148628769, 0.729831482441428, 0.7162594383473614, 0.7029403915057727, 0.6928440383081212, 0.6826871729889133, 0.6689524760733647, 0.662265879392274, 0.6524382275660784, 0.6438488635196908, 0.6358077339966557, 0.6212801740360235, 0.6159349294793647, 0.6042601357770981, 0.5932370365342754, 0.586876161657972, 0.5769591958334113, 0.5707163378185209, 0.5581707302419201, 0.5507538088167958, 0.5374971507178696, 0.5425181367426676, 0.5236067988775994, 0.5173606177061565, 0.5104062159443367, 0.49584532291886724, 0.4908294963849653, 0.48148254426753806, 0.4777159208581766, 0.46930010820106177, 0.46664586814731196, 0.46392538639643166, 0.45654109063922893, 0.4500653745419177, 0.44781683799104205, 0.4355156472289019, 0.43131852596757353, 0.42841124580541823, 0.426187298952046, 0.42075725857081164, 0.4182980986269662, 0.4117711272107317, 0.4135209287143976, 0.40831624776835446, 0.40472979744034565, 0.3992652349855386, 0.3976960875954862, 0.40324304273650136, 0.3902465491106784, 0.3932022025915172, 0.3880272192055326, 0.3873911437159193, 0.38248532795699514, 0.3834264003936031, 0.38139803495272384, 0.3775933711042867, 0.37566367928820055, 0.37571493572774495, 0.38148596422097647, 0.3704159451591794, 0.3721418314677917, 0.37541823355392995, 0.3706334435418551, 0.36512165666930113, 0.3601503724679608, 0.36085405360032335, 0.3631604381481302, 0.36367866465696047, 0.36044295122981757, 0.35525755357396516, 0.35614208166891137, 0.3550475617120551, 0.3702804248959581, 0.36290644124724475, 0.35360193286856445, 0.35697474482061886, 0.35804261862064385, 0.35442221784495775, 0.34593244758917924, 0.35161320939248053, 0.35501949704355984, 0.3547775771163222, 0.34412414055694635, 0.3446137679017368, 0.3436528245763419, 0.34382257209204814, 0.3457306674760682, 0.3455147337017448, 0.34517071297884455, 0.3457586547009958, 0.3467373866297295, 0.3447643409267665]",fixed_epoch_budget_completed,No tolerance-based convergence claim; epochs selected by inner validation,1,"[{""category"": ""ConvergenceWarning"", ""message"": ""Stochastic Optimizer: Maximum iterations (100) reached and the optimization hasn't converged yet.""}]",162,5761,0.3741440829981002,mlp__context_diet_labels,3,0,1.0,inner,"{""alpha"": 1.0, ""epochs"": 100, ""hidden_layer_sizes"": [32, 16]}",2684
100,100,0.9696098115806813,0.3383563112691173,0.3366454600284491,-0.007082505138255812,"[0.9696098115806813, 0.9111247901953464, 0.86702016042001, 0.8376763659895119, 0.8082854602971635, 0.7833681839703498, 0.7654507460581979, 0.7483743487017817, 0.7300559005122585, 0.7163672549818287, 0.7008361009590207, 0.6894535617296099, 0.6812366633012925, 0.6708436043630487, 0.6596145926222717, 0.6492329085779192, 0.6401638436622246, 0.6319034223408255, 0.6233734837410497, 0.6133789704714153, 0.6051339368818611, 0.5984743230004932, 0.5880533965158683, 0.5790644532497048, 0.5746538661862544, 0.5660368510398908, 0.5555985507033171, 0.5477657111089568, 0.5449000024586478, 0.5371887593641357, 0.5427321875720802, 0.525098898886902, 0.5196575428231143, 0.5049499923885981, 0.5024120268393406, 0.4897781839137119, 0.48851807498982175, 0.4768405031883078, 0.47236602289734764, 0.4730966923767409, 0.46531781905438685, 0.45551597415509626, 0.4562795950136763, 0.44645342781894737, 0.4437034563192073, 0.4366662478660894, 0.4308272281996226, 0.42757374411895055, 0.4242547157576774, 0.41898170689311887, 0.4133390774808002, 0.41809902606924415, 0.4070435111019126, 0.4057881466726845, 0.40021673853524825, 0.3984931457911859, 0.395611486384569, 0.3978236120692967, 0.38668298411483054, 0.38285022447673317, 0.3849388839407347, 0.3807632382917116, 0.382947088767946, 0.3817247818940164, 0.3823090982515664, 0.37360604502257183, 0.3686940294865002, 0.3659047672662048, 0.368492160184743, 0.36854596376123355, 0.36714179678454145, 0.36492928368186417, 0.36204284100202244, 0.36149079309278737, 0.3592720910575259, 0.35793560595129237, 0.3595635808046165, 0.35861777509592496, 0.35890395467330183, 0.3575290435318436, 0.35442377792929564, 0.3549913811009867, 0.3498905210501305, 0.3515623400263434, 0.3470814197901051, 0.3440493444053946, 0.3426625762093606, 0.34720718124076705, 0.3482544195157295, 0.3454388164073731, 0.34004534189902236, 0.3405230057548533, 0.33916500853453846, 0.3423839734301563, 0.3415068526255354, 0.3432987178719776, 0.3396826122700959, 0.3366454600284491, 0.3367587861395548, 0.3383563112691173]",fixed_epoch_budget_completed,No tolerance-based convergence claim; epochs selected by inner validation,1,"[{""category"": ""ConvergenceWarning"", ""message"": ""Stochastic Optimizer: Maximum iterations (100) reached and the optimization hasn't converged yet.""}]",162,5761,0.37090420800086576,mlp__context_diet_labels,3,0,2.0,inner,"{""alpha"": 1.0, ""epochs"": 100, ""hidden_layer_sizes"": [32, 16]}",2682
100,100,1.0049872067460925,0.3413007027469577,0.33813113868980255,-0.007551179451488865,"[1.0049872067460925, 0.9341735849723146, 0.8926496385120563, 0.8593572629415005, 0.8298330411302204, 0.8043132301363118, 0.78421883471975, 0.7663779022101245, 0.7511640668664359, 0.7356532550825523, 0.7242067778171403, 0.7119263011684573, 0.7028335428439058, 0.693354602066611, 0.6822515530052964, 0.6761294188201958, 0.6624272134306614, 0.6612271635171784, 0.6541557357713107, 0.6405784063028956, 0.6324268786230359, 0.6211674034537149, 0.6078852762107246, 0.6013887512399714, 0.5873763259456517, 0.5807530311293145, 0.5743345063648099, 0.5625416959498002, 0.55386353633052, 0.5426574909246454, 0.5384843987285127, 0.5285231411380729, 0.5198308939636185, 0.508938777402923, 0.5022034985276466, 0.5014876519698326, 0.4856019980180364, 0.4800603747510605, 0.4790629121150214, 0.4694045658329207, 0.4699521225934486, 0.45302136184821806, 0.450470461096265, 0.44595023468136546, 0.44100394332324705, 0.44255256717738717, 0.432964810275871, 0.4337319486057468, 0.42957826557041057, 0.42342461120720515, 0.4209272658064607, 0.42179781012844036, 0.4142341781492778, 0.40841402155592826, 0.4110291932858496, 0.40472341220357244, 0.4014580743168467, 0.39972953214263407, 0.3978202547477123, 0.3956199986992973, 0.3887573738604543, 0.3877979680980262, 0.3857581665636553, 0.38390548377712164, 0.3815104704587662, 0.38458850244105375, 0.3775605536145899, 0.3792234258084452, 0.37504238186750205, 0.36962178034223714, 0.3704144595952642, 0.36986062799875286, 0.3719447782060057, 0.365420871075865, 0.3653422796055665, 0.3631046941434382, 0.36234744405553115, 0.3606425010994781, 0.36111046214864223, 0.3595945115299688, 0.35759358010378056, 0.36558467147406964, 0.3606249199067223, 0.3611256936233216, 0.35368309063285197, 0.3507269841844812, 0.3492036900086044, 0.34734377285536133, 0.350179561679249, 0.34885188219844654, 0.34925518449402815, 0.34963693334764856, 0.3475622030908838, 0.340780631000243, 0.3400823422178484, 0.33986054276733413, 0.3428803009619771, 0.3393926424489162, 0.33813113868980255, 0.3413007027469577]",fixed_epoch_budget_completed,No tolerance-based convergence claim; epochs selected by inner validation,1,"[{""category"": ""ConvergenceWarning"", ""message"": ""Stochastic Optimizer: Maximum iterations (100) reached and the optimization hasn't converged yet.""}]",161,5729,0.370132249998278,mlp__context_diet_labels,3,0,3.0,inner,"{""alpha"": 1.0, ""epochs"": 100, ""hidden_layer_sizes"": [32, 16]}",2684
100,100,3.3880097008367,0.6894558731680773,0.6891296003853667,-8.448105619685009e-05,"[3.3880097008367, 2.722819548698561, 2.2175414000627045, 1.846131594082123, 1.5570427492579304, 1.3453700764408711, 1.2013534077315557, 1.081491884675641, 0.9945619891124363, 0.9310463232664707, 0.8803759757576788, 0.8443084404100247, 0.8158745104626938, 0.7950570055520984, 0.7756481586905767, 0.7632841969724301, 0.7524574236336342, 0.7427499866145898, 0.7363482014103194, 0.7286719936049223, 0.7245205094145409, 0.7207200822607424, 0.7171606653676984, 0.7147117075483947, 0.7129373137200526, 0.7108866981253495, 0.7094401607900166, 0.7070159077743449, 0.7055793641166188, 0.7050668608055835, 0.7036615763934261, 0.7028854472456232, 0.7014336085734333, 0.7011129405510574, 0.7001126712848792, 0.6991640898938388, 0.6984971363487863, 0.6980807169523686, 0.6979966440805356, 0.6976635666678754, 0.6964451545513708, 0.6959279147346508, 0.6953000495535067, 0.694468507658817, 0.6942796411165199, 0.6944508373533045, 0.693425874072575, 0.6932657405030708, 0.6931338516031509, 0.692700187986357, 0.6926386840274088, 0.6930451561835979, 0.6920969555794765, 0.692186248105336, 0.6920646763723732, 0.692053638857776, 0.6913026579275915, 0.6916376298491365, 0.6913131902027024, 0.690434293099077, 0.6912671288739334, 0.6908517022687052, 0.6902968479429885, 0.6902095799022083, 0.6902701440155702, 0.6906816610620823, 0.6905056695495468, 0.6907303923598892, 0.6905146687269127, 0.690379649931992, 0.6905193622584579, 0.6899227750273934, 0.6901634746470097, 0.6901822278785136, 0.6902782714294017, 0.6896543075960272, 0.6898269147263373, 0.6901747153967602, 0.6895486210643135, 0.6893499776469069, 0.6901402372475633, 0.6907346072225822, 0.6900593382811084, 0.690016683562369, 0.6900092299986793, 0.6899921526441708, 0.6898136563233669, 0.6899725509000533, 0.6891296003853667, 0.6895403542242742, 0.689936050442003, 0.6894774120597524, 0.689283442946583, 0.6895421263272616, 0.6893124523774979, 0.6892645316585604, 0.6895395861184698, 0.6893708497904821, 0.6898154269006844, 0.6894558731680773]",fixed_epoch_budget_completed,No tolerance-based convergence claim; epochs selected by inner validation,1,"[{""category"": ""ConvergenceWarning"", ""message"": ""Stochastic Optimizer: Maximum iterations (100) reached and the optimization hasn't converged yet.""}]",162,5761,0.34209733299940126,mlp__context_diet_labels,3,1,1.0,inner,"{""alpha"": 10.0, ""epochs"": 100, ""hidden_layer_sizes"": [32, 16]}",2684
100,100,3.252063570961296,0.687104206286803,0.6856957950826861,3.568225132388747e-05,"[3.252063570961296, 2.592047967388628, 2.071978406258404, 1.7195335498553206, 1.4471500316127217, 1.2528326370603398, 1.1150543762514833, 1.0149675645023621, 0.9370384342093563, 0.8815196313263627, 0.8399343479305292, 0.8096316892369692, 0.7876108595610171, 0.7699741932673625, 0.754690235403927, 0.7431392264769638, 0.734519117795901, 0.7280337278400578, 0.7217287633872088, 0.717116981225839, 0.7143610567702359, 0.7103756616810738, 0.7070369416877238, 0.70508224134766, 0.7044555462595996, 0.701997161602098, 0.701036526363446, 0.6991545383822322, 0.6982889092130254, 0.6978618618503026, 0.6967982907799, 0.6958727618243061, 0.6955366066977137, 0.6943038890661608, 0.6937283414988734, 0.6939555759401542, 0.6930995605450302, 0.6923453674402603, 0.6921893772572351, 0.6927559939690655, 0.6917847071928976, 0.6913379588362859, 0.6915268890718751, 0.6906757661674681, 0.6910078506079895, 0.6907041786754063, 0.6901143530370629, 0.6897059175809931, 0.6898011388809597, 0.6892189931101249, 0.6889638826543002, 0.6881778893450923, 0.6884492750283581, 0.6885905539079228, 0.6883566898148187, 0.6890736245877734, 0.6880659493802803, 0.688410688373496, 0.6878240599864258, 0.6877540927266176, 0.6873871855123871, 0.6878624954226971, 0.6871965604588861, 0.6868469166776706, 0.6879485321257509, 0.6874117523836376, 0.6873468014013767, 0.6867665941860379, 0.6877775987136139, 0.6866738042220175, 0.6878175990641803, 0.687454436615089, 0.6868927626353432, 0.6864766212840604, 0.6863796865773545, 0.6863984843086044, 0.6870465450461372, 0.6868532789532904, 0.6859443281509406, 0.6873217079582441, 0.6866228273432166, 0.6866659074760509, 0.6869073809723314, 0.686649673544219, 0.6856974976983857, 0.6867413562866016, 0.6859434830270227, 0.6868175029265707, 0.6867770646639718, 0.6870685240354791, 0.6862705722358903, 0.6861612470358353, 0.6857459927700768, 0.6864015274813546, 0.6859494032689822, 0.6864827499603429, 0.6859193445644283, 0.6865837227018052, 0.6856957950826861, 0.687104206286803]",fixed_epoch_budget_completed,No tolerance-based convergence claim; epochs selected by inner validation,1,"[{""category"": ""ConvergenceWarning"", ""message"": ""Stochastic Optimizer: Maximum iterations (100) reached and the optimization hasn't converged yet.""}]",162,5761,0.34074362499814015,mlp__context_diet_labels,3,1,2.0,inner,"{""alpha"": 10.0, ""epochs"": 100, ""hidden_layer_sizes"": [32, 16]}",2682
100,100,3.4601495823578223,0.6898469199563936,0.6889473088647565,-8.81187037793385e-05,"[3.4601495823578223, 2.732967377557292, 2.2470768975365782, 1.864434401251253, 1.5769583895046988, 1.3642770966065776, 1.2053436447378079, 1.089636266853565, 1.0021132209222698, 0.9345408405261303, 0.8866590307906979, 0.846718116280997, 0.8174092604383181, 0.7939633357721462, 0.7755787522569667, 0.7614350089832465, 0.7508681068624274, 0.7419281780307241, 0.7340177611952273, 0.7273951246624202, 0.7231052602891098, 0.7179360058506579, 0.7157415757641341, 0.7134421968520905, 0.7109787227407199, 0.7087973788362403, 0.707490808605481, 0.7057000476890629, 0.7065334865571755, 0.7043077626581565, 0.7025352909879586, 0.7026309163012031, 0.7016331154709001, 0.7012177376635143, 0.7003905365001905, 0.7007974671388786, 0.6992248357343729, 0.69913713221711, 0.698249801247597, 0.6972336602338599, 0.6973855508624682, 0.696992492588771, 0.6967336532534036, 0.6962154359101012, 0.6955199743233819, 0.6964523304620323, 0.6948893133054598, 0.6955520693616868, 0.69471425449678, 0.6955807534405571, 0.6938201042438709, 0.6941136234682884, 0.6932975000034121, 0.692637599156927, 0.6920107945332172, 0.6923168227195476, 0.6926639498548933, 0.6916616519427474, 0.6922588094132981, 0.6921513255513148, 0.6914489875243222, 0.6910639678135791, 0.6911559918465984, 0.6904867816592216, 0.6913844207714088, 0.6913125607766478, 0.6913129621329234, 0.6910978663867063, 0.6905702825947976, 0.690420616016289, 0.6909700373039278, 0.6902492776790534, 0.6903331965948079, 0.6902011775504759, 0.6910245948643753, 0.6903229123049032, 0.690444718873339, 0.6903028373491878, 0.6899853453019639, 0.6902557897163012, 0.6901494167184913, 0.6905608926400251, 0.6895718248646289, 0.6902198674906407, 0.690088498130366, 0.6904545940538195, 0.6895152668776515, 0.689916909394817, 0.6901421208445759, 0.6899350386601729, 0.6899394616109074, 0.689900031917064, 0.6903187896092488, 0.6899750209013017, 0.6897696140059741, 0.689867955813801, 0.6889473088647565, 0.6901537718554708, 0.6902716879242973, 0.6898469199563936]",fixed_epoch_budget_completed,No tolerance-based convergence claim; epochs selected by inner validation,1,"[{""category"": ""ConvergenceWarning"", ""message"": ""Stochastic Optimizer: Maximum iterations (100) reached and the optimization hasn't converged yet.""}]",161,5729,0.34345745899918256,mlp__context_diet_labels,3,1,3.0,inner,"{""alpha"": 10.0, ""epochs"": 100, ""hidden_layer_sizes"": [32, 16]}",2684
250,250,3.3880097008367,0.6893916929136972,0.6882266275128229,-8.202952807212505e-05,"[3.3880097008367, 2.722819548698561, 2.2175414000627045, 1.846131594082123, 1.5570427492579304, 1.3453700764408711, 1.2013534077315557, 1.081491884675641, 0.9945619891124363, 0.9310463232664707, 0.8803759757576788, 0.8443084404100247, 0.8158745104626938, 0.7950570055520984, 0.7756481586905767, 0.7632841969724301, 0.7524574236336342, 0.7427499866145898, 0.7363482014103194, 0.7286719936049223, 0.7245205094145409, 0.7207200822607424, 0.7171606653676984, 0.7147117075483947, 0.7129373137200526, 0.7108866981253495, 0.7094401607900166, 0.7070159077743449, 0.7055793641166188, 0.7050668608055835, 0.7036615763934261, 0.7028854472456232, 0.7014336085734333, 0.7011129405510574, 0.7001126712848792, 0.6991640898938388, 0.6984971363487863, 0.6980807169523686, 0.6979966440805356, 0.6976635666678754, 0.6964451545513708, 0.6959279147346508, 0.6953000495535067, 0.694468507658817, 0.6942796411165199, 0.6944508373533045, 0.693425874072575, 0.6932657405030708, 0.6931338516031509, 0.692700187986357, 0.6926386840274088, 0.6930451561835979, 0.6920969555794765, 0.692186248105336, 0.6920646763723732, 0.692053638857776, 0.6913026579275915, 0.6916376298491365, 0.6913131902027024, 0.690434293099077, 0.6912671288739334, 0.6908517022687052, 0.6902968479429885, 0.6902095799022083, 0.6902701440155702, 0.6906816610620823, 0.6905056695495468, 0.6907303923598892, 0.6905146687269127, 0.690379649931992, 0.6905193622584579, 0.6899227750273934, 0.6901634746470097, 0.6901822278785136, 0.6902782714294017, 0.6896543075960272, 0.6898269147263373, 0.6901747153967602, 0.6895486210643135, 0.6893499776469069, 0.6901402372475633, 0.6907346072225822, 0.6900593382811084, 0.690016683562369, 0.6900092299986793, 0.6899921526441708, 0.6898136563233669, 0.6899725509000533, 0.6891296003853667, 0.6895403542242742, 0.689936050442003, 0.6894774120597524, 0.689283442946583, 0.6895421263272616, 0.6893124523774979, 0.6892645316585604, 0.6895395861184698, 0.6893708497904821, 0.6898154269006844, 0.6894558731680773, 0.6900400592798742, 0.6894981271205034, 0.6898160643891805, 0.6900526569483915, 0.6896815415207429, 0.6896511214367284, 0.6891182485993659, 0.6893541589943897, 0.689884905731205, 0.6893826916376423, 0.6893386480411838, 0.6893773935724488, 0.6894949983482505, 0.6895163488968825, 0.6895425207015027, 0.6894396770361507, 0.689208979018403, 0.6893119691982025, 0.6892494292814217, 0.6885605716656397, 0.689797019134289, 0.6894282540443814, 0.6896705336550828, 0.6891961817456022, 0.6897394247789631, 0.6899916625067734, 0.6890878953744074, 0.6892948026456894, 0.6891311533664056, 0.6896475395149236, 0.6894413002777989, 0.6903816019081159, 0.6892781037377835, 0.6891309736344904, 0.6883044936752258, 0.6893868193146678, 0.6896463898049234, 0.6895694682351421, 0.6889625003340443, 0.6894460355131407, 0.6887361082904798, 0.6887987989992751, 0.6895902210635109, 0.690048210036827, 0.6898844885646027, 0.6885310906945936, 0.6891748102380836, 0.6900893633651425, 0.6894812197721661, 0.6894778561526904, 0.6894881842850495, 0.6895300580655411, 0.6893317068926684, 0.6889368773215521, 0.689165569044589, 0.6889748594567697, 0.6895230416025162, 0.6897050774531702, 0.6886400038915752, 0.6887360109479534, 0.6900823094583658, 0.6897329330205576, 0.6890545929061134, 0.6892370890534862, 0.6893089464965186, 0.6901051238830783, 0.6894285197512969, 0.6897493961231526, 0.6882266275128229, 0.6893301176719228, 0.6890260449041936, 0.6895064820870246, 0.6888414792796479, 0.6892093259641183, 0.6886941463746755, 0.6892901000353997, 0.6889776971893213, 0.6898961724490335, 0.6890552906066242, 0.6891259353153785, 0.6893243104105399, 0.6889448464960398, 0.6895062414823345, 0.6894195071556587, 0.6886845355089921, 0.6893073411332447, 0.6894156921681873, 0.6890375611126961, 0.6893154089287823, 0.68975461164022, 0.6895346394033303, 0.6888285675058448, 0.6891291303589371, 0.688868411994294, 0.6890843091054625, 0.6896320491882977, 0.6882278836785533, 0.6896164339057752, 0.6895988932070638, 0.6894163589836079, 0.6894114274789712, 0.6889000461134969, 0.6893526293440461, 0.6894077574453821, 0.6893869966961333, 0.6891489200582815, 0.6894308430796604, 0.6888892274713649, 0.6887776229849913, 0.689563298651683, 0.6892402453369991, 0.6898199317380518, 0.6893445120570368, 0.6891377731344961, 0.6895519642605287, 0.6895149759840014, 0.6893674598815273, 0.6891695472758945, 0.6885151647993647, 0.6891031549591934, 0.6891180371546838, 0.6893765575012736, 0.6891535176866181, 0.6888867097502724, 0.6891480631713194, 0.688825654569269, 0.6894073741675387, 0.6894465379735253, 0.6883785104318881, 0.6896668364296759, 0.688962082877309, 0.6888372939987489, 0.6891048608789069, 0.6887732046895482, 0.6896514718544916, 0.6888659884046219, 0.6893522058390179, 0.6890431430217125, 0.6893128855519466, 0.6894737224417693, 0.6891431516984514, 0.6888988615715321, 0.6896336977606459, 0.6886408403781505, 0.6893208463927653, 0.6891730940396161, 0.6896092625996386, 0.6893878672612858, 0.6890032703120986, 0.6893916929136972]",fixed_epoch_budget_completed,No tolerance-based convergence claim; epochs selected by inner validation,1,"[{""category"": ""ConvergenceWarning"", ""message"": ""Stochastic Optimizer: Maximum iterations (250) reached and the optimization hasn't converged yet.""}]",162,5761,0.8289233339964994,mlp__context_diet_labels,3,2,1.0,inner,"{""alpha"": 10.0, ""epochs"": 250, ""hidden_layer_sizes"": [32, 16]}",2684
250,250,3.252063570961296,0.6855554332915755,0.6840245089790676,0.0002975021616946627,"[3.252063570961296, 2.592047967388628, 2.071978406258404, 1.7195335498553206, 1.4471500316127217, 1.2528326370603398, 1.1150543762514833, 1.0149675645023621, 0.9370384342093563, 0.8815196313263627, 0.8399343479305292, 0.8096316892369692, 0.7876108595610171, 0.7699741932673625, 0.754690235403927, 0.7431392264769638, 0.734519117795901, 0.7280337278400578, 0.7217287633872088, 0.717116981225839, 0.7143610567702359, 0.7103756616810738, 0.7070369416877238, 0.70508224134766, 0.7044555462595996, 0.701997161602098, 0.701036526363446, 0.6991545383822322, 0.6982889092130254, 0.6978618618503026, 0.6967982907799, 0.6958727618243061, 0.6955366066977137, 0.6943038890661608, 0.6937283414988734, 0.6939555759401542, 0.6930995605450302, 0.6923453674402603, 0.6921893772572351, 0.6927559939690655, 0.6917847071928976, 0.6913379588362859, 0.6915268890718751, 0.6906757661674681, 0.6910078506079895, 0.6907041786754063, 0.6901143530370629, 0.6897059175809931, 0.6898011388809597, 0.6892189931101249, 0.6889638826543002, 0.6881778893450923, 0.6884492750283581, 0.6885905539079228, 0.6883566898148187, 0.6890736245877734, 0.6880659493802803, 0.688410688373496, 0.6878240599864258, 0.6877540927266176, 0.6873871855123871, 0.6878624954226971, 0.6871965604588861, 0.6868469166776706, 0.6879485321257509, 0.6874117523836376, 0.6873468014013767, 0.6867665941860379, 0.6877775987136139, 0.6866738042220175, 0.6878175990641803, 0.687454436615089, 0.6868927626353432, 0.6864766212840604, 0.6863796865773545, 0.6863984843086044, 0.6870465450461372, 0.6868532789532904, 0.6859443281509406, 0.6873217079582441, 0.6866228273432166, 0.6866659074760509, 0.6869073809723314, 0.686649673544219, 0.6856974976983857, 0.6867413562866016, 0.6859434830270227, 0.6868175029265707, 0.6867770646639718, 0.6870685240354791, 0.6862705722358903, 0.6861612470358353, 0.6857459927700768, 0.6864015274813546, 0.6859494032689822, 0.6864827499603429, 0.6859193445644283, 0.6865837227018052, 0.6856957950826861, 0.687104206286803, 0.6869157776471108, 0.6857700327213818, 0.6855152286145072, 0.6866140227142818, 0.6864089377035028, 0.6850283491935043, 0.6866375101690082, 0.6854956081776404, 0.6849186437799738, 0.6852773756035362, 0.685826954171402, 0.6858579690914048, 0.686124444315894, 0.6855408322791, 0.685607570460309, 0.6863668745229611, 0.6854299661388629, 0.6864623951092483, 0.6858218566322103, 0.685057401996068, 0.6854502205871137, 0.6850817797142507, 0.6864425864842584, 0.6858034133580718, 0.6867632391289554, 0.6856708481252365, 0.6853107869030101, 0.6863397387608836, 0.6860512527508171, 0.6855855439551772, 0.6859711981243064, 0.6855178055848369, 0.6852607644522836, 0.6865034248267861, 0.6861888427262173, 0.6853107521151156, 0.6862131819230168, 0.6857697499640647, 0.6856655706040775, 0.6858528940683963, 0.6861036567908624, 0.6853070972801504, 0.6862146546271171, 0.6856743991431096, 0.68467886424022, 0.6858854581136269, 0.6863537425379131, 0.6854380810876011, 0.6851450062505338, 0.6861007612385703, 0.6857747311759139, 0.6857028987086404, 0.6866503066722717, 0.6863828855733148, 0.6853056287388001, 0.6855355313489073, 0.6853102376572389, 0.6849426777095867, 0.6861299118161879, 0.6856061056099338, 0.6860173500767015, 0.686031617857078, 0.6857362765923704, 0.6854726731336918, 0.6849910383118292, 0.6854305426385113, 0.6852996580720467, 0.6859445774551056, 0.6856693436141836, 0.6854281070991092, 0.6852467622876526, 0.6852388294454915, 0.6859268300892797, 0.685796105619829, 0.685624702052467, 0.686048169896518, 0.6850624174999028, 0.6851986758752725, 0.6853226723782647, 0.6846107364101683, 0.6858900866732046, 0.6856877111327094, 0.6856312516431841, 0.6862334984377076, 0.6850613299653917, 0.6847849145426592, 0.6840245089790676, 0.6857557742813392, 0.685633508367362, 0.6856998783528443, 0.6859379551064211, 0.6846445664032167, 0.6857744894808758, 0.6851963951200672, 0.6856604422127499, 0.6847810958936299, 0.685859778774624, 0.6860760146257345, 0.6860351031818888, 0.6849610524856728, 0.684752882431919, 0.6852636505496088, 0.685423982134292, 0.6849779765767909, 0.685849725289817, 0.6856280973109156, 0.6856429440805009, 0.6848518533338589, 0.6861523259715496, 0.6858101293792496, 0.685810109848122, 0.6854049231735617, 0.6855874254029429, 0.6857324773008513, 0.685821105825861, 0.6856255859850835, 0.6860431473888753, 0.6853401374751297, 0.6861226747827724, 0.6855966767384799, 0.6859336678324163, 0.6853985105134536, 0.6854478205232558, 0.685684359725235, 0.6865033101580731, 0.6855061776016136, 0.6854021811738154, 0.6848467379386941, 0.6856502279132807, 0.6853049224894804, 0.6850827274581636, 0.6852323518843402, 0.6850961751816691, 0.6851777220573082, 0.6859050684032458, 0.6862028662992524, 0.6858387729659892, 0.6850659733811368, 0.685783919941749, 0.6852579311298809, 0.6857566120370308, 0.6855303742703419, 0.6852080576239152, 0.6843488801933029, 0.6853874079508617, 0.685844590211907, 0.6854939032561493, 0.685503013478024, 0.6853762373806851, 0.6855554332915755]",fixed_epoch_budget_completed,No tolerance-based convergence claim; epochs selected by inner validation,1,"[{""category"": ""ConvergenceWarning"", ""message"": ""Stochastic Optimizer: Maximum iterations (250) reached and the optimization hasn't converged yet.""}]",162,5761,0.8416566669984604,mlp__context_diet_labels,3,2,2.0,inner,"{""alpha"": 10.0, ""epochs"": 250, ""hidden_layer_sizes"": [32, 16]}",2682
250,250,3.4601495823578223,0.6898018921912932,0.6886072890655532,-0.0005013176153060295,"[3.4601495823578223, 2.732967377557292, 2.2470768975365782, 1.864434401251253, 1.5769583895046988, 1.3642770966065776, 1.2053436447378079, 1.089636266853565, 1.0021132209222698, 0.9345408405261303, 0.8866590307906979, 0.846718116280997, 0.8174092604383181, 0.7939633357721462, 0.7755787522569667, 0.7614350089832465, 0.7508681068624274, 0.7419281780307241, 0.7340177611952273, 0.7273951246624202, 0.7231052602891098, 0.7179360058506579, 0.7157415757641341, 0.7134421968520905, 0.7109787227407199, 0.7087973788362403, 0.707490808605481, 0.7057000476890629, 0.7065334865571755, 0.7043077626581565, 0.7025352909879586, 0.7026309163012031, 0.7016331154709001, 0.7012177376635143, 0.7003905365001905, 0.7007974671388786, 0.6992248357343729, 0.69913713221711, 0.698249801247597, 0.6972336602338599, 0.6973855508624682, 0.696992492588771, 0.6967336532534036, 0.6962154359101012, 0.6955199743233819, 0.6964523304620323, 0.6948893133054598, 0.6955520693616868, 0.69471425449678, 0.6955807534405571, 0.6938201042438709, 0.6941136234682884, 0.6932975000034121, 0.692637599156927, 0.6920107945332172, 0.6923168227195476, 0.6926639498548933, 0.6916616519427474, 0.6922588094132981, 0.6921513255513148, 0.6914489875243222, 0.6910639678135791, 0.6911559918465984, 0.6904867816592216, 0.6913844207714088, 0.6913125607766478, 0.6913129621329234, 0.6910978663867063, 0.6905702825947976, 0.690420616016289, 0.6909700373039278, 0.6902492776790534, 0.6903331965948079, 0.6902011775504759, 0.6910245948643753, 0.6903229123049032, 0.690444718873339, 0.6903028373491878, 0.6899853453019639, 0.6902557897163012, 0.6901494167184913, 0.6905608926400251, 0.6895718248646289, 0.6902198674906407, 0.690088498130366, 0.6904545940538195, 0.6895152668776515, 0.689916909394817, 0.6901421208445759, 0.6899350386601729, 0.6899394616109074, 0.689900031917064, 0.6903187896092488, 0.6899750209013017, 0.6897696140059741, 0.689867955813801, 0.6889473088647565, 0.6901537718554708, 0.6902716879242973, 0.6898469199563936, 0.6895312614658958, 0.689963384968451, 0.689138233854853, 0.6894653482543147, 0.689133184322092, 0.6897729177361327, 0.6895194890620258, 0.6898714481295497, 0.6894332989693155, 0.6897936425677275, 0.6899873078085326, 0.6896215321172835, 0.6899154030660388, 0.6899986560046631, 0.6899024603035946, 0.6901618816587792, 0.6900149563253648, 0.6897055604886936, 0.6900112129427309, 0.6895564783449569, 0.6895480533778023, 0.6898767867307845, 0.6902270560244335, 0.6895991449189919, 0.689113942434607, 0.6892213800018294, 0.6895930535696871, 0.6890756804895593, 0.6886072890655532, 0.6898635519419295, 0.6896219099380075, 0.6899072939237122, 0.6896091605622655, 0.6898421224425504, 0.6893452795752002, 0.6898805008250315, 0.6893426439470856, 0.6900723520141571, 0.6898922506039693, 0.6892044235150488, 0.6899688697087536, 0.6897291981888835, 0.6899744694388702, 0.6895030557391761, 0.6898886680636851, 0.6901026870164951, 0.6893341787908274, 0.690010373975246, 0.6894805282595274, 0.6897765665290698, 0.6898056612474208, 0.6893499761044691, 0.6897758884965041, 0.6901937276092168, 0.689158389409408, 0.6895275608680733, 0.6903968089307553, 0.6896642140354016, 0.6895978350584122, 0.6895753752151983, 0.6895094084752105, 0.6900396858704643, 0.6890080279842639, 0.6897109942915737, 0.6898151750365142, 0.6894847507720789, 0.6894463332590994, 0.6895868625995344, 0.6895377732165442, 0.6899470908660826, 0.6893285240650592, 0.6900796873308588, 0.689786826199493, 0.6894431496486189, 0.6891842804268836, 0.690051435208426, 0.6894316991763808, 0.6898574813293274, 0.689951140879574, 0.6899702660112644, 0.689537056132594, 0.6894949186823944, 0.6891287497683926, 0.6900502922962091, 0.6899053476783874, 0.6895325698861204, 0.6892371055043254, 0.6897858278315024, 0.6893483622193886, 0.6891695558069776, 0.689299742418527, 0.6896818561916894, 0.6897668162051931, 0.689189792328491, 0.6894701281628608, 0.6896032263587708, 0.6896044338062355, 0.6899055032900054, 0.6896201351736233, 0.6895608316164102, 0.6908832441263864, 0.6901888215347766, 0.6897243024449888, 0.6895960126921631, 0.6894218845572735, 0.6900480531269747, 0.6894520011497579, 0.6893985175431927, 0.689191174999938, 0.6892849826618072, 0.6893938247616972, 0.6891716806754602, 0.6895743937469863, 0.6902419278924511, 0.6891827877932656, 0.6899293725910163, 0.6898101969363627, 0.6896205251219395, 0.6896948801165658, 0.689707428568695, 0.6893727796161125, 0.689598124548266, 0.6895848777095355, 0.6894768425545478, 0.6895708588126288, 0.6893643749284918, 0.6899853621413425, 0.6894921547969559, 0.689470653164529, 0.6895111322914388, 0.6887490943753939, 0.6894595408791305, 0.6898664311361634, 0.6901357884482318, 0.6897041081312171, 0.6899168694167637, 0.6900241872708343, 0.6897197086589072, 0.6895021846432055, 0.6903032098065992, 0.689927590691039, 0.6899162713280387, 0.6896562933290119, 0.6901503329429619, 0.689780251885438, 0.6894997536111126, 0.6895184700420195, 0.6895253386607394, 0.6898353555107712, 0.6898018921912932]",fixed_epoch_budget_completed,No tolerance-based convergence claim; epochs selected by inner validation,1,"[{""category"": ""ConvergenceWarning"", ""message"": ""Stochastic Optimizer: Maximum iterations (250) reached and the optimization hasn't converged yet.""}]",161,5729,0.8655043329999899,mlp__context_diet_labels,3,2,3.0,inner,"{""alpha"": 10.0, ""epochs"": 250, ""hidden_layer_sizes"": [32, 16]}",2684
100,100,1.1981307787352509,0.32505419053601114,0.31875181110378126,0.005032524738045774,"[1.1981307787352509, 1.0961627618426038, 1.0151883709983165, 0.9582523899406216, 0.9098975758239249, 0.8689185234474475, 0.8326081672767323, 0.8055985067979183, 0.7826520805576375, 0.7560152652540078, 0.7346966555120592, 0.7196311426669105, 0.7008268994321462, 0.6862836168971637, 0.6717472608851525, 0.6828840285428244, 0.6447625428978702, 0.6318302254637691, 0.61744461366234, 0.6001683014130259, 0.5856789546585676, 0.5760731374077556, 0.5589763041672421, 0.5452228885390279, 0.5256511526350047, 0.5224869677319073, 0.5038980875576028, 0.5014334351507558, 0.48122263491024725, 0.47405098731083223, 0.46416265012146, 0.45402836428524657, 0.4462761739569979, 0.4474645563025171, 0.4396150894662394, 0.43799024164186795, 0.4267228031751255, 0.4208301845392789, 0.4143202457185252, 0.4136792411546069, 0.4029111094975165, 0.3994781572086607, 0.39786889368533024, 0.39901755760300145, 0.3881867117649893, 0.3929364915160585, 0.37980139732060686, 0.374528854353768, 0.3789646355079207, 0.37148552688046277, 0.3658796703151238, 0.3678246898180034, 0.3632123153617007, 0.3628942636209869, 0.36230207795799807, 0.35970252995093127, 0.35975908355358294, 0.35501528997204723, 0.35331223483537466, 0.3538966228629593, 0.34979089913022576, 0.3467276217281928, 0.34431224977944563, 0.34673280696724507, 0.34866642094880396, 0.35358716062145, 0.3435500254337384, 0.34144255210930846, 0.3374278880807401, 0.33803853626014935, 0.33420655939869676, 0.33414710885850296, 0.3322623374090341, 0.3328190638804934, 0.33614732938180436, 0.3330996742996582, 0.3330346079774071, 0.32845947448447793, 0.3289413385630427, 0.33035153560732405, 0.32725256406305375, 0.3260138280065654, 0.32232001911244856, 0.3237762462342678, 0.3269972153864678, 0.3263092508103753, 0.3263723495651837, 0.32760820027645055, 0.32107645989135075, 0.32002166579796537, 0.31981276873253656, 0.31983432843144133, 0.32113720944709695, 0.32292183086703274, 0.3246644523918318, 0.32265860982149025, 0.31875181110378126, 0.31975817283093433, 0.326108642144636, 0.32505419053601114]",fixed_epoch_budget_completed,No tolerance-based convergence claim; epochs selected by inner validation,1,"[{""category"": ""ConvergenceWarning"", ""message"": ""Stochastic Optimizer: Maximum iterations (100) reached and the optimization hasn't converged yet.""}]",162,12545,0.5170170409983257,mlp__context_diet_labels,3,3,1.0,inner,"{""alpha"": 1.0, ""epochs"": 100, ""hidden_layer_sizes"": [64, 32]}",2684
100,100,1.2024005173335461,0.3054019585905202,0.3028980333600914,-0.0059719878914460955,"[1.2024005173335461, 1.0958634466687271, 1.0120582041233959, 0.9447096755749064, 0.8933210321356284, 0.8490079285744354, 0.8178409250548, 0.7835632044970511, 0.7604183380022385, 0.7380717727793384, 0.7173454724343324, 0.6962838613634367, 0.6841962256070329, 0.6661807834381883, 0.6528890023021074, 0.6311801452760076, 0.6128436213234792, 0.5975043271014857, 0.5849845349752131, 0.5618852026628568, 0.5488845567301381, 0.5316067161514219, 0.5131934817996481, 0.5018099091737405, 0.4906691223154318, 0.4727291990853477, 0.46553014865239856, 0.45950017749715644, 0.4466504113583963, 0.43325909403408935, 0.42637297540343144, 0.41678393916970247, 0.41265660985295183, 0.41095482289637203, 0.4015136545134249, 0.39644406438507607, 0.3905914500220843, 0.385192237622612, 0.3807544029054226, 0.3795704577586058, 0.3708458096740478, 0.3736759974286035, 0.37005132524573275, 0.3641427308834193, 0.36259955194741106, 0.3593720681357599, 0.35681606045618863, 0.35014867559817303, 0.35011655284827126, 0.3552112625989554, 0.3467336516726991, 0.3435702814720173, 0.34765906323986273, 0.34237180268000533, 0.3395623589719951, 0.3333962060323205, 0.3376126256364227, 0.33595848173874754, 0.3348109768707253, 0.33150803309829646, 0.3310793398744346, 0.32992547138452427, 0.32865338473612343, 0.32900007579831975, 0.3260380525181068, 0.32677222750673496, 0.32566101150521537, 0.32638552461508297, 0.3228149297928534, 0.32316816715798713, 0.31892013250025125, 0.3233319630599082, 0.3181449936557704, 0.3175309890671402, 0.3182866332601278, 0.32668133381209125, 0.32501692823677164, 0.3173493882624798, 0.31887536093163543, 0.3166194039118285, 0.31256385070280596, 0.31652196253745973, 0.31517079467400455, 0.31378825597757243, 0.3138210603330772, 0.3101063539718475, 0.3104635958596211, 0.31227775764133514, 0.3122509988783959, 0.3113739464819663, 0.3118589054839263, 0.3113559772257026, 0.3108858845398736, 0.3068732721541456, 0.3066703228962456, 0.3076112320560028, 0.30699354020584835, 0.3068294735257685, 0.3028980333600914, 0.3054019585905202]",fixed_epoch_budget_completed,No tolerance-based convergence claim; epochs selected by inner validation,1,"[{""category"": ""ConvergenceWarning"", ""message"": ""Stochastic Optimizer: Maximum iterations (100) reached and the optimization hasn't converged yet.""}]",162,12545,0.5219978749955771,mlp__context_diet_labels,3,3,2.0,inner,"{""alpha"": 1.0, ""epochs"": 100, ""hidden_layer_sizes"": [64, 32]}",2682
100,100,1.191511063730963,0.3124380874020344,0.30984107557527774,-0.006368308965215619,"[1.191511063730963, 1.0822808412157074, 0.9968730316211398, 0.9355277682901949, 0.8848144944432966, 0.8397020771935811, 0.8030655601090373, 0.7730576554438235, 0.7476531047413173, 0.7270385601706855, 0.7097937629930641, 0.6940447774385468, 0.6799351683548867, 0.658343728744215, 0.6406206693885733, 0.6231664444569298, 0.6130625448477299, 0.6015350683501719, 0.5765701854550874, 0.555637057685935, 0.5495606133805997, 0.5295649690247884, 0.5176091758174504, 0.5020238717138323, 0.49593671375292936, 0.4807622501625216, 0.4697952555766032, 0.4663140653783537, 0.45484536020252925, 0.44951809121224323, 0.44839794468441085, 0.4316910080147886, 0.4246400158116773, 0.41907822589830546, 0.41548928955543407, 0.4057715998545466, 0.4044558518047338, 0.3985389993867704, 0.3919275529888279, 0.3988280897757632, 0.40198549047169607, 0.3921447983955549, 0.3815460772383617, 0.3736159213459141, 0.3771443281649508, 0.3672202688643536, 0.36290797346420955, 0.36766506932279913, 0.36138826194475165, 0.35317937615756223, 0.3566034266436245, 0.3500897785441479, 0.34755516749929577, 0.3553067188077554, 0.34962678976923506, 0.349117762073885, 0.3449095648878193, 0.34096223727630814, 0.34020985124163655, 0.3383989963651188, 0.33520163983660434, 0.3365564942350796, 0.3342299616007697, 0.33526673043843086, 0.3347943659760379, 0.32949870607980813, 0.33197851531042144, 0.3287433083154266, 0.3325070633185305, 0.3255530432755668, 0.32658624163086764, 0.3289218555644689, 0.3346445776251095, 0.3261769970500389, 0.32525195186555644, 0.3222001129981968, 0.3210318124107417, 0.3210165477315241, 0.32366114421115544, 0.3212835215657673, 0.3183331159022901, 0.3220969677690184, 0.32087712292258447, 0.31869653874489534, 0.3204566518425322, 0.31818450898315614, 0.3165977964225617, 0.32164558913061575, 0.3175470614386537, 0.31880639636725, 0.3165749390573464, 0.3165940116409604, 0.314131446852619, 0.31066678792911884, 0.3109146953953102, 0.30984107557527774, 0.31521942423313154, 0.3133744271517195, 0.3156780041513758, 0.3124380874020344]",fixed_epoch_budget_completed,No tolerance-based convergence claim; epochs selected by inner validation,1,"[{""category"": ""ConvergenceWarning"", ""message"": ""Stochastic Optimizer: Maximum iterations (100) reached and the optimization hasn't converged yet.""}]",161,12481,0.5168919999996433,mlp__context_diet_labels,3,3,3.0,inner,"{""alpha"": 1.0, ""epochs"": 100, ""hidden_layer_sizes"": [64, 32]}",2684
100,100,5.315857563212436,0.6892668220143464,0.6879456227287443,0.00013659491156414738,"[5.315857563212436, 4.0089535130647596, 3.008111404670272, 2.3272306772699967, 1.8411128900600768, 1.4931367953429961, 1.249504347731341, 1.0813602894916465, 0.9677977183187603, 0.8857080043236958, 0.8302942960784424, 0.7915573741387235, 0.7644833528714905, 0.7450629952119872, 0.7335932440745611, 0.7220253862342362, 0.7145070869575431, 0.7088758511179376, 0.7047380386299914, 0.7026284865186275, 0.6993431456661827, 0.697386333863844, 0.6958625198211261, 0.6947594544191291, 0.6935872467475774, 0.6925709034280516, 0.6915493909421413, 0.6914860442255191, 0.6914543225878236, 0.6906582789756011, 0.6904921077530428, 0.6911979798524136, 0.6902397133507314, 0.6901219831957466, 0.6907131383867355, 0.6905752054963097, 0.6901794233961612, 0.6899714017750568, 0.6897803379434073, 0.6898908800737225, 0.688781276675374, 0.689597368737669, 0.6898106683032982, 0.6893211862490587, 0.6892035119161014, 0.6887658886054477, 0.6891443617323674, 0.6895734538020984, 0.689735139006249, 0.690068172279498, 0.6894720266110496, 0.6879456227287443, 0.689064732192724, 0.6893466461354919, 0.6892444428014076, 0.6893418264275225, 0.6889360208326226, 0.6898025530895205, 0.6894910277535528, 0.6891541601251051, 0.6887468934371188, 0.6893985905615481, 0.689048378512518, 0.6892126013358272, 0.6887474152690787, 0.6887612026437895, 0.6894494663553931, 0.6892420055254093, 0.6893266101911107, 0.6892477477026354, 0.6894574175956094, 0.6893989607650213, 0.6892423490687755, 0.6888287055625059, 0.6897662051520378, 0.6892479059971345, 0.6889793814023469, 0.6889005836657182, 0.6891028121471166, 0.6889260290305826, 0.688802449705392, 0.6893424854804963, 0.6892471538508637, 0.6889141560807793, 0.6903379802516317, 0.689330788032557, 0.689567195037242, 0.6892803163572531, 0.6887734504265035, 0.6891302271027823, 0.6892595525906035, 0.6891836280948462, 0.6890603717298628, 0.6894622855986079, 0.6896007253674958, 0.6890091396411318, 0.6882914033164341, 0.6888506585435368, 0.6898911656751305, 0.6892668220143464]",fixed_epoch_budget_completed,No tolerance-based convergence claim; epochs selected by inner validation,1,"[{""category"": ""ConvergenceWarning"", ""message"": ""Stochastic Optimizer: Maximum iterations (100) reached and the optimization hasn't converged yet.""}]",162,12545,0.4778251659954549,mlp__context_diet_labels,3,4,1.0,inner,"{""alpha"": 10.0, ""epochs"": 100, ""hidden_layer_sizes"": [64, 32]}",2684
100,100,5.368448545709644,0.6859245449857978,0.6852315305686603,-0.0010367678048297524,"[5.368448545709644, 4.040420685238857, 3.0368875238565303, 2.324360402680213, 1.8383020622298254, 1.4891031217845576, 1.254327746092573, 1.0806925160362635, 0.9704703327213202, 0.8866445741535003, 0.8330514060766943, 0.7945622268078094, 0.768443107417132, 0.7486334933443795, 0.7361277947157915, 0.7262213532883581, 0.7201156396562237, 0.7144784484476202, 0.7111074917123077, 0.7085888555195374, 0.7062268994555612, 0.7037437641495697, 0.7030146691379012, 0.7012922935982501, 0.7003210433974405, 0.6996297455402557, 0.7002999393139956, 0.6983814589302836, 0.6974819225018756, 0.6964592118429066, 0.6966310639475365, 0.6953006951176823, 0.695284144973748, 0.6942937010010013, 0.6940994134544911, 0.6937616596837054, 0.6934720855726347, 0.6924162202396912, 0.6928904961506807, 0.6925898008923104, 0.692027539939711, 0.6914506075941083, 0.6915896396541545, 0.6909172115081681, 0.6907655214688897, 0.6897980328108079, 0.6900628514368858, 0.6893103582476033, 0.6893758311782692, 0.6895986400320394, 0.6891121764612089, 0.6888583979507752, 0.6888138021500421, 0.6878007700294709, 0.6883621735164421, 0.688672488861029, 0.688810137089236, 0.6879662654176284, 0.6871720581703972, 0.6878654653364812, 0.6884439957471364, 0.6876275779153092, 0.6878048130209304, 0.6874637049407942, 0.6876717545384741, 0.6866451138866151, 0.6873931365054986, 0.6879442892591671, 0.6879505943015056, 0.6872795649153451, 0.687433755163042, 0.6880079506339958, 0.6871114398731197, 0.6871852276953443, 0.6876912163019102, 0.6873990378470632, 0.6871213555754921, 0.6859869481712125, 0.6859881560213298, 0.6866521973769776, 0.6867304955240666, 0.686905320570717, 0.6866135375234215, 0.6863670029526591, 0.6871762256572549, 0.6864588400807144, 0.686670551970046, 0.686929458157005, 0.6864192024443778, 0.6869613127906276, 0.686502746561348, 0.6859486401796965, 0.6869108364008791, 0.6852315305686603, 0.686512610102815, 0.685588267398633, 0.6871856421809279, 0.685979773785892, 0.6859901136771589, 0.6859245449857978]",fixed_epoch_budget_completed,No tolerance-based convergence claim; epochs selected by inner validation,1,"[{""category"": ""ConvergenceWarning"", ""message"": ""Stochastic Optimizer: Maximum iterations (100) reached and the optimization hasn't converged yet.""}]",162,12545,0.480471499999112,mlp__context_diet_labels,3,4,2.0,inner,"{""alpha"": 10.0, ""epochs"": 100, ""hidden_layer_sizes"": [64, 32]}",2682
100,100,5.332000131595883,0.6897783695431081,0.6897135462073877,-0.0006169862248922575,"[5.332000131595883, 3.9707282806259334, 2.9622464727426796, 2.271311838887951, 1.782819790568308, 1.443425105364053, 1.20962161321893, 1.0510359558931637, 0.943023068386744, 0.8676052831682038, 0.8166544187998318, 0.7813693379004861, 0.7581925003888567, 0.7402957937131108, 0.7278585389394848, 0.7195334676087292, 0.7134977168351396, 0.7089981753814794, 0.7058290388448217, 0.7035000569171521, 0.7015833457100715, 0.6997213267965584, 0.6988424074991756, 0.6981220595640951, 0.6970125920468623, 0.6962158580280375, 0.695584962331537, 0.6954451482299782, 0.6947866523178594, 0.694283042981079, 0.694342697601663, 0.6935265813969314, 0.6933774995494629, 0.6931137190833975, 0.6936387929569241, 0.6926113705707468, 0.6924199779760724, 0.6923301309468599, 0.6928678346919395, 0.6920555832346851, 0.6920749518912251, 0.6919949045897573, 0.6919943771107849, 0.6919463921356914, 0.6915413849885175, 0.6915472811923981, 0.6916263466577403, 0.6908431110217301, 0.6910218714677567, 0.6914876345125747, 0.6914169252619384, 0.6911974950735282, 0.6911672742470735, 0.691197746042826, 0.6904647979639179, 0.6912319829187848, 0.6918814470750257, 0.6908257023933823, 0.6906503760408228, 0.6909088807930035, 0.6905494328788557, 0.6904054900055182, 0.69132116573513, 0.6914164297314028, 0.6901436395293514, 0.6906598952579653, 0.69088056391038, 0.690149755768487, 0.6903763329669049, 0.6909921098896994, 0.6911155467872528, 0.6901793440143336, 0.6906331041167683, 0.6907736383856924, 0.6907971389076429, 0.6907229856973429, 0.690408261391277, 0.6909354079225292, 0.6909775675289251, 0.690678865554088, 0.6903607788960202, 0.6906885904058522, 0.6905443887904483, 0.6906821664073304, 0.6901081144431688, 0.6897135462073877, 0.6903736003002212, 0.6905994157729545, 0.6903915933090384, 0.6903953557680004, 0.6901243771921282, 0.6899619245706571, 0.6899085821810793, 0.6904655853027971, 0.6903682349111466, 0.6901858653112259, 0.6905696062111939, 0.6898797866404234, 0.6901307315563439, 0.6897783695431081]",fixed_epoch_budget_completed,No tolerance-based convergence claim; epochs selected by inner validation,1,"[{""category"": ""ConvergenceWarning"", ""message"": ""Stochastic Optimizer: Maximum iterations (100) reached and the optimization hasn't converged yet.""}]",161,12481,0.48689720800030045,mlp__context_diet_labels,3,4,3.0,inner,"{""alpha"": 10.0, ""epochs"": 100, ""hidden_layer_sizes"": [64, 32]}",2684
250,250,5.315857563212436,0.6901653738434286,0.6878875859802491,0.001551079201150718,"[5.315857563212436, 4.0089535130647596, 3.008111404670272, 2.3272306772699967, 1.8411128900600768, 1.4931367953429961, 1.249504347731341, 1.0813602894916465, 0.9677977183187603, 0.8857080043236958, 0.8302942960784424, 0.7915573741387235, 0.7644833528714905, 0.7450629952119872, 0.7335932440745611, 0.7220253862342362, 0.7145070869575431, 0.7088758511179376, 0.7047380386299914, 0.7026284865186275, 0.6993431456661827, 0.697386333863844, 0.6958625198211261, 0.6947594544191291, 0.6935872467475774, 0.6925709034280516, 0.6915493909421413, 0.6914860442255191, 0.6914543225878236, 0.6906582789756011, 0.6904921077530428, 0.6911979798524136, 0.6902397133507314, 0.6901219831957466, 0.6907131383867355, 0.6905752054963097, 0.6901794233961612, 0.6899714017750568, 0.6897803379434073, 0.6898908800737225, 0.688781276675374, 0.689597368737669, 0.6898106683032982, 0.6893211862490587, 0.6892035119161014, 0.6887658886054477, 0.6891443617323674, 0.6895734538020984, 0.689735139006249, 0.690068172279498, 0.6894720266110496, 0.6879456227287443, 0.689064732192724, 0.6893466461354919, 0.6892444428014076, 0.6893418264275225, 0.6889360208326226, 0.6898025530895205, 0.6894910277535528, 0.6891541601251051, 0.6887468934371188, 0.6893985905615481, 0.689048378512518, 0.6892126013358272, 0.6887474152690787, 0.6887612026437895, 0.6894494663553931, 0.6892420055254093, 0.6893266101911107, 0.6892477477026354, 0.6894574175956094, 0.6893989607650213, 0.6892423490687755, 0.6888287055625059, 0.6897662051520378, 0.6892479059971345, 0.6889793814023469, 0.6889005836657182, 0.6891028121471166, 0.6889260290305826, 0.688802449705392, 0.6893424854804963, 0.6892471538508637, 0.6889141560807793, 0.6903379802516317, 0.689330788032557, 0.689567195037242, 0.6892803163572531, 0.6887734504265035, 0.6891302271027823, 0.6892595525906035, 0.6891836280948462, 0.6890603717298628, 0.6894622855986079, 0.6896007253674958, 0.6890091396411318, 0.6882914033164341, 0.6888506585435368, 0.6898911656751305, 0.6892668220143464, 0.6892526326822217, 0.6888022256449751, 0.6892287995265677, 0.6893218606687487, 0.6884269929156648, 0.688426818861859, 0.6891399311921598, 0.689284678179072, 0.689461680632722, 0.689380892436328, 0.6897045797591232, 0.6886607720253067, 0.689510549878955, 0.6893230795722669, 0.6898676999404713, 0.6891931372375951, 0.6893594892482805, 0.6887286359374435, 0.6895422139305427, 0.6888612929560269, 0.6892657201806657, 0.6895633746341012, 0.6892164245790251, 0.6897163345874651, 0.6888165611927066, 0.6892938550337234, 0.6894629825282941, 0.6889778349510544, 0.6891574785187106, 0.6891533395815167, 0.6887383727055565, 0.68980610808353, 0.6888804779052553, 0.6890791705720406, 0.690018577197383, 0.6890380177493384, 0.6888345784096922, 0.6895278371850653, 0.6889467254199961, 0.6894824313635336, 0.6878875859802491, 0.688725932139248, 0.6887592046353108, 0.6889690847737555, 0.6892124604808612, 0.6888189111706837, 0.6892516965111267, 0.6881267835096594, 0.6892696863064979, 0.6889913521772627, 0.6890514076395083, 0.6892697861727602, 0.6897390537088709, 0.6893656866364911, 0.6893320329550131, 0.6888990842543008, 0.6895872500597863, 0.6886190730329206, 0.6894004432586917, 0.6888914242013818, 0.6886611372399754, 0.6899462185302875, 0.6893432303535997, 0.6892656614484421, 0.6890576933933938, 0.6890462670739065, 0.6889631238526222, 0.6890803111182473, 0.6893604730228884, 0.6895281823699919, 0.6892798694827191, 0.6898403293324595, 0.6890717587223869, 0.6888836852177724, 0.6886162521160597, 0.6886773074296914, 0.6891089990854274, 0.6892978411964754, 0.6884446658031531, 0.6895915259921902, 0.6892323659614157, 0.6888919712860143, 0.6888497659065529, 0.6885807292546662, 0.6890235410759565, 0.6895858387619128, 0.6889862203392544, 0.689234372268657, 0.6895824943477248, 0.6893746875239715, 0.6889230784647701, 0.6891536818108396, 0.689388136986403, 0.689362250600676, 0.6895827440924106, 0.6888789846332243, 0.6891414325384949, 0.6886013860258176, 0.6890881221932609, 0.6891848284131569, 0.6890549659753545, 0.6887645121254754, 0.6894522433590854, 0.6891781143128037, 0.6892518785881128, 0.688626357757268, 0.6886794476014062, 0.6893210780622692, 0.6896694536706285, 0.689681089818992, 0.689303629144551, 0.6889393418708524, 0.6892260034317685, 0.6885370096851269, 0.6899160598649817, 0.6894788067761691, 0.6891050603851219, 0.68922869001064, 0.6892069593075214, 0.6890395816221732, 0.6892029409183296, 0.68919610663062, 0.689024222175648, 0.6890374830507255, 0.689796498943944, 0.6888738877278474, 0.6885802882546055, 0.6885880270124426, 0.6890891472964739, 0.6896203877372553, 0.6885131739799716, 0.6894635073369728, 0.6891275926160599, 0.6894065708672521, 0.6893233000673441, 0.6889009003165424, 0.6892448221038273, 0.6889707093201191, 0.6894005433417069, 0.6886142946422779, 0.6895556070315982, 0.6883491005223612, 0.6894467822412438, 0.6889761250514324, 0.6894763224812008, 0.689261312859866, 0.6885644739964113, 0.6886722810372409, 0.6889403298143515, 0.6901653738434286]",fixed_epoch_budget_completed,No tolerance-based convergence claim; epochs selected by inner validation,1,"[{""category"": ""ConvergenceWarning"", ""message"": ""Stochastic Optimizer: Maximum iterations (250) reached and the optimization hasn't converged yet.""}]",162,12545,1.1728254999979981,mlp__context_diet_labels,3,5,1.0,inner,"{""alpha"": 10.0, ""epochs"": 250, ""hidden_layer_sizes"": [64, 32]}",2684
250,250,5.368448545709644,0.6846473622389854,0.684607756960609,-0.0013802357749818084,"[5.368448545709644, 4.040420685238857, 3.0368875238565303, 2.324360402680213, 1.8383020622298254, 1.4891031217845576, 1.254327746092573, 1.0806925160362635, 0.9704703327213202, 0.8866445741535003, 0.8330514060766943, 0.7945622268078094, 0.768443107417132, 0.7486334933443795, 0.7361277947157915, 0.7262213532883581, 0.7201156396562237, 0.7144784484476202, 0.7111074917123077, 0.7085888555195374, 0.7062268994555612, 0.7037437641495697, 0.7030146691379012, 0.7012922935982501, 0.7003210433974405, 0.6996297455402557, 0.7002999393139956, 0.6983814589302836, 0.6974819225018756, 0.6964592118429066, 0.6966310639475365, 0.6953006951176823, 0.695284144973748, 0.6942937010010013, 0.6940994134544911, 0.6937616596837054, 0.6934720855726347, 0.6924162202396912, 0.6928904961506807, 0.6925898008923104, 0.692027539939711, 0.6914506075941083, 0.6915896396541545, 0.6909172115081681, 0.6907655214688897, 0.6897980328108079, 0.6900628514368858, 0.6893103582476033, 0.6893758311782692, 0.6895986400320394, 0.6891121764612089, 0.6888583979507752, 0.6888138021500421, 0.6878007700294709, 0.6883621735164421, 0.688672488861029, 0.688810137089236, 0.6879662654176284, 0.6871720581703972, 0.6878654653364812, 0.6884439957471364, 0.6876275779153092, 0.6878048130209304, 0.6874637049407942, 0.6876717545384741, 0.6866451138866151, 0.6873931365054986, 0.6879442892591671, 0.6879505943015056, 0.6872795649153451, 0.687433755163042, 0.6880079506339958, 0.6871114398731197, 0.6871852276953443, 0.6876912163019102, 0.6873990378470632, 0.6871213555754921, 0.6859869481712125, 0.6859881560213298, 0.6866521973769776, 0.6867304955240666, 0.686905320570717, 0.6866135375234215, 0.6863670029526591, 0.6871762256572549, 0.6864588400807144, 0.686670551970046, 0.686929458157005, 0.6864192024443778, 0.6869613127906276, 0.686502746561348, 0.6859486401796965, 0.6869108364008791, 0.6852315305686603, 0.686512610102815, 0.685588267398633, 0.6871856421809279, 0.685979773785892, 0.6859901136771589, 0.6859245449857978, 0.6858506159731332, 0.6859512559350232, 0.6857160673539044, 0.6861323400908499, 0.6862483067673895, 0.6851893031937369, 0.6855864968622366, 0.6852098457293536, 0.6865908829178582, 0.6868600252226346, 0.6856163538779522, 0.6853037280529468, 0.6854680341643985, 0.686250203148695, 0.6861580240977964, 0.68581682281265, 0.6857368232098906, 0.6862278792597187, 0.6859613684681306, 0.6872346779849396, 0.685979706022251, 0.68543325736785, 0.6859599376605043, 0.685633925706539, 0.6854250675565974, 0.6865570011263945, 0.6856665060923582, 0.6861539128636626, 0.685294777650021, 0.685903050286812, 0.6865974406531471, 0.6850621906084584, 0.6858314500941975, 0.6862973550915266, 0.6860074937112545, 0.6848438813197296, 0.6861632664424012, 0.6854470366523272, 0.6863628311791269, 0.6867363866959642, 0.6856525657224946, 0.6864250347882348, 0.6859216457414863, 0.6854352259960557, 0.6852667475690489, 0.6860409300501613, 0.6859529866186189, 0.6859032281279317, 0.6848885693881485, 0.686378144709455, 0.6855492765994045, 0.6861859556378882, 0.685884826660645, 0.6860016959419416, 0.684894335099457, 0.685573792001604, 0.6857428620055278, 0.6853062062807055, 0.6863183303541257, 0.6855196429837843, 0.6861914405712017, 0.6850046057335903, 0.6857950822888206, 0.6850253358552235, 0.6852006335454072, 0.686257932653801, 0.6858241434129606, 0.6852407184295208, 0.6854925943617138, 0.6862288355793754, 0.684607756960609, 0.6854729483935087, 0.6857873006660136, 0.6858287670706618, 0.6867341709185155, 0.6861988041085398, 0.6864938623521076, 0.6861326572986429, 0.6852770076909767, 0.6855453451597093, 0.6855592296877567, 0.6857713124347367, 0.6847281957375047, 0.6849482227858971, 0.6852960281001702, 0.6860845516238486, 0.6851432517490628, 0.6857183252016329, 0.6847917683793995, 0.6858392470307241, 0.6853311577535, 0.6857518432411782, 0.6849897514638751, 0.6854773261749977, 0.6862094973880438, 0.6858586149851371, 0.6847275324141858, 0.6852440141970381, 0.6853329909206162, 0.6848702115876184, 0.6852243300776671, 0.6858096575981408, 0.6859544190016564, 0.6851798715622274, 0.6856135184324146, 0.6852815508784231, 0.6853157936915143, 0.6857379377520748, 0.6851218745650915, 0.6849610492023473, 0.6854556931353621, 0.6849949782976311, 0.6852984386406732, 0.6854275255790696, 0.6852536998068343, 0.6849311940612632, 0.6866321048194394, 0.6850148993690053, 0.6857419796889758, 0.6857679794690762, 0.6847859136832312, 0.6856469908594934, 0.6863995016012269, 0.6858548957422009, 0.6851753412746946, 0.6857249515192818, 0.686479584955543, 0.6852448138801209, 0.6852720661684718, 0.6867972045455534, 0.6855220686811231, 0.6855360062105554, 0.6857803126125167, 0.684901803428905, 0.684753236503186, 0.685103145455052, 0.6853941440285837, 0.6860009457997763, 0.6861776250406793, 0.6860275980139672, 0.6856962744023477, 0.6858513506781014, 0.6853433605922448, 0.6858274536846778, 0.685013030916261, 0.6857316412112299, 0.6852656356080629, 0.6852256041698983, 0.6847774617512484, 0.6846473622389854]",fixed_epoch_budget_completed,No tolerance-based convergence claim; epochs selected by inner validation,1,"[{""category"": ""ConvergenceWarning"", ""message"": ""Stochastic Optimizer: Maximum iterations (250) reached and the optimization hasn't converged yet.""}]",162,12545,1.1911868749957648,mlp__context_diet_labels,3,5,2.0,inner,"{""alpha"": 10.0, ""epochs"": 250, ""hidden_layer_sizes"": [64, 32]}",2682
250,250,5.332000131595883,0.6899982017152602,0.6888852757023823,2.229884998172782e-05,"[5.332000131595883, 3.9707282806259334, 2.9622464727426796, 2.271311838887951, 1.782819790568308, 1.443425105364053, 1.20962161321893, 1.0510359558931637, 0.943023068386744, 0.8676052831682038, 0.8166544187998318, 0.7813693379004861, 0.7581925003888567, 0.7402957937131108, 0.7278585389394848, 0.7195334676087292, 0.7134977168351396, 0.7089981753814794, 0.7058290388448217, 0.7035000569171521, 0.7015833457100715, 0.6997213267965584, 0.6988424074991756, 0.6981220595640951, 0.6970125920468623, 0.6962158580280375, 0.695584962331537, 0.6954451482299782, 0.6947866523178594, 0.694283042981079, 0.694342697601663, 0.6935265813969314, 0.6933774995494629, 0.6931137190833975, 0.6936387929569241, 0.6926113705707468, 0.6924199779760724, 0.6923301309468599, 0.6928678346919395, 0.6920555832346851, 0.6920749518912251, 0.6919949045897573, 0.6919943771107849, 0.6919463921356914, 0.6915413849885175, 0.6915472811923981, 0.6916263466577403, 0.6908431110217301, 0.6910218714677567, 0.6914876345125747, 0.6914169252619384, 0.6911974950735282, 0.6911672742470735, 0.691197746042826, 0.6904647979639179, 0.6912319829187848, 0.6918814470750257, 0.6908257023933823, 0.6906503760408228, 0.6909088807930035, 0.6905494328788557, 0.6904054900055182, 0.69132116573513, 0.6914164297314028, 0.6901436395293514, 0.6906598952579653, 0.69088056391038, 0.690149755768487, 0.6903763329669049, 0.6909921098896994, 0.6911155467872528, 0.6901793440143336, 0.6906331041167683, 0.6907736383856924, 0.6907971389076429, 0.6907229856973429, 0.690408261391277, 0.6909354079225292, 0.6909775675289251, 0.690678865554088, 0.6903607788960202, 0.6906885904058522, 0.6905443887904483, 0.6906821664073304, 0.6901081144431688, 0.6897135462073877, 0.6903736003002212, 0.6905994157729545, 0.6903915933090384, 0.6903953557680004, 0.6901243771921282, 0.6899619245706571, 0.6899085821810793, 0.6904655853027971, 0.6903682349111466, 0.6901858653112259, 0.6905696062111939, 0.6898797866404234, 0.6901307315563439, 0.6897783695431081, 0.6901700884498243, 0.6904617035032748, 0.6898091469775056, 0.690484051988049, 0.6900931892857874, 0.6899973334770964, 0.6907736205627226, 0.6900311088431237, 0.6900485833355874, 0.6903692117344037, 0.6901716620478013, 0.689777587960274, 0.6898183930321452, 0.6896571747886435, 0.6899260913111083, 0.6901250071769754, 0.6899517486954677, 0.6889316980613309, 0.6905359547697663, 0.6897191923170647, 0.6899294784487853, 0.6898253942151018, 0.6901711892519463, 0.6897987058578423, 0.6902828287444648, 0.6896556643294677, 0.6904948816024075, 0.6894747570233362, 0.6895142651657237, 0.6897926855122218, 0.6897860959455127, 0.6901293516444944, 0.6900376987822562, 0.6899252600222879, 0.6899356813652257, 0.6901245252662986, 0.6903515857023108, 0.6902604974934737, 0.6898629365067557, 0.689829872831246, 0.690063389078158, 0.6894380158692525, 0.689887231870021, 0.6903126252691187, 0.689663139988705, 0.6898631771617553, 0.6902307658500388, 0.6897443420146274, 0.6900954593819776, 0.6899085110587866, 0.6893372564069273, 0.6902064701550896, 0.6900458880736935, 0.6901046818850821, 0.6892550384186991, 0.6900949522743335, 0.6894260833227139, 0.6899464323225025, 0.6893988927616977, 0.6888852757023823, 0.6896917881982989, 0.6895989570790715, 0.6899192415950876, 0.6888866853390823, 0.6889840683836927, 0.690118231427275, 0.6899301981005861, 0.6895495913543788, 0.6896970405877765, 0.690664446833653, 0.6901975086310868, 0.6892064818044916, 0.6893767716469263, 0.6898807807119777, 0.6896322535657108, 0.689366805999998, 0.6897875633510994, 0.6896507490654858, 0.6898304120867224, 0.6897927876815482, 0.6896009580386495, 0.6899388012987564, 0.689474194918121, 0.689850995483779, 0.6892880071606153, 0.6899670568383574, 0.6899818954175837, 0.6898420388773044, 0.6899689610569935, 0.6896664843550465, 0.6897006621186623, 0.6895066363108653, 0.6896766992699346, 0.6902689716807658, 0.6903113289732058, 0.6893129284490336, 0.6905064402490431, 0.6897766037804303, 0.6889076403921278, 0.6898673963523795, 0.6895431319480105, 0.6892081991478937, 0.689840192497492, 0.6896042910775855, 0.6907317299260018, 0.6896929072531972, 0.6898215414741442, 0.6895396388689243, 0.6894138495844435, 0.6893979347749298, 0.6895296863290761, 0.689638673507815, 0.6903297338879354, 0.6899448847557241, 0.6896154962900104, 0.6895143445622252, 0.6893247094129603, 0.689659553423431, 0.6898010936300437, 0.6893336298137193, 0.6897465829636557, 0.6893444438613017, 0.6895703697794735, 0.6896854848130884, 0.689880547859742, 0.6891708698189117, 0.6897645651677097, 0.6898432777612904, 0.6896244786660253, 0.6895116205858506, 0.6895400263143461, 0.6899803193108922, 0.6899512207130891, 0.6897008590080927, 0.6896678081306048, 0.6895714238275994, 0.6897772748419138, 0.6895464508123714, 0.6895883032308836, 0.6899759028652784, 0.6890767623954498, 0.6900597111535601, 0.6897450415959442, 0.689616939683226, 0.6899443607704566, 0.6897607929217127, 0.6893716240681846, 0.68991968092293, 0.6897397102577205, 0.6899982017152602]",fixed_epoch_budget_completed,No tolerance-based convergence claim; epochs selected by inner validation,1,"[{""category"": ""ConvergenceWarning"", ""message"": ""Stochastic Optimizer: Maximum iterations (250) reached and the optimization hasn't converged yet.""}]",161,12481,1.1961534169968218,mlp__context_diet_labels,3,5,3.0,inner,"{""alpha"": 10.0, ""epochs"": 250, ""hidden_layer_sizes"": [64, 32]}",2684
100,100,3.2689874238562906,0.6879057992227084,0.6872535515437682,-0.001145973933262101,"[3.2689874238562906, 2.3348039223226094, 1.7450176987561337, 1.3817132408724178, 1.144143853356602, 1.0040688085919895, 0.9063555472930559, 0.844033320309391, 0.8016967536000382, 0.7721436331230153, 0.7514934880483273, 0.7364602538599139, 0.7260032299094098, 0.7176294938959656, 0.7108422780991699, 0.7063808598045286, 0.7027418061468194, 0.6999291106125123, 0.6976340644684804, 0.6958314157441098, 0.6939360737872938, 0.6932762428065069, 0.6925950061635433, 0.6910310487175075, 0.6906897757710968, 0.689956199549149, 0.689828729516551, 0.6893514455743969, 0.6899253238952167, 0.6887498367941005, 0.6897552391875253, 0.6897691150687756, 0.6883120668049334, 0.6888494692678044, 0.6880702342282857, 0.6887998632392281, 0.6883993618528578, 0.6878091658437613, 0.6887458158226545, 0.6882762599070564, 0.6886152519883251, 0.6884579465977061, 0.6884877167115312, 0.6877653084413871, 0.6879172569980416, 0.6884181359128256, 0.6884239567683442, 0.6880177911206589, 0.6886683910726468, 0.6878900736273479, 0.6883642409408056, 0.6879197989536862, 0.6881105288996062, 0.6883765679646853, 0.6883695466241923, 0.6880715767751873, 0.688117558980019, 0.6882854060218574, 0.6881129550264713, 0.6886280847072964, 0.6881208835834935, 0.6886421508886725, 0.6880860491720941, 0.6881860980000781, 0.6881082609618131, 0.6883154766632495, 0.688356723754738, 0.6888647745892487, 0.6879993834975603, 0.6882709688576247, 0.6887562230794121, 0.6882805517378491, 0.6874300203348354, 0.6884461679458336, 0.6878173531870294, 0.6889388661216649, 0.6887030878690692, 0.687716412108849, 0.6881449660944354, 0.6872535515437682, 0.6881877446660468, 0.6880104164628517, 0.6886448656763283, 0.6879495721420265, 0.6882914804636178, 0.689057943318892, 0.6880497784690576, 0.6877543400765385, 0.688099581368893, 0.6890517731559705, 0.6881869755792659, 0.6884562637875936, 0.6880703366648092, 0.6881562926056947, 0.6881465138961395, 0.6877046755292667, 0.6883560459937909, 0.6888206083778433, 0.6877523455224078, 0.6879057992227084]",fixed_epoch_budget_completed,No tolerance-based convergence claim; epochs selected by inner validation,1,"[{""category"": ""ConvergenceWarning"", ""message"": ""Stochastic Optimizer: Maximum iterations (100) reached and the optimization hasn't converged yet.""}]",162,5761,0.5521322079948732,mlp__context_diet_labels,3,1,,outer,"{""alpha"": 10.0, ""epochs"": 100, ""hidden_layer_sizes"": [32, 16]}",4025
100,100,0.9808137921836019,0.3541453535751982,0.3541453535751982,-0.013700923569269552,"[0.9808137921836019, 0.9225066547120885, 0.8770569357901046, 0.8391112261097519, 0.8142653263379777, 0.7840289289297466, 0.7677401022079542, 0.7474692225551888, 0.7303460293186957, 0.7171730444683873, 0.7064742104714357, 0.6981121115790513, 0.6893981654440691, 0.680447563062784, 0.6705267215435947, 0.6622335331747868, 0.6587728232264864, 0.6489148800891404, 0.6409164070797435, 0.6354861672102995, 0.6297328335301647, 0.6244042488882878, 0.6142214702672194, 0.6054527951377037, 0.5982735106550435, 0.5935968821832309, 0.5875196367864159, 0.5825511849397782, 0.5702846197737996, 0.5607260668505873, 0.5510994534301759, 0.5424995551632501, 0.535705717829246, 0.528356970503244, 0.5232529922021956, 0.5176270385097331, 0.5095701248818219, 0.5057539793922784, 0.49350466885259187, 0.4934839008044483, 0.47882395564268493, 0.4752534655566574, 0.46925589634006054, 0.46695334482975015, 0.46168167133006077, 0.46273811591649644, 0.4551699925221636, 0.45418743870661443, 0.4480242333357141, 0.4449126531446111, 0.4383989807869249, 0.43762457673064586, 0.4365315291433138, 0.43171425282876474, 0.42447899282354407, 0.4176562066436527, 0.4209441316784204, 0.4168190308109109, 0.4200704482281403, 0.4082134644802246, 0.4094007478215495, 0.4060173051139671, 0.401734387091117, 0.40312089720741945, 0.39815597242325146, 0.39646672906952746, 0.39262154019858814, 0.3932927816356578, 0.3910234748753639, 0.38523859638815733, 0.3874104271195418, 0.3850405875299099, 0.38641976494362146, 0.38176458830990917, 0.380707650280189, 0.38444782704781777, 0.3809168616250352, 0.3765501133441735, 0.3716157235277376, 0.37372042635492186, 0.37240492014436133, 0.37350976632316163, 0.3677201940233774, 0.3719084036776812, 0.36885418695889444, 0.3710680545102287, 0.3663054672027861, 0.3705749370864772, 0.3764432953163299, 0.36784627714446777, 0.3687534376156058, 0.3669078040689766, 0.361400175402241, 0.3597494945855298, 0.356150122225515, 0.3573332240062401, 0.3572801493595164, 0.3607300160223304, 0.3577416505411093, 0.3541453535751982]",fixed_epoch_budget_completed,No tolerance-based convergence claim; epochs selected by inner validation,1,"[{""category"": ""ConvergenceWarning"", ""message"": ""Stochastic Optimizer: Maximum iterations (100) reached and the optimization hasn't converged yet.""}]",162,5761,0.37262287500198,mlp__context_diet_labels,4,0,1.0,inner,"{""alpha"": 1.0, ""epochs"": 100, ""hidden_layer_sizes"": [32, 16]}",2683
100,100,0.9909345166303101,0.3312774816986582,0.331083263908729,-0.01256599817680587,"[0.9909345166303101, 0.9281588284280115, 0.8882742485628259, 0.8519152573047968, 0.8219265387751514, 0.7980731024487774, 0.7783051412790682, 0.7601732189323477, 0.7469044841726759, 0.7309653722943746, 0.7162601699341496, 0.7076772352902827, 0.6997226903744734, 0.6893994180231502, 0.6777174678908358, 0.6677906940524536, 0.6573452654595479, 0.650318734625746, 0.6371618005838695, 0.6288149890537216, 0.6180732314959136, 0.6099429132050525, 0.604970201712577, 0.5975187995105244, 0.5796669461776699, 0.5715764860748964, 0.562513649504078, 0.5511205449779221, 0.5439050335213306, 0.5361546856757888, 0.5236437652531027, 0.510921989970733, 0.5052720583140363, 0.5031119232324018, 0.48593208062009885, 0.47899987886406303, 0.4751438548529216, 0.4642517301739161, 0.4566870980701053, 0.4516515006792323, 0.44720969390850623, 0.44762456929516514, 0.43608003704078846, 0.4349334231715447, 0.4318694945266595, 0.4300287372806513, 0.4192878689011389, 0.42136118033246883, 0.4121102326925319, 0.40736134043430644, 0.4086232253596544, 0.40455186366276835, 0.40068024513205724, 0.3983477684533069, 0.393654692045784, 0.3892010330055892, 0.39334177974191603, 0.38737551898868255, 0.38247028364525043, 0.3798746812306041, 0.3766781389412022, 0.374118175640181, 0.3705062321626351, 0.37284539093538505, 0.37015961019392385, 0.3687847833197733, 0.3673817558007069, 0.361827284701296, 0.3642651558043313, 0.35770609212214355, 0.36186693245463464, 0.35438767403413995, 0.3568382943631938, 0.3559660507379809, 0.3613982927889587, 0.3557924659997952, 0.35474810061217404, 0.35158596265142256, 0.3535296738386709, 0.3487675258309021, 0.34893350925796807, 0.3464320404588396, 0.3433626298039124, 0.3446934624881118, 0.34652918525463433, 0.3434602864823253, 0.3406587152880458, 0.34475469310269574, 0.3413667605813154, 0.3438434798754641, 0.33902668307624406, 0.34037182469548877, 0.3363079790875874, 0.337484464936643, 0.3322283115688411, 0.331083263908729, 0.3363751005787254, 0.335725467542917, 0.33349627556681405, 0.3312774816986582]",fixed_epoch_budget_completed,No tolerance-based convergence claim; epochs selected by inner validation,1,"[{""category"": ""ConvergenceWarning"", ""message"": ""Stochastic Optimizer: Maximum iterations (100) reached and the optimization hasn't converged yet.""}]",161,5729,0.386784540998633,mlp__context_diet_labels,4,0,2.0,inner,"{""alpha"": 1.0, ""epochs"": 100, ""hidden_layer_sizes"": [32, 16]}",2686
100,100,1.1669262638765596,0.6917056572091596,0.6917056572091596,-0.0004211636959609022,"[1.1669262638765596, 0.9679296122622949, 0.9546358926609735, 0.9233189000426936, 0.9211819263941091, 0.9208032759999513, 1.02416030452276, 0.9313105505944935, 0.93798737393433, 0.8658558943357849, 0.8921066151564723, 0.8585563876982835, 0.8699179750733247, 0.9103033702976105, 0.8371613397962645, 0.8167930225592392, 0.8940339769146541, 1.0656877383499976, 0.7909564676756874, 0.774124274626585, 0.7748153425880315, 0.7659450179225774, 0.8019748100970091, 0.8064183804653992, 0.7567445190412493, 0.7534173236683653, 0.7831462692568846, 0.7480556545297767, 0.7493486255920367, 0.74962727548396, 0.7432419293221285, 0.7429591447623356, 0.7429705908669402, 0.8008496788337611, 0.7367565499197978, 0.7355934655581009, 0.7382147008595453, 0.7440836561847369, 0.758960047127768, 0.7545102313888455, 0.7263961053752432, 0.813646991512426, 0.7349490134369084, 0.7368887222172755, 0.7141493356718958, 0.7149682106772941, 0.7189353654480297, 0.710468560168903, 0.7094210422955245, 0.7191355674076132, 0.7247961781813904, 0.7092678609930929, 0.7317758787337618, 0.7129340934388614, 0.7041502909837021, 0.7063365826619074, 0.8272196801823547, 0.7084389426014808, 0.7042490127563736, 0.7027387981662031, 0.7054354101097807, 0.7019341428120515, 0.7062659509643517, 0.700083321514888, 0.7115424019169592, 0.698395999488266, 0.7036974072591352, 0.7014435593886384, 0.6972227451505784, 0.6962551911547789, 0.6963049512290148, 0.6956070311553637, 0.6954986762001794, 0.6989605083139717, 0.6954653126199, 0.6950004789423713, 0.6957891625377851, 0.6936150825258538, 0.6989947497726281, 0.6936875235423542, 0.7010441477450674, 0.6977408342746896, 0.6940127833515147, 0.6953495843260356, 0.694479873220085, 0.6978260092461841, 0.6931236844255035, 0.6938302167556775, 0.6927110074734141, 0.6921268209051205, 0.6976672197482021, 0.7016493612257269, 0.6933460727720581, 0.6943486779546986, 0.6950198483853415, 0.693198913734729, 0.6923865074129195, 0.6918643237902637, 0.6920175866461584, 0.6917056572091596]",fixed_epoch_budget_completed,No tolerance-based convergence claim; epochs selected by inner validation,1,"[{""category"": ""ConvergenceWarning"", ""message"": ""Stochastic Optimizer: Maximum iterations (100) reached and the optimization hasn't converged yet.""}]",161,5729,0.38103379200038034,mlp__context_diet_labels,4,0,3.0,inner,"{""alpha"": 1.0, ""epochs"": 100, ""hidden_layer_sizes"": [32, 16]}",2689
100,100,3.364974468344683,0.6916197097989051,0.6916127039684097,-0.00027023316083796267,"[3.364974468344683, 2.6771822116132267, 2.1645016389762946, 1.7820398001213589, 1.5161854670150416, 1.297376054934603, 1.1535252903297748, 1.0407105873820082, 0.954975273264117, 0.8989264131294833, 0.8534551796528145, 0.8207527128386821, 0.7975760714109765, 0.7762154219562307, 0.760799558744835, 0.7488141090471089, 0.7399130664731379, 0.7314232885745375, 0.7256730810091188, 0.720500352285668, 0.7169452350272728, 0.7139460569837413, 0.7115223307330205, 0.7092559889808638, 0.7073415200673042, 0.7065608849228912, 0.7052329829877938, 0.7040076645755009, 0.7031565269920618, 0.7025268841856741, 0.7018149344719024, 0.7017079473273095, 0.7009265577262742, 0.7004080073336348, 0.7003315838697668, 0.6997748400088295, 0.6995504355082034, 0.6993692219922215, 0.6988225030723746, 0.698839692226567, 0.698149679006811, 0.6977347515838077, 0.6974789428391825, 0.6974093244185675, 0.6973153265235575, 0.696606216944976, 0.6966226873320863, 0.6960135719769632, 0.6959726340088391, 0.6959377996785001, 0.6955839503649297, 0.6955667669998691, 0.695296956472518, 0.6949888018610556, 0.6948718456435241, 0.6947014717772823, 0.6945673987231972, 0.6944076850260629, 0.6943462826365351, 0.6941905116546392, 0.6937041606425141, 0.6941220984551647, 0.6936259992701641, 0.6934830149676634, 0.6932712960904236, 0.6929291244159421, 0.693445665343371, 0.6931690968022655, 0.6931136801209073, 0.693053422949375, 0.6930266854912487, 0.6933429417125818, 0.6929463860777063, 0.692524596839129, 0.6923806231095653, 0.6923820217714589, 0.6923561374710583, 0.6924939766678796, 0.6923475946619059, 0.6924673833380239, 0.6925336277691564, 0.6920384808789033, 0.6919582218902213, 0.6922540993459011, 0.6920801841700427, 0.6918421739951313, 0.6918332788552825, 0.6924649308339641, 0.6919360385198093, 0.691889942959743, 0.6920241841419564, 0.6917965298790442, 0.6919919031901303, 0.6918325344794308, 0.6916127039684097, 0.6916634108149933, 0.6920196550102421, 0.6919357791107517, 0.6916188095557725, 0.6916197097989051]",fixed_epoch_budget_completed,No tolerance-based convergence claim; epochs selected by inner validation,1,"[{""category"": ""ConvergenceWarning"", ""message"": ""Stochastic Optimizer: Maximum iterations (100) reached and the optimization hasn't converged yet.""}]",162,5761,0.3528159589986899,mlp__context_diet_labels,4,1,1.0,inner,"{""alpha"": 10.0, ""epochs"": 100, ""hidden_layer_sizes"": [32, 16]}",2683
100,100,3.3477593807092334,0.6920454536754822,0.691510053221193,-0.00022984802249570446,"[3.3477593807092334, 2.6931389826738936, 2.206748278659022, 1.8208200206580571, 1.5411411782978812, 1.3389017512065269, 1.1903832318773693, 1.0766335327597512, 0.9927954691967418, 0.9292782702931862, 0.8785662954260364, 0.8439374049477613, 0.8169390754968251, 0.7947210444459912, 0.7770157686261524, 0.7628102561808113, 0.751327233183831, 0.7436766622042288, 0.7353444171848711, 0.7300133779981809, 0.7248013527714714, 0.7215486492128955, 0.7181428798723689, 0.715845241003703, 0.712797746741004, 0.7113100868809465, 0.7093353031376277, 0.7080723016881868, 0.7074804744768727, 0.7063802430774959, 0.7051662909183913, 0.7038469532160756, 0.7034061104504683, 0.7023514257397032, 0.7017956174280204, 0.7015286831083255, 0.7008305086332306, 0.7003666003389576, 0.6996411032369491, 0.6988859904304643, 0.6986509579085408, 0.6983806427852672, 0.6977806414018859, 0.6975242303833012, 0.6970522007360959, 0.6968297487239425, 0.6966192340654648, 0.6960599280143863, 0.6956962741568604, 0.6955924204059282, 0.695145518738956, 0.6951402597139057, 0.6949690637311168, 0.6950168464737899, 0.6948771593789544, 0.6944430860535906, 0.6941112572816517, 0.6937354945824188, 0.6941253707500987, 0.6939801352859667, 0.6935116468525858, 0.6934750785049516, 0.6935523257662823, 0.6938549377742375, 0.6935854939844679, 0.6928503900141778, 0.6932438213132874, 0.6928157131327627, 0.6928751559026589, 0.6928990072057857, 0.6926525075937103, 0.6927298922159797, 0.6926582678132189, 0.692470952213287, 0.6924670819402609, 0.6928543678251479, 0.692153472147848, 0.692345842483615, 0.692435021210383, 0.6922364767482659, 0.6925342683695138, 0.6923222339597476, 0.6919266220798396, 0.6921225076573806, 0.6921887868274496, 0.6921860750068775, 0.6922503438224494, 0.6924991076290158, 0.6920147830780377, 0.6922753016979779, 0.6919124521786756, 0.6921604374535926, 0.6919808045446585, 0.69204250586141, 0.6916872638276971, 0.691741807466287, 0.691510053221193, 0.6918397782131792, 0.6918898307992248, 0.6920454536754822]",fixed_epoch_budget_completed,No tolerance-based convergence claim; epochs selected by inner validation,1,"[{""category"": ""ConvergenceWarning"", ""message"": ""Stochastic Optimizer: Maximum iterations (100) reached and the optimization hasn't converged yet.""}]",161,5729,0.35525745800259756,mlp__context_diet_labels,4,1,2.0,inner,"{""alpha"": 10.0, ""epochs"": 100, ""hidden_layer_sizes"": [32, 16]}",2686
100,100,4.823896055236267,0.7562583008977481,0.7480879733034292,-0.003481770431781328,"[4.823896055236267, 3.149853479001553, 3.0382439670783583, 2.7877826548727875, 2.7792875686165175, 2.7952171446029674, 3.694478060558812, 2.8929265200834746, 2.937087885565667, 2.3093469426625615, 2.545720416935787, 2.2582595559227783, 2.3465028975673863, 2.6966775411984143, 2.0600981059629815, 1.8822574790713704, 2.5391119874608292, 3.9624859381124793, 1.618359677413196, 1.4628582417836853, 1.4774657804951763, 1.4095658883061106, 1.7156916702484164, 1.752373030577297, 1.3313682715591606, 1.3003819394793315, 1.5583332403721701, 1.272121655773067, 1.2883790375283901, 1.2879845624942494, 1.2424343902081867, 1.2445173889880117, 1.2537332235211922, 1.7337019207746909, 1.1883017604195825, 1.1693233440878148, 1.1880844342759582, 1.2523374272591217, 1.3771049502538535, 1.3312306252598036, 1.0900595312161634, 1.8054795483319637, 1.1314371496597313, 1.1321017291768414, 0.954569264799256, 0.9687103798040496, 1.0082545196125168, 0.9434003613335977, 0.9421218459058589, 1.0316350906562983, 1.0700473717109127, 0.9359447804220626, 1.1162128350621212, 0.9546150727861441, 0.8783916279851398, 0.899598685890188, 1.8935589360082914, 0.856771527059656, 0.8080654671108793, 0.8033725520249204, 0.8249104832246196, 0.8033011913919382, 0.8464855804484821, 0.7985943872669321, 0.8881372075366744, 0.790966580713932, 0.8339839088589989, 0.8162617597619739, 0.7837009458369872, 0.7877628510856864, 0.7854946654985236, 0.7865260895768389, 0.7911113360314883, 0.8217864183026101, 0.788953305950496, 0.7800826478498052, 0.7923879005549418, 0.7776910746545963, 0.8225712851311981, 0.7766757377543627, 0.8399172360974955, 0.8022846908322875, 0.7676196917127708, 0.7817938330878431, 0.7776921551266007, 0.8063627297651185, 0.762381883394122, 0.7672289123726939, 0.7611587129401974, 0.7597400713295295, 0.8047117664294159, 0.8406352619692138, 0.7537363466046473, 0.7624310562671301, 0.766416640590377, 0.7532741282032461, 0.7495897117108101, 0.7536328465440832, 0.7480879733034292, 0.7562583008977481]",fixed_epoch_budget_completed,No tolerance-based convergence claim; epochs selected by inner validation,1,"[{""category"": ""ConvergenceWarning"", ""message"": ""Stochastic Optimizer: Maximum iterations (100) reached and the optimization hasn't converged yet.""}]",161,5729,0.37558879199787043,mlp__context_diet_labels,4,1,3.0,inner,"{""alpha"": 10.0, ""epochs"": 100, ""hidden_layer_sizes"": [32, 16]}",2689
250,250,3.364974468344683,0.6910493241143303,0.690459073256732,-6.064404702421644e-05,"[3.364974468344683, 2.6771822116132267, 2.1645016389762946, 1.7820398001213589, 1.5161854670150416, 1.297376054934603, 1.1535252903297748, 1.0407105873820082, 0.954975273264117, 0.8989264131294833, 0.8534551796528145, 0.8207527128386821, 0.7975760714109765, 0.7762154219562307, 0.760799558744835, 0.7488141090471089, 0.7399130664731379, 0.7314232885745375, 0.7256730810091188, 0.720500352285668, 0.7169452350272728, 0.7139460569837413, 0.7115223307330205, 0.7092559889808638, 0.7073415200673042, 0.7065608849228912, 0.7052329829877938, 0.7040076645755009, 0.7031565269920618, 0.7025268841856741, 0.7018149344719024, 0.7017079473273095, 0.7009265577262742, 0.7004080073336348, 0.7003315838697668, 0.6997748400088295, 0.6995504355082034, 0.6993692219922215, 0.6988225030723746, 0.698839692226567, 0.698149679006811, 0.6977347515838077, 0.6974789428391825, 0.6974093244185675, 0.6973153265235575, 0.696606216944976, 0.6966226873320863, 0.6960135719769632, 0.6959726340088391, 0.6959377996785001, 0.6955839503649297, 0.6955667669998691, 0.695296956472518, 0.6949888018610556, 0.6948718456435241, 0.6947014717772823, 0.6945673987231972, 0.6944076850260629, 0.6943462826365351, 0.6941905116546392, 0.6937041606425141, 0.6941220984551647, 0.6936259992701641, 0.6934830149676634, 0.6932712960904236, 0.6929291244159421, 0.693445665343371, 0.6931690968022655, 0.6931136801209073, 0.693053422949375, 0.6930266854912487, 0.6933429417125818, 0.6929463860777063, 0.692524596839129, 0.6923806231095653, 0.6923820217714589, 0.6923561374710583, 0.6924939766678796, 0.6923475946619059, 0.6924673833380239, 0.6925336277691564, 0.6920384808789033, 0.6919582218902213, 0.6922540993459011, 0.6920801841700427, 0.6918421739951313, 0.6918332788552825, 0.6924649308339641, 0.6919360385198093, 0.691889942959743, 0.6920241841419564, 0.6917965298790442, 0.6919919031901303, 0.6918325344794308, 0.6916127039684097, 0.6916634108149933, 0.6920196550102421, 0.6919357791107517, 0.6916188095557725, 0.6916197097989051, 0.6915200015004143, 0.6916054397246226, 0.6916729709291706, 0.6918395802527799, 0.6915185200522569, 0.6915765534770302, 0.6915762377447027, 0.6913737471018829, 0.6913949809856931, 0.691997890565007, 0.6915964323673567, 0.6913157530538843, 0.6909576581318077, 0.6916908452001497, 0.6916852753167674, 0.6910512567253195, 0.6912540432448148, 0.6914669438829449, 0.6916541723982529, 0.6913491463259112, 0.691230353930197, 0.6912450413667404, 0.6910630736398825, 0.6907257326606406, 0.6912598407151805, 0.6914571358906724, 0.6913295857394886, 0.6914190944923978, 0.6909507617918511, 0.6911425403705439, 0.6911850711863501, 0.6916282238693218, 0.6914879995850092, 0.6915129840842341, 0.6915867689708425, 0.6909823086752295, 0.6916123136581173, 0.6911422771516029, 0.6917288348047911, 0.6909240537357807, 0.6910031625124217, 0.6913031593553441, 0.6909031290704514, 0.6913787888151341, 0.6908736678663479, 0.6907603827012042, 0.6915806337666385, 0.6906793047182406, 0.6910163484034944, 0.6912534825314104, 0.6912078304650636, 0.6910775388607775, 0.6911704121700444, 0.6909945275901676, 0.6912943917831841, 0.6914354273962124, 0.6908888881281682, 0.6910383897600684, 0.6909509168574733, 0.6911480347083725, 0.6915178181044838, 0.6916811398563574, 0.691225724063598, 0.6912689227410617, 0.6910140046550869, 0.690459073256732, 0.6913299977504094, 0.6914057327070935, 0.6911330409722425, 0.6909924903464155, 0.6911734399009125, 0.6910175747872385, 0.6913740878661695, 0.6906879216615948, 0.6913023983617396, 0.6910774307448737, 0.6911398556343784, 0.6909560958830983, 0.6913137181733819, 0.691155868712986, 0.6910766584762867, 0.6908927706422231, 0.6909985093256756, 0.6913910753801524, 0.6911206120984842, 0.69133244944184, 0.690850511467815, 0.6911243933959896, 0.6909806672349197, 0.6911131515786728, 0.6909059132839778, 0.6912144120407514, 0.6906235808995088, 0.6915204573658577, 0.6904618817359214, 0.6911617121675742, 0.6909355614293573, 0.6914894254189788, 0.6917342803375478, 0.6911514198241945, 0.6912906537913037, 0.6907645323673789, 0.6908961167282747, 0.6909155980691999, 0.6906467958540892, 0.6916599235672259, 0.6909653796706742, 0.6909008421573426, 0.6910719238542855, 0.6908263017814098, 0.691641303590183, 0.6910321147499755, 0.6913495034845427, 0.6912172895217478, 0.690870412777369, 0.6915190177067646, 0.6912816029233461, 0.6910415791800807, 0.6910015716205794, 0.6909729469269892, 0.6912187142530845, 0.690968855983405, 0.691180175334731, 0.6906740784546669, 0.6911730568856027, 0.6907481134994898, 0.6906900724030597, 0.6909126757929743, 0.6908989449225418, 0.6909452038241165, 0.6912764044416967, 0.6908065872530003, 0.6911195724248091, 0.6909259069190365, 0.6910048562618311, 0.69086253657944, 0.6908637321364507, 0.6912384254073446, 0.6910242334946815, 0.6911099681613545, 0.6907819230050207, 0.691150553610254, 0.6911678208084412, 0.6908685899512466, 0.6912287877467909, 0.6908023796434258, 0.6914088107840987, 0.6911261374945327, 0.6910456610594428, 0.6910493241143303]",fixed_epoch_budget_completed,No tolerance-based convergence claim; epochs selected by inner validation,1,"[{""category"": ""ConvergenceWarning"", ""message"": ""Stochastic Optimizer: Maximum iterations (250) reached and the optimization hasn't converged yet.""}]",162,5761,0.8864847499935422,mlp__context_diet_labels,4,2,1.0,inner,"{""alpha"": 10.0, ""epochs"": 250, ""hidden_layer_sizes"": [32, 16]}",2683
250,250,3.3477593807092334,0.6906537702764088,0.690318654624646,-0.0005664558208735571,"[3.3477593807092334, 2.6931389826738936, 2.206748278659022, 1.8208200206580571, 1.5411411782978812, 1.3389017512065269, 1.1903832318773693, 1.0766335327597512, 0.9927954691967418, 0.9292782702931862, 0.8785662954260364, 0.8439374049477613, 0.8169390754968251, 0.7947210444459912, 0.7770157686261524, 0.7628102561808113, 0.751327233183831, 0.7436766622042288, 0.7353444171848711, 0.7300133779981809, 0.7248013527714714, 0.7215486492128955, 0.7181428798723689, 0.715845241003703, 0.712797746741004, 0.7113100868809465, 0.7093353031376277, 0.7080723016881868, 0.7074804744768727, 0.7063802430774959, 0.7051662909183913, 0.7038469532160756, 0.7034061104504683, 0.7023514257397032, 0.7017956174280204, 0.7015286831083255, 0.7008305086332306, 0.7003666003389576, 0.6996411032369491, 0.6988859904304643, 0.6986509579085408, 0.6983806427852672, 0.6977806414018859, 0.6975242303833012, 0.6970522007360959, 0.6968297487239425, 0.6966192340654648, 0.6960599280143863, 0.6956962741568604, 0.6955924204059282, 0.695145518738956, 0.6951402597139057, 0.6949690637311168, 0.6950168464737899, 0.6948771593789544, 0.6944430860535906, 0.6941112572816517, 0.6937354945824188, 0.6941253707500987, 0.6939801352859667, 0.6935116468525858, 0.6934750785049516, 0.6935523257662823, 0.6938549377742375, 0.6935854939844679, 0.6928503900141778, 0.6932438213132874, 0.6928157131327627, 0.6928751559026589, 0.6928990072057857, 0.6926525075937103, 0.6927298922159797, 0.6926582678132189, 0.692470952213287, 0.6924670819402609, 0.6928543678251479, 0.692153472147848, 0.692345842483615, 0.692435021210383, 0.6922364767482659, 0.6925342683695138, 0.6923222339597476, 0.6919266220798396, 0.6921225076573806, 0.6921887868274496, 0.6921860750068775, 0.6922503438224494, 0.6924991076290158, 0.6920147830780377, 0.6922753016979779, 0.6919124521786756, 0.6921604374535926, 0.6919808045446585, 0.69204250586141, 0.6916872638276971, 0.691741807466287, 0.691510053221193, 0.6918397782131792, 0.6918898307992248, 0.6920454536754822, 0.6913814175528867, 0.6917073616050423, 0.6919209612304239, 0.6914946020906132, 0.6919986568097701, 0.6913235934751758, 0.6914272354852226, 0.6916635301210344, 0.6917094455510334, 0.6909581227069367, 0.690784258967444, 0.6905579268643011, 0.6912534805831918, 0.6912615224720564, 0.6908372648191743, 0.6910395940185982, 0.6914423936013957, 0.691510442014758, 0.6917888539887507, 0.6912443353306758, 0.6915441250860218, 0.6916569878067502, 0.6914309460202324, 0.6909341696329468, 0.6910545401294778, 0.6911837530144042, 0.691103454690272, 0.691018485199886, 0.6913735514202737, 0.691076547340956, 0.691217607901034, 0.6913245223582967, 0.6911588340316269, 0.6907943541497925, 0.6907413762794479, 0.6909469810072635, 0.6912100349167409, 0.691458864202578, 0.6912780996127105, 0.6913303679196855, 0.6916369115465748, 0.6912669815540342, 0.6914017260104768, 0.6909019587045835, 0.6911256644862436, 0.6911306926516497, 0.6914040253054148, 0.6906187362568273, 0.6909300702708719, 0.6909975389792142, 0.6907469940982827, 0.691574851005601, 0.6908478550351602, 0.6906229575965207, 0.6914572115237879, 0.6912273465131077, 0.691133436610158, 0.6910412394454603, 0.6910880935193785, 0.6908166508557445, 0.690939984506856, 0.6910246010695716, 0.6908413134312564, 0.6912862206766932, 0.690854719967218, 0.6907903307260527, 0.6907494017438462, 0.6911043763017779, 0.6911778204149112, 0.6913167065788887, 0.6912243350849813, 0.6916097375906068, 0.6905417199391182, 0.6913849952680685, 0.6913354487162927, 0.6910694607758536, 0.6913094126323167, 0.6912113600759024, 0.6908083100224839, 0.6911755554092605, 0.6908827926571731, 0.6908841494668465, 0.6907416551264585, 0.691609558128681, 0.6906338036867948, 0.6912758299945803, 0.6908746039629656, 0.691033585063747, 0.6906452814348001, 0.6914484590633813, 0.6909968641337778, 0.6909926054269558, 0.6909174973954121, 0.6906798806996742, 0.6910640385126398, 0.6907114109487388, 0.6907944046946047, 0.6908428656672828, 0.6910685989018839, 0.690318654624646, 0.6908875411832992, 0.6908769091194202, 0.6913474416406712, 0.6908837010279485, 0.6910014116063301, 0.6911022655050275, 0.6910241454097616, 0.6909964548762818, 0.6907646661091024, 0.6911119992018043, 0.6911140267608936, 0.6903803335377927, 0.69109667004471, 0.6908323368315846, 0.6908009217152671, 0.690718363364231, 0.6911168968730399, 0.6906391381294392, 0.6910039945080576, 0.6908593198694368, 0.6906672736154134, 0.6907733014542876, 0.690728361812278, 0.6909802064278812, 0.6907652507153642, 0.6911521535377955, 0.6909201688874114, 0.6910277561335472, 0.6905985806210484, 0.6909528418128692, 0.6913521670415709, 0.6906565372383817, 0.6910741869110053, 0.690641247640021, 0.690800688203508, 0.6907031941429026, 0.6912638767916781, 0.6909083051890441, 0.6905786632662009, 0.6912202260972824, 0.6909361695819372, 0.690907828163852, 0.6908416949416146, 0.6909745965367166, 0.6912359934335273, 0.691328420968608, 0.6913842536796792, 0.6911014007716758, 0.6907595221555412, 0.6906537702764088]",fixed_epoch_budget_completed,No tolerance-based convergence claim; epochs selected by inner validation,1,"[{""category"": ""ConvergenceWarning"", ""message"": ""Stochastic Optimizer: Maximum iterations (250) reached and the optimization hasn't converged yet.""}]",161,5729,0.8646948340028757,mlp__context_diet_labels,4,2,2.0,inner,"{""alpha"": 10.0, ""epochs"": 250, ""hidden_layer_sizes"": [32, 16]}",2686
250,250,4.823896055236267,0.6907607259056613,0.6897101276403026,-0.00038797432660198083,"[4.823896055236267, 3.149853479001553, 3.0382439670783583, 2.7877826548727875, 2.7792875686165175, 2.7952171446029674, 3.694478060558812, 2.8929265200834746, 2.937087885565667, 2.3093469426625615, 2.545720416935787, 2.2582595559227783, 2.3465028975673863, 2.6966775411984143, 2.0600981059629815, 1.8822574790713704, 2.5391119874608292, 3.9624859381124793, 1.618359677413196, 1.4628582417836853, 1.4774657804951763, 1.4095658883061106, 1.7156916702484164, 1.752373030577297, 1.3313682715591606, 1.3003819394793315, 1.5583332403721701, 1.272121655773067, 1.2883790375283901, 1.2879845624942494, 1.2424343902081867, 1.2445173889880117, 1.2537332235211922, 1.7337019207746909, 1.1883017604195825, 1.1693233440878148, 1.1880844342759582, 1.2523374272591217, 1.3771049502538535, 1.3312306252598036, 1.0900595312161634, 1.8054795483319637, 1.1314371496597313, 1.1321017291768414, 0.954569264799256, 0.9687103798040496, 1.0082545196125168, 0.9434003613335977, 0.9421218459058589, 1.0316350906562983, 1.0700473717109127, 0.9359447804220626, 1.1162128350621212, 0.9546150727861441, 0.8783916279851398, 0.899598685890188, 1.8935589360082914, 0.856771527059656, 0.8080654671108793, 0.8033725520249204, 0.8249104832246196, 0.8033011913919382, 0.8464855804484821, 0.7985943872669321, 0.8881372075366744, 0.790966580713932, 0.8339839088589989, 0.8162617597619739, 0.7837009458369872, 0.7877628510856864, 0.7854946654985236, 0.7865260895768389, 0.7911113360314883, 0.8217864183026101, 0.788953305950496, 0.7800826478498052, 0.7923879005549418, 0.7776910746545963, 0.8225712851311981, 0.7766757377543627, 0.8399172360974955, 0.8022846908322875, 0.7676196917127708, 0.7817938330878431, 0.7776921551266007, 0.8063627297651185, 0.762381883394122, 0.7672289123726939, 0.7611587129401974, 0.7597400713295295, 0.8047117664294159, 0.8406352619692138, 0.7537363466046473, 0.7624310562671301, 0.766416640590377, 0.7532741282032461, 0.7495897117108101, 0.7536328465440832, 0.7480879733034292, 0.7562583008977481, 0.7747808360206706, 0.7726688769750442, 0.7489030709194701, 0.7476987059878405, 0.7416176467665259, 0.7531328092266291, 0.7525403622741722, 0.7397008152573135, 0.7398092813116718, 0.742720197087739, 0.7482034678090989, 0.7410573909040991, 0.743219090337748, 0.7535589662201664, 0.7461844962117307, 0.75570914415889, 0.7319814692964448, 0.731166402103009, 1.093577184059292, 0.7225540380251143, 0.7160720268434677, 0.7523705653639072, 0.7132379136724711, 0.7197457581130063, 0.7206330803589537, 0.711017024271617, 0.7202828190498103, 0.7125508970369359, 0.7104404132259634, 0.7092590270557508, 0.7119381088629017, 0.7150885290659755, 0.7096541371675263, 0.8249929365788569, 0.705196380295755, 0.7115155907103836, 0.7063416888364648, 0.7032738331247502, 0.7041671593625907, 0.7017889314959801, 0.7026701707305205, 0.7023044896506822, 0.7026172866782846, 0.7032341572540403, 0.7225923437930967, 0.7018239950491297, 0.7053614516544987, 0.7014249295253328, 0.7009381057720527, 0.7018909334542698, 0.7011127035507332, 0.7015432138931165, 0.7003419034910082, 0.7051704663046184, 0.7003211638509489, 0.7009420999980377, 0.7025866518347172, 0.7118304124561594, 0.6995737404082332, 0.699272655281249, 0.6989877220351914, 0.7009796014088726, 0.699019393879888, 0.7044110958954548, 0.6987088214630354, 0.6981510414917153, 0.6987511552526363, 0.7006034492707364, 0.6984885689485116, 0.6991256445406098, 0.6981594514984414, 0.6989537262034702, 0.7002000431215547, 0.7202040288093299, 0.6990089628943954, 0.69774100652207, 0.6970923459522919, 0.6981523664948845, 0.6976780504146934, 0.7186976605795216, 0.6962435221691825, 0.6968057146869605, 0.6958002849628041, 0.7016326686852894, 0.6955499899356689, 0.7113590320425328, 0.6958530537876714, 0.7012945754557752, 0.6959541191129787, 0.6940639250221187, 0.6939992201478893, 0.6939569003317095, 0.6935059956450049, 0.6951326560124174, 0.6937768146181509, 0.6951509908886799, 0.6934354297935206, 0.7364699405280994, 0.694793954291438, 0.6941752886554007, 0.6933043861275644, 0.6931513380075364, 0.6926560771454746, 0.6924691755350961, 0.6914207781490029, 0.6908584524027092, 0.6929747813104772, 0.6927776698366919, 0.6919122083050991, 0.6917853241638783, 0.6919304170345075, 0.6922442926047738, 0.6924303595120582, 0.6929431410930355, 0.6916315776553951, 0.6917323390680072, 0.6923316773270116, 0.691192609495574, 0.6907618413600378, 0.6911012242362942, 0.692499085315042, 0.6914621056456268, 0.6909145999403642, 0.6908872871810464, 0.6910829950932068, 0.6912476037067311, 0.6910702735696107, 0.6900354982649937, 0.6909822614927211, 0.6904492873150325, 0.6912637423647352, 0.6903018818283828, 0.6943439849591728, 0.6910184513556421, 0.6908643769407331, 0.6910333975190691, 0.6959318964518113, 0.6917669335395553, 0.6908339191436679, 0.6911487002322633, 0.69025716436246, 0.6903513801721883, 0.6897101276403026, 0.6946861881232481, 0.6914713546222125, 0.6901715856908431, 0.691291235838491, 0.6904713669607632, 0.6928151421356491, 0.6907607259056613]",fixed_epoch_budget_completed,No tolerance-based convergence claim; epochs selected by inner validation,1,"[{""category"": ""ConvergenceWarning"", ""message"": ""Stochastic Optimizer: Maximum iterations (250) reached and the optimization hasn't converged yet.""}]",161,5729,0.9062823330023093,mlp__context_diet_labels,4,2,3.0,inner,"{""alpha"": 10.0, ""epochs"": 250, ""hidden_layer_sizes"": [32, 16]}",2689
100,100,1.2111604189349985,0.3146771118899509,0.3131120795987298,-0.004373247987487727,"[1.2111604189349985, 1.0898198863876851, 1.0135845787365805, 0.9561296839457175, 0.9039749410867317, 0.8634893335982787, 0.8319243460960009, 0.7973330187255281, 0.7713423807933469, 0.750036893193783, 0.723476520687232, 0.7075300975574668, 0.6903921318857306, 0.6771625215422997, 0.6620993430143676, 0.6333136928340166, 0.6180930875305136, 0.6077907925018227, 0.5931879764830487, 0.5726881602934341, 0.5674920390293874, 0.5469430877689477, 0.5373901496468865, 0.5200392641080929, 0.5102642308455557, 0.48942485351196807, 0.47690745685013125, 0.46900641555215433, 0.46085703193567507, 0.4607471984690797, 0.44878934812678667, 0.43738824593257, 0.4321766761145312, 0.43021333414178026, 0.4198537514159122, 0.41784259203479357, 0.4040291686498576, 0.40194471000906257, 0.3931879232240124, 0.39112721006296264, 0.39338656173182274, 0.38415050555238417, 0.38307466159672204, 0.3760319948987363, 0.37283694580694415, 0.37505902669009317, 0.3673062161380574, 0.36583718319885855, 0.36631743579503795, 0.35796424040615443, 0.35525313102290573, 0.3560656974729684, 0.3552165417271405, 0.35437140594354677, 0.3510216213172614, 0.34796500637806904, 0.3543000741845244, 0.35672805695682297, 0.34962223794359937, 0.34829130503423344, 0.3422681725806467, 0.3433183209047649, 0.33706692878561256, 0.3363375416516078, 0.3428893786785327, 0.33571812359424374, 0.33462312108103764, 0.3400812618799143, 0.3329669681531047, 0.3298736784883758, 0.330819936932323, 0.3312305035941518, 0.32710381677950845, 0.32639851666392083, 0.3258567405451728, 0.32737819923146194, 0.3251855043226996, 0.3244959529615712, 0.3257035888012367, 0.3263746559132996, 0.3290603595928354, 0.325631525292922, 0.3203719156891519, 0.31735442033731276, 0.3206204373944568, 0.3185686632958, 0.31901235203292916, 0.3185627523211099, 0.3179428619345369, 0.3190503598774386, 0.31928146248036804, 0.32439878244251874, 0.3204678198110644, 0.31984247021096607, 0.3146449582568349, 0.3192779013031117, 0.3131120795987298, 0.32086598781033354, 0.3191236332455419, 0.3146771118899509]",fixed_epoch_budget_completed,No tolerance-based convergence claim; epochs selected by inner validation,1,"[{""category"": ""ConvergenceWarning"", ""message"": ""Stochastic Optimizer: Maximum iterations (100) reached and the optimization hasn't converged yet.""}]",162,12545,0.5247887080040528,mlp__context_diet_labels,4,3,1.0,inner,"{""alpha"": 1.0, ""epochs"": 100, ""hidden_layer_sizes"": [64, 32]}",2683
100,100,1.1893370212368881,0.31605731220838185,0.3158395772461239,-0.006930058119365257,"[1.1893370212368881, 1.0837070261588244, 1.0047683395948468, 0.9416102352135528, 0.8906888318224715, 0.8464256091794297, 0.8131354632111306, 0.7837487822715351, 0.7573433551548759, 0.7372798714073535, 0.7167283193648509, 0.6985415462587952, 0.6811480161037111, 0.6662952830153295, 0.6504923473049662, 0.6349639040762274, 0.618779968249591, 0.5981102448711194, 0.584249497650114, 0.5638218266817872, 0.5544532491718404, 0.5447415154300085, 0.5262102886617939, 0.5158406524819014, 0.505318180643196, 0.49424292880756615, 0.47409672483635557, 0.46757860406896745, 0.467059603804133, 0.458605623942533, 0.4512771993643771, 0.4477835962869016, 0.42947167063490266, 0.4324879638925821, 0.42715063494017486, 0.4114701062820657, 0.40890255832340916, 0.4054486197325451, 0.4054820445917854, 0.3958498087893831, 0.39933379329953056, 0.3898909842603005, 0.3861150529640685, 0.38597551899013727, 0.3816568399530734, 0.37687013848912765, 0.37073830736208574, 0.3680024237546176, 0.36441999948279696, 0.3668396422559518, 0.3657880613733095, 0.36369812677138397, 0.35963291346520143, 0.3550448267435439, 0.3593485709895544, 0.352409020104874, 0.35069129329865467, 0.35056757115628984, 0.3482893120128218, 0.3502292721981499, 0.34211699447530697, 0.3410358588972311, 0.34180455625434997, 0.33989935936554744, 0.34027968431301076, 0.3345584686194855, 0.34361184932346583, 0.3417363055699668, 0.3311598659076883, 0.3360416163092242, 0.3291628419504068, 0.33236444871233545, 0.33115714929198203, 0.33620057588274443, 0.3335562727279513, 0.3296059306955004, 0.32471481833241733, 0.32701572606888635, 0.32873256461871914, 0.32855862124492413, 0.3269169355315779, 0.32909832190998, 0.32488119611135985, 0.32704064812241074, 0.32346568272627996, 0.3231006913850778, 0.31951549659799156, 0.31888837870161146, 0.3199547219497422, 0.3229873703277471, 0.3202913902811321, 0.3158395772461239, 0.31663894898988554, 0.3168097390854635, 0.32296612523281504, 0.31621707031237783, 0.3162646727026679, 0.3191801400784416, 0.31808910091150877, 0.31605731220838185]",fixed_epoch_budget_completed,No tolerance-based convergence claim; epochs selected by inner validation,1,"[{""category"": ""ConvergenceWarning"", ""message"": ""Stochastic Optimizer: Maximum iterations (100) reached and the optimization hasn't converged yet.""}]",161,12481,0.52129929199873,mlp__context_diet_labels,4,3,2.0,inner,"{""alpha"": 1.0, ""epochs"": 100, ""hidden_layer_sizes"": [64, 32]}",2686
100,100,1.8287122451082263,0.6940426711730704,0.6940426711730704,-0.009893313191153386,"[1.8287122451082263, 1.1729223317741633, 1.9603419774652875, 1.0913295159105594, 1.087021350979174, 1.2707506871378993, 1.1142708128630556, 1.1895258994552773, 1.0233349727478036, 1.018858576799915, 1.0793655504309279, 0.9963333367519926, 1.0378426514419892, 1.085155896686002, 0.9610388450075764, 0.9848891920404033, 0.9597803682232408, 0.9868105223791992, 0.9723725122154561, 0.955827671284754, 0.9507226587956257, 0.9529234326271419, 0.9362347024650638, 0.9878655562487433, 0.9120504324425878, 0.9091988905633289, 0.9196118026110675, 0.9102961580454294, 0.9020902451097362, 0.8985790127562366, 0.9529258587375098, 0.8914613753370519, 0.8923417233587997, 0.8790229780496037, 0.917346149039312, 0.8815948819000059, 0.8669207057542108, 0.9121157456184344, 0.8856781482339897, 0.852721294149259, 0.880033398082266, 0.8610868935748602, 0.8681859983045265, 0.8413775494798708, 0.8383272054202924, 0.918822944006861, 0.823997142315233, 0.8193477830577267, 0.8151581574100467, 0.8225922249514963, 0.8585379297956208, 0.8143263604670284, 0.8109938819321945, 0.7883183363516922, 0.8722867509260686, 0.8939149820766937, 0.7673614490439642, 0.7623127509173871, 0.754292726174448, 0.7515936102725375, 0.7525628307358989, 0.7494860944954304, 0.7599532127996419, 0.8432928799907784, 0.7367576529369019, 0.7500429433757196, 0.7319331864995371, 0.7414272292993438, 0.7261074677864843, 0.7270962686701029, 0.7236189628049424, 0.7293456646159464, 0.7315734437375447, 0.718078921609509, 0.7353368690149453, 0.7223788224079531, 0.7203346244355139, 0.710430290111315, 0.7094514268786353, 0.7103340554165829, 0.7141234366134521, 0.7065630550438469, 0.7417348516381825, 0.7095147119332399, 0.7094402678183139, 0.7103369162613803, 0.703568540561216, 0.7018837105209061, 0.7006676674981239, 0.7039359843642238, 0.7110720150767057, 0.6988059581755268, 0.6984683638350533, 0.6978458356952713, 0.7156299963496779, 0.7005834255230473, 0.6963843611141307, 0.69573412682648, 0.6947575469387516, 0.6940426711730704]",fixed_epoch_budget_completed,No tolerance-based convergence claim; epochs selected by inner validation,1,"[{""category"": ""ConvergenceWarning"", ""message"": ""Stochastic Optimizer: Maximum iterations (100) reached and the optimization hasn't converged yet.""}]",161,12481,0.5323284580008476,mlp__context_diet_labels,4,3,3.0,inner,"{""alpha"": 1.0, ""epochs"": 100, ""hidden_layer_sizes"": [64, 32]}",2689
100,100,5.344225763977186,0.6914142959183088,0.6904704808237048,8.386021430351054e-05,"[5.344225763977186, 3.9633955925402833, 2.9970191094308394, 2.324854213482153, 1.8202533107300483, 1.4816192252112257, 1.2415606016548284, 1.0726128004196351, 0.954089393723983, 0.8781233749294639, 0.8240743761125612, 0.7882248287602548, 0.7632247978325695, 0.7450963936587619, 0.7321241685538594, 0.7228930208786924, 0.7164396473945396, 0.712533331454355, 0.7086732330120935, 0.7061970572894878, 0.7038589592473918, 0.7021393886277213, 0.7010131506514313, 0.6997324749770759, 0.6988739668006908, 0.6981379873776501, 0.6972690239698051, 0.6967771089251609, 0.6960302395019946, 0.6954429597634967, 0.6953028763456417, 0.694970087667342, 0.6944429536712451, 0.6944425200823181, 0.6938125538443664, 0.6936606862252189, 0.6931699071672882, 0.6930884534089913, 0.6929334979665616, 0.6928033423047807, 0.6924104099367206, 0.692456661948198, 0.6922708605997141, 0.6923070326262267, 0.6919433004223345, 0.6921864279533259, 0.6918757019936719, 0.6920682683891084, 0.691903202481531, 0.6919655812845843, 0.6921236327700782, 0.6916284928811536, 0.6917374528042716, 0.6917715803526214, 0.6916989444748686, 0.6919588608436694, 0.6911281599353898, 0.6915625989385978, 0.6918150508525661, 0.6913696793855881, 0.691318851099363, 0.6912898965749313, 0.691463974643938, 0.6910810213406577, 0.6911682775841423, 0.6916837632171159, 0.6914477626874229, 0.6918291182422807, 0.691251136272579, 0.6916933144686158, 0.6914256042809199, 0.691541873830238, 0.6914048291871497, 0.6915228552015132, 0.6913626055342048, 0.6913915518083159, 0.690988762426784, 0.691391544121412, 0.6912657620673205, 0.6910262653733473, 0.6917457324226627, 0.6907474597340816, 0.6911349010842505, 0.6911916372777841, 0.6915075238571551, 0.6909575760880848, 0.6912035930362361, 0.6909119325842108, 0.691255114065174, 0.6913304357040053, 0.6904704808237048, 0.6914176043771142, 0.6917447307468493, 0.6912188897248687, 0.6912465693518971, 0.6911330959289496, 0.6911021604818858, 0.6915523984079056, 0.6912684643627032, 0.6914142959183088]",fixed_epoch_budget_completed,No tolerance-based convergence claim; epochs selected by inner validation,1,"[{""category"": ""ConvergenceWarning"", ""message"": ""Stochastic Optimizer: Maximum iterations (100) reached and the optimization hasn't converged yet.""}]",162,12545,0.4777444999999716,mlp__context_diet_labels,4,4,1.0,inner,"{""alpha"": 10.0, ""epochs"": 100, ""hidden_layer_sizes"": [64, 32]}",2683
100,100,5.266411220028057,0.6904988854029539,0.6901005371583879,-0.000637086026060385,"[5.266411220028057, 3.9378599410176647, 2.957259325258594, 2.2615080217661747, 1.7789729783335726, 1.4410133600893906, 1.2101680781566821, 1.047688375594916, 0.9381223476287348, 0.8631254274115748, 0.8122028302399584, 0.778344020653338, 0.753069170374967, 0.7367932909129431, 0.7261956406294124, 0.716703449326218, 0.711231614593109, 0.706301005064936, 0.70325672275551, 0.7005172196808922, 0.6992137392323917, 0.6970309412758756, 0.696275840031873, 0.6949510673383428, 0.6942875348251595, 0.6939406466536683, 0.6929836561030244, 0.693424126099416, 0.6925873331799779, 0.6925189002764882, 0.6922235436744592, 0.6919178833090682, 0.6917451810239628, 0.6918925711966307, 0.6915533932418377, 0.6915573325988387, 0.6912223135401356, 0.6907607121052074, 0.6906310171263339, 0.6912506583576961, 0.6917333359977216, 0.6914228443558601, 0.691234285492917, 0.6909123295539155, 0.6913669947279708, 0.6916186712912579, 0.6909608109458693, 0.6906840690431152, 0.6910849856084853, 0.6913487271234026, 0.6908221545701223, 0.6908015079701516, 0.6910807657212445, 0.6906229611193659, 0.6905633976912263, 0.6911534222100946, 0.6912893580584251, 0.6906956196288686, 0.6905535164345746, 0.6911615466184171, 0.6907956930193532, 0.6910956191073456, 0.6909620443352849, 0.6904763088594248, 0.6906780618615637, 0.6908802008121467, 0.6907031356517357, 0.6906919305617799, 0.6907472733015506, 0.69077556667402, 0.6910995394667798, 0.6908897978816677, 0.6908838716143774, 0.6907240277179882, 0.6909606783015674, 0.6907726954649025, 0.6909246785740515, 0.6901005371583879, 0.6909240624961607, 0.690253721134746, 0.6910078539789006, 0.6904026911359847, 0.690555283093412, 0.6910248210234975, 0.6911047732962764, 0.6906327527739757, 0.6909832453289786, 0.6907777166520367, 0.690846630346144, 0.6911359714290143, 0.6910998948075615, 0.6906586816505943, 0.6908671012980462, 0.6910531215189125, 0.6905021416856115, 0.6901845210930201, 0.6910868232892062, 0.6901820724594752, 0.6904427378784207, 0.6904988854029539]",fixed_epoch_budget_completed,No tolerance-based convergence claim; epochs selected by inner validation,1,"[{""category"": ""ConvergenceWarning"", ""message"": ""Stochastic Optimizer: Maximum iterations (100) reached and the optimization hasn't converged yet.""}]",161,12481,0.46135262500320096,mlp__context_diet_labels,4,4,2.0,inner,"{""alpha"": 10.0, ""epochs"": 100, ""hidden_layer_sizes"": [64, 32]}",2686
100,100,10.35948453511408,0.7231540623279114,0.7231540623279114,-0.08828445466458701,"[10.35948453511408, 4.841441709693109, 11.519646912154373, 4.140962938456471, 4.112455873526614, 5.648826456571421, 4.329740497827233, 4.958094470070024, 3.5615688139425776, 3.5260725575788423, 4.0354039861088395, 3.340530107195682, 3.689032088712859, 4.077708674944217, 3.038695457118081, 3.24418980060532, 3.0300712871659408, 3.2726781246610837, 3.152013545929922, 3.0163427703197345, 2.971138059170973, 2.992615102056403, 2.84981455820698, 3.2914289867827575, 2.65919001665434, 2.632214044259451, 2.723752363413384, 2.655630798317747, 2.595473731537804, 2.567918849749144, 3.0224670173623602, 2.5061421175890186, 2.5047330658808153, 2.4074824153660077, 2.730091223703922, 2.4406326315784024, 2.315485821632009, 2.68798529646199, 2.4636398939604827, 2.1889116800411554, 2.4196199345864735, 2.257539770294667, 2.3095324263668053, 2.091552174150029, 2.0708901244895843, 2.7359320688270783, 1.9371570510387093, 1.8815551989971795, 1.8474565290734641, 1.9194775456746929, 2.222110588319985, 1.848089463628479, 1.8122866276128953, 1.634500290834337, 2.3007662416477337, 2.4159418259525185, 1.3759461502338823, 1.335089062843914, 1.283058474661781, 1.2636536783039405, 1.2829925303422645, 1.2632491679799125, 1.3455197422529093, 1.9891763348812683, 1.1173382143836672, 1.1979379930145546, 1.0635328074103014, 1.1409036833185457, 1.0285961567717095, 1.0328270371623922, 1.009934846958732, 1.0522499026292158, 1.072780732009184, 0.9600883143714445, 1.0918676662234792, 0.990012052377179, 0.9721354796405741, 0.8916483117779314, 0.887737654420193, 0.8996475260077691, 0.9249317120028201, 0.8758143405404347, 1.1289126176553084, 0.8671517887377229, 0.8550695314707539, 0.8648471316939852, 0.808304706543862, 0.8021146030641421, 0.7867485274244681, 0.8114385169924984, 0.8574229537165025, 0.7634786144791248, 0.7564758931246712, 0.758686979220538, 0.8840150490828584, 0.7671953103476179, 0.7337711242790387, 0.7316034939433922, 0.7302903922024256, 0.7231540623279114]",fixed_epoch_budget_completed,No tolerance-based convergence claim; epochs selected by inner validation,1,"[{""category"": ""ConvergenceWarning"", ""message"": ""Stochastic Optimizer: Maximum iterations (100) reached and the optimization hasn't converged yet.""}]",161,12481,0.5043270000023767,mlp__context_diet_labels,4,4,3.0,inner,"{""alpha"": 10.0, ""epochs"": 100, ""hidden_layer_sizes"": [64, 32]}",2689
250,250,5.344225763977186,0.6908441355856968,0.6902770186177625,-8.026056506948986e-05,"[5.344225763977186, 3.9633955925402833, 2.9970191094308394, 2.324854213482153, 1.8202533107300483, 1.4816192252112257, 1.2415606016548284, 1.0726128004196351, 0.954089393723983, 0.8781233749294639, 0.8240743761125612, 0.7882248287602548, 0.7632247978325695, 0.7450963936587619, 0.7321241685538594, 0.7228930208786924, 0.7164396473945396, 0.712533331454355, 0.7086732330120935, 0.7061970572894878, 0.7038589592473918, 0.7021393886277213, 0.7010131506514313, 0.6997324749770759, 0.6988739668006908, 0.6981379873776501, 0.6972690239698051, 0.6967771089251609, 0.6960302395019946, 0.6954429597634967, 0.6953028763456417, 0.694970087667342, 0.6944429536712451, 0.6944425200823181, 0.6938125538443664, 0.6936606862252189, 0.6931699071672882, 0.6930884534089913, 0.6929334979665616, 0.6928033423047807, 0.6924104099367206, 0.692456661948198, 0.6922708605997141, 0.6923070326262267, 0.6919433004223345, 0.6921864279533259, 0.6918757019936719, 0.6920682683891084, 0.691903202481531, 0.6919655812845843, 0.6921236327700782, 0.6916284928811536, 0.6917374528042716, 0.6917715803526214, 0.6916989444748686, 0.6919588608436694, 0.6911281599353898, 0.6915625989385978, 0.6918150508525661, 0.6913696793855881, 0.691318851099363, 0.6912898965749313, 0.691463974643938, 0.6910810213406577, 0.6911682775841423, 0.6916837632171159, 0.6914477626874229, 0.6918291182422807, 0.691251136272579, 0.6916933144686158, 0.6914256042809199, 0.691541873830238, 0.6914048291871497, 0.6915228552015132, 0.6913626055342048, 0.6913915518083159, 0.690988762426784, 0.691391544121412, 0.6912657620673205, 0.6910262653733473, 0.6917457324226627, 0.6907474597340816, 0.6911349010842505, 0.6911916372777841, 0.6915075238571551, 0.6909575760880848, 0.6912035930362361, 0.6909119325842108, 0.691255114065174, 0.6913304357040053, 0.6904704808237048, 0.6914176043771142, 0.6917447307468493, 0.6912188897248687, 0.6912465693518971, 0.6911330959289496, 0.6911021604818858, 0.6915523984079056, 0.6912684643627032, 0.6914142959183088, 0.6914473709048278, 0.691020391015938, 0.6913300664555703, 0.6917600434844821, 0.690664232962536, 0.6911440742858713, 0.6907750752056729, 0.690953514365826, 0.6911652019195088, 0.6908984639357076, 0.690989367939164, 0.690985206659281, 0.6908667913131119, 0.6910742132543627, 0.6911173246660084, 0.6911527629198833, 0.6907137657671875, 0.6914683788362721, 0.6906701933272007, 0.6907940479436209, 0.6911763793028606, 0.6910639187916358, 0.6908112673993818, 0.6908345653410697, 0.6911935837576989, 0.6912807504532802, 0.6913522085741526, 0.6915667649072702, 0.6914204406441773, 0.6911433775374235, 0.6909664851241951, 0.6913398292794276, 0.6909107604989612, 0.6909524194632887, 0.6908493064979466, 0.690934154417496, 0.6909946599106047, 0.6910908501295351, 0.6913932480707152, 0.6910088836648794, 0.6908740410935957, 0.6909793904262863, 0.6911333059857979, 0.6906896767911439, 0.6917350040537601, 0.6910949628634846, 0.6909398139483015, 0.6910926871275951, 0.6910881361999863, 0.6916513419279569, 0.6913325321681817, 0.6913980186356672, 0.6911598775167622, 0.6909885959747812, 0.6908380890374644, 0.6912090366208589, 0.6907419491173981, 0.691219402264172, 0.6907745677175708, 0.6916323684562207, 0.6915675564229653, 0.6905642859090868, 0.6906460462299913, 0.6909460208323424, 0.6911091443780166, 0.6911597280857474, 0.6910925816889548, 0.6912750035218035, 0.6907661389445078, 0.6913285825260886, 0.6906940452441737, 0.6911882119459093, 0.6906508669300907, 0.6906974807368047, 0.690963982011655, 0.6911281925547496, 0.6910528828047104, 0.6910601333698861, 0.6906713498952398, 0.6911742296354906, 0.6907085771566323, 0.690874001773923, 0.6911661628301309, 0.6909476516028228, 0.6913078201833625, 0.6914254280708073, 0.6910750688309563, 0.6907303376229412, 0.6913817209530777, 0.6912613607487011, 0.6907635913479624, 0.6913552195351349, 0.6910420517939958, 0.6912324642971892, 0.6919235149059746, 0.6913494727598031, 0.6909309028123416, 0.6912112366359544, 0.6906736676728251, 0.6912596717484506, 0.6908114588337181, 0.6909950095952374, 0.6909267988653548, 0.6908263886207922, 0.6911677773672678, 0.6907528777794311, 0.6910151987415818, 0.6912424296592409, 0.6902770186177625, 0.6906381973057693, 0.6911226690534698, 0.6910699544957157, 0.6910019875805461, 0.6910758917925433, 0.690535124138468, 0.6911210759323635, 0.6914877289448388, 0.6908397612104648, 0.6910179178060599, 0.6909409742330724, 0.6908786202911369, 0.6907734124442333, 0.6910744668728742, 0.6915328461776075, 0.6909579573949878, 0.6909182100605221, 0.6910124928556085, 0.691267733341724, 0.6917015771023485, 0.6910380909082826, 0.6908093356136108, 0.6908201938379347, 0.6909560857265374, 0.6911967727940409, 0.6911618717969267, 0.6906287268777972, 0.691221192243477, 0.6912562094148833, 0.6908897783523442, 0.6909243961507663, 0.6904520368719774, 0.6907237035065681, 0.6910414348352297, 0.6910122192612198, 0.6907523632128937, 0.6911818347769157, 0.6909366664022154, 0.6911760715554266, 0.6907715368353996, 0.6908441355856968]",fixed_epoch_budget_completed,No tolerance-based convergence claim; epochs selected by inner validation,1,"[{""category"": ""ConvergenceWarning"", ""message"": ""Stochastic Optimizer: Maximum iterations (250) reached and the optimization hasn't converged yet.""}]",162,12545,1.16654729199945,mlp__context_diet_labels,4,5,1.0,inner,"{""alpha"": 10.0, ""epochs"": 250, ""hidden_layer_sizes"": [64, 32]}",2683
250,250,5.266411220028057,0.6904203920572454,0.6899080200666081,-0.00044083316487542046,"[5.266411220028057, 3.9378599410176647, 2.957259325258594, 2.2615080217661747, 1.7789729783335726, 1.4410133600893906, 1.2101680781566821, 1.047688375594916, 0.9381223476287348, 0.8631254274115748, 0.8122028302399584, 0.778344020653338, 0.753069170374967, 0.7367932909129431, 0.7261956406294124, 0.716703449326218, 0.711231614593109, 0.706301005064936, 0.70325672275551, 0.7005172196808922, 0.6992137392323917, 0.6970309412758756, 0.696275840031873, 0.6949510673383428, 0.6942875348251595, 0.6939406466536683, 0.6929836561030244, 0.693424126099416, 0.6925873331799779, 0.6925189002764882, 0.6922235436744592, 0.6919178833090682, 0.6917451810239628, 0.6918925711966307, 0.6915533932418377, 0.6915573325988387, 0.6912223135401356, 0.6907607121052074, 0.6906310171263339, 0.6912506583576961, 0.6917333359977216, 0.6914228443558601, 0.691234285492917, 0.6909123295539155, 0.6913669947279708, 0.6916186712912579, 0.6909608109458693, 0.6906840690431152, 0.6910849856084853, 0.6913487271234026, 0.6908221545701223, 0.6908015079701516, 0.6910807657212445, 0.6906229611193659, 0.6905633976912263, 0.6911534222100946, 0.6912893580584251, 0.6906956196288686, 0.6905535164345746, 0.6911615466184171, 0.6907956930193532, 0.6910956191073456, 0.6909620443352849, 0.6904763088594248, 0.6906780618615637, 0.6908802008121467, 0.6907031356517357, 0.6906919305617799, 0.6907472733015506, 0.69077556667402, 0.6910995394667798, 0.6908897978816677, 0.6908838716143774, 0.6907240277179882, 0.6909606783015674, 0.6907726954649025, 0.6909246785740515, 0.6901005371583879, 0.6909240624961607, 0.690253721134746, 0.6910078539789006, 0.6904026911359847, 0.690555283093412, 0.6910248210234975, 0.6911047732962764, 0.6906327527739757, 0.6909832453289786, 0.6907777166520367, 0.690846630346144, 0.6911359714290143, 0.6910998948075615, 0.6906586816505943, 0.6908671012980462, 0.6910531215189125, 0.6905021416856115, 0.6901845210930201, 0.6910868232892062, 0.6901820724594752, 0.6904427378784207, 0.6904988854029539, 0.691075175755392, 0.6902796634594639, 0.6908207978625286, 0.6908700202104654, 0.690622920545866, 0.6909343173373278, 0.6912606277462345, 0.6910433115503346, 0.6909713059661949, 0.690623296378018, 0.6902078550343316, 0.6907591419647223, 0.6909041397747123, 0.6906616420692916, 0.6905258558633488, 0.6905288599244063, 0.690668385797048, 0.6908776935988126, 0.6910324184373965, 0.6905927043941752, 0.6907825795924967, 0.6906935065248365, 0.6901689360728659, 0.6909437709343127, 0.6912243608241192, 0.6899080200666081, 0.6906598304379097, 0.6905714183195502, 0.6916232123079454, 0.6906900959752806, 0.6910363745742562, 0.6906141456615107, 0.6911040132692794, 0.6908725389354287, 0.6907783480844725, 0.691173020718371, 0.6906557268767962, 0.6909325890501804, 0.6909446045776709, 0.6914265923143955, 0.6906488923159766, 0.6904519498952099, 0.6911429261860451, 0.6908964725696526, 0.6907670058733272, 0.6905379990235128, 0.6906214010597397, 0.6910066283143753, 0.6906598907163183, 0.6908135386915689, 0.690688808410479, 0.6903136444122352, 0.6906939023678602, 0.6904861392178482, 0.6909007491010424, 0.6908953976889063, 0.6907735443511727, 0.6906325454224338, 0.6909906515783903, 0.6908167520645417, 0.6912132537565222, 0.6910111296585913, 0.6909873849768037, 0.6909970357477809, 0.6904464712033992, 0.6912970659934857, 0.690737540888431, 0.6908755917450432, 0.6916214155119415, 0.6909471110876197, 0.6914379768369321, 0.6907555503972798, 0.6900861761742074, 0.6907335504255833, 0.6904593436760801, 0.6904715111046179, 0.6908256313183502, 0.6906427889309477, 0.6912762490684289, 0.6910146123680122, 0.6908809806573004, 0.6906367631843269, 0.6904188775103702, 0.6911759296271762, 0.6904636069466455, 0.6908717428264067, 0.690996812148391, 0.6910070262479611, 0.6901578434302914, 0.690692054241348, 0.6904823738159825, 0.6904429601916114, 0.6910031216837991, 0.69099624874478, 0.6908225707433961, 0.6907542020349681, 0.6904986627332094, 0.6908197766113824, 0.6908325935381027, 0.6902352064580689, 0.6910541905970556, 0.6904688949170157, 0.6903131294272523, 0.690458105189645, 0.6907197515768079, 0.690762771208262, 0.690735493617706, 0.6913604575659129, 0.6911367257893684, 0.6905939318114797, 0.690697481720861, 0.6905045459909634, 0.6903618879159064, 0.6903002085411672, 0.6909180368765332, 0.6910079967463962, 0.6910499640418933, 0.6912938273015058, 0.6910616254963877, 0.6906109583691389, 0.6912419023949787, 0.690854758697049, 0.6911432490138445, 0.6913413253528853, 0.6908621536979915, 0.6904572159823854, 0.6902494498516337, 0.6907071217274355, 0.6905070476674239, 0.6911366698814564, 0.6912480298673361, 0.6909010855617218, 0.6903901572299463, 0.6909631224685174, 0.6912831045819097, 0.6910930814675201, 0.6906042612807444, 0.6906320049249476, 0.6907907164246223, 0.6908612252221208, 0.6910734951137837, 0.6905263594016772, 0.6907541679201381, 0.6908895829193272, 0.6904168556259488, 0.690555669143387, 0.6905272574141251, 0.6908436983532686, 0.6908687307652814, 0.6904203920572454]",fixed_epoch_budget_completed,No tolerance-based convergence claim; epochs selected by inner validation,1,"[{""category"": ""ConvergenceWarning"", ""message"": ""Stochastic Optimizer: Maximum iterations (250) reached and the optimization hasn't converged yet.""}]",161,12481,1.170013041002676,mlp__context_diet_labels,4,5,2.0,inner,"{""alpha"": 10.0, ""epochs"": 250, ""hidden_layer_sizes"": [64, 32]}",2686
250,250,10.35948453511408,0.6950378060681239,0.6875613573779454,0.006533565011046849,"[10.35948453511408, 4.841441709693109, 11.519646912154373, 4.140962938456471, 4.112455873526614, 5.648826456571421, 4.329740497827233, 4.958094470070024, 3.5615688139425776, 3.5260725575788423, 4.0354039861088395, 3.340530107195682, 3.689032088712859, 4.077708674944217, 3.038695457118081, 3.24418980060532, 3.0300712871659408, 3.2726781246610837, 3.152013545929922, 3.0163427703197345, 2.971138059170973, 2.992615102056403, 2.84981455820698, 3.2914289867827575, 2.65919001665434, 2.632214044259451, 2.723752363413384, 2.655630798317747, 2.595473731537804, 2.567918849749144, 3.0224670173623602, 2.5061421175890186, 2.5047330658808153, 2.4074824153660077, 2.730091223703922, 2.4406326315784024, 2.315485821632009, 2.68798529646199, 2.4636398939604827, 2.1889116800411554, 2.4196199345864735, 2.257539770294667, 2.3095324263668053, 2.091552174150029, 2.0708901244895843, 2.7359320688270783, 1.9371570510387093, 1.8815551989971795, 1.8474565290734641, 1.9194775456746929, 2.222110588319985, 1.848089463628479, 1.8122866276128953, 1.634500290834337, 2.3007662416477337, 2.4159418259525185, 1.3759461502338823, 1.335089062843914, 1.283058474661781, 1.2636536783039405, 1.2829925303422645, 1.2632491679799125, 1.3455197422529093, 1.9891763348812683, 1.1173382143836672, 1.1979379930145546, 1.0635328074103014, 1.1409036833185457, 1.0285961567717095, 1.0328270371623922, 1.009934846958732, 1.0522499026292158, 1.072780732009184, 0.9600883143714445, 1.0918676662234792, 0.990012052377179, 0.9721354796405741, 0.8916483117779314, 0.887737654420193, 0.8996475260077691, 0.9249317120028201, 0.8758143405404347, 1.1289126176553084, 0.8671517887377229, 0.8550695314707539, 0.8648471316939852, 0.808304706543862, 0.8021146030641421, 0.7867485274244681, 0.8114385169924984, 0.8574229537165025, 0.7634786144791248, 0.7564758931246712, 0.758686979220538, 0.8840150490828584, 0.7671953103476179, 0.7337711242790387, 0.7316034939433922, 0.7302903922024256, 0.7231540623279114, 0.7202924504183765, 0.7692702860104293, 0.7162012479544108, 0.7113418794048492, 0.7112454454424464, 0.712999443721106, 0.7136880364945629, 0.7133747579825157, 0.7162707977536525, 0.7062461696928043, 0.706370688687222, 0.7053683518281936, 0.7053033530601466, 0.7051592056661514, 0.7091420689209103, 0.7042990567151065, 0.7037709917896623, 0.7036495564816843, 0.7058819407949711, 0.7034233046810826, 0.7039550675996503, 0.7021311591135309, 0.7265296272913645, 0.6987170398111956, 0.7012602697095139, 0.6989477099319038, 0.6973054114385809, 0.6976220467539939, 0.6960369355025378, 0.6951635973238929, 0.6953435353439797, 0.6953584921862319, 0.6952934662743292, 0.6946904253632812, 0.6952882123433689, 0.6948568457570751, 0.6964374702526721, 0.6987941369846935, 0.6952417660633253, 0.6934514608263087, 0.6928732753358298, 0.6923014278160624, 0.6922525935927394, 0.6926676027063635, 0.69299689187843, 0.6924695239741688, 0.692795976802749, 0.7059197114255699, 0.691170228080109, 0.6919958532042639, 0.690040082392246, 0.6903162578804996, 0.6900585143940958, 0.6896050382688009, 0.6896837968141948, 0.68962707970334, 0.6893153056517737, 0.689603577685177, 0.6894375464303129, 0.690053126644818, 0.6905308606602986, 0.6898172161117007, 0.6910997157336214, 0.6907582252758205, 0.6912156033916617, 0.6893422730110454, 0.689038174562082, 0.689129998481459, 0.6888961600608453, 0.6895783543412843, 0.6889054537381359, 0.6885521965869924, 0.6896091098129886, 0.6893435656954444, 0.6889520260265617, 0.689414271201191, 0.6891209917637111, 0.6896672321258013, 0.6890770114253139, 0.6897233262155397, 0.6891049404918554, 0.6906367965990933, 0.6896689396943879, 0.6892521979885283, 0.6891882134209615, 0.6898297032023857, 0.6900879014910742, 0.6915587034160604, 0.7287292083847604, 0.6956212657105562, 0.6983377722735912, 0.6991679137684551, 0.6940560621703468, 0.6927295686974912, 0.698376471487284, 0.6919738653687822, 0.692044817684166, 0.6909412712444631, 0.6903637697794635, 0.6899200883356212, 0.6894438547471711, 0.6903169551238272, 0.6894030534753403, 0.6904378720107242, 0.6884770130166034, 0.6892914497932741, 0.6886966979132703, 0.6894345551906929, 0.6949247611116061, 0.6897901292150079, 0.6904307770861585, 0.6902848549677932, 0.6898725769859486, 0.6899352780055767, 0.6891382559651212, 0.688648293872006, 0.6882500229798036, 0.688001015645684, 0.6875613573779454, 0.6881959178602187, 0.6886985688456774, 0.6881911818606705, 0.6880427063278992, 0.6886413654302399, 0.6883413083101417, 0.68781191447468, 0.6880414658742869, 0.6885646357855626, 0.6913021951665008, 0.6895965440990528, 0.689308546515402, 0.688419069459283, 0.6889434837906483, 0.6885451915134786, 0.689107994853405, 0.6890578051049207, 0.688768156677115, 0.6886762548294583, 0.6890788471828612, 0.6885042410570771, 0.6878849101344786, 0.6879157056915276, 0.6881286137838695, 0.6884894501668235, 0.6885954248865788, 0.6883450653517303, 0.6876648624130269, 0.6897395822766906, 0.6912097600652118, 0.6950378060681239]",fixed_epoch_budget_completed,No tolerance-based convergence claim; epochs selected by inner validation,1,"[{""category"": ""ConvergenceWarning"", ""message"": ""Stochastic Optimizer: Maximum iterations (250) reached and the optimization hasn't converged yet.""}]",161,12481,1.2130557080017752,mlp__context_diet_labels,4,5,3.0,inner,"{""alpha"": 10.0, ""epochs"": 250, ""hidden_layer_sizes"": [64, 32]}",2689
100,100,5.105723548539467,0.6905654001681457,0.6900983099351442,-0.0001915291349544601,"[5.105723548539467, 3.322408216107565, 2.2253316074761686, 1.5888299546735483, 1.2134661868910375, 0.9982633137875828, 0.8796914169238905, 0.807680892282322, 0.7643380585239853, 0.7401970285804668, 0.7270728216203782, 0.7180267184920366, 0.7120000716647791, 0.7084272019969864, 0.7065686499478858, 0.7042487852782975, 0.7034334736281698, 0.7015724422656529, 0.7006242131776026, 0.699781529041123, 0.6992581530213339, 0.6980358883007095, 0.6971171500897632, 0.6965463284544583, 0.6960894947019024, 0.6956002505932367, 0.6948446833676141, 0.6947456390277978, 0.6944425149794488, 0.6939856979858874, 0.6932963462035824, 0.6936120512077211, 0.6934008102576269, 0.6931136142565569, 0.6925676376465433, 0.692632200922917, 0.6926102883226328, 0.6924503479307564, 0.6924105223801666, 0.6920807832728242, 0.6920740420615649, 0.6917485323658011, 0.6915614613000836, 0.6916568366988692, 0.6916887853562255, 0.691624033373826, 0.6917301341084809, 0.6914190771964399, 0.6908324812737519, 0.6912469657198652, 0.6911800176343886, 0.691087935327876, 0.6912069046750436, 0.6914512741644117, 0.690978192233437, 0.6908888139215335, 0.690842391961867, 0.6906547457234871, 0.6911010637441375, 0.6907742141709408, 0.6907939744541373, 0.691176086315428, 0.6903905150198957, 0.6908888463859294, 0.690904359387828, 0.6905361704426007, 0.6903956128977323, 0.6904350309023416, 0.6905389709747197, 0.6905966728788107, 0.6908619256881127, 0.6907984917484754, 0.6904721693751413, 0.6906688121827335, 0.6902384371026501, 0.690700893431253, 0.6902031842010974, 0.690618217729055, 0.6904801017391641, 0.690657061662779, 0.6901835148083466, 0.6904957363621532, 0.6903287206559188, 0.6901487251411047, 0.6904127514675638, 0.6906294859281663, 0.6909742582766459, 0.6902386910201741, 0.6904288864718028, 0.6907569293031002, 0.6903348847455141, 0.6904158789089723, 0.6902146398584836, 0.6907426760903268, 0.6904227227985354, 0.6902649577599119, 0.6903527282134112, 0.6905267980602575, 0.6900983099351442, 0.6905654001681457]",fixed_epoch_budget_completed,No tolerance-based convergence claim; epochs selected by inner validation,1,"[{""category"": ""ConvergenceWarning"", ""message"": ""Stochastic Optimizer: Maximum iterations (100) reached and the optimization hasn't converged yet.""}]",162,12545,0.7137434579999535,mlp__context_diet_labels,4,4,,outer,"{""alpha"": 10.0, ""epochs"": 100, ""hidden_layer_sizes"": [64, 32]}",4029
100,100,1.0665426211593085,0.6927149174554661,0.6916423253749782,-0.000472396502802952,"[1.0665426211593085, 0.9999533014808313, 0.9966654498995124, 0.9912301263504261, 0.890258365685079, 0.8703374511432319, 0.8814154338020566, 0.8705783920486628, 0.8590391867615265, 0.850893393183341, 0.8669675512293679, 0.8432048587352897, 0.9983177383437736, 0.8158687687856092, 0.8230435236725008, 0.7937114204484388, 0.7950382528643162, 0.7912089106012252, 0.7988496147456958, 0.7849215155151295, 0.7795063743850758, 0.8008487657753492, 0.7792641507479987, 0.8013861501467373, 0.7703069738550703, 0.7624679154227538, 0.7547307248790017, 0.7549501947369758, 0.8494969637370866, 0.7582342761444886, 0.76347034129532, 0.731558064810468, 0.733867637929449, 0.7332269850799576, 0.727179942090427, 0.7251647484110088, 0.7223760405462947, 0.7261403640385037, 0.7330669490187035, 0.7200225228643686, 0.7268660373045924, 0.7233097667729721, 0.7185202555833383, 0.7298731541462763, 0.7359680439346571, 0.716687035417792, 0.7147763511252639, 0.7119389031677071, 0.7099850295186708, 0.7099178048290816, 0.7440308157183944, 0.7096536428027191, 0.7098085128453725, 0.7165794252627193, 0.709032669773408, 0.7044287134562153, 0.7084806225573521, 0.7109095803475325, 0.7016166892085396, 0.7050425717329442, 0.7042016857654915, 0.7052737895617844, 0.7034840933549803, 0.701624846203126, 0.6993914110714505, 0.7100323925078039, 0.702156651191244, 0.7007468567316482, 0.7066340442137065, 0.6984358460815238, 0.7009763108905225, 0.6967538016727163, 0.6963483842840192, 0.6970988244765122, 0.6963951271338018, 0.6978974010110438, 0.6962901034877603, 0.696557470965157, 0.6945892745495423, 0.6997791160172289, 0.694783534758336, 0.6949307616688422, 0.6943151788117844, 0.6952395481438416, 0.6994174653564114, 0.6942226313540174, 0.6942067486130802, 0.6969710584826013, 0.6937773881441179, 0.693187313958269, 0.7044386125284157, 0.6937814989109197, 0.6933859200909515, 0.6938965754222078, 0.6916423253749782, 0.6926404986409482, 0.6927762331921036, 0.6930174185339839, 0.6927961356333464, 0.6927149174554661]",fixed_epoch_budget_completed,No tolerance-based convergence claim; epochs selected by inner validation,1,"[{""category"": ""ConvergenceWarning"", ""message"": ""Stochastic Optimizer: Maximum iterations (100) reached and the optimization hasn't converged yet.""}]",162,5761,0.3675400419961079,mlp__context_diet_labels,5,0,1.0,inner,"{""alpha"": 1.0, ""epochs"": 100, ""hidden_layer_sizes"": [32, 16]}",2689
100,100,0.9864547320822845,0.3439887363029344,0.3395491847206766,-0.008546778720882164,"[0.9864547320822845, 0.9293585113588881, 0.8890581215769298, 0.8554887766779926, 0.8260637602616233, 0.8035921449823119, 0.7787178505759633, 0.7609016866544303, 0.7416869257501826, 0.7316084927937615, 0.7139648553703036, 0.699499999546382, 0.6897370002184684, 0.6773431113004652, 0.6686013724745313, 0.6615953910964867, 0.6553656597837481, 0.6437201668783699, 0.6305989151846486, 0.6274295681986519, 0.6158642028214553, 0.6035303043095203, 0.5978768794142912, 0.5972803316311582, 0.5782446999033923, 0.5734333895195942, 0.5605642149735631, 0.5520267509597199, 0.5454713755876317, 0.535455813435837, 0.527089808656619, 0.5186001669245085, 0.5141782105228856, 0.4989426992687648, 0.5001729723510943, 0.49024844845240473, 0.48048838114884895, 0.4746883849709753, 0.47417090852204963, 0.46597799548672125, 0.46027309155167345, 0.4554271613320654, 0.44872731591106174, 0.441197599126187, 0.43399451706077785, 0.42762924049702533, 0.4239192668255628, 0.4215033018889634, 0.4165914271510171, 0.41922207827319596, 0.40784916687559525, 0.4048701532361129, 0.4024675978052123, 0.39956224439679117, 0.39755023800823486, 0.3937939487459972, 0.39131566478499413, 0.38896810049853003, 0.3861810143443246, 0.386934754929037, 0.3828834799577554, 0.38574543625122365, 0.38584582793515887, 0.3828230198380824, 0.3799899866271713, 0.3734263116751224, 0.3709101039805754, 0.3731133109579579, 0.3670549253250862, 0.36742178789599134, 0.3662000574206451, 0.36270215810860634, 0.3632882657319173, 0.3626498422442997, 0.3610041466856723, 0.3670386860479436, 0.3563677457319877, 0.3607394339204123, 0.3590907602174521, 0.3542394640573723, 0.35162177402102524, 0.35608010476934693, 0.3547712127188474, 0.3500405149870051, 0.3500650267529998, 0.3500885800044006, 0.3498966455564878, 0.35432203603151613, 0.35112140219725796, 0.3525355150238166, 0.34549684966352157, 0.3457618247795142, 0.3459172234970272, 0.34262916328415466, 0.3435976281523247, 0.3434330605214947, 0.34274281541881413, 0.3395491847206766, 0.3449189994850319, 0.3439887363029344]",fixed_epoch_budget_completed,No tolerance-based convergence claim; epochs selected by inner validation,1,"[{""category"": ""ConvergenceWarning"", ""message"": ""Stochastic Optimizer: Maximum iterations (100) reached and the optimization hasn't converged yet.""}]",161,5729,0.37973349999811035,mlp__context_diet_labels,5,0,2.0,inner,"{""alpha"": 1.0, ""epochs"": 100, ""hidden_layer_sizes"": [32, 16]}",2684
100,100,1.0386735050542346,0.7001870091848632,0.6987586344605485,-0.004082698910668037,"[1.0386735050542346, 1.461688700631345, 0.9374708059019542, 0.9237870706379054, 0.998725475682742, 0.9237392988583469, 0.9052020134591154, 0.8920745200828145, 0.8898856235875559, 0.9010927743336199, 0.880522251737284, 1.0190982781199636, 0.9087659599744433, 0.8833871979458577, 0.9378952408569532, 0.8606010668484356, 0.8485257010126844, 0.8539662382124328, 0.8543602633018892, 1.0041050047908169, 0.8340632041274546, 0.8716003872395975, 0.8312622938534712, 0.8385630308295855, 0.815244949065206, 0.8202958970080259, 0.8230925301510216, 0.8101979571077179, 0.8150194005116983, 0.8081294050191, 0.811366953570657, 0.8395954132628518, 0.8045253073488298, 0.7974389416497935, 0.8180158488857336, 0.7959766060483645, 0.7993029622559468, 0.8043614886587167, 0.7885101069879557, 0.8757859327292098, 0.7826693681508345, 0.7832088043788964, 0.7742664516615371, 0.7900921279322061, 0.7734435883231331, 0.7674936549476429, 0.7775156829509539, 0.7835442278901203, 0.7764764966205675, 0.7999527651522107, 0.755991748606321, 0.7634410056062164, 0.7669964285964409, 0.7463219077925849, 0.7558829824151206, 0.7427629332548928, 0.747158970150063, 0.7532320637273162, 0.7407173207177293, 0.7505112067366456, 0.7431956192650003, 0.7348847699903882, 0.7352924069866658, 0.7295470750144666, 0.7347374639267417, 0.7755178187319574, 0.8436033165496886, 0.7338138647036865, 0.7164704398886828, 0.7131740025372045, 0.7112169378584052, 0.7126705288080768, 0.7217178211000405, 0.7087612582806772, 0.709724656411416, 0.7072371106639629, 0.7107093364725501, 0.7152777454402488, 0.706366458139528, 0.7055209562609611, 0.7116352639705575, 0.7065005000073059, 0.7037651545958445, 0.7032196397784812, 0.7165269106635213, 0.7046433097466228, 0.7054028424985365, 0.721088047335899, 0.7020290530420602, 0.7042697080955312, 0.7032298626367695, 0.7018898463223094, 0.701308994896467, 0.7033352104239277, 0.7053639180228684, 0.7005942362683636, 0.7388187170664224, 0.6987586344605485, 0.700217188115871, 0.7001870091848632]",fixed_epoch_budget_completed,No tolerance-based convergence claim; epochs selected by inner validation,1,"[{""category"": ""ConvergenceWarning"", ""message"": ""Stochastic Optimizer: Maximum iterations (100) reached and the optimization hasn't converged yet.""}]",162,5761,0.3860487500060117,mlp__context_diet_labels,5,0,3.0,inner,"{""alpha"": 1.0, ""epochs"": 100, ""hidden_layer_sizes"": [32, 16]}",2689
100,100,3.900029708009933,0.7327488789385628,0.7316029594078495,-0.0195810090967391,"[3.900029708009933, 3.39371500963147, 3.3856333228960342, 3.3366065870546984, 2.465114939595362, 2.2971215707950368, 2.401077342681706, 2.319740491101892, 2.2236527440994336, 2.158688238100705, 2.300670284851713, 2.1071113304345572, 3.4263962696283716, 1.845566030813793, 1.896582570775504, 1.6472226300438033, 1.6663090979377781, 1.6424770862382994, 1.7073015327605132, 1.587692534658863, 1.5493622614687461, 1.7379517865725302, 1.5549515374415923, 1.7426664465280195, 1.4655345512562543, 1.3973836685064434, 1.3362633332673761, 1.3446499072699631, 2.123973776629183, 1.3340023896530442, 1.3600461875467793, 1.0960437409983101, 1.1241188657740837, 1.1155050459418256, 1.0733495584739041, 1.0525537609523128, 1.0436770908772457, 1.0751632887990954, 1.1313230957095592, 1.0236567790302917, 1.0844790770546002, 1.0524627650483576, 1.0158379313941623, 1.103514521581019, 1.1561445088887934, 0.9775846083626253, 0.9559022632710246, 0.94160412415238, 0.933047132815744, 0.93338823985814, 1.2192760377360607, 0.9068077923375361, 0.9085917520725398, 0.9577303762606657, 0.9045459747754955, 0.8606206542648366, 0.9009689418850438, 0.9183557979665964, 0.8424084742045931, 0.8699053382118234, 0.8666811510738622, 0.8680638610679347, 0.8474133175278762, 0.8340998438448726, 0.8176675560736516, 0.9055371417885429, 0.8411665920900234, 0.8169522318602754, 0.8727844123861898, 0.7941775077936273, 0.8188600840643593, 0.7827390000056342, 0.7813851041552318, 0.7868452339280707, 0.7813697181246272, 0.8004199925386143, 0.7880498133771344, 0.7839028249004362, 0.7704423137336516, 0.8101277078563841, 0.7699454998083057, 0.7698827348852036, 0.7658424624142037, 0.7736115370882202, 0.8083695593951882, 0.7569697866176477, 0.7566365205092492, 0.7808813135394981, 0.7505751811510212, 0.7523298880353019, 0.8435073032327154, 0.7410210042551292, 0.735243927525606, 0.7363761675308146, 0.7316029594078495, 0.7333782062487018, 0.733989675370763, 0.7383237023791738, 0.7318091419943883, 0.7327488789385628]",fixed_epoch_budget_completed,No tolerance-based convergence claim; epochs selected by inner validation,1,"[{""category"": ""ConvergenceWarning"", ""message"": ""Stochastic Optimizer: Maximum iterations (100) reached and the optimization hasn't converged yet.""}]",162,5761,0.39446554200549144,mlp__context_diet_labels,5,1,1.0,inner,"{""alpha"": 10.0, ""epochs"": 100, ""hidden_layer_sizes"": [32, 16]}",2689
100,100,3.36005689137534,0.6896287544766403,0.6891383245042023,-0.00030694615859006014,"[3.36005689137534, 2.6966401396118074, 2.182109662548766, 1.8018105720265303, 1.5268860377781863, 1.3220299893978418, 1.165312727201241, 1.0539157456345334, 0.9709372269175784, 0.9153938173201892, 0.866455947865686, 0.830960126613792, 0.8038121458528383, 0.7833850307834901, 0.7681989269561112, 0.7576910997597213, 0.7456242481391661, 0.7373944824642161, 0.7306017957886556, 0.7249579242540372, 0.7198429960458086, 0.7159570490459433, 0.7133050564507154, 0.7106246458470312, 0.7082731361993562, 0.7069338448477677, 0.7040360985389285, 0.7040224897458478, 0.7020993881585316, 0.7009896738016046, 0.7000744821053643, 0.6987366920853555, 0.697365262947266, 0.6966488783748148, 0.6957015701571299, 0.6951599690875031, 0.6947510056990286, 0.6942091518745396, 0.6943931707422929, 0.6941017695283351, 0.6938230393233581, 0.6933391577184301, 0.6924277376178853, 0.691727060254921, 0.6926482323872425, 0.6922610551529805, 0.6920355244364687, 0.6920319437055269, 0.6918618028200467, 0.6899823747868332, 0.6924505274726649, 0.6912111037408961, 0.6906624741345826, 0.6908602904756647, 0.6916214061758083, 0.6899944775272789, 0.6908644881458375, 0.6908102161706285, 0.6900666362140107, 0.6900824503858144, 0.690412160894378, 0.6905325333554523, 0.689269547892083, 0.6901074900137878, 0.6901114071438182, 0.6910347514741446, 0.6906102493582649, 0.6905740870823136, 0.6901154464529476, 0.6905381146733433, 0.6904452517451851, 0.6906147189538375, 0.6900710643548538, 0.6900869630598196, 0.6899988889549798, 0.6895964684460247, 0.6894502513240796, 0.689585715967577, 0.6897154248993788, 0.6893294354702851, 0.6898532306262194, 0.6898959167330131, 0.6902816710560836, 0.6893854955946278, 0.6895995366762786, 0.6897787511173686, 0.6901988814809554, 0.6898233349466526, 0.6902641596861938, 0.6899357006352304, 0.6897210223619722, 0.6901485180650478, 0.6902229682213351, 0.6893189719525712, 0.6892395200653958, 0.6891383245042023, 0.6891967474190411, 0.6893957910431621, 0.6900375751570386, 0.6896287544766403]",fixed_epoch_budget_completed,No tolerance-based convergence claim; epochs selected by inner validation,1,"[{""category"": ""ConvergenceWarning"", ""message"": ""Stochastic Optimizer: Maximum iterations (100) reached and the optimization hasn't converged yet.""}]",161,5729,0.3571515410003485,mlp__context_diet_labels,5,1,2.0,inner,"{""alpha"": 10.0, ""epochs"": 100, ""hidden_layer_sizes"": [32, 16]}",2684
100,100,3.936079685040361,0.7674909308635004,0.7640958373791985,-0.060420285881247704,"[3.936079685040361, 7.511377562886745, 2.9395794040363024, 2.8125158917657886, 3.462746785679498, 2.8131788235952184, 2.648171662046911, 2.540551839434617, 2.52179203570227, 2.621664395624364, 2.445752219684855, 3.6464116637015525, 2.682459931976486, 2.456174484132447, 2.927783998915938, 2.2551532245966848, 2.1482595237121993, 2.20700523736129, 2.2105899406549465, 3.5018354040915884, 2.0225057657523333, 2.3408571247475014, 1.9954076920615913, 2.0561991342724384, 1.8621088789963416, 1.9093164449570859, 1.9324028763723835, 1.8266503035063484, 1.8609711055707054, 1.814351795048202, 1.8422638589169822, 2.0925283157017445, 1.7838183290493348, 1.7266124230654971, 1.9087310849894585, 1.7174179740951934, 1.7470265112282242, 1.7985531745120042, 1.6608531741406933, 2.410615316660957, 1.5966203594271309, 1.5879636507137078, 1.511192831682119, 1.6519373501959964, 1.5108163557154213, 1.467968387631576, 1.5562311549093928, 1.6031157863940366, 1.538303995076933, 1.7342320994540645, 1.357595351642549, 1.4162861063768768, 1.445955943728378, 1.270893225128323, 1.3478403226494433, 1.243684342643444, 1.2802851218703348, 1.3392309931893622, 1.228595147117525, 1.3122926038163516, 1.2437078147468896, 1.177071711440023, 1.1737356553569158, 1.1279454989413882, 1.1775631916551565, 1.5134388881577867, 2.0649650045223655, 1.0923808250593172, 0.9324623363836337, 0.9101107448503825, 0.8967973427303656, 0.9114423401135558, 0.9945775090341223, 0.8803425871204772, 0.8869464422205302, 0.8699849429828453, 0.9031926609463855, 0.943488324145578, 0.8640881755623593, 0.8553235371587423, 0.912116090438341, 0.8698865468304839, 0.8447156963162182, 0.843781431047415, 0.9602612897444305, 0.8490493500744666, 0.849486521974943, 0.9852326461434611, 0.8125612741647537, 0.8279112167447481, 0.8204432175716809, 0.8100211328610867, 0.808583935622088, 0.8248048008889829, 0.8442977018567688, 0.8000456876937099, 1.1185591574191496, 0.7640958373791985, 0.7645621089569071, 0.7674909308635004]",fixed_epoch_budget_completed,No tolerance-based convergence claim; epochs selected by inner validation,1,"[{""category"": ""ConvergenceWarning"", ""message"": ""Stochastic Optimizer: Maximum iterations (100) reached and the optimization hasn't converged yet.""}]",162,5761,0.3924128340004245,mlp__context_diet_labels,5,1,3.0,inner,"{""alpha"": 10.0, ""epochs"": 100, ""hidden_layer_sizes"": [32, 16]}",2689
250,250,3.900029708009933,0.6907036682172174,0.6884755811116744,0.0011080468612392202,"[3.900029708009933, 3.39371500963147, 3.3856333228960342, 3.3366065870546984, 2.465114939595362, 2.2971215707950368, 2.401077342681706, 2.319740491101892, 2.2236527440994336, 2.158688238100705, 2.300670284851713, 2.1071113304345572, 3.4263962696283716, 1.845566030813793, 1.896582570775504, 1.6472226300438033, 1.6663090979377781, 1.6424770862382994, 1.7073015327605132, 1.587692534658863, 1.5493622614687461, 1.7379517865725302, 1.5549515374415923, 1.7426664465280195, 1.4655345512562543, 1.3973836685064434, 1.3362633332673761, 1.3446499072699631, 2.123973776629183, 1.3340023896530442, 1.3600461875467793, 1.0960437409983101, 1.1241188657740837, 1.1155050459418256, 1.0733495584739041, 1.0525537609523128, 1.0436770908772457, 1.0751632887990954, 1.1313230957095592, 1.0236567790302917, 1.0844790770546002, 1.0524627650483576, 1.0158379313941623, 1.103514521581019, 1.1561445088887934, 0.9775846083626253, 0.9559022632710246, 0.94160412415238, 0.933047132815744, 0.93338823985814, 1.2192760377360607, 0.9068077923375361, 0.9085917520725398, 0.9577303762606657, 0.9045459747754955, 0.8606206542648366, 0.9009689418850438, 0.9183557979665964, 0.8424084742045931, 0.8699053382118234, 0.8666811510738622, 0.8680638610679347, 0.8474133175278762, 0.8340998438448726, 0.8176675560736516, 0.9055371417885429, 0.8411665920900234, 0.8169522318602754, 0.8727844123861898, 0.7941775077936273, 0.8188600840643593, 0.7827390000056342, 0.7813851041552318, 0.7868452339280707, 0.7813697181246272, 0.8004199925386143, 0.7880498133771344, 0.7839028249004362, 0.7704423137336516, 0.8101277078563841, 0.7699454998083057, 0.7698827348852036, 0.7658424624142037, 0.7736115370882202, 0.8083695593951882, 0.7569697866176477, 0.7566365205092492, 0.7808813135394981, 0.7505751811510212, 0.7523298880353019, 0.8435073032327154, 0.7410210042551292, 0.735243927525606, 0.7363761675308146, 0.7316029594078495, 0.7333782062487018, 0.733989675370763, 0.7383237023791738, 0.7318091419943883, 0.7327488789385628, 0.7340059531051045, 0.7453186862706643, 0.740774526684098, 0.7286056778114928, 0.7395119796581946, 0.7278913350850665, 0.723508706903571, 0.7225514224232344, 0.7223832100375032, 0.72388946330058, 0.7205392752633579, 0.7246699228415452, 0.7380819948244773, 0.7200127655344739, 0.7280533722182796, 0.7188243369465558, 0.7183890492740064, 0.7165431321695945, 0.715913248847493, 0.7195419798654068, 0.712174475175143, 0.7343090459260149, 0.7105417621365657, 0.7625585662144241, 0.7073038285281037, 0.7111110627648176, 0.7422691421268439, 0.7037010530677493, 0.7082102055463046, 0.7066730444263661, 0.7031450865393513, 0.7021698937602985, 0.7011786063887845, 0.7040677920394737, 0.7273530128918715, 0.6998746494683403, 0.6969667328468885, 0.6955303434345966, 0.6966052992667204, 0.6960176200862678, 0.6966176626734484, 0.6952071148137298, 0.6951704643443303, 0.697606101689584, 0.6953971691096901, 0.6959397260724499, 0.6979201924967449, 0.6950341209202942, 0.6984723318016299, 0.6938594607003801, 0.6958171678313285, 0.6939407804729317, 0.6934018813163301, 0.6939123668344854, 0.6942726664884247, 0.6933495095496993, 0.6941692613618251, 0.6924689762335818, 0.6924531406922526, 0.694088418957049, 0.6927761728577975, 0.6952147794891663, 0.6943612770104455, 0.6931521175296856, 0.6933891708230524, 0.6937593378671815, 0.6928515743033291, 0.6933934239038085, 0.693478908149574, 0.6927570434572159, 0.6933390666303846, 0.6931099206036117, 0.692876279155318, 0.693188936490996, 0.6916856696750786, 0.6924961880787622, 0.6940515146877819, 0.6923710706687466, 0.6923044420290778, 0.6920559259532073, 0.6934295422217258, 0.6915743205730521, 0.6923621511124157, 0.6932367139085666, 0.6924361907297976, 0.6918053726124304, 0.6925452864584806, 0.6923297035185805, 0.6919317209782447, 0.6919580894305767, 0.6932930959863532, 0.6930843387549538, 0.6922012739248933, 0.6917913444509756, 0.6926587100842281, 0.690107103166308, 0.6914463498753085, 0.6909143580617393, 0.6957976440958361, 0.6913646336268259, 0.6916949195016329, 0.6915916867093068, 0.6910635622233892, 0.6926464072221175, 0.6927035069681066, 0.6932486768957539, 0.6915177883599989, 0.6924640401699448, 0.6911794728932518, 0.6928757624677189, 0.6927642212470657, 0.6913141425683533, 0.6898765834357413, 0.6893686371940201, 0.6901650370773035, 0.6894641525987634, 0.6893837292135383, 0.6896201403655557, 0.6897807954699375, 0.6899121028722759, 0.6891646782365742, 0.6896565451931057, 0.6890988283964395, 0.6896181398637579, 0.6900455540214708, 0.6891504862525083, 0.6902918683372461, 0.6886989577528484, 0.6898374996576895, 0.6896220560524171, 0.6890284829386802, 0.6899740984996795, 0.6895585156220801, 0.6909357530099834, 0.6896722906557783, 0.6910544745583406, 0.6912746274803875, 0.68879053680903, 0.6891045063125641, 0.6895956213559782, 0.6895825708035224, 0.689377688290316, 0.6892314014244681, 0.6889497528145547, 0.6885201911379943, 0.6884755811116744, 0.6887474305520208, 0.6890474806614844, 0.6896250910862125, 0.6907036682172174]",fixed_epoch_budget_completed,No tolerance-based convergence claim; epochs selected by inner validation,1,"[{""category"": ""ConvergenceWarning"", ""message"": ""Stochastic Optimizer: Maximum iterations (250) reached and the optimization hasn't converged yet.""}]",162,5761,0.8786124590042164,mlp__context_diet_labels,5,2,1.0,inner,"{""alpha"": 10.0, ""epochs"": 250, ""hidden_layer_sizes"": [32, 16]}",2689
250,250,3.36005689137534,0.6893184314783963,0.6885203722860006,-0.0005133943331557811,"[3.36005689137534, 2.6966401396118074, 2.182109662548766, 1.8018105720265303, 1.5268860377781863, 1.3220299893978418, 1.165312727201241, 1.0539157456345334, 0.9709372269175784, 0.9153938173201892, 0.866455947865686, 0.830960126613792, 0.8038121458528383, 0.7833850307834901, 0.7681989269561112, 0.7576910997597213, 0.7456242481391661, 0.7373944824642161, 0.7306017957886556, 0.7249579242540372, 0.7198429960458086, 0.7159570490459433, 0.7133050564507154, 0.7106246458470312, 0.7082731361993562, 0.7069338448477677, 0.7040360985389285, 0.7040224897458478, 0.7020993881585316, 0.7009896738016046, 0.7000744821053643, 0.6987366920853555, 0.697365262947266, 0.6966488783748148, 0.6957015701571299, 0.6951599690875031, 0.6947510056990286, 0.6942091518745396, 0.6943931707422929, 0.6941017695283351, 0.6938230393233581, 0.6933391577184301, 0.6924277376178853, 0.691727060254921, 0.6926482323872425, 0.6922610551529805, 0.6920355244364687, 0.6920319437055269, 0.6918618028200467, 0.6899823747868332, 0.6924505274726649, 0.6912111037408961, 0.6906624741345826, 0.6908602904756647, 0.6916214061758083, 0.6899944775272789, 0.6908644881458375, 0.6908102161706285, 0.6900666362140107, 0.6900824503858144, 0.690412160894378, 0.6905325333554523, 0.689269547892083, 0.6901074900137878, 0.6901114071438182, 0.6910347514741446, 0.6906102493582649, 0.6905740870823136, 0.6901154464529476, 0.6905381146733433, 0.6904452517451851, 0.6906147189538375, 0.6900710643548538, 0.6900869630598196, 0.6899988889549798, 0.6895964684460247, 0.6894502513240796, 0.689585715967577, 0.6897154248993788, 0.6893294354702851, 0.6898532306262194, 0.6898959167330131, 0.6902816710560836, 0.6893854955946278, 0.6895995366762786, 0.6897787511173686, 0.6901988814809554, 0.6898233349466526, 0.6902641596861938, 0.6899357006352304, 0.6897210223619722, 0.6901485180650478, 0.6902229682213351, 0.6893189719525712, 0.6892395200653958, 0.6891383245042023, 0.6891967474190411, 0.6893957910431621, 0.6900375751570386, 0.6896287544766403, 0.690540767600033, 0.6900216374877647, 0.6896230606629903, 0.6893550421024023, 0.689956254146611, 0.6886855172677883, 0.688861333133622, 0.6888486082152985, 0.6894164652853011, 0.689413308889016, 0.6894397239288097, 0.6899244371727606, 0.6897240672092378, 0.6898057747353665, 0.6896036922648695, 0.6898912703428338, 0.6894929649001698, 0.6894281631926059, 0.6897835781114877, 0.6893389395242445, 0.6905373311658988, 0.6897381503249721, 0.689238508034213, 0.6893677730030698, 0.6896110157633402, 0.6893055862626738, 0.6893571999964495, 0.6895563108129966, 0.6894054959790501, 0.6894734750132302, 0.6892717280827656, 0.6894996843779185, 0.6893268802176717, 0.6890315541888429, 0.6898945833817546, 0.688984188441677, 0.6888165936418369, 0.6898494898714127, 0.6895745283647821, 0.6892619084017473, 0.689045781616449, 0.6894153966691347, 0.6894329504776633, 0.6894785950869096, 0.689636979716221, 0.6892074380307253, 0.6895602111459829, 0.6896431999160267, 0.6898767197607052, 0.6891687899448763, 0.6897654144997792, 0.6885203722860006, 0.6889685804568388, 0.6891643871699916, 0.6900783258045161, 0.6899985674332723, 0.689564048833351, 0.6903936209892051, 0.6892056471182093, 0.6898011619451762, 0.6885790290775086, 0.689323844524832, 0.6895519201679303, 0.6895190897798422, 0.6892593197860811, 0.6894841746298832, 0.6898779377721806, 0.6892960475844605, 0.6897583915653542, 0.688805132570519, 0.6888116409135907, 0.6901052049154512, 0.6895767612037215, 0.6898186950286029, 0.689585399708187, 0.6892940073787511, 0.6894074943571797, 0.6890708944885275, 0.6890595226674255, 0.6892606797330555, 0.690111046979971, 0.6889592757262842, 0.6894453240875759, 0.689532153804048, 0.6891046952492412, 0.6895659175761106, 0.6892832099887292, 0.6890065479303555, 0.6892427970929177, 0.6889229711057846, 0.6889247272638949, 0.6894295994066598, 0.6893653685303622, 0.6903604934563509, 0.6895228241959946, 0.6895312464926584, 0.6887882218201058, 0.6894216792652296, 0.6898310524478376, 0.6890116816842655, 0.6892298492531233, 0.6900305852541379, 0.6889055799869316, 0.688842605201576, 0.6889018796860962, 0.6898366363207427, 0.6893315857373996, 0.6893696635244883, 0.6892519672590987, 0.6894437863535142, 0.6891743447188717, 0.6887328917672604, 0.6896802747130865, 0.6892040035479199, 0.6893058747230636, 0.6894710429337485, 0.6893000850566222, 0.6894331894279561, 0.6893121659775892, 0.6892698804511042, 0.6890258558261972, 0.6898525811450893, 0.689016719102107, 0.6893453780120741, 0.6891407153094706, 0.689586152963676, 0.68910944181864, 0.6890418885260352, 0.6893559403622203, 0.6890952103720998, 0.6895549128872832, 0.6894569969566408, 0.6892674464221126, 0.6890784636980241, 0.6889927123036391, 0.6896478341825852, 0.6900818433610001, 0.6885589271207643, 0.6891705491871055, 0.6898318258115521, 0.6891748442491855, 0.6895933066551572, 0.6895489008867657, 0.6901372547881862, 0.6900683254903814, 0.6890059588283046, 0.6897361564702711, 0.6890386386505801, 0.6888125561419008, 0.6893184314783963]",fixed_epoch_budget_completed,No tolerance-based convergence claim; epochs selected by inner validation,1,"[{""category"": ""ConvergenceWarning"", ""message"": ""Stochastic Optimizer: Maximum iterations (250) reached and the optimization hasn't converged yet.""}]",161,5729,0.8928362090009614,mlp__context_diet_labels,5,2,2.0,inner,"{""alpha"": 10.0, ""epochs"": 250, ""hidden_layer_sizes"": [32, 16]}",2684
250,250,3.936079685040361,0.6916402462399573,0.6916402462399573,-0.0006177724184207589,"[3.936079685040361, 7.511377562886745, 2.9395794040363024, 2.8125158917657886, 3.462746785679498, 2.8131788235952184, 2.648171662046911, 2.540551839434617, 2.52179203570227, 2.621664395624364, 2.445752219684855, 3.6464116637015525, 2.682459931976486, 2.456174484132447, 2.927783998915938, 2.2551532245966848, 2.1482595237121993, 2.20700523736129, 2.2105899406549465, 3.5018354040915884, 2.0225057657523333, 2.3408571247475014, 1.9954076920615913, 2.0561991342724384, 1.8621088789963416, 1.9093164449570859, 1.9324028763723835, 1.8266503035063484, 1.8609711055707054, 1.814351795048202, 1.8422638589169822, 2.0925283157017445, 1.7838183290493348, 1.7266124230654971, 1.9087310849894585, 1.7174179740951934, 1.7470265112282242, 1.7985531745120042, 1.6608531741406933, 2.410615316660957, 1.5966203594271309, 1.5879636507137078, 1.511192831682119, 1.6519373501959964, 1.5108163557154213, 1.467968387631576, 1.5562311549093928, 1.6031157863940366, 1.538303995076933, 1.7342320994540645, 1.357595351642549, 1.4162861063768768, 1.445955943728378, 1.270893225128323, 1.3478403226494433, 1.243684342643444, 1.2802851218703348, 1.3392309931893622, 1.228595147117525, 1.3122926038163516, 1.2437078147468896, 1.177071711440023, 1.1737356553569158, 1.1279454989413882, 1.1775631916551565, 1.5134388881577867, 2.0649650045223655, 1.0923808250593172, 0.9324623363836337, 0.9101107448503825, 0.8967973427303656, 0.9114423401135558, 0.9945775090341223, 0.8803425871204772, 0.8869464422205302, 0.8699849429828453, 0.9031926609463855, 0.943488324145578, 0.8640881755623593, 0.8553235371587423, 0.912116090438341, 0.8698865468304839, 0.8447156963162182, 0.843781431047415, 0.9602612897444305, 0.8490493500744666, 0.849486521974943, 0.9852326461434611, 0.8125612741647537, 0.8279112167447481, 0.8204432175716809, 0.8100211328610867, 0.808583935622088, 0.8248048008889829, 0.8442977018567688, 0.8000456876937099, 1.1185591574191496, 0.7640958373791985, 0.7645621089569071, 0.7674909308635004, 0.7530372521244524, 0.7563114339590381, 0.7888692529549975, 0.7645590054324687, 0.7484633021391218, 0.7483916857527476, 0.7540398922397723, 0.7479549897768273, 0.7463119790231205, 0.7867875597706417, 0.7723754344533854, 0.7412116785764651, 0.7368629468604232, 0.7469988136657778, 0.7364696819794305, 0.7609538903980491, 0.7566074407642548, 0.7820434967712258, 0.764914392545442, 0.7255179592399709, 0.7290500604832946, 0.726728372803109, 0.7238656032525201, 0.722431217661152, 0.7237630440393015, 0.7258002916556794, 0.7217403814515646, 0.7219584148960574, 0.7223768086304643, 0.7333824069694186, 0.752913079378666, 0.7175108249190073, 0.7158853866340539, 0.7203736066031393, 0.7210493767364746, 0.7167964682779161, 0.7158565123393059, 0.716632402614154, 0.713015063903442, 0.7131684607413574, 0.7228533481909397, 0.7161666544465067, 0.7127564871087312, 0.7100586841746764, 0.7110073698961088, 0.7663362486451497, 0.7072630475139804, 0.7058359191734773, 0.7065934041936633, 0.7074055074784177, 0.7052333783882501, 0.7619275115429256, 0.7022454101938675, 0.7023311530897147, 0.6987837731300559, 0.7034161948417976, 0.6984501662110797, 0.6987342668492568, 0.7064963403714214, 0.6979046564488748, 0.6975920456486668, 0.7061397940009208, 0.701801516099507, 0.696746708597594, 0.7000117341418381, 0.6980186060855387, 0.6993548159061667, 0.7677699803367283, 0.6995022484690266, 0.707310603207225, 0.6997702118342666, 0.7019254328960572, 0.696012420288533, 0.6956757413052247, 0.6953037949191295, 0.7036632153146105, 0.6954289896223359, 0.6947112855353297, 0.6952997820307983, 0.6951085468976372, 0.7012212499471274, 0.6973485397722813, 0.6943507711364836, 0.6944554786712306, 0.6932372030454012, 0.6935051532259033, 0.693336614940957, 0.6930725953329449, 0.6933289971426922, 0.692946680504543, 0.6926257607483844, 0.6930047230260071, 0.6927746832644716, 0.6939592733082705, 0.6938212455248933, 0.6927929643069425, 0.6932912399725615, 0.6928686560649335, 0.6926969120152753, 0.692665684054784, 0.692415382910552, 0.6932481993236647, 0.6925086971518681, 0.6924169936664237, 0.693238684430039, 0.6925599042343998, 0.6921662590731568, 0.6927038751663674, 0.6929096081172647, 0.6939454770914261, 0.6922345451611275, 0.692757003743368, 0.6926635603527133, 0.6925097889914569, 0.6925315922110791, 0.6923323569645823, 0.6927265203304185, 0.6924641730340275, 0.6923680585172592, 0.6925700304250099, 0.6927442011073206, 0.6933770700345431, 0.692835430831825, 0.6925017213531698, 0.6942411331804167, 0.6932393480880725, 0.6924879536353178, 0.6934719479367604, 0.6926767283822982, 0.6927891218637252, 0.6924033737248448, 0.6922984197300767, 0.6927074286349586, 0.6928394251814471, 0.6933636214245013, 0.6924178810669964, 0.6926211081315525, 0.6921176557411912, 0.6927858040546214, 0.6922580186583781, 0.6916829197883428, 0.692065778717697, 0.6923434762272147, 0.6917131775109093, 0.691824750550195, 0.6917806455425579, 0.6923387206138502, 0.6924765186737051, 0.6932566132746927, 0.6916402462399573]",fixed_epoch_budget_completed,No tolerance-based convergence claim; epochs selected by inner validation,1,"[{""category"": ""ConvergenceWarning"", ""message"": ""Stochastic Optimizer: Maximum iterations (250) reached and the optimization hasn't converged yet.""}]",162,5761,0.8932227920013247,mlp__context_diet_labels,5,2,3.0,inner,"{""alpha"": 10.0, ""epochs"": 250, ""hidden_layer_sizes"": [32, 16]}",2689
100,100,1.225111504593757,0.6930740161395704,0.6930740161395704,-0.002500180561182175,"[1.225111504593757, 1.1212707011512797, 1.0481040427997714, 1.0782168077646936, 1.7036105834209734, 0.9958076437064579, 0.9357766819029849, 0.9597243648494131, 0.8942783430315451, 0.9180324466003922, 0.9632244459259061, 0.8941461251946734, 1.0767301905206816, 0.871622317438883, 0.8658460475689379, 0.8916991316970772, 1.162631328422058, 0.8461275062247902, 0.8374504956878087, 0.9161996991922988, 1.277781634758978, 0.7937773438647598, 0.7803853923484804, 0.8367082475894853, 0.789105515037303, 0.7634871318410458, 0.8049817238654472, 0.7616197973485487, 0.7630148183262982, 0.7595406321662342, 0.7904331533535495, 0.8083576434987342, 0.7508798418140455, 0.9971659996143736, 0.7381695345350537, 0.7363671069413444, 0.7319365989726955, 0.7766495713316165, 0.7273007371869105, 0.7256300038725745, 0.7242530988180013, 0.7625310530459077, 0.7217162760403633, 0.7204087786829036, 0.7853394558652822, 0.7179799083031058, 0.7217254935949262, 0.7168803544669032, 0.717682980779079, 0.7150817655700255, 0.7262328277843312, 0.7175835342430174, 0.7162850293400075, 0.7105710904992155, 0.7094111636372331, 0.708330567311755, 0.7104116563929528, 0.710528154758118, 0.7102125939092814, 0.7085305639435799, 0.7092368493020846, 0.7110312528155267, 0.7109679489699469, 0.7089325107370432, 0.7085371914324542, 0.7054295137506031, 0.7175048937512156, 0.7035139871127037, 0.7046393333461348, 0.7033170736550425, 0.7053687013817405, 0.7031564839163204, 0.7115442935250632, 0.7617697701639928, 0.7033972674399777, 0.7022199572933342, 0.7008755899774578, 0.7165954855063958, 0.699942700820666, 0.6994152334243469, 0.6995173942219048, 0.7006487435030522, 0.6988199469105031, 0.6965492604456076, 0.6970041168261566, 0.6975469889593605, 0.6964444442770872, 0.6961175661534961, 0.695319854556452, 0.6955741967007526, 0.706591755941509, 0.6995558571302426, 0.6955079972409598, 0.7034080745111222, 0.6952504035880107, 0.694592345296039, 0.6935804810689075, 0.6953651571436623, 0.6945828039305119, 0.6930740161395704]",fixed_epoch_budget_completed,No tolerance-based convergence claim; epochs selected by inner validation,1,"[{""category"": ""ConvergenceWarning"", ""message"": ""Stochastic Optimizer: Maximum iterations (100) reached and the optimization hasn't converged yet.""}]",162,12545,0.4965355419990374,mlp__context_diet_labels,5,3,1.0,inner,"{""alpha"": 1.0, ""epochs"": 100, ""hidden_layer_sizes"": [64, 32]}",2689
100,100,1.1911736334209575,0.31364049884872874,0.31364049884872874,-0.004957292284849368,"[1.1911736334209575, 1.0811269688158007, 1.0063718685031755, 0.9358975488167075, 0.8833712499340706, 0.842825923066024, 0.8076608002978174, 0.7823354075277941, 0.7579552485059543, 0.7369307303019232, 0.7169255516488213, 0.7105636980524155, 0.6901617802083112, 0.6713698956293009, 0.6603104320122269, 0.6446041539015259, 0.6365031925281842, 0.6244888461995863, 0.6108221163180773, 0.5989575238198294, 0.584933150590625, 0.5796855247477721, 0.5683404136623565, 0.5475202794849778, 0.5456661943518634, 0.5332633574352083, 0.5125129990694353, 0.5096073947230397, 0.49657297993681004, 0.4840475544320667, 0.47315741556976404, 0.4610370273272731, 0.45268361547838065, 0.44935356603057086, 0.44022736117882744, 0.4358163631408852, 0.4267755280191509, 0.42350337250995446, 0.4156038983141701, 0.40910714215470584, 0.4099791264143432, 0.40448687448217235, 0.3933159056749624, 0.3881639890331003, 0.39872657747350826, 0.39279005014932794, 0.38643450599352747, 0.3780119126744965, 0.37498832814250793, 0.3732860833494011, 0.37330417205848904, 0.3683832487925334, 0.36291581110523297, 0.3643451117828752, 0.36004942526164646, 0.36451406779997064, 0.3554350022359968, 0.35254574647616577, 0.3554451360301551, 0.35238399255638136, 0.34948213138319784, 0.3450996671875221, 0.3451512219666505, 0.3471014907791719, 0.3416465587335783, 0.33951927599765397, 0.3370595038031913, 0.33820324462683765, 0.33424221991327624, 0.33699042959405695, 0.3341938042243225, 0.3311089671785793, 0.33015922275789644, 0.33227390310409616, 0.3305455336976014, 0.3304193056149704, 0.3334852577151988, 0.32888246029994855, 0.3251557443258098, 0.3252158998126443, 0.32242508622819477, 0.32353263765215534, 0.32457385960574864, 0.32300146566813503, 0.3193682407167717, 0.3231049817586424, 0.32171090979427397, 0.32186961006364656, 0.318747112102796, 0.3185977911335781, 0.31701458782869113, 0.3156926028892794, 0.3147561432573769, 0.3171487922674263, 0.31826989132783556, 0.319161219918206, 0.31888790707043413, 0.3157376742277639, 0.31531665650686386, 0.31364049884872874]",fixed_epoch_budget_completed,No tolerance-based convergence claim; epochs selected by inner validation,1,"[{""category"": ""ConvergenceWarning"", ""message"": ""Stochastic Optimizer: Maximum iterations (100) reached and the optimization hasn't converged yet.""}]",161,12481,0.493858875001024,mlp__context_diet_labels,5,3,2.0,inner,"{""alpha"": 1.0, ""epochs"": 100, ""hidden_layer_sizes"": [64, 32]}",2684
100,100,1.217934498056784,0.6932341348833657,0.692647055163524,-0.0005950717998157717,"[1.217934498056784, 1.1212326436574926, 1.0702652986950922, 1.0494662410430362, 0.9575464455621794, 1.1022095172066602, 0.9019593908864497, 0.8993893029604024, 0.8778810622978637, 0.9165411201850873, 0.8392810202165285, 1.0126546292946732, 0.8754832933916766, 0.8084223077931371, 0.8208619427026571, 0.7791414450329004, 0.7959113570781196, 0.7649932445832054, 0.7572044956903217, 0.7560986255828241, 0.7506908088931167, 0.7597973453392833, 0.7855509472850595, 0.7436783802023954, 0.7416533351332435, 0.7429391623555893, 0.7712232085191695, 0.7355999458202916, 0.7241006896141681, 0.7244079884892448, 0.7193185352480602, 0.7251114364409675, 0.7188875188976626, 0.7148543185094131, 0.7108341010234274, 0.7118613931162003, 0.790594779348006, 0.7139135899929837, 0.7127687724248573, 0.7123832686550668, 0.7104518784418088, 0.7105727663118185, 0.7071834600843238, 0.711981696314413, 0.7278923771374202, 0.702692287347741, 0.7291524780654828, 0.7089685752957448, 0.700210654062681, 0.698004008453287, 0.6974190999398948, 0.6995516699903869, 0.6986926350410944, 0.6972180639582145, 0.7007644403602267, 0.6991007507466983, 0.6967851821743379, 0.6973819382579636, 0.9108702922971675, 0.7012095234846222, 0.703117164948002, 0.7020147375713631, 0.7012412405600891, 0.6998186186367951, 0.6975060477313106, 0.6966701489969995, 0.6958636130114463, 0.6955926841557224, 0.6959778693067514, 0.6959561543979278, 0.695451605049586, 0.6948660753936086, 0.6945999489197072, 0.694788865836351, 0.6942881180770561, 0.6940596754170639, 0.6955720014791061, 0.7029376510839386, 0.6934932056218626, 0.6931020280035023, 0.6936072269099782, 0.6937888702565935, 0.6927549676439217, 0.6929147927546326, 0.693559262055532, 0.6932062243253941, 0.6928308784307268, 0.692647055163524, 0.6928822733806385, 0.6938292066831815, 0.6935272971649473, 0.6932467980090566, 0.6931456402301327, 0.6934724423405342, 0.6928178751426273, 0.6932489957812072, 0.6930123086588332, 0.6933641740745655, 0.7011279578062144, 0.6932341348833657]",fixed_epoch_budget_completed,No tolerance-based convergence claim; epochs selected by inner validation,1,"[{""category"": ""ConvergenceWarning"", ""message"": ""Stochastic Optimizer: Maximum iterations (100) reached and the optimization hasn't converged yet.""}]",162,12545,0.48668662500131177,mlp__context_diet_labels,5,3,3.0,inner,"{""alpha"": 1.0, ""epochs"": 100, ""hidden_layer_sizes"": [64, 32]}",2689
100,100,5.577068933587442,0.737515723915005,0.737515723915005,-0.030310957775208425,"[5.577068933587442, 4.580437772256, 3.9833063331994967, 4.269552592417973, 9.46583253298406, 3.516263720491586, 2.9800188370450824, 3.1701937724757556, 2.6399888526756903, 2.832341443873901, 3.198242398280081, 2.6249428148596237, 4.129065700894118, 2.414314125867821, 2.3644398812277494, 2.5766644481927896, 4.77646753634599, 2.1589994519216202, 2.0643413179286787, 2.700781921664429, 5.583259646385597, 1.6484012294274977, 1.5141743723309877, 1.9597773546274915, 1.587243268994102, 1.3789647056231267, 1.7164957200075415, 1.3745965406111726, 1.377785632329558, 1.3501247347399035, 1.600070913193178, 1.734789464848198, 1.2815519938129856, 3.184968693959208, 1.1375816489454296, 1.105616274465172, 1.0740378981842547, 1.4224616224827036, 1.0430636273275424, 1.035177129104665, 1.0275372713674125, 1.3212107482652535, 1.0031852055380885, 0.993015915284855, 1.4907758808831875, 0.9653800224896534, 0.9926612984648113, 0.9491777895730179, 0.964246593220367, 0.941207451852157, 1.032039861121859, 0.9676363859926312, 0.9523619528934586, 0.9078739279045958, 0.9043772510476739, 0.9008030848483566, 0.9113427150206213, 0.9174011479704282, 0.9163764063884243, 0.9021277515373267, 0.9148853585052654, 0.9267136641636367, 0.9271037352292034, 0.908353289535668, 0.9040478073295124, 0.8826295118705616, 0.9768890357497553, 0.8644899417837352, 0.8625321211754875, 0.8590057261798999, 0.8862365469108727, 0.8619111539960681, 0.9224324266392754, 1.2945270743675987, 0.8242809234566909, 0.7988465123731019, 0.7903561359681708, 0.9101834710730106, 0.7905762999231307, 0.7855464509042752, 0.7831084634101804, 0.7960659980496557, 0.7814912902642877, 0.7698031713817198, 0.7748440996468032, 0.7720559840591971, 0.7667066531185722, 0.768182612508134, 0.7673688425499975, 0.7678266816902134, 0.8440471579154972, 0.7866543279602604, 0.7562570234788929, 0.813745332177212, 0.7460221788847112, 0.744027761615345, 0.7410097353459716, 0.7541076054708966, 0.7486631263940616, 0.737515723915005]",fixed_epoch_budget_completed,No tolerance-based convergence claim; epochs selected by inner validation,1,"[{""category"": ""ConvergenceWarning"", ""message"": ""Stochastic Optimizer: Maximum iterations (100) reached and the optimization hasn't converged yet.""}]",162,12545,0.49068474999512546,mlp__context_diet_labels,5,4,1.0,inner,"{""alpha"": 10.0, ""epochs"": 100, ""hidden_layer_sizes"": [64, 32]}",2689
100,100,5.304940308396236,0.6892289416530331,0.6888408168459434,-0.0005153358547610454,"[5.304940308396236, 3.9609203292026725, 2.9908472669695927, 2.275747320110591, 1.7837486523178951, 1.4475443378166488, 1.2133960440337614, 1.0560807296162809, 0.941529186235204, 0.864085455721948, 0.8120009217019026, 0.7769753000530372, 0.7533537740689642, 0.7356135937415299, 0.7236258308846918, 0.7155667440150567, 0.709777824963011, 0.7056232330207208, 0.7017775050816162, 0.6987281515856404, 0.6976733164583268, 0.6952517074918259, 0.6940076660045994, 0.6931502028878144, 0.692705319788811, 0.6919267560844926, 0.6910686906217289, 0.6911554131559546, 0.6906714898263846, 0.69055065108046, 0.6906017797004647, 0.6903548079252363, 0.6895593205900196, 0.6899503719445713, 0.6898473540134153, 0.6899321991115733, 0.6894739452947845, 0.6899585636407459, 0.6895865685140582, 0.6899392858736485, 0.6895872123710259, 0.6898186987011627, 0.6895090134363584, 0.6892906570493392, 0.6892113499545661, 0.6895572839016707, 0.6895252427556179, 0.6898336071435323, 0.6899383925225112, 0.6892597338278622, 0.689085947677897, 0.6892140822283326, 0.6891132389975523, 0.689364115397664, 0.6893773681844677, 0.6894774468590089, 0.6892476668290691, 0.6894806406576394, 0.6895491460110389, 0.6892849808773528, 0.6894333169808227, 0.6891342226855247, 0.6898941927632594, 0.689065947470297, 0.6893852983093656, 0.6895777253853222, 0.6895241963476982, 0.6897683635007978, 0.6898129609276767, 0.6890469457921564, 0.6896324858579503, 0.6894569825456064, 0.6894216488459132, 0.6903148249458626, 0.6898485549386862, 0.6896169510755145, 0.6894621196896478, 0.6894725781148263, 0.6889635941180726, 0.6899083026686172, 0.6893083626368237, 0.6888408168459434, 0.6895441548276577, 0.6893623304525631, 0.6888828109646314, 0.689968913178763, 0.689236571198982, 0.6892905405597607, 0.6896795965144944, 0.6897442775077941, 0.6892740155104538, 0.6895322706224268, 0.6891032254038492, 0.689120777012033, 0.689609963353164, 0.6895476740511196, 0.6895822324696524, 0.689649333208462, 0.689354514701111, 0.6892289416530331]",fixed_epoch_budget_completed,No tolerance-based convergence claim; epochs selected by inner validation,1,"[{""category"": ""ConvergenceWarning"", ""message"": ""Stochastic Optimizer: Maximum iterations (100) reached and the optimization hasn't converged yet.""}]",161,12481,0.459358041996893,mlp__context_diet_labels,5,4,2.0,inner,"{""alpha"": 10.0, ""epochs"": 100, ""hidden_layer_sizes"": [64, 32]}",2684
100,100,5.571438173487162,0.7029818346617416,0.7006621196814483,-0.0030434119474279653,"[5.571438173487162, 4.562852365968946, 4.180446086729157, 3.990858292829271, 3.22627575443161, 4.3697264510856275, 2.716283135256376, 2.668664695543494, 2.495750439300284, 2.7925168138907117, 2.1640370929197212, 3.519532254938031, 2.366882286473113, 1.803354943938561, 1.8843495121785423, 1.5512985965378416, 1.688289452231415, 1.4517051223717543, 1.3950331195622914, 1.3955151912400223, 1.365209159728336, 1.443012249303897, 1.639211816813212, 1.2903227830803319, 1.2486199715460657, 1.2679343633245468, 1.4776943563566314, 1.1772440866380323, 1.0666369520118368, 1.0810153555442235, 1.043660870035721, 1.0963635432462913, 1.0459319477666469, 1.0246868016285147, 0.9962875824142471, 1.0162108639589493, 1.5728310099910474, 0.921525175863555, 0.8676498120801793, 0.868794249309283, 0.8610546866471849, 0.8658983079148479, 0.8444883758670154, 0.8927142911842751, 0.9979369079052127, 0.8088494936722744, 0.9814014557918592, 0.8296806242520649, 0.7649752275273313, 0.7494658605221152, 0.7452068612844874, 0.7603085750241736, 0.7527296713811947, 0.7424250561969995, 0.7649034467437421, 0.7557726558420667, 0.7373599998718424, 0.738677024115394, 2.1545949573984307, 0.7356880998932656, 0.7499159199538934, 0.7522866070743868, 0.7499446575308156, 0.7406291716642527, 0.7257824853668873, 0.7221618991070451, 0.7203531311154011, 0.7197497682186851, 0.7228029970789841, 0.7211107749195483, 0.7172139939132263, 0.7147798688093948, 0.7134619193982681, 0.7140876103180486, 0.7125114297775127, 0.7125619489528393, 0.7208302922103894, 0.7667060562326746, 0.7037333695026801, 0.7023115860617242, 0.7043252576692451, 0.7047377603489553, 0.7013292649565537, 0.7017302616972818, 0.7041369092548815, 0.7014236526966707, 0.7009980638606186, 0.700833718845673, 0.7014732533922229, 0.7060252466091695, 0.7052120339116262, 0.7023772533855128, 0.7008593090336951, 0.7035568626569233, 0.7015686822162348, 0.7037618542042648, 0.7006621196814483, 0.702024107794176, 0.7474887151720039, 0.7029818346617416]",fixed_epoch_budget_completed,No tolerance-based convergence claim; epochs selected by inner validation,1,"[{""category"": ""ConvergenceWarning"", ""message"": ""Stochastic Optimizer: Maximum iterations (100) reached and the optimization hasn't converged yet.""}]",162,12545,0.4860989999942831,mlp__context_diet_labels,5,4,3.0,inner,"{""alpha"": 10.0, ""epochs"": 100, ""hidden_layer_sizes"": [64, 32]}",2689
250,250,5.577068933587442,0.6894290418201257,0.6881768904104595,0.001252151409666169,"[5.577068933587442, 4.580437772256, 3.9833063331994967, 4.269552592417973, 9.46583253298406, 3.516263720491586, 2.9800188370450824, 3.1701937724757556, 2.6399888526756903, 2.832341443873901, 3.198242398280081, 2.6249428148596237, 4.129065700894118, 2.414314125867821, 2.3644398812277494, 2.5766644481927896, 4.77646753634599, 2.1589994519216202, 2.0643413179286787, 2.700781921664429, 5.583259646385597, 1.6484012294274977, 1.5141743723309877, 1.9597773546274915, 1.587243268994102, 1.3789647056231267, 1.7164957200075415, 1.3745965406111726, 1.377785632329558, 1.3501247347399035, 1.600070913193178, 1.734789464848198, 1.2815519938129856, 3.184968693959208, 1.1375816489454296, 1.105616274465172, 1.0740378981842547, 1.4224616224827036, 1.0430636273275424, 1.035177129104665, 1.0275372713674125, 1.3212107482652535, 1.0031852055380885, 0.993015915284855, 1.4907758808831875, 0.9653800224896534, 0.9926612984648113, 0.9491777895730179, 0.964246593220367, 0.941207451852157, 1.032039861121859, 0.9676363859926312, 0.9523619528934586, 0.9078739279045958, 0.9043772510476739, 0.9008030848483566, 0.9113427150206213, 0.9174011479704282, 0.9163764063884243, 0.9021277515373267, 0.9148853585052654, 0.9267136641636367, 0.9271037352292034, 0.908353289535668, 0.9040478073295124, 0.8826295118705616, 0.9768890357497553, 0.8644899417837352, 0.8625321211754875, 0.8590057261798999, 0.8862365469108727, 0.8619111539960681, 0.9224324266392754, 1.2945270743675987, 0.8242809234566909, 0.7988465123731019, 0.7903561359681708, 0.9101834710730106, 0.7905762999231307, 0.7855464509042752, 0.7831084634101804, 0.7960659980496557, 0.7814912902642877, 0.7698031713817198, 0.7748440996468032, 0.7720559840591971, 0.7667066531185722, 0.768182612508134, 0.7673688425499975, 0.7678266816902134, 0.8440471579154972, 0.7866543279602604, 0.7562570234788929, 0.813745332177212, 0.7460221788847112, 0.744027761615345, 0.7410097353459716, 0.7541076054708966, 0.7486631263940616, 0.737515723915005, 0.7482886024703137, 0.745744213682657, 0.732601273022963, 0.7348412912418558, 0.7375988243986066, 0.7306606290515039, 0.7293245771502634, 0.7305106872661729, 0.7496019500649581, 0.7276539328590536, 0.7268944192929395, 0.7320097703457785, 0.8030129258335647, 0.7293454521987908, 0.7192665461581459, 0.7229190262221772, 0.7129837707806012, 0.7135764243273257, 0.7723801654344247, 0.7147311805630033, 0.7284214248117831, 0.7051051838439014, 0.7037405328460524, 0.7005430292658662, 0.7017545886595185, 0.7004487228577767, 0.6995833935221868, 0.6997083087580893, 0.7026045396146043, 0.7001645833401292, 0.6974601028367904, 0.6969134469912576, 0.7028721675467119, 0.6955015110895982, 0.6959811816556272, 0.6954207898005177, 0.6959925399940922, 0.6960158265016647, 0.695587615057251, 0.6948721035050216, 0.6946008191528159, 0.6950758990731755, 0.6979830768850382, 0.6947504656861779, 0.6946738508835082, 0.6946256419279262, 0.6951879742535163, 0.6956484788571504, 0.6938399596519307, 0.6935725044972053, 0.6945401123293432, 0.6942413708014794, 0.6951212769049369, 0.6953496380136358, 0.6927963241177101, 0.6932717740117376, 0.6952094503471473, 0.6938664589800422, 0.6926522271863248, 0.6931845801580406, 0.692064692348332, 0.6925122143814985, 0.6929628742831722, 0.6968194338534494, 0.6924967143812341, 0.6929426286720236, 0.6920988076827074, 0.6922458929280499, 0.6924990768275194, 0.6921634615650055, 0.6927561743057564, 0.6913205351217558, 0.692211058836315, 0.6915613998481316, 0.6917053191462128, 0.690734425416136, 0.6912040472419229, 0.6911846039605997, 0.6920129717594805, 0.6928141544667342, 0.6908397767953762, 0.690276637345649, 0.69184974680047, 0.6909728476585851, 0.6910231145388439, 0.6908591444124563, 0.6906764171613344, 0.690130493882117, 0.6910324081557386, 0.6909109956266659, 0.6912316810249844, 0.6905429802007529, 0.6899072826512533, 0.6901038843633331, 0.6918067888688124, 0.690610865694204, 0.6905554590306819, 0.6899806580835176, 0.6916879576104984, 0.6887424974762923, 0.6885828327678589, 0.6902886975224646, 0.6896920968442941, 0.6899537998527403, 0.689581154109755, 0.6892078780364285, 0.6891608503558287, 0.6891861845307624, 0.689931552074087, 0.6900573822360312, 0.6895843790153161, 0.6909510880879111, 0.6895228720244686, 0.6892165189796193, 0.6892295658557182, 0.6897512145316351, 0.6888452363664063, 0.6888592170282806, 0.6882743069769279, 0.6889240426896104, 0.6887191487016731, 0.6883263872892968, 0.6890263996581947, 0.6882160072426292, 0.6889762945389635, 0.6882191485590966, 0.6891353561401938, 0.6885335780827471, 0.6889945054131327, 0.6890292086875272, 0.6891695398135937, 0.6889836743977905, 0.6901919825574467, 0.6916878868764089, 0.6941471781676297, 0.6930391612521432, 0.6900964982238523, 0.6894522145522615, 0.6883271546714629, 0.6881768904104595, 0.6897605805635296, 0.6923013332689735, 0.6931376589950907, 0.6986999726458307, 0.6927240473415932, 0.697476566461145, 0.6939464305799263, 0.6921205335798987, 0.6898882717756242, 0.6894290418201257]",fixed_epoch_budget_completed,No tolerance-based convergence claim; epochs selected by inner validation,1,"[{""category"": ""ConvergenceWarning"", ""message"": ""Stochastic Optimizer: Maximum iterations (250) reached and the optimization hasn't converged yet.""}]",162,12545,1.1842028339960962,mlp__context_diet_labels,5,5,1.0,inner,"{""alpha"": 10.0, ""epochs"": 250, ""hidden_layer_sizes"": [64, 32]}",2689
250,250,5.304940308396236,0.6894419380184769,0.6882501328719823,-0.0002249042534894219,"[5.304940308396236, 3.9609203292026725, 2.9908472669695927, 2.275747320110591, 1.7837486523178951, 1.4475443378166488, 1.2133960440337614, 1.0560807296162809, 0.941529186235204, 0.864085455721948, 0.8120009217019026, 0.7769753000530372, 0.7533537740689642, 0.7356135937415299, 0.7236258308846918, 0.7155667440150567, 0.709777824963011, 0.7056232330207208, 0.7017775050816162, 0.6987281515856404, 0.6976733164583268, 0.6952517074918259, 0.6940076660045994, 0.6931502028878144, 0.692705319788811, 0.6919267560844926, 0.6910686906217289, 0.6911554131559546, 0.6906714898263846, 0.69055065108046, 0.6906017797004647, 0.6903548079252363, 0.6895593205900196, 0.6899503719445713, 0.6898473540134153, 0.6899321991115733, 0.6894739452947845, 0.6899585636407459, 0.6895865685140582, 0.6899392858736485, 0.6895872123710259, 0.6898186987011627, 0.6895090134363584, 0.6892906570493392, 0.6892113499545661, 0.6895572839016707, 0.6895252427556179, 0.6898336071435323, 0.6899383925225112, 0.6892597338278622, 0.689085947677897, 0.6892140822283326, 0.6891132389975523, 0.689364115397664, 0.6893773681844677, 0.6894774468590089, 0.6892476668290691, 0.6894806406576394, 0.6895491460110389, 0.6892849808773528, 0.6894333169808227, 0.6891342226855247, 0.6898941927632594, 0.689065947470297, 0.6893852983093656, 0.6895777253853222, 0.6895241963476982, 0.6897683635007978, 0.6898129609276767, 0.6890469457921564, 0.6896324858579503, 0.6894569825456064, 0.6894216488459132, 0.6903148249458626, 0.6898485549386862, 0.6896169510755145, 0.6894621196896478, 0.6894725781148263, 0.6889635941180726, 0.6899083026686172, 0.6893083626368237, 0.6888408168459434, 0.6895441548276577, 0.6893623304525631, 0.6888828109646314, 0.689968913178763, 0.689236571198982, 0.6892905405597607, 0.6896795965144944, 0.6897442775077941, 0.6892740155104538, 0.6895322706224268, 0.6891032254038492, 0.689120777012033, 0.689609963353164, 0.6895476740511196, 0.6895822324696524, 0.689649333208462, 0.689354514701111, 0.6892289416530331, 0.6899285022161847, 0.6895566280584099, 0.6895151108911343, 0.6892675729300247, 0.6891176214286431, 0.6895113903462844, 0.6894616489288924, 0.6894150913198348, 0.6893075184018895, 0.6893272068214994, 0.6889765822435588, 0.6889077055105405, 0.6895089983383108, 0.6898507079693661, 0.6891710266172255, 0.6892972703676772, 0.6892704397190444, 0.6900260497125799, 0.6892024827808211, 0.6891088954409459, 0.6888061147623549, 0.6893949791480757, 0.6896213417760099, 0.6897740983831618, 0.6894206222209501, 0.689859522991846, 0.6893504692155792, 0.689011203455434, 0.6890990885289313, 0.6889349112767499, 0.6892738230495143, 0.6893731701111655, 0.6897028483631107, 0.6890787675859422, 0.6889544623981176, 0.6893356966569192, 0.6887656143914564, 0.6887647486077535, 0.6893291223137581, 0.6888173991874771, 0.6898283003555709, 0.6893099135182937, 0.6893011256420039, 0.6891571534429664, 0.6890474220677414, 0.6892763457485592, 0.6893660271782572, 0.6890966882488267, 0.6899040826060866, 0.6890556222565271, 0.6890146683140972, 0.6894200361583023, 0.6895099556848725, 0.6889968888250793, 0.6892005966191954, 0.6889379354963876, 0.6894087086515412, 0.6896759881627432, 0.6890060799383618, 0.6900000362052895, 0.6896549251918289, 0.6891205702064922, 0.6891108731068214, 0.6896053050434897, 0.6894856157489685, 0.6894108825536645, 0.6895969150023724, 0.6898881817033284, 0.6895096348074684, 0.6893673601881114, 0.6896342252935131, 0.6894373781151707, 0.6892701569970978, 0.6888266612999203, 0.6894800915497917, 0.6894161297507148, 0.6892729247002982, 0.6893122693793047, 0.6889790434376273, 0.6885859537472733, 0.6887554298868969, 0.689598265206498, 0.6893937360560466, 0.689727817411129, 0.6886288163900818, 0.6888840957161334, 0.6896246725850823, 0.6892758436807153, 0.6891947379450546, 0.6896390596602594, 0.6892815011692368, 0.6897052254312166, 0.6897923326169534, 0.6894481084357437, 0.6893676816935689, 0.6896580703828961, 0.6889171189209159, 0.6894193019886207, 0.6892626039763581, 0.6896113827525809, 0.6896226906403562, 0.6895166589976636, 0.6892573974269666, 0.6889246709724337, 0.6893033804325044, 0.6892574058918248, 0.6898761817185, 0.6882501328719823, 0.688824210331354, 0.6892052377693111, 0.6894062899937505, 0.6897540432449019, 0.6891826035624498, 0.6889061977543686, 0.6891007062857144, 0.6895205260211299, 0.6895646878396025, 0.68955994027272, 0.6892623407866582, 0.6896854932665901, 0.6888914969725309, 0.6886354648153177, 0.6896249513139662, 0.689080870808644, 0.6895881594763952, 0.6892035719329752, 0.6893430088140922, 0.6892572460283093, 0.6894775304557531, 0.6889743272948876, 0.6892353432650797, 0.6891233033682538, 0.688822085381461, 0.6892592277841151, 0.6891060929302956, 0.6891828537981465, 0.6887998590818367, 0.6889566902111666, 0.6888212488090195, 0.6896668422719663, 0.6888589180256931, 0.6898750389383603, 0.6884834934926973, 0.689346819701828, 0.689118277245259, 0.6892826624923702, 0.6887424535003212, 0.6896173044927306, 0.6893081514773344, 0.6894419380184769]",fixed_epoch_budget_completed,No tolerance-based convergence claim; epochs selected by inner validation,1,"[{""category"": ""ConvergenceWarning"", ""message"": ""Stochastic Optimizer: Maximum iterations (250) reached and the optimization hasn't converged yet.""}]",161,12481,1.1469271250025486,mlp__context_diet_labels,5,5,2.0,inner,"{""alpha"": 10.0, ""epochs"": 250, ""hidden_layer_sizes"": [64, 32]}",2684
250,250,5.571438173487162,0.7127366569319286,0.6926331688348372,0.019019002061455792,"[5.571438173487162, 4.562852365968946, 4.180446086729157, 3.990858292829271, 3.22627575443161, 4.3697264510856275, 2.716283135256376, 2.668664695543494, 2.495750439300284, 2.7925168138907117, 2.1640370929197212, 3.519532254938031, 2.366882286473113, 1.803354943938561, 1.8843495121785423, 1.5512985965378416, 1.688289452231415, 1.4517051223717543, 1.3950331195622914, 1.3955151912400223, 1.365209159728336, 1.443012249303897, 1.639211816813212, 1.2903227830803319, 1.2486199715460657, 1.2679343633245468, 1.4776943563566314, 1.1772440866380323, 1.0666369520118368, 1.0810153555442235, 1.043660870035721, 1.0963635432462913, 1.0459319477666469, 1.0246868016285147, 0.9962875824142471, 1.0162108639589493, 1.5728310099910474, 0.921525175863555, 0.8676498120801793, 0.868794249309283, 0.8610546866471849, 0.8658983079148479, 0.8444883758670154, 0.8927142911842751, 0.9979369079052127, 0.8088494936722744, 0.9814014557918592, 0.8296806242520649, 0.7649752275273313, 0.7494658605221152, 0.7452068612844874, 0.7603085750241736, 0.7527296713811947, 0.7424250561969995, 0.7649034467437421, 0.7557726558420667, 0.7373599998718424, 0.738677024115394, 2.1545949573984307, 0.7356880998932656, 0.7499159199538934, 0.7522866070743868, 0.7499446575308156, 0.7406291716642527, 0.7257824853668873, 0.7221618991070451, 0.7203531311154011, 0.7197497682186851, 0.7228029970789841, 0.7211107749195483, 0.7172139939132263, 0.7147798688093948, 0.7134619193982681, 0.7140876103180486, 0.7125114297775127, 0.7125619489528393, 0.7208302922103894, 0.7667060562326746, 0.7037333695026801, 0.7023115860617242, 0.7043252576692451, 0.7047377603489553, 0.7013292649565537, 0.7017302616972818, 0.7041369092548815, 0.7014236526966707, 0.7009980638606186, 0.700833718845673, 0.7014732533922229, 0.7060252466091695, 0.7052120339116262, 0.7023772533855128, 0.7008593090336951, 0.7035568626569233, 0.7015686822162348, 0.7037618542042648, 0.7006621196814483, 0.702024107794176, 0.7474887151720039, 0.7029818346617416, 0.7152439472969865, 0.7009573514775912, 0.7014924124666746, 0.7000897768049241, 0.6987992444799299, 0.7016106132406533, 0.6986653120425506, 0.6994775501240248, 0.6984328788034941, 0.7026144687159654, 0.6981264850421396, 0.6978937819031612, 0.6980672506944903, 0.6988220509524599, 0.6979269074466722, 0.6981941953332448, 0.6989934655827849, 0.6982849801051453, 0.6978676115592936, 0.6978429045880084, 0.6984744956117678, 0.6981325716676284, 0.6984978006715162, 0.6976605151649449, 0.698089199744554, 0.7057011998442775, 0.6978705137555432, 0.717532553676282, 0.6983035004853947, 0.6970583223721911, 0.6973258684168283, 0.6972825674591785, 0.6977054903512221, 0.700573483128836, 0.697315971762535, 0.6978516316793736, 0.6990061568819355, 0.6977579438224311, 0.6970847745477481, 0.696671224083065, 0.6996768526050043, 0.6985433435674846, 0.696837294580556, 0.6969615758827231, 0.6970303271887651, 0.697460726485515, 0.7043920016932653, 0.7036242106580484, 0.6995888360218632, 0.7012083015389914, 0.6983508412047694, 0.6968179549475528, 0.6983249909409986, 0.6984216647197341, 0.6994419756451137, 0.7071166624243942, 0.7026438006930277, 0.7022960990115504, 0.6977277460254072, 0.6970435772167285, 0.6962270158741802, 0.6967051882891246, 0.6961360324136544, 0.6973903913768957, 0.6986491927762348, 0.6994290233775712, 0.7059954379647803, 0.7020811962279662, 0.6990809091696075, 0.6960522113098434, 0.697084825132621, 0.6953854393368737, 0.6955108588477026, 0.6954355045715237, 0.6952982920832231, 0.6953994907977094, 0.6951080665698683, 0.6951061551660529, 0.6953429398508701, 0.697479983746785, 0.6965565407080865, 0.6951741448689231, 0.6952230661777918, 0.6949901196064112, 0.6954513627069809, 0.6983548687385587, 0.6955239668504878, 0.6949971035877862, 0.695279873163678, 0.694434532198549, 0.6947518190566602, 0.6948690060212387, 0.6944119565423789, 0.6946020591670576, 0.6945950714391721, 0.6945938789018887, 0.694663493928499, 0.6944193924938145, 0.694597854496254, 0.6948047475861187, 0.6940700216370663, 0.6969155015189812, 0.694000332123856, 0.694048714655435, 0.6946449905798358, 0.6967142997946292, 0.6944995355125926, 0.6949548431721788, 0.6935352529046527, 0.6937341373308091, 0.6942872791945753, 0.6940872099812135, 0.6949341182942562, 0.6937628389534776, 0.6939282584829719, 0.6936136822459231, 0.6943557872718258, 0.6945066334747385, 0.6941454050270259, 0.6938256104182406, 0.6948012549250026, 0.6944447225311973, 0.6941235550044987, 0.6944071168724087, 0.6935554740177796, 0.6938903952262756, 0.6931757346501286, 0.6931904369964769, 0.6936946605391497, 0.6932907114935725, 0.6933945236280179, 0.6937228543522701, 0.6942802707899193, 0.6937916311495979, 0.6926331688348372, 0.6941313725773349, 0.6948960201270192, 0.6943278614572825, 0.6940257291563467, 0.6937176548704728, 0.6933602189875575, 0.6935495409313956, 0.694076074572302, 0.6949675824725626, 0.6979995464824247, 0.6967237987840639, 0.7002447363114002, 0.7035757812190383, 0.703183834851418, 0.7127366569319286]",fixed_epoch_budget_completed,No tolerance-based convergence claim; epochs selected by inner validation,1,"[{""category"": ""ConvergenceWarning"", ""message"": ""Stochastic Optimizer: Maximum iterations (250) reached and the optimization hasn't converged yet.""}]",162,12545,1.1822417910007061,mlp__context_diet_labels,5,5,3.0,inner,"{""alpha"": 10.0, ""epochs"": 250, ""hidden_layer_sizes"": [64, 32]}",2689
100,100,5.14877318194964,0.6898900927543232,0.6894928986481014,-1.8723449178192908e-05,"[5.14877318194964, 3.3655238575780997, 2.2470645405364267, 1.5888957331921814, 1.217202920507396, 1.00825079944331, 0.8814089125785217, 0.8083141871911712, 0.7684142787196779, 0.7423297696203298, 0.7268889647524598, 0.7178523370012838, 0.7110093310163637, 0.7071686169926729, 0.703893690663537, 0.7016207539536505, 0.7002917712503992, 0.6986639591196241, 0.6973375285325729, 0.6964217225021557, 0.6955077622317127, 0.6955315849154932, 0.6947420313383581, 0.6939236318057515, 0.6936664508613981, 0.6934951278563318, 0.6929749693786692, 0.6923155648551694, 0.6928789483697244, 0.6922489824667745, 0.6922301532906475, 0.6923026199271045, 0.6914703458655823, 0.6915937665886049, 0.6916484877857739, 0.6912082842167787, 0.6912244436119487, 0.6909507241615204, 0.6913993011294276, 0.6913169682236745, 0.6917115191782149, 0.6911624958391112, 0.6910488251565123, 0.6908196833744457, 0.6910201389867845, 0.6905881664203452, 0.6910893818533052, 0.6906472862661469, 0.6909290300848712, 0.6908181022254011, 0.6906048864843934, 0.6904205835465933, 0.6905179956686569, 0.690853520982556, 0.6902873264228284, 0.6903535349069849, 0.6906449388201799, 0.6904112796942494, 0.6905842722016655, 0.6903070880401082, 0.6902194302213579, 0.6899970144857318, 0.6900932402535256, 0.690473232780916, 0.6900992678997607, 0.6900921925793854, 0.6902521639708536, 0.6903223104871988, 0.6904062197767206, 0.6901609845453808, 0.6902699213187563, 0.6904332479528816, 0.6904568878733574, 0.6894928986481014, 0.6903305910690609, 0.6903983377011574, 0.6902705315180793, 0.6905903136917307, 0.6902119212596965, 0.6898228110321277, 0.6899211773163109, 0.6905929732102397, 0.6903182733679235, 0.6898304547584072, 0.6897013887208749, 0.6899221021409998, 0.689986343311581, 0.6901525445457399, 0.6902731849429383, 0.6899088162035014, 0.6897734341198788, 0.6898583621124762, 0.6901543264791518, 0.6896522489988098, 0.6900770600791647, 0.6900214625655055, 0.6896236125825362, 0.6900403806825828, 0.6900232706051704, 0.6898900927543232]",fixed_epoch_budget_completed,No tolerance-based convergence claim; epochs selected by inner validation,1,"[{""category"": ""ConvergenceWarning"", ""message"": ""Stochastic Optimizer: Maximum iterations (100) reached and the optimization hasn't converged yet.""}]",162,12545,0.7074420829958399,mlp__context_diet_labels,5,4,,outer,"{""alpha"": 10.0, ""epochs"": 100, ""hidden_layer_sizes"": [64, 32]}",4031
100,100,1.1927128697375384,0.6940179713404665,0.6926240031094169,-0.005811583248382934,"[1.1927128697375384, 1.2858005539419606, 0.9137329127041715, 0.9113311356661725, 0.9324190125517171, 0.9194017161994485, 0.9003873768972621, 0.9154566958901496, 0.8834464784038774, 0.8869623100779198, 0.885968943533397, 0.8811260740315676, 0.87867259578557, 1.043536007727099, 0.9324360420713391, 0.8432670224430242, 0.8382787625061463, 0.8522734336354947, 0.8307802128015948, 0.8346901584114942, 0.8805751373102798, 0.8223174377098288, 0.8270073370900086, 0.8248728539487742, 0.8099731175526842, 1.0672817495549485, 0.7839209935961352, 0.7869734093157492, 0.873091893499469, 0.776389986675091, 0.8245314332574754, 0.7589227825175583, 0.7611209418262538, 0.7489398747903097, 0.7509655634063834, 0.7470935959338463, 0.7848275628303072, 0.8239846774586317, 0.7340178982615999, 0.7404055474526655, 0.7425640088478812, 0.7249664507250425, 0.9404737989790026, 0.7260208056623604, 0.7217967037384146, 0.7172639747125045, 0.7154524324034759, 0.7169801991140593, 0.7289036482372745, 0.7608055750840458, 0.7136416573707143, 0.711030730782988, 0.7254102895164662, 0.7161406901647009, 0.7064138442385015, 0.7054595283563281, 0.7079423665692978, 0.705759174713704, 0.7078196655470789, 0.7026307909712908, 0.704817821780185, 0.7040846805012582, 0.7027325240789114, 0.7030441485486761, 0.7003578343550758, 0.6993594461963291, 0.6995315324525091, 0.8128218614809479, 0.7031909139911491, 0.7086139749473581, 0.7027304085059681, 0.7024802579691506, 0.7021829802318365, 0.7621695765064755, 0.7042181808779472, 0.6980874904482575, 0.697402376683029, 0.6983810044078927, 0.696749469797171, 0.69928470666987, 0.696309340421218, 0.6948737498842396, 0.6947202015056104, 0.6958848529854085, 0.6962263303891773, 0.6946659976961028, 0.6936196561735806, 0.6935146314222717, 0.7030311174032876, 0.6998295545888494, 0.6950753331562584, 0.6969402241955163, 0.6949372531158939, 0.6970737526695249, 0.6940094958649289, 0.6940163957727652, 0.692672459084094, 0.6935272061672244, 0.6926240031094169, 0.6940179713404665]",fixed_epoch_budget_completed,No tolerance-based convergence claim; epochs selected by inner validation,1,"[{""category"": ""ConvergenceWarning"", ""message"": ""Stochastic Optimizer: Maximum iterations (100) reached and the optimization hasn't converged yet.""}]",191,6689,0.37793066699669,mlp__symptoms_diet_labels,1,0,1.0,inner,"{""alpha"": 1.0, ""epochs"": 100, ""hidden_layer_sizes"": [32, 16]}",2689
100,100,0.9935244189944273,0.31653775033196807,0.31653775033196807,-0.005798006008687906,"[0.9935244189944273, 0.9261358755512604, 0.8791757277620887, 0.8408570689207835, 0.8088493743342792, 0.779929915306138, 0.7573900135466585, 0.7358287298314409, 0.7186286536480134, 0.7015841068563393, 0.68894470944005, 0.6823569373698255, 0.6668747462376206, 0.6535418114565286, 0.6469985753129359, 0.6421735130471472, 0.6264278985201327, 0.6186903230855295, 0.6143500141323499, 0.6018127929436896, 0.5938831154798859, 0.5811835946244255, 0.5756017729551948, 0.5663861459499766, 0.5578636342162662, 0.5466647542235183, 0.5437444081552252, 0.5274006700966097, 0.5158307424653109, 0.5119316597069061, 0.4950790947361579, 0.48600160135275045, 0.4761573714818515, 0.4672235116595027, 0.45688927872049917, 0.455313663276174, 0.45099796925179475, 0.44417796109459234, 0.42899920695678806, 0.42793001186076474, 0.41890504094506037, 0.41614071046240725, 0.408381931369882, 0.40596862081319096, 0.40071889615533784, 0.3946009111945949, 0.395067798078649, 0.389429135962229, 0.38306838772492435, 0.3816333969138649, 0.37739259519073515, 0.3803121428848404, 0.3713256673104946, 0.3715163902938845, 0.36913586207036175, 0.36677892566015496, 0.3676911821363294, 0.3666090279453557, 0.35910336799265763, 0.35499423006273123, 0.3610187685390953, 0.3602301347628387, 0.35282738073427444, 0.3519660971939454, 0.352593910721946, 0.346795865212432, 0.3442586118348203, 0.34806679951135994, 0.34078302140988326, 0.34354340544223627, 0.34651139372376133, 0.34969928380478277, 0.3454016607061015, 0.34335518053818875, 0.33529741710527994, 0.33075096987266367, 0.3313796469416837, 0.33203274772327757, 0.33063610391226517, 0.33238953234156854, 0.3297634339689539, 0.32749127981417303, 0.3269480455468906, 0.32727537470537826, 0.33154325511369914, 0.32570353352114867, 0.324332597050306, 0.32738776241172896, 0.3259729115703836, 0.322335756340656, 0.3261698527987456, 0.3255523807510786, 0.32435906689517624, 0.31884433812306845, 0.3213723229337871, 0.3177975937925204, 0.3178263683408428, 0.3196509815567817, 0.318226501134434, 0.31653775033196807]",fixed_epoch_budget_completed,No tolerance-based convergence claim; epochs selected by inner validation,1,"[{""category"": ""ConvergenceWarning"", ""message"": ""Stochastic Optimizer: Maximum iterations (100) reached and the optimization hasn't converged yet.""}]",191,6689,0.3857516249991022,mlp__symptoms_diet_labels,1,0,2.0,inner,"{""alpha"": 1.0, ""epochs"": 100, ""hidden_layer_sizes"": [32, 16]}",2685
100,100,1.0061577806203785,0.32683857167581687,0.3258436345168373,-0.0006861555519341311,"[1.0061577806203785, 0.9225719719147162, 0.8755388666087051, 0.8355402586553469, 0.8041838940966983, 0.7762049270851749, 0.7547626145938483, 0.7370973309710358, 0.7151734683260652, 0.6982797563493327, 0.6854762126503106, 0.6800014729269183, 0.6724055158295891, 0.6559103919598843, 0.6484870682275807, 0.6420164732139265, 0.6280359678468291, 0.6154293095710549, 0.6108295922430517, 0.6054941714238926, 0.5944951766095127, 0.5881046446616002, 0.5789845469065086, 0.5680449789738153, 0.5622460486533746, 0.5517285387732045, 0.5404179752793679, 0.5343035447176301, 0.5286131648842438, 0.5097320868825556, 0.5029192219235673, 0.4954083372009362, 0.49153483463116354, 0.48151938621642393, 0.4731444604688442, 0.4683927763531994, 0.46032915873729363, 0.45668607463397537, 0.457477610904081, 0.4447962840735456, 0.43787915797416443, 0.43915935622396723, 0.42933006451935624, 0.41910467642919635, 0.41290277883212867, 0.41738473625119943, 0.40519760796180543, 0.40018762262134566, 0.39592977543226043, 0.3950277615547928, 0.3983469791971121, 0.38585902061933286, 0.3861602072791097, 0.3825380202883557, 0.3854080364132034, 0.37897594966313536, 0.37563479124092175, 0.37451685886609404, 0.37139385673672526, 0.3672145410315237, 0.3720072595983795, 0.3599644573722052, 0.3583907819281735, 0.36029339836664825, 0.3591291705398745, 0.3617034830259001, 0.355400328276811, 0.35842600234705135, 0.3531620715204235, 0.35099190610549996, 0.357222981466156, 0.3583102705870225, 0.3523927102225586, 0.3474025463858891, 0.34635902345454606, 0.3421376415143726, 0.34189730879038976, 0.346274745242659, 0.3398707495430082, 0.34128141200306605, 0.3345695227095095, 0.3429932868697709, 0.3421372864297048, 0.35044642885073446, 0.33903949187443, 0.3329727344637823, 0.3335455051023443, 0.33213433101999496, 0.33433801480940617, 0.327524727227751, 0.3308861253245995, 0.332447447140574, 0.3288147771516914, 0.33031932219932064, 0.33158087261384406, 0.3258436345168373, 0.33101326470986087, 0.331224862939374, 0.33167673152572047, 0.32683857167581687]",fixed_epoch_budget_completed,No tolerance-based convergence claim; epochs selected by inner validation,1,"[{""category"": ""ConvergenceWarning"", ""message"": ""Stochastic Optimizer: Maximum iterations (100) reached and the optimization hasn't converged yet.""}]",191,6689,0.3947968749998836,mlp__symptoms_diet_labels,1,0,3.0,inner,"{""alpha"": 1.0, ""epochs"": 100, ""hidden_layer_sizes"": [32, 16]}",2686
100,100,5.223790559807033,0.7978823494900176,0.7792119517708745,-0.04270486599957901,"[5.223790559807033, 5.963080403019753, 2.7436096805557395, 2.7155717493149214, 2.9044399377348666, 2.790983574126062, 2.632619190371199, 2.7713703077856158, 2.492570484315431, 2.5326228641832182, 2.530646520768698, 2.497061078660808, 2.4742033073833682, 3.892397673618298, 2.9234866776198882, 2.1398235888250485, 2.0961398277548993, 2.2204513653085876, 2.0463870320171935, 2.081319395615413, 2.470692511758246, 1.979937593767982, 2.0282679123698784, 2.013004924661612, 1.894154391144747, 4.081300278643644, 1.6378585976149358, 1.6368363160153243, 2.364462828943876, 1.5455547950576736, 1.959316548529627, 1.3981450458835878, 1.4231778913692792, 1.312592361651096, 1.3448237963854193, 1.3258471879331812, 1.6559465712269388, 1.9720847331600853, 1.2008872105655535, 1.2353328035783868, 1.270282501776682, 1.1347794524389718, 2.935836033632375, 1.0893059076233815, 1.0242789558487233, 0.9919450983757458, 0.9847287363582544, 1.0057285302129522, 1.1074501039502733, 1.3807235588097952, 0.9731624521084742, 0.9518459534293663, 1.082830643176847, 1.006336130709283, 0.9250555032235529, 0.9136916233871515, 0.9368920068118298, 0.925925147893889, 0.9524570388526429, 0.9072772122992833, 0.9318005883466538, 0.91991867154006, 0.9171655635093386, 0.9206510658619947, 0.9048837322229193, 0.9025401140962347, 0.9019316641063867, 1.850637437789875, 0.8622251985878897, 0.8782641506301877, 0.8377491284194807, 0.8364886209737812, 0.8322431785683705, 1.3468340529877811, 0.8583467374168181, 0.8129335096982999, 0.8062658600847431, 0.8214267148794724, 0.8022349140606069, 0.8238201421036325, 0.8043548040477161, 0.7964938472973004, 0.7968378718954822, 0.8035540152978925, 0.8042344410786612, 0.7969576339722976, 0.7933246552031161, 0.7928302488344966, 0.8767795697335078, 0.8405872154895966, 0.791641582776864, 0.8117748393912904, 0.7918887312122518, 0.8076621973552066, 0.7852538882966792, 0.7891946300502652, 0.7792119517708745, 0.7837754900060366, 0.7803609786638409, 0.7978823494900176]",fixed_epoch_budget_completed,No tolerance-based convergence claim; epochs selected by inner validation,1,"[{""category"": ""ConvergenceWarning"", ""message"": ""Stochastic Optimizer: Maximum iterations (100) reached and the optimization hasn't converged yet.""}]",191,6689,0.39440754099632613,mlp__symptoms_diet_labels,1,1,1.0,inner,"{""alpha"": 10.0, ""epochs"": 100, ""hidden_layer_sizes"": [32, 16]}",2689
100,100,3.403442037089996,0.6881814459714283,0.6873052203220629,-0.00022190049982317994,"[3.403442037089996, 2.6738640705492296, 2.1353993924323587, 1.7566539754564245, 1.474480453246429, 1.2704321101969582, 1.1293718626040017, 1.0267709390409299, 0.9506148000759229, 0.8943663702063743, 0.8529378342455379, 0.8240223072057911, 0.7966001027516093, 0.7757162045658795, 0.7618143889977259, 0.7497668821382791, 0.738926084821271, 0.7318094065441186, 0.72556007894536, 0.7191897752348358, 0.7161052882698526, 0.711843748165448, 0.7091406919210383, 0.7068005113413033, 0.7051750281295689, 0.7042593113789359, 0.7026578735443413, 0.700606446205274, 0.6999013721534708, 0.698960286207981, 0.6979795622951781, 0.6972519104971523, 0.696167461679743, 0.6955337018525849, 0.695360047054995, 0.6943759868764343, 0.6938921176270486, 0.693075659543046, 0.692472926534472, 0.6916189048060428, 0.6921507631357753, 0.6918568547643303, 0.6909678238829989, 0.6905430644742433, 0.6901497129996518, 0.6900234791242124, 0.689802002048781, 0.6904713289631947, 0.6888036939066091, 0.6897805844755429, 0.6887800324965705, 0.6892777247644701, 0.689006507123015, 0.6890976701695186, 0.6887235635203124, 0.6879604760822696, 0.6884667032377478, 0.688366274587117, 0.6873052203220629, 0.6883827619169786, 0.6888321436793485, 0.6880937458007222, 0.6884349610986507, 0.6874313523466811, 0.6883117316898467, 0.688019782416445, 0.6881759249216766, 0.6887261722495265, 0.688826259865608, 0.6877505702939294, 0.6884648633341538, 0.6886545591353478, 0.6894504629429162, 0.6878719617951625, 0.6879970558027447, 0.68813480155191, 0.6885331336822308, 0.6881167081714613, 0.6880040973877143, 0.6890273337924653, 0.6887117065156161, 0.6884856527672301, 0.6881127090046266, 0.6879705868886924, 0.6880504857195676, 0.6880768548590861, 0.688458863035089, 0.6877671297278937, 0.6876106877824134, 0.6884033464712515, 0.6878690759398536, 0.6877533738783752, 0.687864104221344, 0.6880818034939484, 0.6880088349903134, 0.6880744013561554, 0.6878898905325339, 0.6880715153252204, 0.6878710773602014, 0.6881814459714283]",fixed_epoch_budget_completed,No tolerance-based convergence claim; epochs selected by inner validation,1,"[{""category"": ""ConvergenceWarning"", ""message"": ""Stochastic Optimizer: Maximum iterations (100) reached and the optimization hasn't converged yet.""}]",191,6689,0.3782106250000652,mlp__symptoms_diet_labels,1,1,2.0,inner,"{""alpha"": 10.0, ""epochs"": 100, ""hidden_layer_sizes"": [32, 16]}",2685
100,100,3.4449210632798697,0.6907265081697084,0.6905817377430824,-0.0014153536402503608,"[3.4449210632798697, 2.6858120571374933, 2.1580635981505476, 1.765083222468268, 1.4853835920400928, 1.2816788261540029, 1.1423814990125614, 1.034179369442695, 0.9574364477228735, 0.8992010567530455, 0.8577104129481992, 0.8312687951277188, 0.8048086008826066, 0.7845266755249225, 0.7704863672293452, 0.7572474474128685, 0.7463968800736717, 0.7389133617808414, 0.7331336139001603, 0.7286160008220135, 0.7238090507304066, 0.7212402501924244, 0.7177502479907536, 0.7158462037701879, 0.7132927161955369, 0.7127938494637175, 0.7102631939964631, 0.7112736907475035, 0.7093756005311881, 0.7075637572996033, 0.7065113264743125, 0.706566460976295, 0.7062006448099053, 0.7060114811234951, 0.7051697888855021, 0.704977612988502, 0.7045602922990054, 0.7038088485099231, 0.7039569865417156, 0.7033225994468579, 0.7036609358725728, 0.704085959942178, 0.7023393489518132, 0.7032858648957033, 0.7025026759423029, 0.7020867666932077, 0.701796749981339, 0.7008839241425785, 0.7012647284752562, 0.7005438936416398, 0.7009824128144211, 0.6998861885589618, 0.7013784448424183, 0.7000896694231976, 0.7005374556807362, 0.7000683951222854, 0.6998562723818649, 0.6992445038058855, 0.698452625291285, 0.6985997166617287, 0.6987307492898227, 0.6978397310484246, 0.6984102608280047, 0.6974343787585845, 0.6978868240779325, 0.6966275053497014, 0.6968616362648882, 0.6964366914469935, 0.6961976919699039, 0.6958483196726293, 0.6959677668141716, 0.6958329381814519, 0.6949768115840922, 0.6950849217968638, 0.6954238077072209, 0.694378074826212, 0.6953615900079718, 0.6945653191227199, 0.6940789292484686, 0.6939848235364932, 0.694236371456781, 0.6938916372062988, 0.6935412310719872, 0.6929341427400483, 0.6927514472569593, 0.6924597372258492, 0.6928500086049821, 0.6923390349808198, 0.6925038127571013, 0.6921418618099587, 0.6923107381406316, 0.69180958930588, 0.6914848410537979, 0.6914003336827579, 0.6914538640200955, 0.691174635960063, 0.6915292645832276, 0.6905817377430824, 0.6909980209542168, 0.6907265081697084]",fixed_epoch_budget_completed,No tolerance-based convergence claim; epochs selected by inner validation,1,"[{""category"": ""ConvergenceWarning"", ""message"": ""Stochastic Optimizer: Maximum iterations (100) reached and the optimization hasn't converged yet.""}]",191,6689,0.3971202499960782,mlp__symptoms_diet_labels,1,1,3.0,inner,"{""alpha"": 10.0, ""epochs"": 100, ""hidden_layer_sizes"": [32, 16]}",2686
250,250,5.223790559807033,0.6897483326666909,0.6894929545263762,-0.002690968493782142,"[5.223790559807033, 5.963080403019753, 2.7436096805557395, 2.7155717493149214, 2.9044399377348666, 2.790983574126062, 2.632619190371199, 2.7713703077856158, 2.492570484315431, 2.5326228641832182, 2.530646520768698, 2.497061078660808, 2.4742033073833682, 3.892397673618298, 2.9234866776198882, 2.1398235888250485, 2.0961398277548993, 2.2204513653085876, 2.0463870320171935, 2.081319395615413, 2.470692511758246, 1.979937593767982, 2.0282679123698784, 2.013004924661612, 1.894154391144747, 4.081300278643644, 1.6378585976149358, 1.6368363160153243, 2.364462828943876, 1.5455547950576736, 1.959316548529627, 1.3981450458835878, 1.4231778913692792, 1.312592361651096, 1.3448237963854193, 1.3258471879331812, 1.6559465712269388, 1.9720847331600853, 1.2008872105655535, 1.2353328035783868, 1.270282501776682, 1.1347794524389718, 2.935836033632375, 1.0893059076233815, 1.0242789558487233, 0.9919450983757458, 0.9847287363582544, 1.0057285302129522, 1.1074501039502733, 1.3807235588097952, 0.9731624521084742, 0.9518459534293663, 1.082830643176847, 1.006336130709283, 0.9250555032235529, 0.9136916233871515, 0.9368920068118298, 0.925925147893889, 0.9524570388526429, 0.9072772122992833, 0.9318005883466538, 0.91991867154006, 0.9171655635093386, 0.9206510658619947, 0.9048837322229193, 0.9025401140962347, 0.9019316641063867, 1.850637437789875, 0.8622251985878897, 0.8782641506301877, 0.8377491284194807, 0.8364886209737812, 0.8322431785683705, 1.3468340529877811, 0.8583467374168181, 0.8129335096982999, 0.8062658600847431, 0.8214267148794724, 0.8022349140606069, 0.8238201421036325, 0.8043548040477161, 0.7964938472973004, 0.7968378718954822, 0.8035540152978925, 0.8042344410786612, 0.7969576339722976, 0.7933246552031161, 0.7928302488344966, 0.8767795697335078, 0.8405872154895966, 0.791641582776864, 0.8117748393912904, 0.7918887312122518, 0.8076621973552066, 0.7852538882966792, 0.7891946300502652, 0.7792119517708745, 0.7837754900060366, 0.7803609786638409, 0.7978823494900176, 0.7767094639874339, 0.7929760312201164, 0.8134094663583512, 0.8233102728661073, 0.7874297227371821, 0.7707379693103078, 0.7690937852640315, 0.767260441028417, 0.7705820108013057, 0.7809333909617067, 0.7746552062844488, 0.7786682298673611, 0.7773958880807444, 0.7711297828031469, 0.7649155134615386, 0.7817784371378989, 0.764152097902511, 0.7600186271479807, 0.7624173015814246, 0.8037464237992916, 0.760098879279103, 0.7623912165377499, 0.7541802704279024, 0.7561883212641886, 0.7553998951871952, 0.7554564281239271, 0.7641022441575063, 0.7611377390681029, 0.755116330240793, 0.753785872198638, 0.7799124127825293, 0.7590501503967423, 0.7545726874821627, 0.7969592306107861, 0.7702202960421412, 0.7450795823153498, 0.7401848399856985, 0.7395184138987769, 0.7469599493951916, 0.7758864667875309, 0.8036185741970062, 0.7442460801277078, 0.7293295827139081, 0.7270737507257073, 0.839331606506058, 0.7280701143367265, 0.7234124770004182, 0.7158508522290402, 0.7155800805704723, 0.7234625148946204, 0.7166803800837706, 0.7140851097450535, 0.7138934772300227, 0.7252640747637609, 0.713431075176725, 0.7129568392500123, 0.713979359729912, 0.7198696683777979, 0.713899078524764, 0.7312914066683843, 0.713360081332611, 0.7104947426483454, 0.7090475628537664, 0.9907451487311283, 0.7032803468477137, 0.7008114109144069, 0.6999698168857611, 0.7049712011606537, 0.6975548895602571, 0.697741208434306, 0.6987592301137434, 0.6975910329887332, 0.6967084839973822, 0.7023451452438687, 0.6966332751008765, 0.6966278777289471, 0.6970646262136047, 0.6963442461333329, 0.6963844442178472, 0.6949060308872581, 0.7024456670925701, 0.7017231835394321, 0.695621689803405, 0.6952044129972211, 0.6964957208103995, 0.6948138991477323, 0.6951766319353581, 0.6949399033176101, 0.7001589417079798, 0.6949418685094689, 0.6977567816850676, 0.6950052104543132, 0.6950788518422883, 0.6946402158924537, 0.6952445837348639, 0.6936772556933073, 0.6946204580127538, 0.6939243656997022, 0.7006301150050636, 0.6937003699439429, 0.6939493363945608, 0.6946134391656537, 0.6937751195621974, 0.6934724684895051, 0.693960947327721, 0.7009712156445955, 0.6926915810812755, 0.6937560545196718, 0.6933477369931688, 0.6941599111920268, 0.6931368799560325, 0.694934969485015, 0.6926592695788221, 0.6928702437082198, 0.6925476467132636, 0.6962640247455748, 0.6926546098438204, 0.6949440936126895, 0.6972989744645769, 0.7001590031723927, 0.7012201494036004, 0.6931762584999556, 0.6955520901633113, 0.6928624962080868, 0.6917986091424763, 0.6917481628015083, 0.6905112330140838, 0.6929042355444514, 0.6916104192749012, 0.691405237313068, 0.695414616820755, 0.6909902021081306, 0.6921003946123775, 0.6920041860024733, 0.6979738158929183, 0.6938131940019461, 0.6936192373876686, 0.692367766657282, 0.6925846444662187, 0.692439301160473, 0.6916925272117589, 0.6912020449113461, 0.69054652320454, 0.6894929545263762, 0.6899716177551396, 0.6982181232994615, 0.690010661800166, 0.6912615516360135, 0.6907584172952196, 0.6897483326666909]",fixed_epoch_budget_completed,No tolerance-based convergence claim; epochs selected by inner validation,1,"[{""category"": ""ConvergenceWarning"", ""message"": ""Stochastic Optimizer: Maximum iterations (250) reached and the optimization hasn't converged yet.""}]",191,6689,0.9859024160032277,mlp__symptoms_diet_labels,1,2,1.0,inner,"{""alpha"": 10.0, ""epochs"": 250, ""hidden_layer_sizes"": [32, 16]}",2689
250,250,3.403442037089996,0.6883771845498553,0.6868490672057112,0.00021593288473198413,"[3.403442037089996, 2.6738640705492296, 2.1353993924323587, 1.7566539754564245, 1.474480453246429, 1.2704321101969582, 1.1293718626040017, 1.0267709390409299, 0.9506148000759229, 0.8943663702063743, 0.8529378342455379, 0.8240223072057911, 0.7966001027516093, 0.7757162045658795, 0.7618143889977259, 0.7497668821382791, 0.738926084821271, 0.7318094065441186, 0.72556007894536, 0.7191897752348358, 0.7161052882698526, 0.711843748165448, 0.7091406919210383, 0.7068005113413033, 0.7051750281295689, 0.7042593113789359, 0.7026578735443413, 0.700606446205274, 0.6999013721534708, 0.698960286207981, 0.6979795622951781, 0.6972519104971523, 0.696167461679743, 0.6955337018525849, 0.695360047054995, 0.6943759868764343, 0.6938921176270486, 0.693075659543046, 0.692472926534472, 0.6916189048060428, 0.6921507631357753, 0.6918568547643303, 0.6909678238829989, 0.6905430644742433, 0.6901497129996518, 0.6900234791242124, 0.689802002048781, 0.6904713289631947, 0.6888036939066091, 0.6897805844755429, 0.6887800324965705, 0.6892777247644701, 0.689006507123015, 0.6890976701695186, 0.6887235635203124, 0.6879604760822696, 0.6884667032377478, 0.688366274587117, 0.6873052203220629, 0.6883827619169786, 0.6888321436793485, 0.6880937458007222, 0.6884349610986507, 0.6874313523466811, 0.6883117316898467, 0.688019782416445, 0.6881759249216766, 0.6887261722495265, 0.688826259865608, 0.6877505702939294, 0.6884648633341538, 0.6886545591353478, 0.6894504629429162, 0.6878719617951625, 0.6879970558027447, 0.68813480155191, 0.6885331336822308, 0.6881167081714613, 0.6880040973877143, 0.6890273337924653, 0.6887117065156161, 0.6884856527672301, 0.6881127090046266, 0.6879705868886924, 0.6880504857195676, 0.6880768548590861, 0.688458863035089, 0.6877671297278937, 0.6876106877824134, 0.6884033464712515, 0.6878690759398536, 0.6877533738783752, 0.687864104221344, 0.6880818034939484, 0.6880088349903134, 0.6880744013561554, 0.6878898905325339, 0.6880715153252204, 0.6878710773602014, 0.6881814459714283, 0.6875828774970668, 0.6879793626475847, 0.6881969909361129, 0.687817638633932, 0.6883460701249022, 0.6876664452574457, 0.6880049709292926, 0.6871792719326296, 0.6879240924225046, 0.6877691523763129, 0.6880960055322966, 0.6880249629801147, 0.6874333891839963, 0.6885274435476214, 0.6881912430057335, 0.6881875868973425, 0.6887425997381584, 0.6877506330361246, 0.6887182491979466, 0.6877779742578396, 0.6880052392150666, 0.6888837187762795, 0.6880599818438256, 0.6876097091200655, 0.6877458477282342, 0.688004706247679, 0.6881260343228139, 0.6874448006301545, 0.6882873893778926, 0.6884084635219819, 0.6878073276393415, 0.688027366775221, 0.6884096023283296, 0.6881139499945059, 0.6889250130899279, 0.6877185078049026, 0.6889027689901165, 0.6881895552167173, 0.6879222612458278, 0.6887772924913645, 0.687442219396834, 0.6885000770688253, 0.6871546623147142, 0.6885851436183383, 0.6880345601222618, 0.688360287592735, 0.6879637767211341, 0.6876543747344409, 0.687979766001841, 0.6872992172449012, 0.6875667281834753, 0.6878857498015135, 0.6881716726899261, 0.687805766018979, 0.6877537368564751, 0.6882263302502776, 0.6884604660784974, 0.6874432827357869, 0.6886055913531981, 0.6883405847696115, 0.6877439718717021, 0.6874459187378713, 0.6884879735790683, 0.6882248183370424, 0.6877235593962602, 0.6874304113810535, 0.6878450416393604, 0.688605476787234, 0.6883556593047421, 0.6884664904389879, 0.6881113115455381, 0.6877859388961701, 0.6877391579429948, 0.6882275378966147, 0.687940956736079, 0.6890327466179902, 0.6879083696839412, 0.6876761022258586, 0.6881186797998661, 0.6878418470046938, 0.687758514661627, 0.6876925494480376, 0.6880819157680538, 0.6877702438174644, 0.6873858173398059, 0.6883452076131454, 0.6884497619955079, 0.6873631508804843, 0.6874998914804965, 0.6878238604989345, 0.6878901084305176, 0.6885434417238439, 0.6875829128809727, 0.6873476776634367, 0.6881057141747551, 0.6881977372522636, 0.6868490672057112, 0.6883804031812604, 0.6882753215078972, 0.6878112277069297, 0.687548428246846, 0.688027328419227, 0.6883876040070122, 0.6874761177436821, 0.688099366009441, 0.6876288987367916, 0.688502580319308, 0.6879531202060698, 0.687856070232827, 0.6884499816918944, 0.687932873396323, 0.6879696452612152, 0.6882694668464073, 0.6885016888050866, 0.6883602514169035, 0.6883220931047045, 0.6877985135879644, 0.6883064261057277, 0.6877703372432442, 0.6876330882508142, 0.687550929600113, 0.6879462844669669, 0.6876928748665548, 0.6878251819181512, 0.6875821218639194, 0.6875586843068071, 0.6881395241339309, 0.6886345190787104, 0.6875978181046676, 0.687866357241288, 0.6881993180652412, 0.6881431654823122, 0.6874404814159284, 0.687503442911461, 0.6884548197243362, 0.68791658590808, 0.688598837501112, 0.6884678205814747, 0.6878282216215389, 0.6881612516651233, 0.6885122554846234, 0.6880922642001769, 0.6876865300375549, 0.687916071190585, 0.6885734185699691, 0.6877356788022355, 0.6884444785326849, 0.6880008740948346, 0.6884187218636145, 0.6883771845498553]",fixed_epoch_budget_completed,No tolerance-based convergence claim; epochs selected by inner validation,1,"[{""category"": ""ConvergenceWarning"", ""message"": ""Stochastic Optimizer: Maximum iterations (250) reached and the optimization hasn't converged yet.""}]",191,6689,0.9067074580016197,mlp__symptoms_diet_labels,1,2,2.0,inner,"{""alpha"": 10.0, ""epochs"": 250, ""hidden_layer_sizes"": [32, 16]}",2685
250,250,3.4449210632798697,0.6873234551911467,0.6864882012059287,1.4580818880949309e-05,"[3.4449210632798697, 2.6858120571374933, 2.1580635981505476, 1.765083222468268, 1.4853835920400928, 1.2816788261540029, 1.1423814990125614, 1.034179369442695, 0.9574364477228735, 0.8992010567530455, 0.8577104129481992, 0.8312687951277188, 0.8048086008826066, 0.7845266755249225, 0.7704863672293452, 0.7572474474128685, 0.7463968800736717, 0.7389133617808414, 0.7331336139001603, 0.7286160008220135, 0.7238090507304066, 0.7212402501924244, 0.7177502479907536, 0.7158462037701879, 0.7132927161955369, 0.7127938494637175, 0.7102631939964631, 0.7112736907475035, 0.7093756005311881, 0.7075637572996033, 0.7065113264743125, 0.706566460976295, 0.7062006448099053, 0.7060114811234951, 0.7051697888855021, 0.704977612988502, 0.7045602922990054, 0.7038088485099231, 0.7039569865417156, 0.7033225994468579, 0.7036609358725728, 0.704085959942178, 0.7023393489518132, 0.7032858648957033, 0.7025026759423029, 0.7020867666932077, 0.701796749981339, 0.7008839241425785, 0.7012647284752562, 0.7005438936416398, 0.7009824128144211, 0.6998861885589618, 0.7013784448424183, 0.7000896694231976, 0.7005374556807362, 0.7000683951222854, 0.6998562723818649, 0.6992445038058855, 0.698452625291285, 0.6985997166617287, 0.6987307492898227, 0.6978397310484246, 0.6984102608280047, 0.6974343787585845, 0.6978868240779325, 0.6966275053497014, 0.6968616362648882, 0.6964366914469935, 0.6961976919699039, 0.6958483196726293, 0.6959677668141716, 0.6958329381814519, 0.6949768115840922, 0.6950849217968638, 0.6954238077072209, 0.694378074826212, 0.6953615900079718, 0.6945653191227199, 0.6940789292484686, 0.6939848235364932, 0.694236371456781, 0.6938916372062988, 0.6935412310719872, 0.6929341427400483, 0.6927514472569593, 0.6924597372258492, 0.6928500086049821, 0.6923390349808198, 0.6925038127571013, 0.6921418618099587, 0.6923107381406316, 0.69180958930588, 0.6914848410537979, 0.6914003336827579, 0.6914538640200955, 0.691174635960063, 0.6915292645832276, 0.6905817377430824, 0.6909980209542168, 0.6907265081697084, 0.6906377201359606, 0.6901408316003462, 0.6904664864183326, 0.6901503438060901, 0.6904476185506391, 0.6901804355021467, 0.690042275043282, 0.6898141384824145, 0.6897296488850982, 0.6897622425021628, 0.6898636372985354, 0.6892885896271551, 0.6895124906604387, 0.6894552441567464, 0.6895284005582015, 0.689136502742402, 0.6892308825257688, 0.6890437193378389, 0.6893037711394105, 0.6889391405202249, 0.6891214420368817, 0.688961665343414, 0.6882122055912883, 0.6889345010118517, 0.6890845646431085, 0.6890900278711746, 0.688540712309298, 0.6886551115441618, 0.687642578464849, 0.6888284472470108, 0.688454827508476, 0.6884656504354956, 0.6882779730201241, 0.6890566796225075, 0.6882485422878467, 0.6887793225448763, 0.6883192603579814, 0.6881645053625092, 0.6879696737678667, 0.6885694942932473, 0.6883225656940754, 0.6877160856264053, 0.6881201303039066, 0.6882047765743289, 0.6885499666571131, 0.6881603241191417, 0.6882706010612895, 0.6876935542035691, 0.688842663192625, 0.6879627172272522, 0.6883357450667189, 0.6873687397747462, 0.687571898243331, 0.6879425525659058, 0.6876631752661712, 0.6879120204724765, 0.6880660608628754, 0.6874185353977598, 0.6875607832686219, 0.6878453001960223, 0.6877701201474834, 0.687770280301662, 0.6881381509507585, 0.6877826571166907, 0.6881886204784569, 0.6884349271107851, 0.6876480246422605, 0.6875374627555909, 0.6880545047922159, 0.6874511160175674, 0.6878799001970497, 0.688162913907082, 0.6877217955004727, 0.6868103381582203, 0.6880152099398626, 0.6871756939919169, 0.6877358552526537, 0.6872947706470639, 0.6883349047606702, 0.6875034448212997, 0.6877984749684406, 0.6878542475516325, 0.6866616866045457, 0.6875424919472711, 0.6875703475138603, 0.6873721900670423, 0.6872601091644513, 0.687979050392437, 0.6873801649116312, 0.6875599597178433, 0.688198214021421, 0.6870880533192543, 0.6874183659304903, 0.6880396377588731, 0.687546230718803, 0.6869836285182346, 0.6874023108999526, 0.6872719184974546, 0.687291830481422, 0.6873087430215484, 0.6880483120450466, 0.6867365436128701, 0.6873228200398299, 0.6873432729231281, 0.6868569781031926, 0.6874241506722969, 0.6867857642881152, 0.687848527856747, 0.6877579520409398, 0.6872735392049484, 0.6874115287405651, 0.6880950181590664, 0.6868562148748114, 0.6870379580296188, 0.6874705206718341, 0.687247503046392, 0.6871566505760849, 0.686917656408069, 0.6868876522833175, 0.6877191389016178, 0.6882845720457736, 0.6873237706485972, 0.6867842081947384, 0.6872640796114853, 0.6872826783402344, 0.6876561598862155, 0.6871920176843951, 0.6876607760797943, 0.6870773387341571, 0.6876251986476761, 0.686867721106991, 0.6873567702346838, 0.6867113087880492, 0.6866339013346456, 0.6869210199917158, 0.6871794653703598, 0.6871780427827642, 0.6868966454419871, 0.6872719811129165, 0.6873088743722657, 0.6869054535332296, 0.6870795400071501, 0.6870524605899289, 0.6874323060981723, 0.6866513627294044, 0.6873583460705864, 0.6873075677203762, 0.6874025141613291, 0.6864882012059287, 0.6873234551911467]",fixed_epoch_budget_completed,No tolerance-based convergence claim; epochs selected by inner validation,1,"[{""category"": ""ConvergenceWarning"", ""message"": ""Stochastic Optimizer: Maximum iterations (250) reached and the optimization hasn't converged yet.""}]",191,6689,0.9150159999990137,mlp__symptoms_diet_labels,1,2,3.0,inner,"{""alpha"": 10.0, ""epochs"": 250, ""hidden_layer_sizes"": [32, 16]}",2686
100,100,1.3996389209576776,0.6899800638995199,0.6882496316816682,-0.0010946531688772465,"[1.3996389209576776, 1.2782512059649054, 1.062794293443111, 1.142647678544001, 1.0996764016238612, 1.1312954556719486, 1.0851008698643267, 0.9781344984130468, 0.9402829912694147, 0.9276637416625462, 0.9097629101626981, 0.8986658550309597, 0.9233406143946189, 0.891060151590252, 0.8801692366176845, 0.9078319243779374, 0.8671727827853737, 0.8829167772409614, 0.8547597675959387, 0.8852172335955069, 0.864203271409103, 0.8300140089906115, 1.0268067961103016, 0.7940121819928371, 0.9595842561283485, 0.7567732643568146, 0.7537438971344036, 0.7629467034273867, 0.7437645846128498, 0.7459195262774982, 0.7327300720457055, 0.7692947190583684, 0.7448084697530168, 0.7497828199260291, 0.7244488955539528, 0.7318476313916895, 0.7172617973974573, 0.7239224882516205, 0.7154030418278727, 0.7145009712488885, 0.7488176973130695, 0.7130878552671643, 0.7127402119750581, 0.7108933175465217, 0.714327378651624, 0.7091422675306412, 0.7062398882542543, 0.7074101283484162, 0.7605793173919431, 0.7043225984173765, 0.7037429163504664, 0.7035817272251568, 0.7037364990124303, 0.7024979414179822, 0.7003331419422902, 0.7101304857062526, 0.7016626849449162, 0.7033634659661746, 0.6972377367141288, 0.6969069388539848, 0.7001066712821145, 0.695682129459817, 0.696404665642211, 0.6953448057192053, 0.6956321054536042, 0.7102713122284524, 0.6968393082193501, 0.6945149583125195, 0.6992053665351903, 0.6944011676782813, 0.6947177075865824, 0.6932558382741429, 0.6929282008513882, 0.6913405698751475, 0.6906974850445827, 0.6992427613199377, 0.6934323230865467, 0.6907494013229228, 0.6911036453540517, 0.6923880788358305, 0.6910957104212165, 0.6906789413090326, 0.6913254337923486, 0.691227146621409, 0.6913684460975984, 0.6906619591400592, 0.6961417796672431, 0.6921144427132357, 0.6905830997005113, 0.6910747170683972, 0.6895436454057152, 0.6897236938619714, 0.6892010938860371, 0.6896435582388235, 0.6900269221212626, 0.6897198542354218, 0.6887416798720065, 0.6896296173100217, 0.6882496316816682, 0.6899800638995199]",fixed_epoch_budget_completed,No tolerance-based convergence claim; epochs selected by inner validation,1,"[{""category"": ""ConvergenceWarning"", ""message"": ""Stochastic Optimizer: Maximum iterations (100) reached and the optimization hasn't converged yet.""}]",191,14401,0.5372746249995544,mlp__symptoms_diet_labels,1,3,1.0,inner,"{""alpha"": 1.0, ""epochs"": 100, ""hidden_layer_sizes"": [64, 32]}",2689
100,100,1.262145574473481,0.3039089026564903,0.2965023703729519,0.005000557704877173,"[1.262145574473481, 1.1146899273174615, 1.0330255009801386, 0.9722813579011617, 0.9200848794466482, 0.8766848188294357, 0.8455903704370569, 0.8104177925541522, 0.786380393415846, 0.7643740865263113, 0.7430695553036288, 0.7278133518724258, 0.7105334592204745, 0.6943566894965265, 0.6745391187083382, 0.6598812636229888, 0.6497664826047301, 0.6267864966821789, 0.6222811009684421, 0.6028721220629876, 0.5816110169879782, 0.5667635402448478, 0.5483838982143828, 0.5395791591935906, 0.5157015999348594, 0.5105919172956624, 0.49669716155917265, 0.4785854331013174, 0.46483188805072667, 0.45994338730682066, 0.4430650400383629, 0.43870532530048795, 0.4314634879954856, 0.4218060725814403, 0.41556495478372535, 0.40727023598680123, 0.4031506548797965, 0.40123781177349666, 0.38723019258487457, 0.385932818576055, 0.3794578796924438, 0.3765058150659486, 0.378269848997894, 0.3713335259379081, 0.3665762253697248, 0.3582129288417126, 0.36216213087028826, 0.3568174897057366, 0.35236593070566596, 0.34909302923707897, 0.3472977862621905, 0.34261671294950247, 0.337580498306101, 0.3404315974074731, 0.35616669107852883, 0.34374857117622726, 0.33504880212778126, 0.33477483146226356, 0.3315506537790691, 0.3269447082380688, 0.32642559107984004, 0.3275024652768077, 0.32442645873761117, 0.3234500831756421, 0.3190581175028509, 0.3178444460608025, 0.31946872171215107, 0.31983359378869375, 0.3245260669381012, 0.3162931935070966, 0.31257329872643347, 0.31307994348997525, 0.3110711814351845, 0.31288458830775984, 0.31309408489092877, 0.31079460292363126, 0.31000678996404313, 0.30934767358410953, 0.30884164402281533, 0.3087412644692259, 0.3070938915305276, 0.30725465211668773, 0.3043730566315853, 0.3048595421695801, 0.3051519783767256, 0.3010235767315948, 0.3022429289246051, 0.3050490156244936, 0.30244539114753605, 0.2989083449516131, 0.30343507783590357, 0.3008973630350339, 0.30028154783971306, 0.2985383193480335, 0.2965023703729519, 0.30380328707967796, 0.3006640951959404, 0.30093038091811314, 0.3032010999077429, 0.3039089026564903]",fixed_epoch_budget_completed,No tolerance-based convergence claim; epochs selected by inner validation,1,"[{""category"": ""ConvergenceWarning"", ""message"": ""Stochastic Optimizer: Maximum iterations (100) reached and the optimization hasn't converged yet.""}]",191,14401,0.5300570409963257,mlp__symptoms_diet_labels,1,3,2.0,inner,"{""alpha"": 1.0, ""epochs"": 100, ""hidden_layer_sizes"": [64, 32]}",2685
100,100,1.2124001811895846,0.3050261061668913,0.3040772585775378,-0.0050707084761639765,"[1.2124001811895846, 1.1027941099661893, 1.0133573487416838, 0.9453020326758489, 0.8914783789692925, 0.8479002322107596, 0.8223531557911502, 0.7845036461205662, 0.759876208038699, 0.7358689669345331, 0.7201530408128044, 0.7011168830828569, 0.6899687204623571, 0.6692553189647986, 0.6612356330762338, 0.6463457388524594, 0.6325334798134608, 0.6194199867872754, 0.5989123323932533, 0.5882705587646636, 0.5810403162493379, 0.5671074810062856, 0.5522762580292423, 0.5436538626650059, 0.5387863097413652, 0.5207077973856508, 0.5077841228643281, 0.49286669023794266, 0.4864546600773441, 0.4702594553954349, 0.4611886421946769, 0.45015543810818603, 0.4393778556918033, 0.4413262761855236, 0.42307957681712793, 0.41610712115236875, 0.40935636202589215, 0.40365865075880636, 0.3985687083631391, 0.40897136399798173, 0.4053572091610122, 0.39215380309441755, 0.3769509736650103, 0.37546221146735376, 0.37443929016474736, 0.3657882297334371, 0.3660860162601005, 0.36194877370700973, 0.359792454193511, 0.3563441800344082, 0.3513908060812176, 0.3501026608362753, 0.3458968342671094, 0.3440179016821079, 0.34597043557422597, 0.3415230272200549, 0.33719551230180256, 0.3382147113476124, 0.33663632205147137, 0.33266278809081323, 0.33248894481020985, 0.3315106034288545, 0.32975249527375466, 0.324523818011882, 0.324478853470838, 0.33098233322279386, 0.3298833237129109, 0.3241821722024554, 0.32107389506635575, 0.3279828863667024, 0.32916772586567605, 0.32151862173287754, 0.31841920662971446, 0.3190324757791008, 0.31713922641442094, 0.3217220911348513, 0.3179868691845011, 0.3175848027271069, 0.319508859449977, 0.3160933804505697, 0.31494025900680483, 0.31209030113547936, 0.31199821900787783, 0.31241021356880655, 0.3127212327412418, 0.31303877112065226, 0.3102160723360538, 0.30689510917013585, 0.31003218881441746, 0.3100968146430553, 0.3097668111260896, 0.30702170087832975, 0.3057343382602335, 0.30606075063901406, 0.30702490241504876, 0.307901564115091, 0.3056285346966813, 0.30945909436764113, 0.3040772585775378, 0.3050261061668913]",fixed_epoch_budget_completed,No tolerance-based convergence claim; epochs selected by inner validation,1,"[{""category"": ""ConvergenceWarning"", ""message"": ""Stochastic Optimizer: Maximum iterations (100) reached and the optimization hasn't converged yet.""}]",191,14401,0.5386956250004005,mlp__symptoms_diet_labels,1,3,3.0,inner,"{""alpha"": 1.0, ""epochs"": 100, ""hidden_layer_sizes"": [64, 32]}",2686
100,100,7.158332758859038,0.7073852608914618,0.7005896613300714,-0.01004166864248024,"[7.158332758859038, 5.890775159271564, 4.069653748160633, 4.739434948504383, 4.378436509723918, 4.627276133540961, 4.2200944445843716, 3.309061335521574, 2.9852779941956102, 2.8803886460153376, 2.741734447290186, 2.6603171739960936, 2.879242818919435, 2.6193853702997125, 2.5301025759668603, 2.7698966606947697, 2.4315801044208105, 2.5616987909625086, 2.3344322704634304, 2.594187945957473, 2.389543548970895, 2.0927144915620284, 3.695850712211417, 1.7251750347176524, 2.9962019530463335, 1.3627731921263395, 1.3251727154450605, 1.399891250761729, 1.2529800839306289, 1.2723802527062724, 1.178266855511164, 1.4628245123807644, 1.2519620911116813, 1.281917300887432, 1.0830001982338064, 1.137052892476095, 1.0272180814906784, 1.079768319598478, 1.0214291413103074, 1.010840765193831, 1.2962600536919313, 0.979301989446321, 0.9478652486063204, 0.9383559906543072, 0.9729152477728591, 0.9466759480446221, 0.9194655256155768, 0.9305956283026952, 1.3400432917519833, 0.8572430725734961, 0.8280111206397739, 0.8284658763880615, 0.8260499563438608, 0.8307165522289037, 0.8193695488769724, 0.8990054016134031, 0.8314161087162076, 0.8431339373465413, 0.7930995675606127, 0.7940768095824966, 0.8228134860625607, 0.787511612541353, 0.7881563559573077, 0.7874244376131334, 0.7844861925748502, 0.9003979974508088, 0.7734123460588667, 0.7509163271723034, 0.7743493683074945, 0.7482722303631099, 0.7557509280679142, 0.7416436558528448, 0.7438802325433503, 0.7396592554303091, 0.7384697350097248, 0.7985979248435922, 0.7415185347664687, 0.7247762880679015, 0.7252286916485426, 0.7319609121697882, 0.727047752342909, 0.7247233352278237, 0.7256013561256159, 0.7267114678805028, 0.7300201034397504, 0.7196773566129903, 0.7589192705302484, 0.7240717816461685, 0.710607381089, 0.717426929533942, 0.7068788109630151, 0.7069069287608837, 0.7052165548859057, 0.7093403258023725, 0.7117999713026073, 0.7042346446554972, 0.7023107107628185, 0.7041120719974002, 0.7005896613300714, 0.7073852608914618]",fixed_epoch_budget_completed,No tolerance-based convergence claim; epochs selected by inner validation,1,"[{""category"": ""ConvergenceWarning"", ""message"": ""Stochastic Optimizer: Maximum iterations (100) reached and the optimization hasn't converged yet.""}]",191,14401,0.5380770829942776,mlp__symptoms_diet_labels,1,4,1.0,inner,"{""alpha"": 10.0, ""epochs"": 100, ""hidden_layer_sizes"": [64, 32]}",2689
100,100,5.595972674885435,0.688550666909347,0.6876936148100544,-0.0002632080076244714,"[5.595972674885435, 4.200636822549266, 3.1646724929850985, 2.4557846784506143, 1.9322385579452726, 1.5712063823661977, 1.3261365191952699, 1.144515065767031, 1.0258782429753854, 0.9378401899168579, 0.8770659392587352, 0.8332208447306676, 0.8019600092630887, 0.7804853800179905, 0.7601834109470191, 0.7483530949399319, 0.7397292907491821, 0.7313414077575229, 0.7270038316227692, 0.7229474363800014, 0.7185065821539782, 0.7159855174460813, 0.7136728951775222, 0.7113282475426896, 0.7098485835105113, 0.7098363964140485, 0.7078983682363974, 0.7064325573597156, 0.7056286175105211, 0.7053690078665368, 0.7041141472021164, 0.7030965255111038, 0.7031706509879757, 0.7023058030954424, 0.7022994790659022, 0.7015962169324373, 0.7014016008498504, 0.7010425423800366, 0.7000752530776689, 0.6997322856682971, 0.6995570357708814, 0.6983447997806134, 0.6983238126058329, 0.6985245173582518, 0.6977486542251772, 0.6967595454514667, 0.6960354092744518, 0.6960740468023764, 0.6960369036069572, 0.6953848100052092, 0.6944326712619348, 0.6944636702567911, 0.6938620759108719, 0.693913473223339, 0.6934555772922828, 0.6932939154077542, 0.6923764440100904, 0.6930737210612625, 0.6926860334416212, 0.6915737833041404, 0.6919172795469395, 0.6916247382656545, 0.6912735859159037, 0.6905349594940492, 0.6909291381669715, 0.6904294271186197, 0.6905579528935544, 0.6901841013162499, 0.6906246772404119, 0.6901958304330225, 0.6900402730395169, 0.6898776492394884, 0.6904696965394719, 0.6901915914177366, 0.6896643171267903, 0.6894802356585001, 0.6892558587818549, 0.6896623344693061, 0.6889165872409121, 0.6898757457377435, 0.6897502241932928, 0.6885073916122093, 0.6895347248720474, 0.6893291118022148, 0.6885995217082955, 0.6892245435150333, 0.6895128275415234, 0.6887130377334073, 0.6890262887344676, 0.6888138749169714, 0.6890198239050483, 0.6884739764780937, 0.6876936148100544, 0.6883123530686596, 0.6889989161799521, 0.6890323378968913, 0.6887338113358814, 0.6889487786602158, 0.688636744505558, 0.688550666909347]",fixed_epoch_budget_completed,No tolerance-based convergence claim; epochs selected by inner validation,1,"[{""category"": ""ConvergenceWarning"", ""message"": ""Stochastic Optimizer: Maximum iterations (100) reached and the optimization hasn't converged yet.""}]",191,14401,0.4972760829987237,mlp__symptoms_diet_labels,1,4,2.0,inner,"{""alpha"": 10.0, ""epochs"": 100, ""hidden_layer_sizes"": [64, 32]}",2685
100,100,5.561658101754869,0.6868929474455563,0.6867443578644349,-0.00042275027897009654,"[5.561658101754869, 4.123657189731294, 3.0377274102201146, 2.301902424724379, 1.8029751986010838, 1.4527064689882885, 1.218100634449739, 1.0524845954410225, 0.9461663341485663, 0.8685287731588933, 0.8191807909962571, 0.7826287960925165, 0.7586081183666282, 0.7408666562441458, 0.7296225911047475, 0.7197091039662317, 0.713589270684377, 0.7088991691207331, 0.7053203315957061, 0.702702752088907, 0.700791312365581, 0.6993873812661938, 0.698005412558842, 0.697140147456132, 0.6953800241888665, 0.6938274964708696, 0.6936703855559638, 0.6929826470198296, 0.6930791045768733, 0.69208713940203, 0.6918455757730029, 0.6915274851264862, 0.6905933717208499, 0.6910404158854287, 0.6905403864671252, 0.6905266282705448, 0.6904778597229566, 0.6898289831102133, 0.6896850861415101, 0.689374869030999, 0.6892759468300854, 0.6888722588243479, 0.6892522922809445, 0.6898131265506982, 0.6891970128813054, 0.6882114213459972, 0.6890520646593671, 0.6888869373243914, 0.6885336106144271, 0.6884371569134888, 0.6888549797475394, 0.6880687957950796, 0.6879453818407072, 0.6883835963320534, 0.6883038092585886, 0.6882602382056672, 0.6881320591076174, 0.6877774120229527, 0.6879923739096108, 0.6875043677438667, 0.6878538747422325, 0.6878831770511704, 0.6872348795084594, 0.6877834606275521, 0.6885720268966325, 0.6877759014084609, 0.6878837679994497, 0.6881251965974371, 0.6876753496479899, 0.6870747861155041, 0.6882150129562589, 0.6874263303033195, 0.6878277197734639, 0.6879328609159697, 0.6879588816776532, 0.68783623921291, 0.6870839067694071, 0.6878271163087306, 0.6873417369298015, 0.687196751031148, 0.6880430889137928, 0.6881972492299082, 0.6873155086520477, 0.6876705045165156, 0.6880951517603122, 0.6881493893933899, 0.6875205393011409, 0.6879474853404272, 0.6867443578644349, 0.6873156977245264, 0.6873004048600031, 0.6874826860557571, 0.6875875127239611, 0.6879776908626096, 0.6877251811522379, 0.6874576567675943, 0.6876261015606003, 0.6879935675268147, 0.687411474929989, 0.6868929474455563]",fixed_epoch_budget_completed,No tolerance-based convergence claim; epochs selected by inner validation,1,"[{""category"": ""ConvergenceWarning"", ""message"": ""Stochastic Optimizer: Maximum iterations (100) reached and the optimization hasn't converged yet.""}]",191,14401,0.49491183300415287,mlp__symptoms_diet_labels,1,4,3.0,inner,"{""alpha"": 10.0, ""epochs"": 100, ""hidden_layer_sizes"": [64, 32]}",2686
250,250,7.158332758859038,0.6889366386221489,0.6869976901517858,0.0013067300754752154,"[7.158332758859038, 5.890775159271564, 4.069653748160633, 4.739434948504383, 4.378436509723918, 4.627276133540961, 4.2200944445843716, 3.309061335521574, 2.9852779941956102, 2.8803886460153376, 2.741734447290186, 2.6603171739960936, 2.879242818919435, 2.6193853702997125, 2.5301025759668603, 2.7698966606947697, 2.4315801044208105, 2.5616987909625086, 2.3344322704634304, 2.594187945957473, 2.389543548970895, 2.0927144915620284, 3.695850712211417, 1.7251750347176524, 2.9962019530463335, 1.3627731921263395, 1.3251727154450605, 1.399891250761729, 1.2529800839306289, 1.2723802527062724, 1.178266855511164, 1.4628245123807644, 1.2519620911116813, 1.281917300887432, 1.0830001982338064, 1.137052892476095, 1.0272180814906784, 1.079768319598478, 1.0214291413103074, 1.010840765193831, 1.2962600536919313, 0.979301989446321, 0.9478652486063204, 0.9383559906543072, 0.9729152477728591, 0.9466759480446221, 0.9194655256155768, 0.9305956283026952, 1.3400432917519833, 0.8572430725734961, 0.8280111206397739, 0.8284658763880615, 0.8260499563438608, 0.8307165522289037, 0.8193695488769724, 0.8990054016134031, 0.8314161087162076, 0.8431339373465413, 0.7930995675606127, 0.7940768095824966, 0.8228134860625607, 0.787511612541353, 0.7881563559573077, 0.7874244376131334, 0.7844861925748502, 0.9003979974508088, 0.7734123460588667, 0.7509163271723034, 0.7743493683074945, 0.7482722303631099, 0.7557509280679142, 0.7416436558528448, 0.7438802325433503, 0.7396592554303091, 0.7384697350097248, 0.7985979248435922, 0.7415185347664687, 0.7247762880679015, 0.7252286916485426, 0.7319609121697882, 0.727047752342909, 0.7247233352278237, 0.7256013561256159, 0.7267114678805028, 0.7300201034397504, 0.7196773566129903, 0.7589192705302484, 0.7240717816461685, 0.710607381089, 0.717426929533942, 0.7068788109630151, 0.7069069287608837, 0.7052165548859057, 0.7093403258023725, 0.7117999713026073, 0.7042346446554972, 0.7023107107628185, 0.7041120719974002, 0.7005896613300714, 0.7073852608914618, 0.701407617734867, 0.7011314567260256, 0.7000259901617453, 0.6994367202011097, 0.6996896188948315, 0.6987606236614531, 0.7002744698772391, 0.6995854518620201, 0.699457211135563, 0.6991175928908486, 0.7053613318868258, 0.7426589002626806, 0.6959203085764082, 0.6937423073601805, 0.6915913029838445, 0.6912513277585564, 0.6911642487920264, 0.6915262532332066, 0.6923003355298747, 0.6922025252079356, 0.6925874980962328, 0.6916595962078338, 0.6909804855001681, 0.691235273252099, 0.6904520599631043, 0.6915830216344491, 0.6909227350463061, 0.6909060864304524, 0.6912375441746392, 0.6903665866568416, 0.6900401815251631, 0.6905509992252081, 0.6914026227270414, 0.6968433747511009, 0.6909717073483309, 0.6903881650841389, 0.6893090051162781, 0.6906235755436172, 0.6929979418404432, 0.6918614681232035, 0.6914461751027509, 0.689601611165754, 0.6898430212075541, 0.6904995529320433, 0.6886925062063443, 0.6899117111954498, 0.6893574864568083, 0.6894306524873831, 0.6895456451945966, 0.6897410876695946, 0.6888473590084752, 0.6892509062307044, 0.6896765136757987, 0.6894210539533406, 0.6902314142982053, 0.6896523038800313, 0.6900946556187456, 0.690957503896197, 0.6889470010991097, 0.6900114134072551, 0.6900434680152457, 0.6899571762010354, 0.6906399631464217, 0.6907735760155485, 0.6896599129335939, 0.6894395066263304, 0.6895836218188346, 0.6894307617221503, 0.6889467276283061, 0.6886401012998418, 0.6928544503136161, 0.6904767787952351, 0.6892214618012699, 0.6895692906098916, 0.6888354250536276, 0.6883572090054951, 0.690078594426398, 0.6956581296305283, 0.6956980130044821, 0.6908989803397882, 0.6886248999301435, 0.6891900581624965, 0.6878484827586718, 0.6875178289221971, 0.6888584179547811, 0.6880132315467775, 0.6881397560990824, 0.6877157353733475, 0.6880323626253647, 0.6885693115375316, 0.6877971286648755, 0.6878324127484383, 0.688156569481385, 0.6877092717674457, 0.6875352211219166, 0.6886766064711171, 0.6878015898887102, 0.6875252781011734, 0.6882267431161584, 0.6884055386316897, 0.6944556664784474, 0.6992025535996085, 0.7005914749524099, 0.6978054379449213, 0.6925648628818705, 0.6934980450858752, 0.6900613367857936, 0.6874941390068394, 0.6874715898530497, 0.687772720828652, 0.6873785501262475, 0.6870681682099626, 0.6901008204500605, 0.6907018653567498, 0.690175171519591, 0.688298190820055, 0.6885190837699784, 0.6878013084552599, 0.6879743533719049, 0.6886174786234927, 0.6879102911367461, 0.6875918151039654, 0.6875043659354271, 0.6881743788810399, 0.687418464118934, 0.6880658323817941, 0.6884005476496381, 0.6872015375738705, 0.6877685855563221, 0.6873308131856618, 0.6869976901517858, 0.6876688501377278, 0.6875940617502522, 0.688159796234761, 0.6886623207289017, 0.68757627834748, 0.6876359713769845, 0.6874286833740589, 0.6871501706007204, 0.6876299085466737, 0.6877497466331997, 0.6881935938279005, 0.6875325363441059, 0.6879523766729699, 0.688514721499414, 0.6876770883186564, 0.6872692521928857, 0.6879115533258562, 0.6880000676889244, 0.6889366386221489]",fixed_epoch_budget_completed,No tolerance-based convergence claim; epochs selected by inner validation,1,"[{""category"": ""ConvergenceWarning"", ""message"": ""Stochastic Optimizer: Maximum iterations (250) reached and the optimization hasn't converged yet.""}]",191,14401,1.2627762500051176,mlp__symptoms_diet_labels,1,5,1.0,inner,"{""alpha"": 10.0, ""epochs"": 250, ""hidden_layer_sizes"": [64, 32]}",2689
250,250,5.595972674885435,0.6874580196333605,0.68715116444856,-0.0007643947127385919,"[5.595972674885435, 4.200636822549266, 3.1646724929850985, 2.4557846784506143, 1.9322385579452726, 1.5712063823661977, 1.3261365191952699, 1.144515065767031, 1.0258782429753854, 0.9378401899168579, 0.8770659392587352, 0.8332208447306676, 0.8019600092630887, 0.7804853800179905, 0.7601834109470191, 0.7483530949399319, 0.7397292907491821, 0.7313414077575229, 0.7270038316227692, 0.7229474363800014, 0.7185065821539782, 0.7159855174460813, 0.7136728951775222, 0.7113282475426896, 0.7098485835105113, 0.7098363964140485, 0.7078983682363974, 0.7064325573597156, 0.7056286175105211, 0.7053690078665368, 0.7041141472021164, 0.7030965255111038, 0.7031706509879757, 0.7023058030954424, 0.7022994790659022, 0.7015962169324373, 0.7014016008498504, 0.7010425423800366, 0.7000752530776689, 0.6997322856682971, 0.6995570357708814, 0.6983447997806134, 0.6983238126058329, 0.6985245173582518, 0.6977486542251772, 0.6967595454514667, 0.6960354092744518, 0.6960740468023764, 0.6960369036069572, 0.6953848100052092, 0.6944326712619348, 0.6944636702567911, 0.6938620759108719, 0.693913473223339, 0.6934555772922828, 0.6932939154077542, 0.6923764440100904, 0.6930737210612625, 0.6926860334416212, 0.6915737833041404, 0.6919172795469395, 0.6916247382656545, 0.6912735859159037, 0.6905349594940492, 0.6909291381669715, 0.6904294271186197, 0.6905579528935544, 0.6901841013162499, 0.6906246772404119, 0.6901958304330225, 0.6900402730395169, 0.6898776492394884, 0.6904696965394719, 0.6901915914177366, 0.6896643171267903, 0.6894802356585001, 0.6892558587818549, 0.6896623344693061, 0.6889165872409121, 0.6898757457377435, 0.6897502241932928, 0.6885073916122093, 0.6895347248720474, 0.6893291118022148, 0.6885995217082955, 0.6892245435150333, 0.6895128275415234, 0.6887130377334073, 0.6890262887344676, 0.6888138749169714, 0.6890198239050483, 0.6884739764780937, 0.6876936148100544, 0.6883123530686596, 0.6889989161799521, 0.6890323378968913, 0.6887338113358814, 0.6889487786602158, 0.688636744505558, 0.688550666909347, 0.6888839939657697, 0.6881515784865614, 0.6884484751007697, 0.6883824859202555, 0.6886744866759181, 0.6884822127620499, 0.6894839696038935, 0.6884240680863085, 0.6884832227755165, 0.6893255344276625, 0.6883704448580968, 0.6883201234144005, 0.6892044931692093, 0.6887162068879986, 0.6882254320157801, 0.6890610481315846, 0.6887632066999008, 0.6886148145675937, 0.6884236045859163, 0.6882918724344741, 0.6883624578663705, 0.6879769634543035, 0.6884015259588103, 0.6882229336138999, 0.6881906416298662, 0.6886182522429577, 0.687633206164126, 0.6879389031020507, 0.6887112616530228, 0.6881566659999149, 0.6878873920882116, 0.6881269664255641, 0.6881267143491271, 0.6881463946620707, 0.6889232913449466, 0.6880762164680457, 0.6887549587105862, 0.6881029866638227, 0.6878567783790637, 0.6882022287170411, 0.6887748219129599, 0.6881661741756776, 0.6882939866907931, 0.6883121572240166, 0.6877372993444497, 0.6881824357959458, 0.6888216220133707, 0.6878361372106332, 0.688367644332581, 0.6885912834454563, 0.6883236983770765, 0.688073353816695, 0.6877873240536001, 0.688028328653573, 0.6884412904585095, 0.6879944725241741, 0.6878856731071774, 0.6883348748154388, 0.6880458662594817, 0.6883496924168421, 0.6878249775819062, 0.6883803546347996, 0.688013558876018, 0.6884104361132006, 0.6884891461490273, 0.6879264185904888, 0.6880186715649356, 0.6882558588505697, 0.6880630743407912, 0.6878135875058236, 0.6887595916989662, 0.6874670267209526, 0.688695888031907, 0.6881995662559313, 0.6878117186470075, 0.6889386607232582, 0.6879968741619495, 0.6880646581846468, 0.6885015099428224, 0.6881786478991856, 0.6884016522941697, 0.6881844536389007, 0.6878015218944725, 0.6877407309966116, 0.6881318907821136, 0.6887467413073798, 0.6880057431546415, 0.6888220793283701, 0.6879457945053671, 0.6883072940788414, 0.6885697752080693, 0.6886609395291529, 0.6885367590533414, 0.6880398806411586, 0.6881906293972188, 0.6881025273716134, 0.6883457277996632, 0.6878867949271441, 0.6890740142809674, 0.6880722697808381, 0.6886556961976444, 0.6883731784446756, 0.6875939532113394, 0.6888297036699975, 0.6882259149924492, 0.6880026374206579, 0.6878101002718598, 0.6885726127692272, 0.6880784786628343, 0.6884161919505367, 0.6886357482138552, 0.6877315156175051, 0.6879728254911156, 0.6881942848541579, 0.688853223236336, 0.6878366161571384, 0.6874440202158998, 0.6884005510367994, 0.6886878277490783, 0.6882617635892107, 0.6883190688607532, 0.6883267975211876, 0.6880308635160984, 0.6873787176016649, 0.6880737566322526, 0.6878438146688932, 0.6880836590013188, 0.6877242032611304, 0.688002520250193, 0.6881152049635542, 0.6873614343449787, 0.6876348685786263, 0.6876379848115942, 0.6873116863468447, 0.6874011072525448, 0.6875295144051525, 0.6881704706629489, 0.6888651003813843, 0.6880589454287129, 0.6882224143460991, 0.6882020762443163, 0.6876195640530491, 0.6884190339518726, 0.6876774492382148, 0.6879958633098099, 0.6879643343272195, 0.6886087856012032, 0.68715116444856, 0.687376444874803, 0.6874580196333605]",fixed_epoch_budget_completed,No tolerance-based convergence claim; epochs selected by inner validation,1,"[{""category"": ""ConvergenceWarning"", ""message"": ""Stochastic Optimizer: Maximum iterations (250) reached and the optimization hasn't converged yet.""}]",191,14401,1.1851959159976104,mlp__symptoms_diet_labels,1,5,2.0,inner,"{""alpha"": 10.0, ""epochs"": 250, ""hidden_layer_sizes"": [64, 32]}",2685
250,250,5.561658101754869,0.6866358325875052,0.6859274524524743,-0.0005212279251239904,"[5.561658101754869, 4.123657189731294, 3.0377274102201146, 2.301902424724379, 1.8029751986010838, 1.4527064689882885, 1.218100634449739, 1.0524845954410225, 0.9461663341485663, 0.8685287731588933, 0.8191807909962571, 0.7826287960925165, 0.7586081183666282, 0.7408666562441458, 0.7296225911047475, 0.7197091039662317, 0.713589270684377, 0.7088991691207331, 0.7053203315957061, 0.702702752088907, 0.700791312365581, 0.6993873812661938, 0.698005412558842, 0.697140147456132, 0.6953800241888665, 0.6938274964708696, 0.6936703855559638, 0.6929826470198296, 0.6930791045768733, 0.69208713940203, 0.6918455757730029, 0.6915274851264862, 0.6905933717208499, 0.6910404158854287, 0.6905403864671252, 0.6905266282705448, 0.6904778597229566, 0.6898289831102133, 0.6896850861415101, 0.689374869030999, 0.6892759468300854, 0.6888722588243479, 0.6892522922809445, 0.6898131265506982, 0.6891970128813054, 0.6882114213459972, 0.6890520646593671, 0.6888869373243914, 0.6885336106144271, 0.6884371569134888, 0.6888549797475394, 0.6880687957950796, 0.6879453818407072, 0.6883835963320534, 0.6883038092585886, 0.6882602382056672, 0.6881320591076174, 0.6877774120229527, 0.6879923739096108, 0.6875043677438667, 0.6878538747422325, 0.6878831770511704, 0.6872348795084594, 0.6877834606275521, 0.6885720268966325, 0.6877759014084609, 0.6878837679994497, 0.6881251965974371, 0.6876753496479899, 0.6870747861155041, 0.6882150129562589, 0.6874263303033195, 0.6878277197734639, 0.6879328609159697, 0.6879588816776532, 0.68783623921291, 0.6870839067694071, 0.6878271163087306, 0.6873417369298015, 0.687196751031148, 0.6880430889137928, 0.6881972492299082, 0.6873155086520477, 0.6876705045165156, 0.6880951517603122, 0.6881493893933899, 0.6875205393011409, 0.6879474853404272, 0.6867443578644349, 0.6873156977245264, 0.6873004048600031, 0.6874826860557571, 0.6875875127239611, 0.6879776908626096, 0.6877251811522379, 0.6874576567675943, 0.6876261015606003, 0.6879935675268147, 0.687411474929989, 0.6868929474455563, 0.6878313802183281, 0.6876656191139214, 0.6871904456782515, 0.687653176221629, 0.687476296115417, 0.6876920279595056, 0.6877506481419134, 0.6863346453219462, 0.6872913126762514, 0.6870308974491218, 0.6869840732355312, 0.6868639086269682, 0.6877263027885553, 0.6874304380831867, 0.6873616467298875, 0.6864853084278054, 0.6871775009412745, 0.6872046073804633, 0.6879088663486524, 0.6878527686096548, 0.6874668681894995, 0.6867305582625111, 0.6872655119041641, 0.6867473098334762, 0.6876506840622223, 0.687194107495014, 0.6877855758990312, 0.6879506929695549, 0.6872255297198915, 0.6874643585193966, 0.6873787650866187, 0.6871816265849667, 0.6862874199164207, 0.6869194269462926, 0.6871417136513492, 0.6872538647835854, 0.6873789925113988, 0.6872617271466289, 0.6872017266022428, 0.6870339184826324, 0.6871765924935742, 0.687523636397816, 0.6881446054836762, 0.6869339190447358, 0.6871370675256292, 0.6872088939356402, 0.686957032382624, 0.6875034312461601, 0.6876255363527762, 0.6873751642757809, 0.6870341582053752, 0.6865615546000438, 0.6869416334982742, 0.687057694489285, 0.6869042705479947, 0.6872401052205146, 0.6871502291769697, 0.686995510458065, 0.6871634555453086, 0.6867658347737363, 0.687122027984976, 0.6872237714952674, 0.6872958756456197, 0.6871135863075994, 0.687309965515448, 0.6862315955499547, 0.6871348447741092, 0.6873551600742673, 0.6875628837244471, 0.6874222909775349, 0.6882015727520624, 0.6881139573042554, 0.6865438380741377, 0.6871536268807358, 0.6872459039598219, 0.6865133587272781, 0.6874585327555387, 0.6870371357583093, 0.6868936968471367, 0.687018515812894, 0.6867771297489516, 0.6869871032203495, 0.6866146662382903, 0.6866893072912978, 0.6873899991760694, 0.687080501276838, 0.6875366719471909, 0.6867519108977798, 0.6870309089122785, 0.6872354649336548, 0.6862455411796267, 0.6873547826441159, 0.6876185567105341, 0.6870074832186104, 0.6868450490638688, 0.687169904005058, 0.6872536371587994, 0.68717986998732, 0.6872534865507254, 0.6870005731608, 0.687525331911281, 0.6871969707011437, 0.6866856609266856, 0.6870690344424506, 0.6868166003354905, 0.6869109294994462, 0.6861155819070187, 0.6872376670803538, 0.6870469643649543, 0.6872283261362406, 0.6865819305565556, 0.6868005845346926, 0.6868320441539972, 0.6875061838297478, 0.6872436629928239, 0.6872494922707366, 0.6876190222437377, 0.6870905702422908, 0.6876185717425236, 0.6873499268361565, 0.686717868250494, 0.687406554524727, 0.6876095648826259, 0.6869374132499183, 0.6869859859998424, 0.6869498706883126, 0.6867241919258678, 0.6873904720171612, 0.6869856236771327, 0.687353571490315, 0.6872734510410462, 0.6871362005130621, 0.6868329492296282, 0.6871139104832202, 0.6872590913743823, 0.6872373379189721, 0.6876838033269361, 0.6875326591163318, 0.6866701447892671, 0.6871570605126291, 0.6876454443751626, 0.6868878330496923, 0.6875077304557314, 0.6872740713285441, 0.6860993972841242, 0.6859274524524743, 0.6870461436552611, 0.6874652880477521, 0.6867586210086586, 0.6866358325875052]",fixed_epoch_budget_completed,No tolerance-based convergence claim; epochs selected by inner validation,1,"[{""category"": ""ConvergenceWarning"", ""message"": ""Stochastic Optimizer: Maximum iterations (250) reached and the optimization hasn't converged yet.""}]",191,14401,1.21633324999857,mlp__symptoms_diet_labels,1,5,3.0,inner,"{""alpha"": 10.0, ""epochs"": 250, ""hidden_layer_sizes"": [64, 32]}",2686
100,100,3.3977504172266504,0.6877042099715726,0.686884131349291,0.0002557532478862923,"[3.3977504172266504, 2.4236256699225533, 1.8007900415509617, 1.4294565643208594, 1.186434318967032, 1.0319842956681888, 0.9342584163390644, 0.869209418243313, 0.8250298317500168, 0.7941794100946812, 0.772799264038914, 0.7536059633487423, 0.7423921168505504, 0.7319188750548138, 0.7254234529861264, 0.717959722931765, 0.7132902415793326, 0.7092607219993071, 0.7060434802040085, 0.7041041634865024, 0.702084943003078, 0.7000692264414515, 0.6984619577382886, 0.6972024729012094, 0.6961436855768238, 0.6950678956408088, 0.6940015422870023, 0.692560712832663, 0.6916807774597671, 0.6916381360515741, 0.6911024510624275, 0.6902265721471544, 0.6897349205643424, 0.689931711453576, 0.6885420035009834, 0.6882567714219884, 0.6883403755269183, 0.6878240239920623, 0.6880118811469546, 0.6876413939136705, 0.6883394405929648, 0.6876177468859366, 0.6872949666150167, 0.6882329543692292, 0.6876639039008473, 0.6876131806637347, 0.6871072407465666, 0.688102918266625, 0.6876481114836317, 0.6878385670545818, 0.6877876171635058, 0.6877718031863441, 0.687729539854567, 0.6879330229418387, 0.6879788660631656, 0.6873028792553249, 0.6874170509130517, 0.6874956807530046, 0.6873210031892732, 0.6871039732607255, 0.687256680750187, 0.6876535787735779, 0.6872868268944403, 0.6871088602169065, 0.6878954258276295, 0.6873968548010106, 0.6879792984753865, 0.6879313887497704, 0.6877227079961624, 0.6875277554723569, 0.6872352922472178, 0.6874965385796987, 0.6875132656660292, 0.6877743423771963, 0.6873878675233391, 0.6871121622414386, 0.6869537391980192, 0.6877112332863812, 0.6876483444583464, 0.6872269106213119, 0.6876180970374737, 0.6873948424193396, 0.6879448344069365, 0.6871595584077961, 0.6873453752062441, 0.6880248393191256, 0.6876238167228694, 0.6869035934948537, 0.6873339378745578, 0.6874484567236863, 0.6871527886787682, 0.6871534871453934, 0.6882362629807947, 0.6877219341199571, 0.6879589038624138, 0.6877607192733891, 0.687637253878432, 0.6872299809569172, 0.686884131349291, 0.6877042099715726]",fixed_epoch_budget_completed,No tolerance-based convergence claim; epochs selected by inner validation,1,"[{""category"": ""ConvergenceWarning"", ""message"": ""Stochastic Optimizer: Maximum iterations (100) reached and the optimization hasn't converged yet.""}]",191,6689,0.5711691670003347,mlp__symptoms_diet_labels,1,1,,outer,"{""alpha"": 10.0, ""epochs"": 100, ""hidden_layer_sizes"": [32, 16]}",4030
100,100,0.9867426178121859,0.3200861238623704,0.31722780263342276,-0.00440947252758872,"[0.9867426178121859, 0.923819244033606, 0.8767201660173075, 0.8428090283435357, 0.8082074513256368, 0.7810433274556348, 0.755925318269612, 0.7423877222111395, 0.723320247982429, 0.7045645510669074, 0.6933301666262405, 0.6810868453764451, 0.6684371091438679, 0.6543114804214389, 0.6446515308563922, 0.6369681481173002, 0.6266175170341687, 0.6131040991162146, 0.6033353356889237, 0.591855177041891, 0.580654253714641, 0.5773894352305264, 0.5628140631190187, 0.5570896206500026, 0.5485756531243418, 0.5320165626633548, 0.5214089959720901, 0.5200328726320474, 0.5026013849981059, 0.4926542481219465, 0.4820482349713312, 0.47492896941978285, 0.46848593860986226, 0.46052500168264016, 0.4633814577494684, 0.446255716104676, 0.4394296117658582, 0.43671882424822195, 0.43126781653795937, 0.42542852450278085, 0.42439182662089336, 0.4188147289092434, 0.4162747137961639, 0.41463764154516025, 0.4045584002732546, 0.39864914393811024, 0.39419132399373885, 0.39092017713898325, 0.3857149863765447, 0.3885517887307521, 0.38501059097343016, 0.38206889624202506, 0.3746189594568434, 0.38171581824027784, 0.37552503193686493, 0.3681059444255221, 0.36367843164795954, 0.36448862522690867, 0.3625047519432861, 0.35951549859779486, 0.3659444128958503, 0.3623371579755521, 0.3568952381181931, 0.3535292281553335, 0.34717815874461805, 0.3507541970719355, 0.35342494582077777, 0.35317409438543007, 0.34822884509804825, 0.346855616655508, 0.34388215158619134, 0.3397982444160574, 0.3401566574343755, 0.3428203474790671, 0.33436641203372963, 0.3368878885917754, 0.3347220061727605, 0.33224636967124893, 0.33275960532610965, 0.33780982416278155, 0.3394374635429616, 0.33649479642359414, 0.3341900813480093, 0.3323663390614428, 0.32875273127794, 0.3253245897961894, 0.325741253234816, 0.32732689582077884, 0.3260730991129178, 0.3244955963899591, 0.32110563286300625, 0.325121167349567, 0.3184137704930963, 0.32038681877561953, 0.31722780263342276, 0.32393197908615234, 0.3223890270030638, 0.32021785467019787, 0.3224192469803183, 0.3200861238623704]",fixed_epoch_budget_completed,No tolerance-based convergence claim; epochs selected by inner validation,1,"[{""category"": ""ConvergenceWarning"", ""message"": ""Stochastic Optimizer: Maximum iterations (100) reached and the optimization hasn't converged yet.""}]",192,6721,0.4091904160013655,mlp__symptoms_diet_labels,2,0,1.0,inner,"{""alpha"": 1.0, ""epochs"": 100, ""hidden_layer_sizes"": [32, 16]}",2686
100,100,0.9865199693122365,0.323518504890374,0.323518504890374,-0.0054131619181636,"[0.9865199693122365, 0.9275918497908361, 0.8846706533542976, 0.849809204216409, 0.8214391720501759, 0.7933324368458883, 0.7714111812254897, 0.7514943076550425, 0.7318340479526811, 0.7151465458537223, 0.7001153015790572, 0.6875138825511137, 0.6760044737635962, 0.66492559037854, 0.6486787063513324, 0.6418192157444153, 0.6316668065141754, 0.6135449949561983, 0.6043449449849847, 0.5975285256380719, 0.5826182938324244, 0.5691007868529606, 0.5687418762938506, 0.5494659454629308, 0.5392268577462559, 0.527017252615834, 0.5195277141136977, 0.5111499835691083, 0.4982601458889996, 0.4908147897811281, 0.48826328436059185, 0.47282439115602654, 0.46444324216769683, 0.46036875561503865, 0.45396151122275913, 0.4454052645645916, 0.43669548789855395, 0.42741465673614193, 0.42490407455077406, 0.42225883638200606, 0.41381865987788335, 0.4095575029491924, 0.40615626427663964, 0.4021149405454416, 0.3964347876949901, 0.3942162914217305, 0.39053323843798654, 0.3897204492455778, 0.3892901111551389, 0.38633338502420517, 0.38279092522562985, 0.3769897085478916, 0.3755311614445789, 0.37260559999055165, 0.3727614403589803, 0.36950982489269274, 0.36629967347982567, 0.36451610537358714, 0.3657948444514499, 0.36096973592154113, 0.36190481446085915, 0.3551514702291531, 0.35373470275482843, 0.35165218844071783, 0.3517129739546315, 0.35292175946323845, 0.35075318462834826, 0.35126947337622516, 0.35148591133700213, 0.3460859741899587, 0.34266536251359636, 0.34369885720621474, 0.3409178358010439, 0.34099025691243273, 0.3373398679212657, 0.34019541605153475, 0.33958715648336985, 0.34164433599127025, 0.33796864914316177, 0.3390458813926496, 0.3395093718961655, 0.33451306423509947, 0.33066392114950144, 0.332735454253683, 0.33237560471530514, 0.33655917288466175, 0.33421923550159593, 0.32916227783167723, 0.327406851032452, 0.3289316668085376, 0.34071438899840006, 0.33433405890882056, 0.3291922755994146, 0.33122495363688154, 0.3248495136052172, 0.32799545414362785, 0.3260559257546925, 0.32715738470515976, 0.32476788429683384, 0.323518504890374]",fixed_epoch_budget_completed,No tolerance-based convergence claim; epochs selected by inner validation,1,"[{""category"": ""ConvergenceWarning"", ""message"": ""Stochastic Optimizer: Maximum iterations (100) reached and the optimization hasn't converged yet.""}]",192,6721,0.3939387079954031,mlp__symptoms_diet_labels,2,0,2.0,inner,"{""alpha"": 1.0, ""epochs"": 100, ""hidden_layer_sizes"": [32, 16]}",2688
100,100,0.9713953221995063,0.3377120086719582,0.336419835570567,-0.010524347301878068,"[0.9713953221995063, 0.9146539885416848, 0.8730897758019505, 0.8349095347566183, 0.8075913074371378, 0.7787488992143878, 0.7578288690258761, 0.7384180372482076, 0.7208369904303618, 0.7056471607487766, 0.6970252718256115, 0.6780011338942225, 0.6691009810087022, 0.6540896088423421, 0.6464339934704313, 0.6350973197590829, 0.6244028296550721, 0.6145991885788514, 0.6063130154680775, 0.5974738788369932, 0.5909270774532386, 0.582918667473824, 0.5795099655096823, 0.5733656739524273, 0.5675632272551859, 0.5536773603500933, 0.5464825489118352, 0.5346080694588231, 0.5336867964834566, 0.5303619632776723, 0.5227043117814107, 0.5144066927505545, 0.5058956433988469, 0.49684309317747766, 0.4921022539495846, 0.48744433371287677, 0.4822579647193951, 0.47588969558133837, 0.46360825697671454, 0.46698653453913597, 0.46332479345187055, 0.46346945701184356, 0.4569756546769829, 0.44591737209155036, 0.4412701993920599, 0.44345036952248973, 0.43537042635545464, 0.4284973167030856, 0.43954475725352143, 0.4327139919819069, 0.4171189863300831, 0.41798952069766776, 0.41463895938983547, 0.4105780406211776, 0.40741433371011754, 0.40318427931724093, 0.3991774410907148, 0.4000153190126449, 0.3940535749233934, 0.39263155437769115, 0.39518640314061604, 0.39149993923869597, 0.39649694700230426, 0.39149666782865084, 0.38303968817702716, 0.3836477217053045, 0.38052535030871026, 0.377099870832638, 0.37393955980698323, 0.3762496069421873, 0.3730509478633244, 0.36845637568502476, 0.3767581444624276, 0.36746584897950507, 0.37206887481099027, 0.3675292276409303, 0.3643016253119349, 0.36370126896546423, 0.36509306798820207, 0.36492460262614906, 0.35902004217458283, 0.3608555629624248, 0.3544996358977111, 0.35482364921108983, 0.3503700169632781, 0.3481799627457735, 0.34715948130304314, 0.3513146687223487, 0.3500113340310551, 0.3482363559738363, 0.34324489679316156, 0.3481883739076345, 0.3453177720216475, 0.3438307109785833, 0.34087908609246925, 0.3396137773315149, 0.33775157644950554, 0.336419835570567, 0.33810435613481393, 0.3377120086719582]",fixed_epoch_budget_completed,No tolerance-based convergence claim; epochs selected by inner validation,1,"[{""category"": ""ConvergenceWarning"", ""message"": ""Stochastic Optimizer: Maximum iterations (100) reached and the optimization hasn't converged yet.""}]",191,6689,0.38732975000311853,mlp__symptoms_diet_labels,2,0,3.0,inner,"{""alpha"": 1.0, ""epochs"": 100, ""hidden_layer_sizes"": [32, 16]}",2684
100,100,3.4434671406612147,0.6887058648213517,0.6881330688772063,0.00016055522703206648,"[3.4434671406612147, 2.73287354608672, 2.2036991453891703, 1.809199449396534, 1.5188690037082517, 1.3143371211112278, 1.1639058080233942, 1.062777649007785, 0.9771176471387016, 0.9126930516704415, 0.868003590134025, 0.8336905250615414, 0.8070656192641035, 0.7849059024765382, 0.7687842058665336, 0.7561036105117093, 0.7455107438833309, 0.7369556345055588, 0.7303675957197578, 0.7250802050497667, 0.719815328668876, 0.7175862176303249, 0.7144402137366285, 0.7116601297901415, 0.7093337384102438, 0.7075854431822397, 0.7056239069271968, 0.7056179127690727, 0.7038624121278287, 0.7030616383779673, 0.7008824985614868, 0.7007264376772689, 0.7005183712980303, 0.6996366198165771, 0.6991185708803184, 0.6979009007860403, 0.6974678984627947, 0.6973776270315029, 0.6960899296117712, 0.6953705649644593, 0.6947250315655923, 0.693904095321145, 0.692991884835817, 0.693290040792407, 0.6926618586880353, 0.6916747072455441, 0.6917721070634273, 0.6914775745519315, 0.6915549929582752, 0.691214076071708, 0.6900372227214684, 0.6902356684111892, 0.6897990397243513, 0.6900506951285151, 0.6898540939328179, 0.6896403491616299, 0.6894183083985451, 0.689117189704313, 0.6897431060160202, 0.6897675497279633, 0.689238482032094, 0.6884553528257954, 0.6890853956404012, 0.6889493978520107, 0.6893895100253152, 0.6891390695426859, 0.6888119607117665, 0.6887901066567587, 0.6893399084853244, 0.6896518758905811, 0.6886738409385338, 0.6891563205065703, 0.6889129034995581, 0.6889859822828075, 0.6884649634295036, 0.6882147742553313, 0.6884665088490451, 0.6888752185707071, 0.6893493876015733, 0.6887235817444961, 0.6891125982458676, 0.6884898832416477, 0.6884547112497261, 0.688143786349504, 0.6884755716809512, 0.6888111434551338, 0.6888298487407217, 0.6884046072291274, 0.6890414763570163, 0.6885453095943196, 0.6886896720266499, 0.6888211125164196, 0.6891641619280614, 0.6889860909781004, 0.689076647853434, 0.688439090350005, 0.6894935692691402, 0.6886779588397145, 0.6881330688772063, 0.6887058648213517]",fixed_epoch_budget_completed,No tolerance-based convergence claim; epochs selected by inner validation,1,"[{""category"": ""ConvergenceWarning"", ""message"": ""Stochastic Optimizer: Maximum iterations (100) reached and the optimization hasn't converged yet.""}]",192,6721,0.37498675000097137,mlp__symptoms_diet_labels,2,1,1.0,inner,"{""alpha"": 10.0, ""epochs"": 100, ""hidden_layer_sizes"": [32, 16]}",2686
100,100,3.434062831238532,0.690605397911513,0.6899428938071184,0.0004378914521618871,"[3.434062831238532, 2.7104372324348995, 2.1758868489310177, 1.7748033155886864, 1.5006650834638298, 1.2980685914639927, 1.1444488285140326, 1.0384724029404981, 0.9605607729418759, 0.9008752457735243, 0.8586195091190868, 0.8256451101536681, 0.8007829044186973, 0.7804768793331188, 0.7640715170954157, 0.751184764528506, 0.7416439030054894, 0.7326795239070942, 0.7264657559249222, 0.7214694920850052, 0.7166979510292841, 0.7130394631995826, 0.7103297288165853, 0.7068199375509612, 0.7044213364030509, 0.7033543064674248, 0.701036081388545, 0.6998015287609562, 0.6986290757878473, 0.6978617323824942, 0.6968018851696038, 0.6955987968266104, 0.695007834373829, 0.6946461420720971, 0.6939261219418655, 0.6935537148564821, 0.6931760044289275, 0.6929125017821313, 0.6920989592406397, 0.6924528050037334, 0.6918056991044222, 0.692276153293926, 0.6917238478042549, 0.6912480344519304, 0.6910747907537699, 0.6909937940794786, 0.6910969042059688, 0.6909326864120253, 0.6906843182581588, 0.6912361131667465, 0.6913134016988208, 0.6903842131945235, 0.6908304830161154, 0.6904378619620382, 0.6901849025821492, 0.6910462180956719, 0.6907982234546197, 0.6904480923006486, 0.6907667091152467, 0.6902157878902669, 0.6909540221475736, 0.6904370082827145, 0.6909097945421794, 0.6906893828634756, 0.6902465263339744, 0.6904278466273036, 0.6902537429908009, 0.6903423715742674, 0.6902214569692815, 0.6904217229255771, 0.6903858360304701, 0.6909552959393024, 0.6905067647632971, 0.6902410537481175, 0.6902764277736446, 0.6906366744140786, 0.6906120524044371, 0.6900597464329775, 0.6904020049585655, 0.6903399878663927, 0.6904121869740142, 0.6903740176522707, 0.690769170262218, 0.6905249060980192, 0.6903348496697096, 0.690622773271422, 0.6905694282475852, 0.6902853772113055, 0.6901894560864508, 0.6901675064593511, 0.6902428344494536, 0.6905941241507436, 0.690040662297057, 0.6903168631243248, 0.690183569894853, 0.690004997945465, 0.6899428938071184, 0.6901988536369315, 0.6901824495174935, 0.690605397911513]",fixed_epoch_budget_completed,No tolerance-based convergence claim; epochs selected by inner validation,1,"[{""category"": ""ConvergenceWarning"", ""message"": ""Stochastic Optimizer: Maximum iterations (100) reached and the optimization hasn't converged yet.""}]",192,6721,0.3758339580017491,mlp__symptoms_diet_labels,2,1,2.0,inner,"{""alpha"": 10.0, ""epochs"": 100, ""hidden_layer_sizes"": [32, 16]}",2688
100,100,3.3542253157338013,0.6862156768431847,0.6847729861564117,0.00042561588842693343,"[3.3542253157338013, 2.648386262623925, 2.121403839563412, 1.7274264399959616, 1.4693856315848695, 1.2568415960855908, 1.1160078434363492, 1.0117801974830813, 0.9383511263579883, 0.8795339447585476, 0.8434801953495853, 0.8101019060778888, 0.7869522622777918, 0.7689179105899101, 0.7546399388189716, 0.7438383346496292, 0.7352953048641038, 0.7275305326901412, 0.721247127632208, 0.7172523776949671, 0.7125938177129885, 0.7089908621029545, 0.706521326495062, 0.7043826773717408, 0.7016057743377773, 0.69943553241098, 0.6968845786262627, 0.69580315709537, 0.6957982223871292, 0.69306115285695, 0.6935165414564445, 0.6907286684227194, 0.6908675475048633, 0.6903138287823448, 0.6891201109810248, 0.6894504362637085, 0.6890215330744983, 0.6881751209613547, 0.6877617641047479, 0.6875516716402504, 0.6862153087949565, 0.6867444193556221, 0.6862659598093566, 0.6869353907712047, 0.6868709090535217, 0.6865108186154979, 0.6869086312942517, 0.6862849976096367, 0.6876152606663458, 0.6868792562418515, 0.6865673360553695, 0.687445440175733, 0.6868277542291293, 0.6861283968262513, 0.6870284385373276, 0.6861231258829862, 0.6865451094045913, 0.6869645351845006, 0.6864189584879171, 0.6860691680316757, 0.6861685827794038, 0.6862770773878711, 0.6864236249345161, 0.6861517135106829, 0.6861314804922078, 0.6868310629106055, 0.6862006913945612, 0.6870658810809479, 0.6861813881571965, 0.6866732163694388, 0.6859994179818178, 0.685820047206585, 0.6847729861564117, 0.6867171109085787, 0.6857501336631332, 0.6853220300552277, 0.6857292054559007, 0.6862594346504891, 0.6861850253301298, 0.6866702594743421, 0.6864624002369919, 0.6865518891045719, 0.6864274946014037, 0.6869591537090779, 0.6861513165201253, 0.6859428536414622, 0.6859750616682186, 0.6860528485988167, 0.6859804905842217, 0.6857900609547578, 0.6870720691419444, 0.6858287015857959, 0.6859058171425311, 0.6864242410357385, 0.6870800420039154, 0.685623180708498, 0.685816012249618, 0.686101359379422, 0.6868422374325845, 0.6862156768431847]",fixed_epoch_budget_completed,No tolerance-based convergence claim; epochs selected by inner validation,1,"[{""category"": ""ConvergenceWarning"", ""message"": ""Stochastic Optimizer: Maximum iterations (100) reached and the optimization hasn't converged yet.""}]",191,6689,0.3767067080043489,mlp__symptoms_diet_labels,2,1,3.0,inner,"{""alpha"": 10.0, ""epochs"": 100, ""hidden_layer_sizes"": [32, 16]}",2684
250,250,3.4434671406612147,0.6891060981091636,0.6878094154875473,-0.00028095881021605873,"[3.4434671406612147, 2.73287354608672, 2.2036991453891703, 1.809199449396534, 1.5188690037082517, 1.3143371211112278, 1.1639058080233942, 1.062777649007785, 0.9771176471387016, 0.9126930516704415, 0.868003590134025, 0.8336905250615414, 0.8070656192641035, 0.7849059024765382, 0.7687842058665336, 0.7561036105117093, 0.7455107438833309, 0.7369556345055588, 0.7303675957197578, 0.7250802050497667, 0.719815328668876, 0.7175862176303249, 0.7144402137366285, 0.7116601297901415, 0.7093337384102438, 0.7075854431822397, 0.7056239069271968, 0.7056179127690727, 0.7038624121278287, 0.7030616383779673, 0.7008824985614868, 0.7007264376772689, 0.7005183712980303, 0.6996366198165771, 0.6991185708803184, 0.6979009007860403, 0.6974678984627947, 0.6973776270315029, 0.6960899296117712, 0.6953705649644593, 0.6947250315655923, 0.693904095321145, 0.692991884835817, 0.693290040792407, 0.6926618586880353, 0.6916747072455441, 0.6917721070634273, 0.6914775745519315, 0.6915549929582752, 0.691214076071708, 0.6900372227214684, 0.6902356684111892, 0.6897990397243513, 0.6900506951285151, 0.6898540939328179, 0.6896403491616299, 0.6894183083985451, 0.689117189704313, 0.6897431060160202, 0.6897675497279633, 0.689238482032094, 0.6884553528257954, 0.6890853956404012, 0.6889493978520107, 0.6893895100253152, 0.6891390695426859, 0.6888119607117665, 0.6887901066567587, 0.6893399084853244, 0.6896518758905811, 0.6886738409385338, 0.6891563205065703, 0.6889129034995581, 0.6889859822828075, 0.6884649634295036, 0.6882147742553313, 0.6884665088490451, 0.6888752185707071, 0.6893493876015733, 0.6887235817444961, 0.6891125982458676, 0.6884898832416477, 0.6884547112497261, 0.688143786349504, 0.6884755716809512, 0.6888111434551338, 0.6888298487407217, 0.6884046072291274, 0.6890414763570163, 0.6885453095943196, 0.6886896720266499, 0.6888211125164196, 0.6891641619280614, 0.6889860909781004, 0.689076647853434, 0.688439090350005, 0.6894935692691402, 0.6886779588397145, 0.6881330688772063, 0.6887058648213517, 0.6886383259714973, 0.6889683155101017, 0.6889210518084165, 0.689298627696373, 0.6891385591307845, 0.6885945260837197, 0.6891219502148649, 0.6888813954502233, 0.6884296861037973, 0.689055198775207, 0.6886775173472122, 0.6888051634663821, 0.6883353280675377, 0.6890559614522195, 0.6890888553835745, 0.689448812010949, 0.6890153810618356, 0.6887853463497545, 0.6889196906575303, 0.6889534438719926, 0.6881119306317602, 0.6889524124526398, 0.6886459141334512, 0.6885654919714593, 0.688430158285252, 0.689445146596135, 0.6890249331623943, 0.6890124193998931, 0.6885917086545893, 0.6886342038433169, 0.6883618560054156, 0.689231385830481, 0.6882743539997069, 0.6886284145578964, 0.6878701861010946, 0.6885013379423214, 0.6889977356725674, 0.687924893647264, 0.6885150009546949, 0.6885210218139961, 0.6889734906270503, 0.6885616039717442, 0.6883169772115455, 0.6891503666902807, 0.6890162743800562, 0.6884957911029754, 0.6883763940171103, 0.6892138152229591, 0.6892264692262318, 0.6887315965678176, 0.6885108529370148, 0.6883130898919287, 0.688718793775734, 0.6885972839780908, 0.6890549827186399, 0.688957183934438, 0.6883613608360163, 0.6884200771209712, 0.6884821056782628, 0.6889422157858361, 0.6885894079085231, 0.6892695457456709, 0.6881500490836354, 0.6888699290216678, 0.689114882693856, 0.6891173673621019, 0.689281530368254, 0.68918253355465, 0.6888261533289813, 0.68834528975405, 0.6883194712855412, 0.6892919259083149, 0.6884162343051324, 0.6882571733018061, 0.6895550067186581, 0.6886100498345966, 0.6885191235244708, 0.6881255088918192, 0.688795660337505, 0.6891749250806424, 0.6888829874816116, 0.6883794619318665, 0.6880718429255355, 0.6888469480989693, 0.6885932952376019, 0.6884367587136485, 0.688944711786349, 0.6885162961505231, 0.6886208569155506, 0.6888601588590927, 0.6884987797945914, 0.6885348252622835, 0.6884954271543721, 0.6883095399003916, 0.6890212420040784, 0.6893466333212767, 0.6881704846146816, 0.6891217931840283, 0.6892759827760305, 0.6886719891929628, 0.6879246859015348, 0.6887904387712959, 0.6889373056831775, 0.688423569381497, 0.6884819837339112, 0.68853407228299, 0.6888981440710239, 0.6884412297668048, 0.6882477533631933, 0.6886603790365524, 0.6880744446448304, 0.689314147325768, 0.6893694458702238, 0.6891322011682697, 0.6880073259901309, 0.6881832665793939, 0.6887017182039318, 0.6887424843367024, 0.6881517458115735, 0.6892116869047337, 0.6887910622744683, 0.6883030342066006, 0.6890030181918546, 0.6878094154875473, 0.6895187546992084, 0.6882026728361017, 0.6893159995084261, 0.6887901906942137, 0.6891969148337604, 0.6889359900557077, 0.6889306822069206, 0.6885947955807848, 0.6882003739520759, 0.6880230982648412, 0.6884569588660452, 0.6887190086475403, 0.689263194749861, 0.6881474166483406, 0.6888068306298155, 0.6893870569193796, 0.6892045331051869, 0.6885175233475874, 0.6885408013970041, 0.6893981489983322, 0.6898739252870182, 0.6881755092483346, 0.6895388931194409, 0.6883463497931239, 0.6898705880183076, 0.6891060981091636]",fixed_epoch_budget_completed,No tolerance-based convergence claim; epochs selected by inner validation,1,"[{""category"": ""ConvergenceWarning"", ""message"": ""Stochastic Optimizer: Maximum iterations (250) reached and the optimization hasn't converged yet.""}]",192,6721,0.8874682080058847,mlp__symptoms_diet_labels,2,2,1.0,inner,"{""alpha"": 10.0, ""epochs"": 250, ""hidden_layer_sizes"": [32, 16]}",2686
250,250,3.434062831238532,0.6902395742318778,0.6896214640721082,-0.0007175769787755026,"[3.434062831238532, 2.7104372324348995, 2.1758868489310177, 1.7748033155886864, 1.5006650834638298, 1.2980685914639927, 1.1444488285140326, 1.0384724029404981, 0.9605607729418759, 0.9008752457735243, 0.8586195091190868, 0.8256451101536681, 0.8007829044186973, 0.7804768793331188, 0.7640715170954157, 0.751184764528506, 0.7416439030054894, 0.7326795239070942, 0.7264657559249222, 0.7214694920850052, 0.7166979510292841, 0.7130394631995826, 0.7103297288165853, 0.7068199375509612, 0.7044213364030509, 0.7033543064674248, 0.701036081388545, 0.6998015287609562, 0.6986290757878473, 0.6978617323824942, 0.6968018851696038, 0.6955987968266104, 0.695007834373829, 0.6946461420720971, 0.6939261219418655, 0.6935537148564821, 0.6931760044289275, 0.6929125017821313, 0.6920989592406397, 0.6924528050037334, 0.6918056991044222, 0.692276153293926, 0.6917238478042549, 0.6912480344519304, 0.6910747907537699, 0.6909937940794786, 0.6910969042059688, 0.6909326864120253, 0.6906843182581588, 0.6912361131667465, 0.6913134016988208, 0.6903842131945235, 0.6908304830161154, 0.6904378619620382, 0.6901849025821492, 0.6910462180956719, 0.6907982234546197, 0.6904480923006486, 0.6907667091152467, 0.6902157878902669, 0.6909540221475736, 0.6904370082827145, 0.6909097945421794, 0.6906893828634756, 0.6902465263339744, 0.6904278466273036, 0.6902537429908009, 0.6903423715742674, 0.6902214569692815, 0.6904217229255771, 0.6903858360304701, 0.6909552959393024, 0.6905067647632971, 0.6902410537481175, 0.6902764277736446, 0.6906366744140786, 0.6906120524044371, 0.6900597464329775, 0.6904020049585655, 0.6903399878663927, 0.6904121869740142, 0.6903740176522707, 0.690769170262218, 0.6905249060980192, 0.6903348496697096, 0.690622773271422, 0.6905694282475852, 0.6902853772113055, 0.6901894560864508, 0.6901675064593511, 0.6902428344494536, 0.6905941241507436, 0.690040662297057, 0.6903168631243248, 0.690183569894853, 0.690004997945465, 0.6899428938071184, 0.6901988536369315, 0.6901824495174935, 0.690605397911513, 0.6902530093112569, 0.6909780574091231, 0.6905340522054259, 0.690505192498596, 0.6900692286793096, 0.6900633185155388, 0.690385111001481, 0.6906338692075612, 0.6902137540239361, 0.6910617139684703, 0.690739932803563, 0.6901314301538953, 0.6906912216066156, 0.6902544005702916, 0.6905019997803417, 0.6904148368253128, 0.6905141213653101, 0.6900622840346743, 0.6907618530182431, 0.6904039104415173, 0.690097458648991, 0.6899738194040037, 0.6903571838277514, 0.6903591585333319, 0.6896712348829227, 0.6899373991606712, 0.6905649684828195, 0.6902262507277305, 0.6903983777191611, 0.6902425331124681, 0.6902873495468518, 0.6902337932778336, 0.6901250306722654, 0.6903758203384383, 0.6901822795036964, 0.6902372457973909, 0.6901826408621897, 0.6905249440146674, 0.6906878212711022, 0.6897706381006972, 0.6903844740934869, 0.6904580010093943, 0.6903034407853583, 0.6905986115259948, 0.6902819893209295, 0.6906975743669121, 0.6899809233578736, 0.6899893887245957, 0.6908534929537529, 0.6896703062323191, 0.6905228306234422, 0.6907282273980936, 0.6903338894841389, 0.6901854689244205, 0.6899778305268635, 0.6900395853216958, 0.6903248947015795, 0.6901408333242522, 0.6902779588645552, 0.6905305414216555, 0.6901903577054498, 0.6902002777131402, 0.6902772492714255, 0.6901985201416336, 0.6904745346041915, 0.6904426326088313, 0.6904924097628077, 0.6905197200932864, 0.6899399466173294, 0.6901440934055585, 0.6903834540563645, 0.6907339208105264, 0.6904665275891267, 0.6899260364846753, 0.69080241421647, 0.6898650402751981, 0.6902798679523827, 0.6904109287089428, 0.6903382255602362, 0.6906689731068811, 0.6907101551627959, 0.6902976924135148, 0.6903246359029844, 0.6901351252015766, 0.6904071359423677, 0.6904324682934848, 0.6905528247980056, 0.6900679499153445, 0.6903552092364764, 0.690033996966559, 0.690143359162649, 0.6901153173362895, 0.6899866270708128, 0.689962146145878, 0.6901780094278896, 0.6898265750471757, 0.6896214640721082, 0.6902219579598452, 0.6899575398287533, 0.6904073034965191, 0.6900346071298274, 0.6906394473626839, 0.6898467426750946, 0.689924804285145, 0.6903517315198192, 0.6905363452730491, 0.6901097396141938, 0.6900769477034271, 0.6900538418381699, 0.690121094129673, 0.6899766309788526, 0.6902077904292764, 0.6900900620584467, 0.6905843333882786, 0.6900621473429498, 0.6901273740493451, 0.6902636480134108, 0.6901550760936846, 0.6904929295503622, 0.689869593666633, 0.6903405234658833, 0.6906792055927562, 0.6905009804803524, 0.6898250527051518, 0.6899475705087621, 0.6904640671675675, 0.6903092275774592, 0.6903515015970638, 0.6908096330697306, 0.6907322537648798, 0.689939984981605, 0.6899125930150829, 0.6905139697331483, 0.6901170209836859, 0.6900784872935836, 0.6901988256075511, 0.6903219377703527, 0.6902118945284259, 0.6901537792284356, 0.6909571512106533, 0.6905284267992634, 0.6904525323731133, 0.6904164706395699, 0.690145393783834, 0.6901480658343617, 0.6904065592008988, 0.6906988486100877, 0.6907729326861558, 0.6908101968766273, 0.6902395742318778]",fixed_epoch_budget_completed,No tolerance-based convergence claim; epochs selected by inner validation,1,"[{""category"": ""ConvergenceWarning"", ""message"": ""Stochastic Optimizer: Maximum iterations (250) reached and the optimization hasn't converged yet.""}]",192,6721,0.8663495419968967,mlp__symptoms_diet_labels,2,2,2.0,inner,"{""alpha"": 10.0, ""epochs"": 250, ""hidden_layer_sizes"": [32, 16]}",2688
250,250,3.3542253157338013,0.6860686120141203,0.6847729861564117,-0.0007011655596673716,"[3.3542253157338013, 2.648386262623925, 2.121403839563412, 1.7274264399959616, 1.4693856315848695, 1.2568415960855908, 1.1160078434363492, 1.0117801974830813, 0.9383511263579883, 0.8795339447585476, 0.8434801953495853, 0.8101019060778888, 0.7869522622777918, 0.7689179105899101, 0.7546399388189716, 0.7438383346496292, 0.7352953048641038, 0.7275305326901412, 0.721247127632208, 0.7172523776949671, 0.7125938177129885, 0.7089908621029545, 0.706521326495062, 0.7043826773717408, 0.7016057743377773, 0.69943553241098, 0.6968845786262627, 0.69580315709537, 0.6957982223871292, 0.69306115285695, 0.6935165414564445, 0.6907286684227194, 0.6908675475048633, 0.6903138287823448, 0.6891201109810248, 0.6894504362637085, 0.6890215330744983, 0.6881751209613547, 0.6877617641047479, 0.6875516716402504, 0.6862153087949565, 0.6867444193556221, 0.6862659598093566, 0.6869353907712047, 0.6868709090535217, 0.6865108186154979, 0.6869086312942517, 0.6862849976096367, 0.6876152606663458, 0.6868792562418515, 0.6865673360553695, 0.687445440175733, 0.6868277542291293, 0.6861283968262513, 0.6870284385373276, 0.6861231258829862, 0.6865451094045913, 0.6869645351845006, 0.6864189584879171, 0.6860691680316757, 0.6861685827794038, 0.6862770773878711, 0.6864236249345161, 0.6861517135106829, 0.6861314804922078, 0.6868310629106055, 0.6862006913945612, 0.6870658810809479, 0.6861813881571965, 0.6866732163694388, 0.6859994179818178, 0.685820047206585, 0.6847729861564117, 0.6867171109085787, 0.6857501336631332, 0.6853220300552277, 0.6857292054559007, 0.6862594346504891, 0.6861850253301298, 0.6866702594743421, 0.6864624002369919, 0.6865518891045719, 0.6864274946014037, 0.6869591537090779, 0.6861513165201253, 0.6859428536414622, 0.6859750616682186, 0.6860528485988167, 0.6859804905842217, 0.6857900609547578, 0.6870720691419444, 0.6858287015857959, 0.6859058171425311, 0.6864242410357385, 0.6870800420039154, 0.685623180708498, 0.685816012249618, 0.686101359379422, 0.6868422374325845, 0.6862156768431847, 0.6860890270448577, 0.6868039525302456, 0.6871071709221747, 0.6856963975770891, 0.6863917806708997, 0.6868824749616825, 0.6864171307755284, 0.6863697649829784, 0.686947488812521, 0.6861119755330451, 0.6872755406829812, 0.6863496341996147, 0.6858514667741903, 0.6857401653128875, 0.6867070779949959, 0.6871188158601146, 0.687315838194045, 0.6862259372482837, 0.6863284839005083, 0.6864450735573057, 0.6860599681768061, 0.68636585396806, 0.686338135709923, 0.686367017214543, 0.6860676281411946, 0.6864660842581592, 0.6872632766941746, 0.6871903569159532, 0.6861676458417655, 0.6862794296395289, 0.686216063114076, 0.6866627321991333, 0.6866704691068415, 0.6876104697636847, 0.6861814811669036, 0.685364570216059, 0.6865443405326916, 0.6871340067734444, 0.6861672807632815, 0.6860786556433016, 0.6860384897020136, 0.6865574252350294, 0.685882408707031, 0.6865497018772686, 0.6858394337059506, 0.6864285763400071, 0.6865761313325766, 0.6862940168335044, 0.685796073981396, 0.6854975252415048, 0.6865765712260231, 0.6862374465620233, 0.6857291431242235, 0.6872613732354431, 0.6867083613966691, 0.6859949483539883, 0.6855780061124986, 0.6858695472989662, 0.6868360470864865, 0.6863538926177153, 0.6856108736705036, 0.6871570495702675, 0.6869552583631598, 0.6865036981756304, 0.6859655140521563, 0.6865665712877965, 0.6870299294893825, 0.6870781629042269, 0.685485764826383, 0.6853794456458023, 0.6863738515511882, 0.6864983515337129, 0.6856093302918227, 0.68642015309057, 0.6869609973958914, 0.6861760815707151, 0.6859646247173644, 0.6862586145145749, 0.6866415052758422, 0.6859998314947101, 0.6866080123002797, 0.6862935582404504, 0.6859037959046664, 0.6865467390912824, 0.6863862450850661, 0.6868365525397845, 0.6858211148377048, 0.6869045034021626, 0.685908193814778, 0.6864137734450708, 0.6870332204495475, 0.6864856570274421, 0.6864287129528314, 0.6854194981550216, 0.6860398422320553, 0.686152093514414, 0.6863445486924306, 0.6861067062508753, 0.6866772876434117, 0.6866827584628916, 0.6867729563739284, 0.6866920788188373, 0.6858843476919287, 0.6878334888688629, 0.6864530656461205, 0.6866669407000596, 0.6867439476900915, 0.6860132046632605, 0.6860342768008173, 0.6868711140042358, 0.6862024924256249, 0.6860433261207628, 0.6867693157376098, 0.6865263699837438, 0.6860889096930229, 0.6857632818215209, 0.6869226325067462, 0.6867851576284039, 0.686833874720156, 0.6868761537178982, 0.6859924147325713, 0.6869196921644825, 0.6871354028611127, 0.6870420088095395, 0.6867142766128825, 0.6872455367404999, 0.6857730348914922, 0.6859207623778469, 0.6861509123188487, 0.6874314139249345, 0.6861329117973604, 0.6857336047980719, 0.686045029509046, 0.6869052928507421, 0.6864114336542223, 0.6851644637678268, 0.6860601777161127, 0.6861599942939339, 0.6877641078648579, 0.6867697775737877, 0.6865551444347043, 0.6862657798764514, 0.6851764866580504, 0.6865320437323581, 0.6856621251795092, 0.6866227422337798, 0.6860609234202061, 0.6871297630231732, 0.686780195794865, 0.6860686120141203]",fixed_epoch_budget_completed,No tolerance-based convergence claim; epochs selected by inner validation,1,"[{""category"": ""ConvergenceWarning"", ""message"": ""Stochastic Optimizer: Maximum iterations (250) reached and the optimization hasn't converged yet.""}]",191,6689,0.9089543750014855,mlp__symptoms_diet_labels,2,2,3.0,inner,"{""alpha"": 10.0, ""epochs"": 250, ""hidden_layer_sizes"": [32, 16]}",2684
100,100,1.21212087344555,0.29913459473869003,0.29814936661445174,-0.005850914604557833,"[1.21212087344555, 1.0990738366529518, 1.0156335069342326, 0.958803537446971, 0.8997538328052064, 0.8694175890960356, 0.8286385686303313, 0.7898831748117282, 0.7707076620172689, 0.7452754926189769, 0.7213922320217258, 0.7007833787475582, 0.6861906933659062, 0.6613270900151542, 0.6494235134217013, 0.63509810328387, 0.6221228179220386, 0.6002295846520286, 0.5862499372220096, 0.5845015637038021, 0.5647817509637765, 0.5473884230862961, 0.532031073455145, 0.517558001101283, 0.5029979744208983, 0.49530739777414706, 0.4812055237528354, 0.47616531118054867, 0.46670626895233164, 0.4557811006358645, 0.442221083352737, 0.43933041948324003, 0.435194646890991, 0.43327017564551, 0.41713587633452487, 0.4088434640716153, 0.4010742259613972, 0.39623581275669795, 0.39612336000963055, 0.38996180350733445, 0.3843116608871326, 0.38356161472243805, 0.3783786221312959, 0.3732716574983728, 0.36944397264457207, 0.3651734821613578, 0.36569145498025407, 0.36454231142241444, 0.36216200151507677, 0.35234492563053155, 0.34878529517010637, 0.353226852148401, 0.3477286861439627, 0.34058719396353176, 0.3382411624804282, 0.3377124529984832, 0.33871506283473624, 0.33575979762929187, 0.33018930243725364, 0.33325612542843286, 0.3287284116737354, 0.33014712070790275, 0.32600998023580186, 0.3296948823067648, 0.3319463850680701, 0.32799594243694047, 0.3231799106835876, 0.31970335744122486, 0.31523886909472676, 0.32045324081149323, 0.31617505204904883, 0.31568823626138093, 0.3117712832683652, 0.3162509662229555, 0.31238876092984064, 0.31681817367417464, 0.31261887112218867, 0.3096805565724848, 0.31030777169492685, 0.30709230924103414, 0.30595020604534534, 0.30674520516095577, 0.30933075886188405, 0.3073489428534247, 0.31459285938995946, 0.31828042878466395, 0.3129500879571014, 0.31176822444721897, 0.30191504734871927, 0.30498550934324786, 0.31211797874417296, 0.301342120510819, 0.30352199731878104, 0.30290967841827376, 0.3013474281078051, 0.2990547253137908, 0.30398025118496325, 0.29814936661445174, 0.30068595206104004, 0.29913459473869003]",fixed_epoch_budget_completed,No tolerance-based convergence claim; epochs selected by inner validation,1,"[{""category"": ""ConvergenceWarning"", ""message"": ""Stochastic Optimizer: Maximum iterations (100) reached and the optimization hasn't converged yet.""}]",192,14465,0.5268558749958174,mlp__symptoms_diet_labels,2,3,1.0,inner,"{""alpha"": 1.0, ""epochs"": 100, ""hidden_layer_sizes"": [64, 32]}",2686
100,100,1.2056456097582269,0.30154551063274804,0.29646961810980066,-0.006114720053045475,"[1.2056456097582269, 1.093656468033407, 1.0201818515961794, 0.951486646200704, 0.8983391070964473, 0.8547555373172762, 0.8211897541796735, 0.7928078332504574, 0.7653992792664213, 0.7481265595290392, 0.7239058694329255, 0.7015794536127162, 0.6853452186090833, 0.6654986066700471, 0.6481094126020632, 0.6300437775255785, 0.6120006750790574, 0.5955109341611202, 0.573819990266339, 0.560195639793685, 0.5459322267742867, 0.5340587819329581, 0.5079780603533164, 0.49767969766540643, 0.48081863513392387, 0.4765991460005408, 0.45864014935679276, 0.4477868119501703, 0.43939185120903124, 0.43113336713629313, 0.42120308880399804, 0.40959250067808434, 0.4014130308930799, 0.39698273435015485, 0.39491731428696997, 0.3890884491519052, 0.38628986773635754, 0.37645379978796417, 0.37234291076671483, 0.37172634102084157, 0.3704498671590361, 0.36621141166849086, 0.36037583943871443, 0.3580749441526798, 0.35121855115218426, 0.35211202392879903, 0.34577619711022217, 0.34233090412139877, 0.3409897312722858, 0.344135875785044, 0.34086884637689735, 0.335053849157272, 0.3348433487203482, 0.3310054020974611, 0.3358965623733428, 0.33485457132295593, 0.32688095960327146, 0.32387534940519913, 0.32243916817667484, 0.3219152817904781, 0.3265702935397683, 0.3226385336796107, 0.32002017938189437, 0.3203063105878477, 0.32204178196460403, 0.3253614174345766, 0.3197057801476836, 0.3166297013864214, 0.3134230966006942, 0.3163196049757772, 0.315938145105571, 0.314258831959966, 0.3129416046191868, 0.312180605632077, 0.3103697191864369, 0.31217597018599796, 0.3074666833187528, 0.3048725444292175, 0.31050397083448733, 0.3082318392301949, 0.30677875927642545, 0.30379809096223653, 0.3067349237300554, 0.3063225358440782, 0.30253913191688686, 0.3052292851485691, 0.30767099686129284, 0.3102363680157656, 0.3129492034700332, 0.3076602306857935, 0.30285892801146974, 0.3119237182012907, 0.30393435046062567, 0.3061745507584274, 0.299923378113501, 0.3001901883201863, 0.2995914497243803, 0.3006023044183212, 0.29646961810980066, 0.30154551063274804]",fixed_epoch_budget_completed,No tolerance-based convergence claim; epochs selected by inner validation,1,"[{""category"": ""ConvergenceWarning"", ""message"": ""Stochastic Optimizer: Maximum iterations (100) reached and the optimization hasn't converged yet.""}]",192,14465,0.5033577499998501,mlp__symptoms_diet_labels,2,3,2.0,inner,"{""alpha"": 1.0, ""epochs"": 100, ""hidden_layer_sizes"": [64, 32]}",2688
100,100,1.219948844568193,0.30253701838528424,0.29773537000171185,0.002417595260808425,"[1.219948844568193, 1.106685785748705, 1.0156818345762781, 0.9483254295112681, 0.8922502095935555, 0.8464239258545314, 0.8098729780572572, 0.7814014586727729, 0.7481811578325674, 0.7280728890818172, 0.7031504826449214, 0.6844520734933814, 0.6570191985740157, 0.6465687711065391, 0.6317711170018561, 0.6129567225221754, 0.5933561539654584, 0.5775162526798272, 0.5632558667840496, 0.5539502024684728, 0.5298171381034742, 0.518351979801658, 0.5082500046528292, 0.5014823513500438, 0.48638009469234694, 0.4733824312951422, 0.4552196127459176, 0.44904636578712104, 0.44271536272652184, 0.4407283990700748, 0.4252171894358783, 0.4173418198513312, 0.4057935791975728, 0.3993531324754509, 0.39886496103232466, 0.3889767455126639, 0.38475159314112, 0.380105880879485, 0.3768051704133395, 0.37729002248444904, 0.3687825803436736, 0.3690626763617935, 0.36466741380097434, 0.3572452555199423, 0.35765547702008055, 0.3501677971806663, 0.3501484177697505, 0.3477147801320268, 0.34369546488886143, 0.339920847816702, 0.3474450131469625, 0.3356476825286438, 0.3328609492856091, 0.333073887220109, 0.3337643869447441, 0.33288654129881573, 0.3319031607564361, 0.3260907349910342, 0.32578747608298725, 0.3227868621684932, 0.32441911367021353, 0.3243652506775251, 0.31995481912669244, 0.32149330878697957, 0.3184146137554905, 0.3219042204340961, 0.3179565748181733, 0.31536528785013634, 0.3161968534037389, 0.3165177354295005, 0.3220020820518618, 0.3162290108127779, 0.31033326873067996, 0.31302675764491655, 0.3074914413038687, 0.3069969381216873, 0.3085224954576425, 0.30584828340903925, 0.309414285803593, 0.3080835340539197, 0.3072883776397444, 0.30365774824638336, 0.30251237123821967, 0.3059972743093613, 0.30686176231171625, 0.3055510909227076, 0.30323920388291464, 0.3035528833785083, 0.3080360531840133, 0.3001194231244758, 0.2992052756871115, 0.30808465098546584, 0.3105592913553351, 0.3014395514980223, 0.3012366566070835, 0.3029223153426431, 0.29773537000171185, 0.30196611286116937, 0.29947417929720144, 0.30253701838528424]",fixed_epoch_budget_completed,No tolerance-based convergence claim; epochs selected by inner validation,1,"[{""category"": ""ConvergenceWarning"", ""message"": ""Stochastic Optimizer: Maximum iterations (100) reached and the optimization hasn't converged yet.""}]",191,14401,0.5066508750023786,mlp__symptoms_diet_labels,2,3,3.0,inner,"{""alpha"": 1.0, ""epochs"": 100, ""hidden_layer_sizes"": [64, 32]}",2684
100,100,5.511717523996322,0.6888388423876507,0.6882128629432339,0.00013054699199677167,"[5.511717523996322, 4.0912448935136485, 3.0530103025325537, 2.3466187715747813, 1.822914377624457, 1.4812863956259472, 1.2395427737558595, 1.0753482787412754, 0.9683172735688529, 0.8884818852094328, 0.8350411050155944, 0.7971306992612277, 0.7715313550132996, 0.7511982220900733, 0.7370206747288695, 0.7284962346135133, 0.7207706823855784, 0.7162561272782723, 0.7112195430818411, 0.7098710680511378, 0.7056654639109013, 0.7035185940275586, 0.7020664089142411, 0.7007409654670631, 0.6988647030364576, 0.697877676849594, 0.6963970010631325, 0.6965804882453753, 0.695226175698025, 0.6942346351445391, 0.6928357403148118, 0.6921155689306538, 0.6912145260575625, 0.6909520107870417, 0.6906544400369795, 0.6909248086372055, 0.6905368041111882, 0.6893051460834726, 0.6895916048236614, 0.6895787559749652, 0.6896477963206176, 0.6889659598271564, 0.6892210182972741, 0.6887411905047196, 0.6899741026961244, 0.6894571287858267, 0.6887704146605141, 0.6885966810841451, 0.6892985701392603, 0.6887995337383952, 0.6892972670271833, 0.6886934677351059, 0.6889638977817512, 0.6884053284115291, 0.6888840240420631, 0.6884907619491525, 0.6896411950140758, 0.6885666753279863, 0.6890871164484972, 0.6882128629432339, 0.6885012800301845, 0.6887246342111549, 0.6887726712290184, 0.6890502259141837, 0.6887624192096047, 0.6885102018574499, 0.6895152463709718, 0.6890447295294531, 0.6891253072815088, 0.6882202243444749, 0.6889533714488931, 0.6889705365529234, 0.689655979245558, 0.6889810950422719, 0.6886354755817001, 0.6889458943109431, 0.6890885723729081, 0.6890435176908424, 0.6888446881805328, 0.6890974911176946, 0.6888268325251415, 0.6886443255820441, 0.6892147280983719, 0.6883941591454219, 0.6898737488894103, 0.68856202366625, 0.6888946521326231, 0.6891404534279838, 0.6893086821492025, 0.6887082953956539, 0.6895455454702396, 0.6886052811039496, 0.6885501787409113, 0.6891898034744247, 0.688771623311374, 0.6893935854721019, 0.6883616259059815, 0.688692594127529, 0.6888322242855041, 0.6888388423876507]",fixed_epoch_budget_completed,No tolerance-based convergence claim; epochs selected by inner validation,1,"[{""category"": ""ConvergenceWarning"", ""message"": ""Stochastic Optimizer: Maximum iterations (100) reached and the optimization hasn't converged yet.""}]",192,14465,0.4870421669984353,mlp__symptoms_diet_labels,2,4,1.0,inner,"{""alpha"": 10.0, ""epochs"": 100, ""hidden_layer_sizes"": [64, 32]}",2686
100,100,5.453961058509096,0.6911308053553974,0.690378000395402,3.530742424306954e-05,"[5.453961058509096, 3.9974288826269575, 3.0124379762700224, 2.2708536499468677, 1.7658652179453858, 1.4284065441485434, 1.1951996554186481, 1.0419673801008724, 0.9384536095028447, 0.8665717977311101, 0.8178090857471125, 0.7833248801597379, 0.7608219914456045, 0.7436759157020371, 0.7323543602348629, 0.7243130249219133, 0.7179621092949093, 0.7140571790102508, 0.7105296972311514, 0.7074831662870342, 0.7061146891058369, 0.7049211490678586, 0.7030691682477661, 0.7021793304647184, 0.7013512314380904, 0.7001985251113002, 0.6995505247447591, 0.6990236896635482, 0.698344941489429, 0.6977700986960839, 0.697606409157509, 0.6969062688681203, 0.6963910355276085, 0.6962411510078025, 0.6957909818232422, 0.6954566817707002, 0.6949973055054561, 0.6947611868460584, 0.6941399601865468, 0.6942409635432848, 0.6938947721484572, 0.6938937792507219, 0.6934450724656587, 0.6934023758565038, 0.6935105906774206, 0.6931115593118152, 0.6930858055894829, 0.6930148956771895, 0.6926475417064263, 0.6926847023756185, 0.6929109193118449, 0.6926438705882453, 0.6921495200625282, 0.6920583220284476, 0.6922722050053288, 0.6923128733048829, 0.6924190595607241, 0.692170179321072, 0.6918512772130958, 0.6919788880035052, 0.691918968402878, 0.6922293072822258, 0.6919381552380433, 0.6914098810082956, 0.6915853757298253, 0.6920074521868055, 0.6920422053675479, 0.6918811600409833, 0.6915877106326472, 0.691798317212499, 0.6917401714899039, 0.6915738444910776, 0.6917351245679922, 0.6915151358522794, 0.691566508725486, 0.6913745380725372, 0.691328003187555, 0.6917907173808912, 0.6912743328697961, 0.6914850156558829, 0.6911931705559783, 0.6910855097805991, 0.6916193656196142, 0.6914881738100918, 0.6906669449537669, 0.691368958243311, 0.6910625891612361, 0.6911051369589893, 0.6908161342869542, 0.6910954979311543, 0.6904777027106478, 0.6905597063126763, 0.6906915294527421, 0.690378000395402, 0.6908698977350791, 0.6908346019004336, 0.6911035121247396, 0.6910174845514967, 0.6909190156618861, 0.6911308053553974]",fixed_epoch_budget_completed,No tolerance-based convergence claim; epochs selected by inner validation,1,"[{""category"": ""ConvergenceWarning"", ""message"": ""Stochastic Optimizer: Maximum iterations (100) reached and the optimization hasn't converged yet.""}]",192,14465,0.4860447920000297,mlp__symptoms_diet_labels,2,4,2.0,inner,"{""alpha"": 10.0, ""epochs"": 100, ""hidden_layer_sizes"": [64, 32]}",2688
100,100,5.539214352919375,0.6873655565287617,0.68664591741366,0.00014491181237197281,"[5.539214352919375, 4.150114637944026, 3.0570437245242563, 2.336734346088367, 1.8301649253160361, 1.4791952064470135, 1.2405519262053555, 1.0726509054202744, 0.9537593056985044, 0.877744269686091, 0.8240770416604345, 0.7881846176542997, 0.7608240791282348, 0.742735918247906, 0.7316736241125912, 0.7228222420317191, 0.7160614606781239, 0.7111039395504395, 0.7088822371822823, 0.7061683704525009, 0.7034526937706277, 0.7022506725148758, 0.7012690955515417, 0.7004331387003871, 0.6989874720679041, 0.698724686446523, 0.6978697697545513, 0.6978592562955448, 0.6965839734646244, 0.6975166826814896, 0.6956890565998464, 0.6953674160713381, 0.6944288164934895, 0.6943194229217045, 0.6937167927892925, 0.6931595828704828, 0.6929986916871931, 0.6930722824499359, 0.6924508271579344, 0.6924438503488757, 0.6916035485497758, 0.6916517910629625, 0.69116479072556, 0.6908782330967274, 0.6913848804260284, 0.6906437808627711, 0.6906305672367821, 0.6894353439398316, 0.6900718728487184, 0.6894353713806032, 0.6893871308896038, 0.6894308988244859, 0.6895944563499389, 0.6897604130115589, 0.6892906752161901, 0.6889142060994582, 0.6891475594602986, 0.6886919638722153, 0.6884119067381671, 0.6882181881894203, 0.6878337784497816, 0.688636052369499, 0.6887918177514073, 0.6883791496804899, 0.6885057174320925, 0.6893792857499922, 0.6883677315281183, 0.688115232800913, 0.6890263325387511, 0.6887141135467559, 0.68848114586863, 0.6879086359864975, 0.6879964126179983, 0.6875785446366075, 0.6877457882197212, 0.6875577330604392, 0.6872682818880848, 0.6881057479989239, 0.6879626185314622, 0.6881801152625134, 0.6878928379093191, 0.6874111816665613, 0.6873540843812596, 0.6869962286071162, 0.6869672876569091, 0.68664591741366, 0.6869201871658748, 0.6873940826023253, 0.6873811587760195, 0.6872206447163898, 0.6878184498949715, 0.6866886101846164, 0.686895504175478, 0.6869885487183628, 0.6879329942091632, 0.6869386544318573, 0.6874219169109992, 0.6876177205969329, 0.6871102927423538, 0.6873655565287617]",fixed_epoch_budget_completed,No tolerance-based convergence claim; epochs selected by inner validation,1,"[{""category"": ""ConvergenceWarning"", ""message"": ""Stochastic Optimizer: Maximum iterations (100) reached and the optimization hasn't converged yet.""}]",191,14401,0.4858261249974021,mlp__symptoms_diet_labels,2,4,3.0,inner,"{""alpha"": 10.0, ""epochs"": 100, ""hidden_layer_sizes"": [64, 32]}",2684
250,250,5.511717523996322,0.6883459671088843,0.687926351990089,0.00010058598588691403,"[5.511717523996322, 4.0912448935136485, 3.0530103025325537, 2.3466187715747813, 1.822914377624457, 1.4812863956259472, 1.2395427737558595, 1.0753482787412754, 0.9683172735688529, 0.8884818852094328, 0.8350411050155944, 0.7971306992612277, 0.7715313550132996, 0.7511982220900733, 0.7370206747288695, 0.7284962346135133, 0.7207706823855784, 0.7162561272782723, 0.7112195430818411, 0.7098710680511378, 0.7056654639109013, 0.7035185940275586, 0.7020664089142411, 0.7007409654670631, 0.6988647030364576, 0.697877676849594, 0.6963970010631325, 0.6965804882453753, 0.695226175698025, 0.6942346351445391, 0.6928357403148118, 0.6921155689306538, 0.6912145260575625, 0.6909520107870417, 0.6906544400369795, 0.6909248086372055, 0.6905368041111882, 0.6893051460834726, 0.6895916048236614, 0.6895787559749652, 0.6896477963206176, 0.6889659598271564, 0.6892210182972741, 0.6887411905047196, 0.6899741026961244, 0.6894571287858267, 0.6887704146605141, 0.6885966810841451, 0.6892985701392603, 0.6887995337383952, 0.6892972670271833, 0.6886934677351059, 0.6889638977817512, 0.6884053284115291, 0.6888840240420631, 0.6884907619491525, 0.6896411950140758, 0.6885666753279863, 0.6890871164484972, 0.6882128629432339, 0.6885012800301845, 0.6887246342111549, 0.6887726712290184, 0.6890502259141837, 0.6887624192096047, 0.6885102018574499, 0.6895152463709718, 0.6890447295294531, 0.6891253072815088, 0.6882202243444749, 0.6889533714488931, 0.6889705365529234, 0.689655979245558, 0.6889810950422719, 0.6886354755817001, 0.6889458943109431, 0.6890885723729081, 0.6890435176908424, 0.6888446881805328, 0.6890974911176946, 0.6888268325251415, 0.6886443255820441, 0.6892147280983719, 0.6883941591454219, 0.6898737488894103, 0.68856202366625, 0.6888946521326231, 0.6891404534279838, 0.6893086821492025, 0.6887082953956539, 0.6895455454702396, 0.6886052811039496, 0.6885501787409113, 0.6891898034744247, 0.688771623311374, 0.6893935854721019, 0.6883616259059815, 0.688692594127529, 0.6888322242855041, 0.6888388423876507, 0.687926351990089, 0.6884318803676368, 0.6886559477339249, 0.6891336204067686, 0.6885749064220074, 0.6890798566454277, 0.6891900076525119, 0.6888437186774831, 0.6887410779323961, 0.6887588128643896, 0.6887792691620642, 0.6887851354859329, 0.6892734600719107, 0.6889627802885906, 0.6883355929311219, 0.68982543155929, 0.6890736473257575, 0.6885078621559365, 0.6885708468349717, 0.6888880644939601, 0.6885510767643597, 0.6884826422805431, 0.6894983399237375, 0.6885482971820828, 0.6885703628685309, 0.6886146903418542, 0.689393164530226, 0.6893970360939236, 0.6894040671684373, 0.6890359225908552, 0.6885969770190742, 0.6886692950406295, 0.6885986077475205, 0.6887210559627974, 0.6885443748880041, 0.6884214957998429, 0.6891066341934722, 0.6891360424705723, 0.688497380585561, 0.6887356022990696, 0.6898436490717584, 0.6889369320036354, 0.6889401016000725, 0.6887637618812898, 0.6889525469044605, 0.6888458166626731, 0.6888577388427318, 0.6887764086486525, 0.6890065623750037, 0.6886706145409399, 0.6883452430701205, 0.6882331093831537, 0.6891000086255133, 0.6889364858911321, 0.688996829224199, 0.6892093029065668, 0.6885567359641951, 0.6887115619500452, 0.6891265160126293, 0.6887165414116195, 0.6880823545161189, 0.6889564703687924, 0.6884516304439512, 0.6897554862067478, 0.6891639149300115, 0.6881988735730162, 0.688170322766668, 0.6886630303979139, 0.6885831717615407, 0.689293021960123, 0.6893543766732932, 0.6885046263031107, 0.6891908485616413, 0.6886472158487238, 0.6885392739885062, 0.6884457749249411, 0.6885143934390682, 0.688959583707132, 0.6884500709792439, 0.6888173675945776, 0.6894380627402591, 0.6891895404420704, 0.6884328155879481, 0.6888301105561089, 0.6892261846762734, 0.6886341500170207, 0.6892312285629166, 0.6889200636981561, 0.6885124667734647, 0.6890622132043588, 0.6886474009182255, 0.6879946103454241, 0.6882451471731998, 0.6888694718502876, 0.6884378289728266, 0.688848502377224, 0.6888138601871514, 0.6889589198259277, 0.6884335273925074, 0.688960718085499, 0.6891685158254687, 0.6890205576000048, 0.6892694925282032, 0.6891660825752693, 0.6887872377294316, 0.6882783672824954, 0.6887828255724066, 0.6888704050620891, 0.6880982063681927, 0.6885989670994958, 0.6883760218517085, 0.6891091099040081, 0.6887879027880792, 0.6888305729073047, 0.6883416779671263, 0.6887484375672644, 0.6889811041128636, 0.6886233547400128, 0.6881207117254806, 0.6891524942940633, 0.6888367000453133, 0.688665341258394, 0.6884386054008108, 0.6885998279050778, 0.6900210390326638, 0.6887040849941993, 0.6881819353755325, 0.6891741874029782, 0.6889050569129065, 0.6889169083744328, 0.6887524125139551, 0.6887020135328271, 0.6887128053833181, 0.6888320834771836, 0.6890075562351078, 0.6887982336825051, 0.6887052383039081, 0.6886633967547628, 0.6885178255837539, 0.6882453811229974, 0.688381020513961, 0.6883126268299613, 0.6884747092398676, 0.6889952060090805, 0.6885422855820286, 0.6900336057247146, 0.6891605470828256, 0.6886357074453053, 0.6887832959574482, 0.6883459671088843]",fixed_epoch_budget_completed,No tolerance-based convergence claim; epochs selected by inner validation,1,"[{""category"": ""ConvergenceWarning"", ""message"": ""Stochastic Optimizer: Maximum iterations (250) reached and the optimization hasn't converged yet.""}]",192,14465,1.1804564999983995,mlp__symptoms_diet_labels,2,5,1.0,inner,"{""alpha"": 10.0, ""epochs"": 250, ""hidden_layer_sizes"": [64, 32]}",2686
250,250,5.453961058509096,0.6904735646365482,0.6897179665261829,7.677757857893486e-05,"[5.453961058509096, 3.9974288826269575, 3.0124379762700224, 2.2708536499468677, 1.7658652179453858, 1.4284065441485434, 1.1951996554186481, 1.0419673801008724, 0.9384536095028447, 0.8665717977311101, 0.8178090857471125, 0.7833248801597379, 0.7608219914456045, 0.7436759157020371, 0.7323543602348629, 0.7243130249219133, 0.7179621092949093, 0.7140571790102508, 0.7105296972311514, 0.7074831662870342, 0.7061146891058369, 0.7049211490678586, 0.7030691682477661, 0.7021793304647184, 0.7013512314380904, 0.7001985251113002, 0.6995505247447591, 0.6990236896635482, 0.698344941489429, 0.6977700986960839, 0.697606409157509, 0.6969062688681203, 0.6963910355276085, 0.6962411510078025, 0.6957909818232422, 0.6954566817707002, 0.6949973055054561, 0.6947611868460584, 0.6941399601865468, 0.6942409635432848, 0.6938947721484572, 0.6938937792507219, 0.6934450724656587, 0.6934023758565038, 0.6935105906774206, 0.6931115593118152, 0.6930858055894829, 0.6930148956771895, 0.6926475417064263, 0.6926847023756185, 0.6929109193118449, 0.6926438705882453, 0.6921495200625282, 0.6920583220284476, 0.6922722050053288, 0.6923128733048829, 0.6924190595607241, 0.692170179321072, 0.6918512772130958, 0.6919788880035052, 0.691918968402878, 0.6922293072822258, 0.6919381552380433, 0.6914098810082956, 0.6915853757298253, 0.6920074521868055, 0.6920422053675479, 0.6918811600409833, 0.6915877106326472, 0.691798317212499, 0.6917401714899039, 0.6915738444910776, 0.6917351245679922, 0.6915151358522794, 0.691566508725486, 0.6913745380725372, 0.691328003187555, 0.6917907173808912, 0.6912743328697961, 0.6914850156558829, 0.6911931705559783, 0.6910855097805991, 0.6916193656196142, 0.6914881738100918, 0.6906669449537669, 0.691368958243311, 0.6910625891612361, 0.6911051369589893, 0.6908161342869542, 0.6910954979311543, 0.6904777027106478, 0.6905597063126763, 0.6906915294527421, 0.690378000395402, 0.6908698977350791, 0.6908346019004336, 0.6911035121247396, 0.6910174845514967, 0.6909190156618861, 0.6911308053553974, 0.6912274239250161, 0.690806038061633, 0.6904685237875268, 0.6910287548844624, 0.6908269702744974, 0.6907904068558638, 0.6908365810260344, 0.6905003625373313, 0.6904387313777088, 0.6907915282373426, 0.6904660049572338, 0.6908730696888218, 0.6910437712681059, 0.6907977553673399, 0.6909839367902275, 0.6903938684891474, 0.6900526883255972, 0.6901932352730713, 0.6908267262592398, 0.6909896647672847, 0.689994895954501, 0.6911477240658983, 0.6905220893341892, 0.6902073430247142, 0.6902068612220815, 0.69056388825531, 0.6905714332583143, 0.6906881189040676, 0.6907124442096236, 0.6904774010250595, 0.6905340581432627, 0.6909227719642541, 0.690459003655563, 0.6905482512979174, 0.6904979594633723, 0.690562340881629, 0.6908377729213607, 0.6912612981986229, 0.6909262454462298, 0.6901531827040291, 0.6910963192572329, 0.6907228666768438, 0.6905074482785329, 0.6904789986076493, 0.6905703342778652, 0.689880967896906, 0.6912640689189371, 0.6899905601498573, 0.6902100945983038, 0.6906129019070816, 0.6905974853545219, 0.6902543375688971, 0.6909693036190023, 0.6899876377529777, 0.6903500628939211, 0.6904855818600184, 0.690515218595365, 0.6904493228125126, 0.690625707318968, 0.6903960118074058, 0.6904453908965539, 0.6902640314980893, 0.6905479814179263, 0.6901781974173888, 0.6902159835359966, 0.6905854443481569, 0.6906921040651819, 0.6903990415473784, 0.6904493137220231, 0.6901498154146178, 0.6900762820124409, 0.6904481488347267, 0.6906694187661421, 0.6907827048383294, 0.6906325002576535, 0.6907417830199585, 0.6910206596072833, 0.690387878342146, 0.6905212316795093, 0.6903750983555299, 0.6906578037123938, 0.6906057967446886, 0.6906853926799614, 0.6904383043748291, 0.6900618741927836, 0.6899461466100385, 0.6907382690683563, 0.6906073644532122, 0.690255131644715, 0.6908886471823195, 0.690406061862644, 0.6906848022813004, 0.6899385002046932, 0.6897179665261829, 0.690225832701067, 0.6905831433801407, 0.6904476545593491, 0.6903434782697604, 0.6902994703347678, 0.6903805198109073, 0.6906603315188499, 0.6901687920039263, 0.6904162883377212, 0.6905832438526565, 0.6902634148003853, 0.6900553622703788, 0.6902776463159872, 0.689915013724979, 0.6901287577508887, 0.6910024855239564, 0.690562304349218, 0.6901297359997227, 0.6901049079685803, 0.6903578126588302, 0.6904908708327029, 0.690492630469481, 0.6897592806274756, 0.689948903010107, 0.6897936957291632, 0.6901022241282044, 0.6906742300123465, 0.6904341816622744, 0.6901742272826927, 0.6899664882987655, 0.6906183130627982, 0.6905574046791191, 0.6905506834261572, 0.6901604243242985, 0.6907202087630371, 0.690444794502564, 0.6898087435868129, 0.6903834108901407, 0.6903314642946023, 0.6897530621989825, 0.690803577103123, 0.6904105940631231, 0.6903680517545082, 0.6899424101152872, 0.6900967049638973, 0.6903967870579693, 0.6901514280810317, 0.6902745504256682, 0.6904480303458476, 0.6904814960481973, 0.690420887293116, 0.690265089266934, 0.6909107410746301, 0.6907483341209536, 0.6905392967291297, 0.6904735646365482]",fixed_epoch_budget_completed,No tolerance-based convergence claim; epochs selected by inner validation,1,"[{""category"": ""ConvergenceWarning"", ""message"": ""Stochastic Optimizer: Maximum iterations (250) reached and the optimization hasn't converged yet.""}]",192,14465,1.209257541995612,mlp__symptoms_diet_labels,2,5,2.0,inner,"{""alpha"": 10.0, ""epochs"": 250, ""hidden_layer_sizes"": [64, 32]}",2688
250,250,5.539214352919375,0.6869149467660063,0.6853114434346248,-0.0003860338968434407,"[5.539214352919375, 4.150114637944026, 3.0570437245242563, 2.336734346088367, 1.8301649253160361, 1.4791952064470135, 1.2405519262053555, 1.0726509054202744, 0.9537593056985044, 0.877744269686091, 0.8240770416604345, 0.7881846176542997, 0.7608240791282348, 0.742735918247906, 0.7316736241125912, 0.7228222420317191, 0.7160614606781239, 0.7111039395504395, 0.7088822371822823, 0.7061683704525009, 0.7034526937706277, 0.7022506725148758, 0.7012690955515417, 0.7004331387003871, 0.6989874720679041, 0.698724686446523, 0.6978697697545513, 0.6978592562955448, 0.6965839734646244, 0.6975166826814896, 0.6956890565998464, 0.6953674160713381, 0.6944288164934895, 0.6943194229217045, 0.6937167927892925, 0.6931595828704828, 0.6929986916871931, 0.6930722824499359, 0.6924508271579344, 0.6924438503488757, 0.6916035485497758, 0.6916517910629625, 0.69116479072556, 0.6908782330967274, 0.6913848804260284, 0.6906437808627711, 0.6906305672367821, 0.6894353439398316, 0.6900718728487184, 0.6894353713806032, 0.6893871308896038, 0.6894308988244859, 0.6895944563499389, 0.6897604130115589, 0.6892906752161901, 0.6889142060994582, 0.6891475594602986, 0.6886919638722153, 0.6884119067381671, 0.6882181881894203, 0.6878337784497816, 0.688636052369499, 0.6887918177514073, 0.6883791496804899, 0.6885057174320925, 0.6893792857499922, 0.6883677315281183, 0.688115232800913, 0.6890263325387511, 0.6887141135467559, 0.68848114586863, 0.6879086359864975, 0.6879964126179983, 0.6875785446366075, 0.6877457882197212, 0.6875577330604392, 0.6872682818880848, 0.6881057479989239, 0.6879626185314622, 0.6881801152625134, 0.6878928379093191, 0.6874111816665613, 0.6873540843812596, 0.6869962286071162, 0.6869672876569091, 0.68664591741366, 0.6869201871658748, 0.6873940826023253, 0.6873811587760195, 0.6872206447163898, 0.6878184498949715, 0.6866886101846164, 0.686895504175478, 0.6869885487183628, 0.6879329942091632, 0.6869386544318573, 0.6874219169109992, 0.6876177205969329, 0.6871102927423538, 0.6873655565287617, 0.6872874682106398, 0.6876079780079227, 0.6871109135707542, 0.6875800963862667, 0.6873167824058225, 0.6876544436240809, 0.6872814040139168, 0.6874912031680291, 0.6871681346848278, 0.6881107479316191, 0.6867532063927452, 0.6860573727334602, 0.6879483393683868, 0.6877245099753122, 0.687398378559991, 0.6873470455368728, 0.6864510328434971, 0.6876765068828633, 0.6868792049366178, 0.6872231418019772, 0.686697414245387, 0.6868701865628779, 0.6871789976134675, 0.6872436735776258, 0.6870753718454399, 0.6871794686863166, 0.6873141170666952, 0.6867878027721187, 0.6875488712993953, 0.6871736152502093, 0.6870391870399284, 0.6872278222747068, 0.6867961415427483, 0.6875583304369194, 0.6863158085431967, 0.6876157400672046, 0.6861437870101345, 0.6864911404528655, 0.6864657282482288, 0.6864922306352798, 0.6873891886607012, 0.6866826305980261, 0.6872388793912129, 0.6869946428193616, 0.687314277812819, 0.6868768311674593, 0.6866000805903839, 0.686954834887677, 0.6871978476874401, 0.6870551620059372, 0.6853114434346248, 0.6862640740793419, 0.6869978905882814, 0.685850560558389, 0.6870759865861591, 0.6873415141311934, 0.687083532034413, 0.6870394175040485, 0.6868563815588399, 0.6864528113045815, 0.687637114736623, 0.6862493397564912, 0.6865475849255405, 0.6865364425723651, 0.687130510601279, 0.6873127324070994, 0.6859277542265354, 0.6875428254616277, 0.6865390432754326, 0.6866122951691959, 0.6862875162121305, 0.6863790973004524, 0.6869479598492284, 0.6869256900583426, 0.6861615512896649, 0.6859933644118112, 0.6865988353240111, 0.6863249806133198, 0.6867113615784671, 0.6863130669719112, 0.6872241918642237, 0.6867976028417856, 0.6877630055111091, 0.6864697402399862, 0.6869594454752213, 0.6859629269186254, 0.6874323494964811, 0.6861378216829992, 0.6866780163543523, 0.6861143335722429, 0.6869496275112403, 0.6867663651223764, 0.6873358256834876, 0.6867694094074952, 0.6860341985357917, 0.6862498513596628, 0.6888659099785188, 0.6864975097611161, 0.6863137685910635, 0.6869209120583595, 0.6863054973195721, 0.6866011443899399, 0.6864720256591488, 0.68723570531121, 0.6863197786384914, 0.6867380455917045, 0.6866821961630336, 0.6865593402242365, 0.6862758653529842, 0.6865184184991338, 0.6864261109558937, 0.6876266205230125, 0.6863883491550995, 0.6864186224123877, 0.686936996876952, 0.6865209395601397, 0.6870470995794976, 0.6865253437545842, 0.6867492219226656, 0.6862527668390668, 0.6864811824290036, 0.6869603034502911, 0.6865834848242126, 0.686542970026311, 0.6865422479929608, 0.6854433498775027, 0.6861560239567481, 0.6866139807933062, 0.6859749676060328, 0.687243661492058, 0.6867783388979419, 0.6869378938337587, 0.6870877216012176, 0.6872319947202182, 0.6870908848539695, 0.6859569052569625, 0.6866215424658206, 0.6867922652300251, 0.687174826479537, 0.6873009806628497, 0.6877181478468496, 0.6870713362696483, 0.6867868064894228, 0.686852108198563, 0.6871270675358608, 0.6862270625131572, 0.6865232937639141, 0.6858247384216789, 0.6869773031379537, 0.6869149467660063]",fixed_epoch_budget_completed,No tolerance-based convergence claim; epochs selected by inner validation,1,"[{""category"": ""ConvergenceWarning"", ""message"": ""Stochastic Optimizer: Maximum iterations (250) reached and the optimization hasn't converged yet.""}]",191,14401,1.173638583997672,mlp__symptoms_diet_labels,2,5,3.0,inner,"{""alpha"": 10.0, ""epochs"": 250, ""hidden_layer_sizes"": [64, 32]}",2684
250,250,5.090577256054433,0.6885452471081822,0.6878750186385851,-0.00017129706674812173,"[5.090577256054433, 3.207596394398881, 2.0941706191026954, 1.4666107752608, 1.1302231864860088, 0.9433575469529046, 0.8375729781285152, 0.779894445735872, 0.745753402450272, 0.7245557434179799, 0.7117925467047634, 0.7046533980628245, 0.6999292897306808, 0.6969957556477282, 0.694972568397156, 0.6931366203028676, 0.6921011990003499, 0.6918138983831058, 0.6906912558529752, 0.6904052896905379, 0.6902171383055664, 0.6902620372003675, 0.6896691729428537, 0.6893963993559065, 0.6895321521628757, 0.6891851117537334, 0.6895409416677868, 0.6890506867430449, 0.6894006408593137, 0.6893119784972308, 0.6894404909608788, 0.6892554199226119, 0.688996181403813, 0.689296448471842, 0.6889172902549338, 0.6888624188989982, 0.6887974857439771, 0.6894571047999528, 0.6890652773161289, 0.6889578037248016, 0.6888029015557398, 0.6886543837981167, 0.6895888930663937, 0.6886278502073102, 0.6890206080404506, 0.6890319755843378, 0.6889689523327431, 0.6887287395845424, 0.6886198640130662, 0.6890214873705445, 0.6894088383966542, 0.688767061738081, 0.6892713243311035, 0.6887116693086571, 0.6890293548565491, 0.6888094842501684, 0.6885922816690064, 0.6881923159276606, 0.6885653179040533, 0.6889764551403349, 0.688540599639761, 0.6888285943139543, 0.6886524103912417, 0.68821486356743, 0.6885304123126265, 0.6884376575702182, 0.6885301039748866, 0.6883538361157575, 0.6884917366708679, 0.6885060409400755, 0.6880491907323869, 0.6887521654422942, 0.6888824762571094, 0.6889741955177107, 0.6888075559139597, 0.6888808684629008, 0.6886653261057114, 0.6890997788869412, 0.6886044785804957, 0.6887769255224863, 0.6882474978165986, 0.6878750186385851, 0.6885849449658403, 0.6890176463168235, 0.6887425343178034, 0.688643787839992, 0.688847696725009, 0.6881644330254654, 0.6882973568111286, 0.6890146853530867, 0.688469525315178, 0.6886422060535569, 0.6885797276732754, 0.688543122411893, 0.6887600656039561, 0.688556373903969, 0.6887425843621248, 0.689175887826211, 0.6888810003501551, 0.6882063303704429, 0.6883881215260489, 0.6883199130010754, 0.6890056492257485, 0.6885592410449389, 0.688551539024026, 0.6893018490255279, 0.6884116914788019, 0.6887900761378648, 0.68807122517453, 0.6891216956343063, 0.6887176269974288, 0.6892739778745192, 0.6881240584469602, 0.6891787700424925, 0.6887500225612015, 0.6890742263243961, 0.6883909975218475, 0.6889986186236902, 0.6883431281140312, 0.6885791965292607, 0.689077529398289, 0.6882581951494157, 0.6886208729304341, 0.6889603018073839, 0.6884441507697114, 0.6883158237606278, 0.688404848517854, 0.6888194244235432, 0.6888256056026336, 0.6884323386713028, 0.6889910383231356, 0.6890456199185591, 0.6887300237501216, 0.6882252341367024, 0.6890918752677837, 0.6891525001639793, 0.6886956580188586, 0.6883897214516065, 0.6887079050055682, 0.6890308732423251, 0.6886683250590588, 0.6886436731750577, 0.68866454737124, 0.6889142319694332, 0.6887372029708828, 0.6883871885933548, 0.6888618814376668, 0.6883114876157287, 0.6886181015252889, 0.68878693617671, 0.6896601971250212, 0.6885842511223708, 0.6884129100907337, 0.6884824325207488, 0.6885965921910548, 0.6890488548572006, 0.6888600797944021, 0.688463090515624, 0.6880971629863044, 0.6888245769509258, 0.6892276721671515, 0.688398447529151, 0.6887931488298857, 0.6883328418324652, 0.6891551734239288, 0.6887759504662762, 0.6885232982681562, 0.688533642403965, 0.6892795591765072, 0.6887343249926744, 0.688878793938661, 0.6885992790603227, 0.688774029270794, 0.6880489264060474, 0.6885853221754626, 0.6886780403683039, 0.6887003747064809, 0.6884114252633072, 0.6887545197550264, 0.6886487839931789, 0.6885600313898989, 0.6881431251876146, 0.6889500983739957, 0.6888539551360346, 0.6888028015076275, 0.6886826588155132, 0.6883589685179744, 0.6887272712983188, 0.6886909676500177, 0.6885180699993014, 0.6889839453969028, 0.6889214307679643, 0.6888859695839977, 0.6886920932365375, 0.6889796298002667, 0.6885376256404515, 0.688503560153348, 0.6890224982220557, 0.6879679952981683, 0.6889614960643672, 0.6889165436211431, 0.6889965948953717, 0.6886894248760806, 0.6883801076629017, 0.6885239949720687, 0.6887568231827406, 0.6888295312944265, 0.6888846520504774, 0.6880382082205709, 0.6889734297615879, 0.6888232605527548, 0.688904329656254, 0.6887638942841344, 0.6892203563682312, 0.6886213241905171, 0.6886029923671774, 0.6888788353227009, 0.6881099895322113, 0.6894399947667506, 0.6886743886009621, 0.6885224679300388, 0.6887186682089955, 0.6891426377610008, 0.689263642562285, 0.6885154023344294, 0.689023315832947, 0.6881188641344064, 0.6885995415725359, 0.6885393352294723, 0.6888390653401627, 0.6890132523885824, 0.6884855329667039, 0.6884141000384566, 0.6888889670894284, 0.68824116347708, 0.6885143958799835, 0.6888400346174084, 0.6883238645269015, 0.6885229009012529, 0.6887165441749303, 0.6884621096305382, 0.6884203056715414, 0.6887095865413881, 0.6887698637611608, 0.6887648120002595, 0.688818559320508, 0.6891231795483134, 0.6883720370092156, 0.6889230175126598, 0.6885452471081822]",fixed_epoch_budget_completed,No tolerance-based convergence claim; epochs selected by inner validation,1,"[{""category"": ""ConvergenceWarning"", ""message"": ""Stochastic Optimizer: Maximum iterations (250) reached and the optimization hasn't converged yet.""}]",192,14465,1.8808740000022226,mlp__symptoms_diet_labels,2,5,,outer,"{""alpha"": 10.0, ""epochs"": 250, ""hidden_layer_sizes"": [64, 32]}",4029
100,100,0.974604124837482,0.3284411603029673,0.3284411603029673,-0.0033839618117459946,"[0.974604124837482, 0.9122745610354639, 0.8682901505668316, 0.8295965006749854, 0.8011745789494289, 0.7764710713813057, 0.7581209185759935, 0.7372620591698325, 0.718704617767366, 0.7046372516362218, 0.6936386566371043, 0.680864554646548, 0.6719572469208638, 0.6603409614151583, 0.655914511486004, 0.6473527566037446, 0.6378241988429533, 0.627315999279782, 0.6209684667196492, 0.6107424364989704, 0.602898279298933, 0.5934691037728664, 0.5912666980686058, 0.5773219584703982, 0.5702872438023296, 0.5638173114553386, 0.5511031005380643, 0.541045421246236, 0.5418890579603057, 0.5251549257178146, 0.5131992233228704, 0.5076971777328813, 0.5049370096963374, 0.49007209695917314, 0.48046489437284484, 0.4703050314913955, 0.4652209064406323, 0.4579966619383082, 0.45321765020436156, 0.44812376592504294, 0.43939984838187013, 0.43509071823980067, 0.4316973426396767, 0.4277813196744085, 0.4221716298078189, 0.4130467298134574, 0.41902322544699755, 0.40576331591403986, 0.40237564318837726, 0.4051825842188068, 0.39535947054558135, 0.39125585000991003, 0.38883927286748793, 0.38779937723760394, 0.39193806747459625, 0.3823031304423356, 0.38653154443006615, 0.38217247475954624, 0.37536048828210605, 0.37122112365123094, 0.37166666253713976, 0.37012874519968897, 0.363775000616807, 0.3613008240654125, 0.3603342196724801, 0.36037365210656275, 0.3607633768067663, 0.3547550419737148, 0.3506322267419662, 0.35128357627244233, 0.35023466349742743, 0.35756650543118856, 0.3507701799113345, 0.3502569883719187, 0.34735578389719296, 0.34840851206476187, 0.3429665516893753, 0.34908178860104927, 0.3494010709394639, 0.3405524291405259, 0.33763899705615386, 0.3393837099521826, 0.3407796761965287, 0.34152949334508415, 0.3369515549507762, 0.34005750636392507, 0.3364333346065742, 0.3346937704126545, 0.33172295094634935, 0.3318251221147133, 0.33515318633403884, 0.33437520948071864, 0.3369284992839714, 0.3326316742016333, 0.33468889176016575, 0.3298986289017501, 0.32846831451188896, 0.3300611968529491, 0.33192071860078143, 0.3284411603029673]",fixed_epoch_budget_completed,No tolerance-based convergence claim; epochs selected by inner validation,1,"[{""category"": ""ConvergenceWarning"", ""message"": ""Stochastic Optimizer: Maximum iterations (100) reached and the optimization hasn't converged yet.""}]",192,6721,0.39514116699865554,mlp__symptoms_diet_labels,3,0,1.0,inner,"{""alpha"": 1.0, ""epochs"": 100, ""hidden_layer_sizes"": [32, 16]}",2684
100,100,0.981819233112523,0.30811108713855007,0.3076433653524465,-0.006675307444550083,"[0.981819233112523, 0.9212796927874107, 0.8747100569880615, 0.8370180706945957, 0.8040193726286747, 0.7774903665369896, 0.7558835223003806, 0.7360798904618546, 0.7158728930886217, 0.698444011084383, 0.6822889232887727, 0.6728300250345187, 0.6640647634557078, 0.6517810668545068, 0.6413770528921042, 0.6277550797692695, 0.622352498277657, 0.6110226251666488, 0.6071954920928706, 0.5984645396530068, 0.5912289787866107, 0.5796402272759801, 0.5729019650738495, 0.5694417790388232, 0.5604675356446002, 0.5549725390273643, 0.5411998841012565, 0.5357839502624974, 0.5244495486962233, 0.5286026908756908, 0.512006389188809, 0.504948056004175, 0.4940826699491013, 0.4849476527635157, 0.4806714405223091, 0.47080972728290527, 0.459115580790027, 0.4474983196541511, 0.44706370100084875, 0.4403851306865775, 0.4357091637510975, 0.4235486156543786, 0.4204493282444584, 0.4116540636499986, 0.4125885089780128, 0.40001632759981076, 0.39915844193814676, 0.40578825592727524, 0.39384908869046364, 0.393897908396747, 0.3868595548301068, 0.38415797354554987, 0.3744882847366907, 0.3741610770441664, 0.36544601062166315, 0.3676606999423042, 0.3612987794869746, 0.36412864974007486, 0.36645722782388745, 0.35846858069592746, 0.3559614035966265, 0.35765349012124015, 0.3502740508337332, 0.3501837497751259, 0.3472155821843403, 0.34327092774772083, 0.34397698961552725, 0.3397061251335669, 0.33890700454657946, 0.3386228077347825, 0.33386849706869554, 0.33376154998765983, 0.3368082928262577, 0.3312548045679673, 0.3300880464474006, 0.3296369562417005, 0.3304612365911891, 0.32620233975171314, 0.3236455867914573, 0.3277456503371427, 0.3241249020696335, 0.32481581149572325, 0.3242164605840404, 0.3208405791623823, 0.32086243480291404, 0.31685480965808027, 0.31515943500586663, 0.3158135381158011, 0.3153396744719322, 0.31478639458310015, 0.314855100932328, 0.31645714001153746, 0.31500444640630476, 0.3127570365876198, 0.31331994682977654, 0.31316427816441933, 0.31224571887609376, 0.3112503501234585, 0.3076433653524465, 0.30811108713855007]",fixed_epoch_budget_completed,No tolerance-based convergence claim; epochs selected by inner validation,1,"[{""category"": ""ConvergenceWarning"", ""message"": ""Stochastic Optimizer: Maximum iterations (100) reached and the optimization hasn't converged yet.""}]",192,6721,0.39028945800237125,mlp__symptoms_diet_labels,3,0,2.0,inner,"{""alpha"": 1.0, ""epochs"": 100, ""hidden_layer_sizes"": [32, 16]}",2682
100,100,1.001947320234128,0.32355245409098204,0.3226640756506031,-0.008954960814440305,"[1.001947320234128, 0.9316530826840602, 0.8836611751976895, 0.8469211367195705, 0.8184886101111275, 0.7943286785611089, 0.7729624123748817, 0.7579148750535153, 0.7417226241271403, 0.7267677822463845, 0.714015108696977, 0.7037000540243816, 0.6905580891641306, 0.6808793809006224, 0.6682513616018116, 0.658979618886352, 0.6459298259384109, 0.6397798763610562, 0.6293884526602682, 0.6213334212855972, 0.6085784357113988, 0.6012126269090878, 0.5938374136580972, 0.5892106825318897, 0.5808685651527171, 0.5706733939524234, 0.5576125137567376, 0.5499341784479812, 0.5388697792599814, 0.5338173962046842, 0.5423634061353901, 0.5196496926133736, 0.5119504173710444, 0.5061897770518614, 0.4988577911641828, 0.49212812817675233, 0.48841061714571576, 0.4701024056701531, 0.46923383360585136, 0.4630427436922914, 0.45336684720665493, 0.450217559145682, 0.4477779118872749, 0.4365318265237304, 0.4307168279548922, 0.4297259566463059, 0.4240079268972552, 0.41594176744069616, 0.4158717437881244, 0.4141041185361307, 0.4063454578975756, 0.40515033166315445, 0.40367531583458804, 0.39476042795993865, 0.39576133900291766, 0.3985297484831347, 0.3877196487731676, 0.38130620580208197, 0.3830251837010503, 0.37844240309463795, 0.37907070344979477, 0.37305807197723917, 0.3715201902600771, 0.3662594823866346, 0.36684716127804295, 0.3705718236793913, 0.3646370018461417, 0.3620585334557362, 0.3558935926989879, 0.3575990652076851, 0.3550140642883862, 0.35593681074259326, 0.3570065447971851, 0.3501609230241451, 0.3490022338308182, 0.3451172132021041, 0.3502518007089143, 0.346765851655847, 0.3422560303099223, 0.3416736963883662, 0.34288270600657056, 0.34014946875163604, 0.34091243371728924, 0.3421740959728578, 0.33905694296915245, 0.33905924363188944, 0.3373290431796893, 0.3340537758878257, 0.33478050037584317, 0.33250741490542235, 0.3308662912480589, 0.32669444307402956, 0.32836409192973415, 0.32818070154502166, 0.32855738769514603, 0.3285760592721067, 0.32631567558784097, 0.32488589173165106, 0.3226640756506031, 0.32355245409098204]",fixed_epoch_budget_completed,No tolerance-based convergence claim; epochs selected by inner validation,1,"[{""category"": ""ConvergenceWarning"", ""message"": ""Stochastic Optimizer: Maximum iterations (100) reached and the optimization hasn't converged yet.""}]",191,6689,0.4020666669966886,mlp__symptoms_diet_labels,3,0,3.0,inner,"{""alpha"": 1.0, ""epochs"": 100, ""hidden_layer_sizes"": [32, 16]}",2684
100,100,3.3580722190678367,0.6895920695131349,0.6893662074159824,-0.000613895408395515,"[3.3580722190678367, 2.6383680464054167, 2.1166116267687984, 1.725140162267751, 1.4596955591010654, 1.2698471517234062, 1.1315159510917618, 1.0283467375319382, 0.9482536245503735, 0.8933913942909413, 0.8520559041970963, 0.8201558712924718, 0.7978828517041429, 0.7786246286599992, 0.764384287709409, 0.752303497038382, 0.7420685965169904, 0.7344054102918582, 0.7291534574619561, 0.7232764405697152, 0.7200175065657709, 0.716055840375571, 0.7135155897472921, 0.7118688909077422, 0.7106011356192059, 0.7077480610842638, 0.7063575438214272, 0.7060042687416722, 0.704325681866542, 0.7032144541305436, 0.7021737002316669, 0.7020692662462122, 0.7015103280396786, 0.7006210132352766, 0.7001782494715448, 0.6994575693424913, 0.699134270007466, 0.6990157035277261, 0.6980452278591435, 0.6977836151558987, 0.6975423985829088, 0.6974062630186351, 0.6963011810349083, 0.6966341928153932, 0.6961449449219989, 0.695374148703625, 0.6952266588624569, 0.6946483123647835, 0.6942484033981892, 0.6944394215481252, 0.6933558909125898, 0.693415115653236, 0.6935033042491043, 0.6935718975415887, 0.6933435759884126, 0.6926911611977484, 0.6925639868390673, 0.6930783674302763, 0.6923603810017476, 0.6922090093724859, 0.6921484451551737, 0.6918904112221537, 0.6913578613578863, 0.6911671914322002, 0.6914996113188633, 0.6916929647050146, 0.6912260131134296, 0.6914033628105226, 0.6912458813484761, 0.6911865004913511, 0.6908957241511126, 0.6910800877520388, 0.6910918184937722, 0.6906698363955318, 0.6907355663328525, 0.6909313261496168, 0.6905940429161613, 0.6907432253099741, 0.6900348585638969, 0.6899772581335587, 0.6903783779926533, 0.6900276817764329, 0.6904436548015627, 0.6906383436628811, 0.6904312867153279, 0.6904867383764848, 0.6899174823061708, 0.6897999347742962, 0.6898993048101824, 0.6902059649215304, 0.6902132458405922, 0.6898859933034607, 0.6902814596559284, 0.689779134093378, 0.6899265891921545, 0.6893662074159824, 0.6899161682563248, 0.689933718609587, 0.690154521314669, 0.6895920695131349]",fixed_epoch_budget_completed,No tolerance-based convergence claim; epochs selected by inner validation,1,"[{""category"": ""ConvergenceWarning"", ""message"": ""Stochastic Optimizer: Maximum iterations (100) reached and the optimization hasn't converged yet.""}]",192,6721,0.37310825000167824,mlp__symptoms_diet_labels,3,1,1.0,inner,"{""alpha"": 10.0, ""epochs"": 100, ""hidden_layer_sizes"": [32, 16]}",2684
100,100,3.3742294501862036,0.6854225761678123,0.6846983502777343,-0.0004438209663205628,"[3.3742294501862036, 2.6680099578775573, 2.1266843266545523, 1.746349869251133, 1.4630702252810033, 1.2740960729606756, 1.1329978557671707, 1.0315496667746513, 0.9514146648434085, 0.8936092413460611, 0.852008071251348, 0.8190986356157842, 0.794496678395432, 0.7748993706601887, 0.7584618849376772, 0.7458613036671705, 0.7373551573178662, 0.7294200333671248, 0.7224974646988629, 0.7169049946234309, 0.7131969685917722, 0.7084865889952966, 0.7057811940814758, 0.7037189384377983, 0.7008930507789389, 0.698774018196879, 0.697017432992056, 0.6966459613288772, 0.6939258891226119, 0.6945878888102572, 0.6926737149861851, 0.6919188884837926, 0.6908858056316493, 0.6900264479750621, 0.6907885652605198, 0.6897625176044822, 0.6878942148783733, 0.6884333963160798, 0.6878580159133983, 0.6882350195364326, 0.687017772082344, 0.6867047420216913, 0.6870014146425458, 0.686146447887866, 0.6861311790459531, 0.6859600969397621, 0.686281460767885, 0.6861924194122467, 0.684797426565005, 0.6857647861885136, 0.6867050506366857, 0.6854766951868086, 0.6856655608878177, 0.6860460502203056, 0.6855719764177934, 0.6863801954037008, 0.6862781449756266, 0.6853922957928521, 0.6855341278163235, 0.6854985097454688, 0.6851337626702463, 0.6852802028566805, 0.685597441925528, 0.6847832491227038, 0.685310217843306, 0.6853731240689409, 0.6851592255931814, 0.6863734930956699, 0.6850075187163656, 0.6846983502777343, 0.6857450442951376, 0.6855580848138847, 0.6852950603048857, 0.6852202533481188, 0.6858089773127624, 0.6853154882326097, 0.6857116048873853, 0.6847593445783997, 0.6855337189380784, 0.6854283239931388, 0.6855942677895197, 0.6859532526805289, 0.6852901327964537, 0.6856526649989574, 0.6859215983209169, 0.6861821618599065, 0.6851691289436869, 0.6855004395350537, 0.6860288597810158, 0.6858663971341329, 0.6854778891368574, 0.6856870883208994, 0.6854135547355742, 0.6854215607051479, 0.6856790692283385, 0.6850801228490628, 0.6848452286203622, 0.6860632185381819, 0.6856186175978771, 0.6854225761678123]",fixed_epoch_budget_completed,No tolerance-based convergence claim; epochs selected by inner validation,1,"[{""category"": ""ConvergenceWarning"", ""message"": ""Stochastic Optimizer: Maximum iterations (100) reached and the optimization hasn't converged yet.""}]",192,6721,0.35969595899950946,mlp__symptoms_diet_labels,3,1,2.0,inner,"{""alpha"": 10.0, ""epochs"": 100, ""hidden_layer_sizes"": [32, 16]}",2682
100,100,3.467696389835652,0.6902162675280006,0.6895302918980505,0.0004014355539618819,"[3.467696389835652, 2.7519634674267164, 2.213274041422683, 1.8201159541318088, 1.5405524153841246, 1.3250068148836536, 1.1784734777103407, 1.0685752994233504, 0.9847793453833869, 0.9243697854497717, 0.8755345589758391, 0.8421037801286667, 0.8142033462984488, 0.792790051442525, 0.775128487116065, 0.7621597667220807, 0.7491771941551363, 0.7426089489115703, 0.734610743791697, 0.7290857783401324, 0.7232054798790282, 0.7194393784046198, 0.7169375157884774, 0.7142397574217588, 0.7122306053196088, 0.7094960239804243, 0.7083771299710147, 0.7075636478701073, 0.7057070908062945, 0.7048408550290738, 0.7043742325093124, 0.7026569474910722, 0.7019676527147418, 0.7012528117448885, 0.7008617615274191, 0.7002533296807737, 0.6989944146365609, 0.699490176171577, 0.6982616196018262, 0.6979366207833654, 0.6973748588397538, 0.6968898587329256, 0.6965014992638848, 0.6961797923916724, 0.6953890594377935, 0.6949250055738345, 0.6955261160501678, 0.6942058214534628, 0.6941267344409787, 0.6934572048834569, 0.6929252818613059, 0.6938122794360564, 0.6927668133555442, 0.692392298436409, 0.6922824614693626, 0.6916214434626156, 0.6917250017013463, 0.6919730659520303, 0.6926683690404116, 0.6914499809643124, 0.6914325841476588, 0.6907347283263567, 0.6908326118563174, 0.6904730054837801, 0.691070510597641, 0.6910643114612441, 0.691096952721014, 0.6907543991197932, 0.6911221291884971, 0.6910046802466985, 0.6901356353573044, 0.6908693626560055, 0.6913359895814011, 0.6910486072139737, 0.6898286035907321, 0.6902177358274005, 0.690997611962199, 0.691295568178767, 0.6909052373320732, 0.690631010186585, 0.690224494493834, 0.6895302918980505, 0.6907447531715298, 0.6898704151554736, 0.6899167513713332, 0.6899043759138968, 0.6902852671066871, 0.6913783533972534, 0.6902495548848107, 0.6898148319740387, 0.690478854066313, 0.6902902882884032, 0.6903852959995401, 0.6901380348958284, 0.6896118051329155, 0.6899437673402707, 0.6902147725175498, 0.6901518364692258, 0.6897066248373216, 0.6902162675280006]",fixed_epoch_budget_completed,No tolerance-based convergence claim; epochs selected by inner validation,1,"[{""category"": ""ConvergenceWarning"", ""message"": ""Stochastic Optimizer: Maximum iterations (100) reached and the optimization hasn't converged yet.""}]",191,6689,0.38063608299853513,mlp__symptoms_diet_labels,3,1,3.0,inner,"{""alpha"": 10.0, ""epochs"": 100, ""hidden_layer_sizes"": [32, 16]}",2684
250,250,3.3580722190678367,0.6890274044872422,0.6882908296843054,-0.00038048455427208694,"[3.3580722190678367, 2.6383680464054167, 2.1166116267687984, 1.725140162267751, 1.4596955591010654, 1.2698471517234062, 1.1315159510917618, 1.0283467375319382, 0.9482536245503735, 0.8933913942909413, 0.8520559041970963, 0.8201558712924718, 0.7978828517041429, 0.7786246286599992, 0.764384287709409, 0.752303497038382, 0.7420685965169904, 0.7344054102918582, 0.7291534574619561, 0.7232764405697152, 0.7200175065657709, 0.716055840375571, 0.7135155897472921, 0.7118688909077422, 0.7106011356192059, 0.7077480610842638, 0.7063575438214272, 0.7060042687416722, 0.704325681866542, 0.7032144541305436, 0.7021737002316669, 0.7020692662462122, 0.7015103280396786, 0.7006210132352766, 0.7001782494715448, 0.6994575693424913, 0.699134270007466, 0.6990157035277261, 0.6980452278591435, 0.6977836151558987, 0.6975423985829088, 0.6974062630186351, 0.6963011810349083, 0.6966341928153932, 0.6961449449219989, 0.695374148703625, 0.6952266588624569, 0.6946483123647835, 0.6942484033981892, 0.6944394215481252, 0.6933558909125898, 0.693415115653236, 0.6935033042491043, 0.6935718975415887, 0.6933435759884126, 0.6926911611977484, 0.6925639868390673, 0.6930783674302763, 0.6923603810017476, 0.6922090093724859, 0.6921484451551737, 0.6918904112221537, 0.6913578613578863, 0.6911671914322002, 0.6914996113188633, 0.6916929647050146, 0.6912260131134296, 0.6914033628105226, 0.6912458813484761, 0.6911865004913511, 0.6908957241511126, 0.6910800877520388, 0.6910918184937722, 0.6906698363955318, 0.6907355663328525, 0.6909313261496168, 0.6905940429161613, 0.6907432253099741, 0.6900348585638969, 0.6899772581335587, 0.6903783779926533, 0.6900276817764329, 0.6904436548015627, 0.6906383436628811, 0.6904312867153279, 0.6904867383764848, 0.6899174823061708, 0.6897999347742962, 0.6898993048101824, 0.6902059649215304, 0.6902132458405922, 0.6898859933034607, 0.6902814596559284, 0.689779134093378, 0.6899265891921545, 0.6893662074159824, 0.6899161682563248, 0.689933718609587, 0.690154521314669, 0.6895920695131349, 0.6894714579072015, 0.6897580941896628, 0.6898464083534523, 0.6902435163450706, 0.6896290135575432, 0.6891510006638097, 0.6893487697982222, 0.689570632859992, 0.68988429052671, 0.689892487912994, 0.6891822737690797, 0.6892859839777801, 0.6897535878608951, 0.6896130992836351, 0.6891526456511922, 0.6896974418251427, 0.6893727062930962, 0.6895279637496678, 0.6895842693019777, 0.6893899881103728, 0.6890143271281087, 0.6897989639431069, 0.6891492759835686, 0.6891516296181108, 0.6893598849792878, 0.68976079401188, 0.6893112568440557, 0.690123034334042, 0.6897947490239738, 0.6894232232692753, 0.6892895242744542, 0.6892967313510711, 0.689172136972605, 0.689497286274832, 0.689385843097399, 0.6894740059132372, 0.6898854215152259, 0.6895108598246765, 0.6886927991356789, 0.688492141159609, 0.689432736610567, 0.6893625858351604, 0.6889202448078983, 0.6897758565139878, 0.6893835961323804, 0.6895825215037679, 0.6898091052990056, 0.6889609653218661, 0.6897996320014488, 0.6894621499076485, 0.6892363848221666, 0.6892404970542132, 0.689545737281066, 0.6895932178858012, 0.6891420945421117, 0.688719041757773, 0.6889713202691181, 0.6889656145521266, 0.6898523527059426, 0.6892493019194604, 0.6895581247140812, 0.6887795964549469, 0.6890102066300733, 0.6896070873849991, 0.6890614981883108, 0.6884737786613009, 0.6895914565206919, 0.6892141592703254, 0.6896543676515482, 0.6895648445083269, 0.6894462353188647, 0.6896527062189393, 0.6891048537235618, 0.6888179159449216, 0.6893464720851206, 0.6887037238220505, 0.6891974508097728, 0.6894065860344932, 0.6894007206316534, 0.689069952534388, 0.689243524465792, 0.6891894836051748, 0.6887864340540144, 0.689526292278463, 0.6893842474365549, 0.6887275592978072, 0.6884489813234671, 0.6886620286950251, 0.6893698460798149, 0.6894564953398987, 0.6890192017855478, 0.6887000457921044, 0.6894174200369321, 0.6893147971448589, 0.6889675454156584, 0.689440613056051, 0.6890227192646309, 0.6893764465182433, 0.6896133950230124, 0.6892339087912708, 0.6897112292241858, 0.6890907538702905, 0.6889379357842321, 0.6894726707311427, 0.6895805877067276, 0.6889852608176272, 0.6901884936315885, 0.6890235624752044, 0.6893025274567596, 0.689533900045084, 0.6890128978084319, 0.6886624395317212, 0.6889396186136694, 0.6892148216395438, 0.688774250822362, 0.6893089642028292, 0.6887430895093807, 0.6896688362024355, 0.6892032849505971, 0.6890783704269385, 0.6891154744194852, 0.6890471064527174, 0.6893012774535016, 0.689106362483849, 0.6889833661674459, 0.6894544204950149, 0.689082533673212, 0.6890534204114069, 0.688844609440139, 0.6891309540427516, 0.6894131493745975, 0.6888706821239524, 0.6888889328230062, 0.6890024128968532, 0.6886903732906718, 0.6892267199442605, 0.6891083542122465, 0.6895143892035059, 0.6891004011185642, 0.6894078890415143, 0.6890470334934277, 0.6894948266675418, 0.689286046460862, 0.6890294941971321, 0.688657369955162, 0.6889702093388932, 0.6882908296843054, 0.6892283180429479, 0.6887470061025469, 0.6890274044872422]",fixed_epoch_budget_completed,No tolerance-based convergence claim; epochs selected by inner validation,1,"[{""category"": ""ConvergenceWarning"", ""message"": ""Stochastic Optimizer: Maximum iterations (250) reached and the optimization hasn't converged yet.""}]",192,6721,0.9041941659961594,mlp__symptoms_diet_labels,3,2,1.0,inner,"{""alpha"": 10.0, ""epochs"": 250, ""hidden_layer_sizes"": [32, 16]}",2684
250,250,3.3742294501862036,0.6852828586926686,0.6841981077136994,-0.0008400690930968624,"[3.3742294501862036, 2.6680099578775573, 2.1266843266545523, 1.746349869251133, 1.4630702252810033, 1.2740960729606756, 1.1329978557671707, 1.0315496667746513, 0.9514146648434085, 0.8936092413460611, 0.852008071251348, 0.8190986356157842, 0.794496678395432, 0.7748993706601887, 0.7584618849376772, 0.7458613036671705, 0.7373551573178662, 0.7294200333671248, 0.7224974646988629, 0.7169049946234309, 0.7131969685917722, 0.7084865889952966, 0.7057811940814758, 0.7037189384377983, 0.7008930507789389, 0.698774018196879, 0.697017432992056, 0.6966459613288772, 0.6939258891226119, 0.6945878888102572, 0.6926737149861851, 0.6919188884837926, 0.6908858056316493, 0.6900264479750621, 0.6907885652605198, 0.6897625176044822, 0.6878942148783733, 0.6884333963160798, 0.6878580159133983, 0.6882350195364326, 0.687017772082344, 0.6867047420216913, 0.6870014146425458, 0.686146447887866, 0.6861311790459531, 0.6859600969397621, 0.686281460767885, 0.6861924194122467, 0.684797426565005, 0.6857647861885136, 0.6867050506366857, 0.6854766951868086, 0.6856655608878177, 0.6860460502203056, 0.6855719764177934, 0.6863801954037008, 0.6862781449756266, 0.6853922957928521, 0.6855341278163235, 0.6854985097454688, 0.6851337626702463, 0.6852802028566805, 0.685597441925528, 0.6847832491227038, 0.685310217843306, 0.6853731240689409, 0.6851592255931814, 0.6863734930956699, 0.6850075187163656, 0.6846983502777343, 0.6857450442951376, 0.6855580848138847, 0.6852950603048857, 0.6852202533481188, 0.6858089773127624, 0.6853154882326097, 0.6857116048873853, 0.6847593445783997, 0.6855337189380784, 0.6854283239931388, 0.6855942677895197, 0.6859532526805289, 0.6852901327964537, 0.6856526649989574, 0.6859215983209169, 0.6861821618599065, 0.6851691289436869, 0.6855004395350537, 0.6860288597810158, 0.6858663971341329, 0.6854778891368574, 0.6856870883208994, 0.6854135547355742, 0.6854215607051479, 0.6856790692283385, 0.6850801228490628, 0.6848452286203622, 0.6860632185381819, 0.6856186175978771, 0.6854225761678123, 0.685407938420167, 0.6852959845531825, 0.6852421452656522, 0.6865561556017828, 0.6855776331662229, 0.6858739622488385, 0.6862436801934847, 0.6847096122481251, 0.6853834916130319, 0.6856477847089097, 0.6853360448128007, 0.6859212788220505, 0.6853899857544924, 0.6852168003544079, 0.6848867767888468, 0.6856692462114788, 0.6862270868357054, 0.685228401414019, 0.6845803721451034, 0.6856275889254005, 0.6858020131910968, 0.6855149485285196, 0.6850483740006489, 0.6854974501934822, 0.6857953697661082, 0.684908908429034, 0.6854013928025764, 0.6846617204061257, 0.6859809228021518, 0.6852975811034088, 0.6858448537531798, 0.686836659316172, 0.685259584763487, 0.6860290866781217, 0.6854812827157944, 0.6860713127769044, 0.6851642726249207, 0.6848972964622514, 0.685242900179289, 0.6853808007809865, 0.6852069527639026, 0.685969442554286, 0.6851327222992338, 0.6856789556869847, 0.6852498970385492, 0.6855675754639718, 0.6858290663622472, 0.6847859778801078, 0.6861552669534339, 0.6849810987172412, 0.6850649625673535, 0.6854916404889775, 0.6857557794059386, 0.6858670077832731, 0.6849272320542147, 0.6857392704179582, 0.6864152970403932, 0.6860641728280993, 0.6849640667126559, 0.6855111356997676, 0.685497063297637, 0.6847882893948573, 0.6851027885234189, 0.6860796008696018, 0.6849257911813275, 0.6854659405471947, 0.6858421270205929, 0.6856974669514438, 0.6846985296553558, 0.686358135100775, 0.6856739254383297, 0.6863434542765171, 0.6857490204809903, 0.6851111990832199, 0.6855608171897399, 0.6852000846568569, 0.6845530532392139, 0.6857587954741711, 0.6849971001131796, 0.6865793862231192, 0.6851668286050799, 0.6853646481905332, 0.6855149190260537, 0.6850855035963417, 0.6863953109480214, 0.68501311844301, 0.6854343560589068, 0.6855353652605198, 0.6846304198028266, 0.6860738685512843, 0.6846558034814413, 0.6863839427035527, 0.687023135209287, 0.6857995906460977, 0.6858819913854333, 0.6852498378341985, 0.6850607646150328, 0.686270674869691, 0.6856861104792963, 0.6843648646880162, 0.6864747785608006, 0.6855383574344949, 0.6850023167508592, 0.6859584602332323, 0.6860441185858815, 0.6843423004093286, 0.6852119669994243, 0.6852936294417813, 0.6846387872809776, 0.684369245320154, 0.6853533991809385, 0.6841981077136994, 0.686227559302153, 0.6852165498766495, 0.6851133064879535, 0.685797496443836, 0.6855883227679433, 0.6853350825275742, 0.6847921803982175, 0.6854418842403939, 0.6852376319723319, 0.6857102361669896, 0.6846838935041984, 0.6856485609867278, 0.685653801616319, 0.6858922518605369, 0.6850041780502593, 0.6857372892752791, 0.686255073943541, 0.685680718257881, 0.6858098856599256, 0.685053324328596, 0.6859840153781922, 0.6850287745045696, 0.6856368194022574, 0.68642223120722, 0.6869629244110053, 0.6859843940910486, 0.6853740220231999, 0.6861229277857654, 0.6857427383744708, 0.6850649891149809, 0.6855314186532887, 0.6860810521072347, 0.6849024993143926, 0.6856493315584796, 0.685780613803143, 0.685423026445291, 0.6850898568925086, 0.6852828586926686]",fixed_epoch_budget_completed,No tolerance-based convergence claim; epochs selected by inner validation,1,"[{""category"": ""ConvergenceWarning"", ""message"": ""Stochastic Optimizer: Maximum iterations (250) reached and the optimization hasn't converged yet.""}]",192,6721,0.9218199169990839,mlp__symptoms_diet_labels,3,2,2.0,inner,"{""alpha"": 10.0, ""epochs"": 250, ""hidden_layer_sizes"": [32, 16]}",2682
250,250,3.467696389835652,0.689883435251857,0.6890517939857932,0.00011988160183729057,"[3.467696389835652, 2.7519634674267164, 2.213274041422683, 1.8201159541318088, 1.5405524153841246, 1.3250068148836536, 1.1784734777103407, 1.0685752994233504, 0.9847793453833869, 0.9243697854497717, 0.8755345589758391, 0.8421037801286667, 0.8142033462984488, 0.792790051442525, 0.775128487116065, 0.7621597667220807, 0.7491771941551363, 0.7426089489115703, 0.734610743791697, 0.7290857783401324, 0.7232054798790282, 0.7194393784046198, 0.7169375157884774, 0.7142397574217588, 0.7122306053196088, 0.7094960239804243, 0.7083771299710147, 0.7075636478701073, 0.7057070908062945, 0.7048408550290738, 0.7043742325093124, 0.7026569474910722, 0.7019676527147418, 0.7012528117448885, 0.7008617615274191, 0.7002533296807737, 0.6989944146365609, 0.699490176171577, 0.6982616196018262, 0.6979366207833654, 0.6973748588397538, 0.6968898587329256, 0.6965014992638848, 0.6961797923916724, 0.6953890594377935, 0.6949250055738345, 0.6955261160501678, 0.6942058214534628, 0.6941267344409787, 0.6934572048834569, 0.6929252818613059, 0.6938122794360564, 0.6927668133555442, 0.692392298436409, 0.6922824614693626, 0.6916214434626156, 0.6917250017013463, 0.6919730659520303, 0.6926683690404116, 0.6914499809643124, 0.6914325841476588, 0.6907347283263567, 0.6908326118563174, 0.6904730054837801, 0.691070510597641, 0.6910643114612441, 0.691096952721014, 0.6907543991197932, 0.6911221291884971, 0.6910046802466985, 0.6901356353573044, 0.6908693626560055, 0.6913359895814011, 0.6910486072139737, 0.6898286035907321, 0.6902177358274005, 0.690997611962199, 0.691295568178767, 0.6909052373320732, 0.690631010186585, 0.690224494493834, 0.6895302918980505, 0.6907447531715298, 0.6898704151554736, 0.6899167513713332, 0.6899043759138968, 0.6902852671066871, 0.6913783533972534, 0.6902495548848107, 0.6898148319740387, 0.690478854066313, 0.6902902882884032, 0.6903852959995401, 0.6901380348958284, 0.6896118051329155, 0.6899437673402707, 0.6902147725175498, 0.6901518364692258, 0.6897066248373216, 0.6902162675280006, 0.6898258972721272, 0.6897431991583749, 0.6895938812190282, 0.6902280307150268, 0.6903668002854427, 0.6903151312678506, 0.6898825722548002, 0.6893615038168757, 0.6900709768901323, 0.6895611636706002, 0.6896076676807787, 0.6899792868160906, 0.6902119414420855, 0.6898034643456801, 0.690254397056957, 0.690447126691931, 0.6899689631257043, 0.6900957989498083, 0.6895296185077446, 0.6896523104413886, 0.6899289695869878, 0.6900131924650309, 0.6890596487402022, 0.6895301005141797, 0.6893533167319315, 0.6894386726149045, 0.6899672404006715, 0.6895268902299927, 0.6895784720322372, 0.6895816038804433, 0.6903220330479185, 0.6899371712498412, 0.6898798682967022, 0.68984802155714, 0.6895434614223144, 0.6896357608823112, 0.6897585613514607, 0.6900521080526915, 0.6894681716671806, 0.6898287966488581, 0.6894819984129316, 0.6902333898349846, 0.690013700029771, 0.6892190735517412, 0.6893645820407404, 0.6894907624085762, 0.6902433077236576, 0.6895098904060347, 0.6898374170757483, 0.6906317286995729, 0.6893175086432629, 0.6893607012352817, 0.6903266345354832, 0.690132170153143, 0.6897664772526008, 0.6896100571688302, 0.6893741032935384, 0.68948781095032, 0.6895077265325307, 0.6896413686944963, 0.6897659739608403, 0.6896799043712574, 0.6896362146675062, 0.6904209144140053, 0.6898171013475899, 0.6907733622517358, 0.6895956936983937, 0.6900090377364478, 0.6896335993235179, 0.6899625180104637, 0.6895048592197666, 0.6894002505946734, 0.6902284387028855, 0.689421032742361, 0.6899652173364462, 0.6897326390931032, 0.6892811775794633, 0.690048941615931, 0.6895591051359844, 0.6899714935846182, 0.6899729226215228, 0.6899736641683886, 0.6897688506585095, 0.6896174226523999, 0.6899102207207882, 0.6902661012801575, 0.6893633236823764, 0.6895094851335363, 0.6899557841014486, 0.6897816128898605, 0.6900365867259036, 0.6899876658619604, 0.6897035312425095, 0.690349491058759, 0.6904220456736093, 0.6898166921131903, 0.6893346744486456, 0.6892978811942638, 0.6897422398177182, 0.6901860280251542, 0.6903272609608574, 0.6900824752488938, 0.690665658377462, 0.6892525518558428, 0.6895239393680129, 0.6892888825265133, 0.689635793355994, 0.6902435330509299, 0.6891651110420443, 0.6894024933024528, 0.6890798434583902, 0.6896134319171406, 0.6893979954244623, 0.6898895390495347, 0.6895214378659923, 0.6894959297410707, 0.6904480708366268, 0.6896835769409108, 0.6897833862269275, 0.6893740135854581, 0.6894388961808048, 0.6890517939857932, 0.6903571897039389, 0.6893983950408048, 0.6895964030944278, 0.689355921217978, 0.6894982269958508, 0.6894910644817885, 0.6896765692866426, 0.689803145430816, 0.6892919048466167, 0.6899344547352297, 0.6898872339188928, 0.6904495369954808, 0.6894632761056085, 0.6898206134624851, 0.6900985281284409, 0.689797870140636, 0.6894162482863645, 0.6897635536500197, 0.6897813789307717, 0.6902175389545955, 0.6896666882602105, 0.6897064580038172, 0.6894807711627171, 0.6892622906264733, 0.6901304584569321, 0.689961416197018, 0.6890585676832574, 0.689883435251857]",fixed_epoch_budget_completed,No tolerance-based convergence claim; epochs selected by inner validation,1,"[{""category"": ""ConvergenceWarning"", ""message"": ""Stochastic Optimizer: Maximum iterations (250) reached and the optimization hasn't converged yet.""}]",191,6689,0.8988173749967245,mlp__symptoms_diet_labels,3,2,3.0,inner,"{""alpha"": 10.0, ""epochs"": 250, ""hidden_layer_sizes"": [32, 16]}",2684
100,100,1.1854958197453318,0.3040527558153891,0.3014984464910902,-0.005531794586613015,"[1.1854958197453318, 1.079635480247269, 1.0007385377374314, 0.9325419769144385, 0.8806726671327253, 0.845476039360593, 0.8008124656063453, 0.7718279293691719, 0.7455522940246384, 0.7274034959293632, 0.707041210988758, 0.6873465845612425, 0.6689648290905236, 0.6604126911134104, 0.6362429981109889, 0.6198348686457652, 0.601337536560466, 0.5923085290114919, 0.5799024942833548, 0.5558033878967387, 0.5423144816688137, 0.5345615944987678, 0.5093990251636189, 0.5005957222458595, 0.48868213467921945, 0.4803546409875228, 0.471286018534778, 0.4662493206205427, 0.4447277374499757, 0.4413357307346237, 0.43054569537086357, 0.4244053138885006, 0.41353425343214406, 0.40839535353955114, 0.405814697385045, 0.408372531978097, 0.40246761848915935, 0.38610094120583516, 0.38283878806348076, 0.3922679771371258, 0.37820393820132764, 0.3740872632195364, 0.3749729950013747, 0.36494734118182, 0.36312191464214033, 0.35977920146486114, 0.3577871620994111, 0.3543172402751381, 0.35525405714654923, 0.3552668882159219, 0.35343811418818355, 0.3469870884297577, 0.3468820006428949, 0.3466521504679224, 0.3437853729925385, 0.33660397516375495, 0.33679686367633693, 0.33363622429476375, 0.33929760808844395, 0.33789765014183476, 0.3327572659077752, 0.327209338018084, 0.3229914853753265, 0.3260087174415104, 0.32237700375679035, 0.32356623666521167, 0.32376020483563683, 0.32402879775652343, 0.32247108918610745, 0.3185886132888953, 0.32683434902240804, 0.32019513884938516, 0.31519661842415936, 0.3149364056302794, 0.3135815478638987, 0.31581082955261885, 0.31420620271267735, 0.31501235218148393, 0.3106019278888697, 0.3152173222632569, 0.30845365658669277, 0.31225148066158087, 0.3081069989118218, 0.30846877990918714, 0.31059761253364043, 0.3083202150975807, 0.3107506440143258, 0.3069771551891716, 0.31383383811952487, 0.3095845504020021, 0.3075000802732996, 0.30986874750942206, 0.311320607059979, 0.30452808101895984, 0.30220533320994686, 0.3020627027668698, 0.3014984464910902, 0.3021309363527127, 0.3034878726570119, 0.3040527558153891]",fixed_epoch_budget_completed,No tolerance-based convergence claim; epochs selected by inner validation,1,"[{""category"": ""ConvergenceWarning"", ""message"": ""Stochastic Optimizer: Maximum iterations (100) reached and the optimization hasn't converged yet.""}]",192,14465,0.5264017919980688,mlp__symptoms_diet_labels,3,3,1.0,inner,"{""alpha"": 1.0, ""epochs"": 100, ""hidden_layer_sizes"": [64, 32]}",2684
100,100,1.1908408402696866,0.30605401526246895,0.2947251761546607,0.010878630560890612,"[1.1908408402696866, 1.0829660433375272, 0.9978683065134316, 0.9338854391399427, 0.8818188882615399, 0.8363363321758375, 0.7989989228468095, 0.762995727124992, 0.7532239684741473, 0.7178830949983692, 0.6987147067892736, 0.6754798997688911, 0.6581255323586253, 0.6418774291502642, 0.6248417153806917, 0.6192271942502305, 0.6030846186358605, 0.5751573949343382, 0.5616783136108489, 0.5476089527784119, 0.5273216330829865, 0.5167808306471358, 0.5057991600890185, 0.48565720140772106, 0.4870676096770897, 0.4642124045627762, 0.4568426564859724, 0.4420815006811774, 0.4327051145712645, 0.4322942568062277, 0.42080549162391173, 0.4109472978876104, 0.4072906010723447, 0.3986938545023005, 0.3934081033452209, 0.38918253764883326, 0.38766733887457044, 0.37630022099393245, 0.3739994242795198, 0.3776601498211374, 0.37593625551535104, 0.3633905103880415, 0.3619348247885822, 0.35428537387861314, 0.3494318972140136, 0.34717833515549323, 0.3457802465291833, 0.3432263817726011, 0.3409908969235987, 0.33701419571094243, 0.3336610157240976, 0.33922823863385126, 0.33170451984023386, 0.32971665287267227, 0.3275068357714252, 0.32457364338750627, 0.3220340392844943, 0.32247904903016517, 0.32142100932593537, 0.32139576903446404, 0.3154718775992601, 0.3211078234546239, 0.31850742697338996, 0.31507905093104227, 0.312222848053426, 0.312522096344804, 0.3111338626783809, 0.3112469388184256, 0.3072472917905964, 0.30684715929408374, 0.31157161281045326, 0.30683261046912486, 0.3049531940583285, 0.3059694568780745, 0.30457568618091874, 0.30317121090169075, 0.301786898309597, 0.30160464879353255, 0.304637964718129, 0.2997666604602809, 0.30370801292427024, 0.3003543885076629, 0.30099938159081807, 0.305442872451702, 0.3027580876874693, 0.2990649889219083, 0.2975455078008679, 0.2981730554740053, 0.29601300131473196, 0.29517538470157834, 0.29735826635975765, 0.2980054151325331, 0.29728538221844547, 0.30295025625127475, 0.2992678529147621, 0.296633154296411, 0.299375158232305, 0.2947251761546607, 0.3003730838161747, 0.30605401526246895]",fixed_epoch_budget_completed,No tolerance-based convergence claim; epochs selected by inner validation,1,"[{""category"": ""ConvergenceWarning"", ""message"": ""Stochastic Optimizer: Maximum iterations (100) reached and the optimization hasn't converged yet.""}]",192,14465,0.5116295419938979,mlp__symptoms_diet_labels,3,3,2.0,inner,"{""alpha"": 1.0, ""epochs"": 100, ""hidden_layer_sizes"": [64, 32]}",2682
100,100,1.209516610263447,0.3035464621117514,0.3035464621117514,-0.005208700561880053,"[1.209516610263447, 1.0984352313920027, 1.0127401439357002, 0.9415028166636918, 0.8912036050548987, 0.8447579203404942, 0.8043175849837993, 0.7749172729834113, 0.7466861268809087, 0.7246455413234937, 0.6916456737939394, 0.6748934701851821, 0.6572611661775702, 0.6373088885026043, 0.6166219360949354, 0.5952604261762228, 0.5855409913619539, 0.5700368643894951, 0.5554265702524827, 0.5430612177621226, 0.5252661341341182, 0.5093040656794683, 0.5039093271352012, 0.49036371494104664, 0.4698710661478551, 0.4614688170459617, 0.4552538444244677, 0.45398297819964606, 0.43749026953513737, 0.42838816470847885, 0.41772902347484187, 0.40927468760140034, 0.41118061153925733, 0.4011861909262161, 0.3959769483180906, 0.39090373672293593, 0.3825754584105312, 0.38334421009625913, 0.3806803473168544, 0.3718397232576933, 0.3751487121793647, 0.36620913745285544, 0.3633417996258892, 0.3593804964976571, 0.3609633751865438, 0.36206415118487156, 0.35393247525275107, 0.35382013778882143, 0.3468919256919443, 0.3474991512667518, 0.34532909755565655, 0.33792617794952307, 0.342126641824057, 0.3435533577649568, 0.3373557267216572, 0.3333786152525104, 0.3356342751834635, 0.3342120510029902, 0.33146622510241297, 0.3304165134437195, 0.32645082451405083, 0.3267633877857123, 0.32582953352550853, 0.32513757053440223, 0.32429262225287186, 0.31958950126922625, 0.3231910314408201, 0.31652213891519776, 0.3204012413599552, 0.3157141787169174, 0.31776736352469326, 0.31361605466595627, 0.31357682574156076, 0.31179179184389816, 0.3100365311498476, 0.3139405539088361, 0.3129104947572273, 0.3115513623446063, 0.3144173728528841, 0.31216875147862255, 0.30905566750628044, 0.3078739707203808, 0.30852563438235275, 0.30908211979199324, 0.3091268363199965, 0.3070087714016474, 0.3039915696705655, 0.30826717134860704, 0.30609882082996703, 0.30875516267363146, 0.3053691083609187, 0.3044622803750205, 0.3076242526346665, 0.3063323732292531, 0.3039520949651776, 0.3051474626774457, 0.3049387115285678, 0.3052139990987363, 0.30479153479852455, 0.3035464621117514]",fixed_epoch_budget_completed,No tolerance-based convergence claim; epochs selected by inner validation,1,"[{""category"": ""ConvergenceWarning"", ""message"": ""Stochastic Optimizer: Maximum iterations (100) reached and the optimization hasn't converged yet.""}]",191,14401,0.5401845000014873,mlp__symptoms_diet_labels,3,3,3.0,inner,"{""alpha"": 1.0, ""epochs"": 100, ""hidden_layer_sizes"": [64, 32]}",2684
100,100,5.3566573609113055,0.688938912477484,0.6883917746503256,4.479303221771591e-05,"[5.3566573609113055, 3.9910036044806496, 2.9568096364582925, 2.2429659125715458, 1.765040466350523, 1.4406752489650245, 1.1979898361325396, 1.0442389892376895, 0.9405910491505864, 0.8687616802555831, 0.8189987050825526, 0.7841948687608633, 0.7602690551847457, 0.7416863165252674, 0.7294577043177929, 0.7207427484882732, 0.7152703236568929, 0.7100612139871939, 0.7063014680058145, 0.702993373053929, 0.7024163493486998, 0.6997284583828284, 0.6985378792376219, 0.6968565127987889, 0.6958894656500292, 0.6952118938949787, 0.6931690689342941, 0.6924972730032554, 0.6933053320433747, 0.6928300270367407, 0.69126150906654, 0.6915763944662386, 0.6914176685103336, 0.6909303646139713, 0.6917332322374707, 0.6903514108889554, 0.6905622043223417, 0.6905825892738973, 0.690443335121266, 0.6897217565258207, 0.6899866097275776, 0.6898456865900583, 0.6901014529906097, 0.6902392884949204, 0.6892286746741793, 0.6894158440835407, 0.6894802281647056, 0.6906013584291711, 0.6897346118044615, 0.689492829974151, 0.6900697904749902, 0.6901547805961568, 0.6898548120311757, 0.6898708302829467, 0.6893615640210065, 0.6890868295100304, 0.6901025057076864, 0.6889819410832952, 0.6891617830245942, 0.6901825316695142, 0.6892987070850783, 0.6893664926599095, 0.6895253149957863, 0.6894152831270187, 0.6894530195858833, 0.6895244607880571, 0.689349580655708, 0.6901470438429497, 0.6899456537496885, 0.6899467406913761, 0.6887772388748016, 0.6889051142362963, 0.6896519324981555, 0.6899961189483437, 0.6898121400211297, 0.6890580692836111, 0.6889754726018903, 0.689011944898793, 0.6888550780389405, 0.6898407225107452, 0.6895697713862585, 0.6893961451905429, 0.6893714013355836, 0.6893520664707367, 0.6893273613246357, 0.6896647735285959, 0.6896919370223366, 0.6891760480268263, 0.6885740735871958, 0.6888941194452662, 0.6896676162611581, 0.6891163364262362, 0.6890736979152771, 0.6883917746503256, 0.6900038118230898, 0.6895764401255878, 0.6889326261406644, 0.6889025645936432, 0.6891833915075115, 0.688938912477484]",fixed_epoch_budget_completed,No tolerance-based convergence claim; epochs selected by inner validation,1,"[{""category"": ""ConvergenceWarning"", ""message"": ""Stochastic Optimizer: Maximum iterations (100) reached and the optimization hasn't converged yet.""}]",192,14465,0.5010417500016047,mlp__symptoms_diet_labels,3,4,1.0,inner,"{""alpha"": 10.0, ""epochs"": 100, ""hidden_layer_sizes"": [64, 32]}",2684
100,100,5.410068147717502,0.6859568643138942,0.6846084249709987,-0.00024069050583186424,"[5.410068147717502, 4.022081248415992, 2.973916521198726, 2.2620765794233675, 1.769545613081912, 1.4336754000364476, 1.2043026747116863, 1.04427557741188, 0.9400813692849247, 0.8657758237501298, 0.8167083592123795, 0.7827414391091629, 0.7574529182400104, 0.7393135929601626, 0.727979142256343, 0.7188471857348471, 0.7149135681379314, 0.7082865573563718, 0.7043061504138013, 0.7021610203494597, 0.6991053199084536, 0.6972694529005474, 0.6959863309794747, 0.6941455432288203, 0.6928493598309909, 0.6917297405472831, 0.6922376505914773, 0.6899036749113093, 0.6893972997808826, 0.6885092277944284, 0.6882863275651474, 0.6877805884491733, 0.6873012220876641, 0.6867331749906052, 0.6870054651830563, 0.6864314919287948, 0.6876896492668227, 0.6866462990652378, 0.6863897657841381, 0.6860914111855206, 0.685785752461491, 0.6857726005611198, 0.6864148921741343, 0.6857048649206332, 0.6861847482989633, 0.6860469241922325, 0.6860203871481789, 0.6860590869814621, 0.6861761891213896, 0.6862704618926534, 0.6850648575052254, 0.6859012928161183, 0.6866017287786894, 0.6846084249709987, 0.6857462215714011, 0.6857152098868389, 0.6865476813418505, 0.6859195867248847, 0.6850625487840688, 0.6859658821894546, 0.6860815786536488, 0.685847007198948, 0.6868095593172133, 0.6853742884054125, 0.6861390991693918, 0.6858338208217899, 0.6856478535421099, 0.6854186164689167, 0.6854534188754665, 0.6856734115309737, 0.6857889532663054, 0.6854887410695467, 0.6863354379398113, 0.6852071567087474, 0.6852569472157056, 0.6852472515896976, 0.6857241028486769, 0.6854844902127519, 0.6849631413653856, 0.6850219697883786, 0.6865698179741032, 0.6853837842826628, 0.6849819611009016, 0.6855578232458666, 0.685683947947284, 0.6855236464708468, 0.6855663055819516, 0.6859470505442288, 0.6862550294868307, 0.6861975548197261, 0.6854750218748504, 0.6857239166260152, 0.6862871561790507, 0.6863299967161633, 0.6860773626168793, 0.6857573618865652, 0.6847429628446203, 0.6854971851969432, 0.6851555779586102, 0.6859568643138942]",fixed_epoch_budget_completed,No tolerance-based convergence claim; epochs selected by inner validation,1,"[{""category"": ""ConvergenceWarning"", ""message"": ""Stochastic Optimizer: Maximum iterations (100) reached and the optimization hasn't converged yet.""}]",192,14465,0.4975743750037509,mlp__symptoms_diet_labels,3,4,2.0,inner,"{""alpha"": 10.0, ""epochs"": 100, ""hidden_layer_sizes"": [64, 32]}",2682
100,100,5.47760133657107,0.6898296995621707,0.6890936265150749,0.00027019228126223815,"[5.47760133657107, 4.100673986659875, 3.0414512250955252, 2.3021168177907576, 1.8172298166728358, 1.4743849955753923, 1.2370983923885241, 1.0757996734659958, 0.969271787698784, 0.8926659590788495, 0.8371958518845846, 0.8012615422363873, 0.7737707566188928, 0.7549050439747002, 0.7407321385495775, 0.7301811119792139, 0.7247975580214481, 0.7184134505775452, 0.7142980628948421, 0.7096122788629453, 0.7062212851886179, 0.7051387260048365, 0.7030952009513507, 0.701217952092385, 0.7004414453801913, 0.6994556276666304, 0.6979461031367115, 0.6972551813380286, 0.6957086463090709, 0.6954819886685545, 0.6945702574332585, 0.6938783030010364, 0.6932648301673255, 0.6922336748626758, 0.6927610965077255, 0.6909542560068069, 0.6914684796022034, 0.6914693379576127, 0.6909093081701259, 0.6905080858831802, 0.6905581600962696, 0.6901818230535128, 0.6894059362144396, 0.6902339958402179, 0.6905081654023421, 0.6901735588583904, 0.6902584888536337, 0.6902533345937253, 0.6897929644653223, 0.689407688898691, 0.6896201686725338, 0.6894486553718506, 0.6900607432982652, 0.6897106578865022, 0.6903285646476006, 0.6890936265150749, 0.6898464338083817, 0.6899156324873346, 0.6893407776243, 0.6897400942441884, 0.6897445298416478, 0.6897045091674202, 0.68972831987127, 0.6900944563234047, 0.6895230223802975, 0.6893137655667757, 0.6901655854378577, 0.6898339642185793, 0.6899740682947844, 0.689895812904201, 0.6894759394188634, 0.689854966203365, 0.689424130328066, 0.6891363300102819, 0.6896396635706022, 0.6896196051093697, 0.6893070426115447, 0.6893491895051421, 0.6894335109623106, 0.6897348474217868, 0.6893045698416423, 0.6892951342668338, 0.6897973872516944, 0.6895967722417693, 0.6893824433438788, 0.6892781213057417, 0.6894329585611016, 0.6895184637395692, 0.6895500151225796, 0.6895595072809084, 0.6893775980127662, 0.6895331399488343, 0.6894932167066853, 0.6894698723253525, 0.6895891919619804, 0.6892562043568937, 0.6893302219860846, 0.6900694798484898, 0.6894166900536187, 0.6898296995621707]",fixed_epoch_budget_completed,No tolerance-based convergence claim; epochs selected by inner validation,1,"[{""category"": ""ConvergenceWarning"", ""message"": ""Stochastic Optimizer: Maximum iterations (100) reached and the optimization hasn't converged yet.""}]",191,14401,0.4946039999995264,mlp__symptoms_diet_labels,3,4,3.0,inner,"{""alpha"": 10.0, ""epochs"": 100, ""hidden_layer_sizes"": [64, 32]}",2684
250,250,5.3566573609113055,0.6888561340387953,0.6882137990160687,-0.0007057996069739225,"[5.3566573609113055, 3.9910036044806496, 2.9568096364582925, 2.2429659125715458, 1.765040466350523, 1.4406752489650245, 1.1979898361325396, 1.0442389892376895, 0.9405910491505864, 0.8687616802555831, 0.8189987050825526, 0.7841948687608633, 0.7602690551847457, 0.7416863165252674, 0.7294577043177929, 0.7207427484882732, 0.7152703236568929, 0.7100612139871939, 0.7063014680058145, 0.702993373053929, 0.7024163493486998, 0.6997284583828284, 0.6985378792376219, 0.6968565127987889, 0.6958894656500292, 0.6952118938949787, 0.6931690689342941, 0.6924972730032554, 0.6933053320433747, 0.6928300270367407, 0.69126150906654, 0.6915763944662386, 0.6914176685103336, 0.6909303646139713, 0.6917332322374707, 0.6903514108889554, 0.6905622043223417, 0.6905825892738973, 0.690443335121266, 0.6897217565258207, 0.6899866097275776, 0.6898456865900583, 0.6901014529906097, 0.6902392884949204, 0.6892286746741793, 0.6894158440835407, 0.6894802281647056, 0.6906013584291711, 0.6897346118044615, 0.689492829974151, 0.6900697904749902, 0.6901547805961568, 0.6898548120311757, 0.6898708302829467, 0.6893615640210065, 0.6890868295100304, 0.6901025057076864, 0.6889819410832952, 0.6891617830245942, 0.6901825316695142, 0.6892987070850783, 0.6893664926599095, 0.6895253149957863, 0.6894152831270187, 0.6894530195858833, 0.6895244607880571, 0.689349580655708, 0.6901470438429497, 0.6899456537496885, 0.6899467406913761, 0.6887772388748016, 0.6889051142362963, 0.6896519324981555, 0.6899961189483437, 0.6898121400211297, 0.6890580692836111, 0.6889754726018903, 0.689011944898793, 0.6888550780389405, 0.6898407225107452, 0.6895697713862585, 0.6893961451905429, 0.6893714013355836, 0.6893520664707367, 0.6893273613246357, 0.6896647735285959, 0.6896919370223366, 0.6891760480268263, 0.6885740735871958, 0.6888941194452662, 0.6896676162611581, 0.6891163364262362, 0.6890736979152771, 0.6883917746503256, 0.6900038118230898, 0.6895764401255878, 0.6889326261406644, 0.6889025645936432, 0.6891833915075115, 0.688938912477484, 0.688512520636314, 0.6895035896080673, 0.6898303257844558, 0.6890791606817935, 0.6890658369059665, 0.6889727064792686, 0.6899565689702061, 0.6886776047730262, 0.6893271573167304, 0.6895435991268212, 0.6894986773645707, 0.6896702812391182, 0.6890087139037757, 0.689087175968272, 0.6896184034872423, 0.6886523910862817, 0.688776217071492, 0.6892426948856613, 0.6896053889451859, 0.6888284803608835, 0.6890015362343388, 0.6890866493271955, 0.6888229233513387, 0.6895021618759811, 0.6890452271702124, 0.6894467082710649, 0.6894850835637149, 0.6896798594635862, 0.6888862733817567, 0.6893759042574209, 0.6889756931022603, 0.689728698423918, 0.6890701014223719, 0.6898160839816724, 0.6891272853209821, 0.6889924349746992, 0.6888089699212888, 0.689282054203064, 0.6894901669700926, 0.6882383624994209, 0.6894806488673711, 0.6894135305623098, 0.6894995287782845, 0.6889879875577636, 0.6886966123395545, 0.6892504295936064, 0.6892339288474618, 0.6896723323441895, 0.6891949421261397, 0.6894589294657735, 0.6899393869642149, 0.6891196285409262, 0.6882137990160687, 0.6892346955635825, 0.6890218644821673, 0.6892530290343548, 0.6887974444417241, 0.6891900446351318, 0.6885214688524486, 0.689846892324412, 0.6895946068835771, 0.6894053229901845, 0.6888598740031596, 0.6894823720208938, 0.6892572094538632, 0.6892276331391335, 0.6891678771733655, 0.6896389627625183, 0.688694014785651, 0.6893497036080388, 0.6891427025590996, 0.6884208035115394, 0.6885463711147479, 0.6890925879557673, 0.6890721694611419, 0.6897353902948417, 0.6893506966624733, 0.6894744866943336, 0.6884659378657982, 0.6896629028299683, 0.6893433431133181, 0.6886014330695316, 0.6887523357308301, 0.6886535885677721, 0.688793309707458, 0.6890854157052246, 0.6892304140477197, 0.6889439411109991, 0.6885764077565307, 0.6896105511883738, 0.6897098116627889, 0.6882984026467889, 0.6888730284623856, 0.6888319596705503, 0.6902221648232243, 0.6893173490904886, 0.6890229502186952, 0.6889236151539038, 0.6890725086568564, 0.6889403372022186, 0.6887027808150155, 0.6894142221419488, 0.6893830553540269, 0.6896266601501231, 0.6887272240984814, 0.6885052956043345, 0.6891617528425663, 0.6888688363483925, 0.6893330758342189, 0.6893638207661289, 0.6890581510944127, 0.6893525975296106, 0.6899235208302253, 0.6893850991487716, 0.6886427993777964, 0.6891843226925284, 0.6887815753902403, 0.6890391767955699, 0.6889595051080443, 0.6901549318418806, 0.6895670486398134, 0.689303368093769, 0.6887725440258459, 0.6888590893610821, 0.6889407363263014, 0.689085971345947, 0.6894656549371486, 0.6893493551001346, 0.6889926456721227, 0.6891689071395423, 0.6888625728988809, 0.6894600690586964, 0.6887592537159068, 0.689377084656928, 0.6888779100364195, 0.6893028896174772, 0.6890212919156783, 0.6891812199812746, 0.6891399878359898, 0.6895619336457692, 0.6899281600259655, 0.688915841540148, 0.6892954418670265, 0.688877038603261, 0.6886734984953276, 0.6892970371962794, 0.6890488986013394, 0.6889323263597511, 0.688985004667202, 0.6888561340387953]",fixed_epoch_budget_completed,No tolerance-based convergence claim; epochs selected by inner validation,1,"[{""category"": ""ConvergenceWarning"", ""message"": ""Stochastic Optimizer: Maximum iterations (250) reached and the optimization hasn't converged yet.""}]",192,14465,1.2191066669984139,mlp__symptoms_diet_labels,3,5,1.0,inner,"{""alpha"": 10.0, ""epochs"": 250, ""hidden_layer_sizes"": [64, 32]}",2684
250,250,5.410068147717502,0.6853637329995751,0.6844996140298699,0.0003727498704468868,"[5.410068147717502, 4.022081248415992, 2.973916521198726, 2.2620765794233675, 1.769545613081912, 1.4336754000364476, 1.2043026747116863, 1.04427557741188, 0.9400813692849247, 0.8657758237501298, 0.8167083592123795, 0.7827414391091629, 0.7574529182400104, 0.7393135929601626, 0.727979142256343, 0.7188471857348471, 0.7149135681379314, 0.7082865573563718, 0.7043061504138013, 0.7021610203494597, 0.6991053199084536, 0.6972694529005474, 0.6959863309794747, 0.6941455432288203, 0.6928493598309909, 0.6917297405472831, 0.6922376505914773, 0.6899036749113093, 0.6893972997808826, 0.6885092277944284, 0.6882863275651474, 0.6877805884491733, 0.6873012220876641, 0.6867331749906052, 0.6870054651830563, 0.6864314919287948, 0.6876896492668227, 0.6866462990652378, 0.6863897657841381, 0.6860914111855206, 0.685785752461491, 0.6857726005611198, 0.6864148921741343, 0.6857048649206332, 0.6861847482989633, 0.6860469241922325, 0.6860203871481789, 0.6860590869814621, 0.6861761891213896, 0.6862704618926534, 0.6850648575052254, 0.6859012928161183, 0.6866017287786894, 0.6846084249709987, 0.6857462215714011, 0.6857152098868389, 0.6865476813418505, 0.6859195867248847, 0.6850625487840688, 0.6859658821894546, 0.6860815786536488, 0.685847007198948, 0.6868095593172133, 0.6853742884054125, 0.6861390991693918, 0.6858338208217899, 0.6856478535421099, 0.6854186164689167, 0.6854534188754665, 0.6856734115309737, 0.6857889532663054, 0.6854887410695467, 0.6863354379398113, 0.6852071567087474, 0.6852569472157056, 0.6852472515896976, 0.6857241028486769, 0.6854844902127519, 0.6849631413653856, 0.6850219697883786, 0.6865698179741032, 0.6853837842826628, 0.6849819611009016, 0.6855578232458666, 0.685683947947284, 0.6855236464708468, 0.6855663055819516, 0.6859470505442288, 0.6862550294868307, 0.6861975548197261, 0.6854750218748504, 0.6857239166260152, 0.6862871561790507, 0.6863299967161633, 0.6860773626168793, 0.6857573618865652, 0.6847429628446203, 0.6854971851969432, 0.6851555779586102, 0.6859568643138942, 0.6858235290035994, 0.6853070145521146, 0.6857482613205093, 0.6858451434826659, 0.685764883629178, 0.6850028473294486, 0.6861477723355494, 0.6848731177838343, 0.6861622172665228, 0.6857278441197784, 0.686265075981286, 0.6853640652097317, 0.6851735141332955, 0.6853990177711454, 0.6860900110268666, 0.6859041886488765, 0.6852706226081093, 0.685033613472217, 0.6847447739341803, 0.6856671054787042, 0.6860054362964526, 0.6857872860044245, 0.6848741571799022, 0.6851233353650666, 0.6858539704102098, 0.685307340849386, 0.6852173267300026, 0.6854881129138227, 0.685090412761477, 0.6864655807121364, 0.6859345442462154, 0.6850855847237014, 0.6854158529017377, 0.6857646507464131, 0.6857348437144324, 0.6856074650251716, 0.6851062102901215, 0.6850278605112293, 0.6851980571872263, 0.6852402701184829, 0.6852590951229829, 0.6849220194609043, 0.6853240820293465, 0.6858273095688128, 0.6852059046503647, 0.6853163807658397, 0.6854665870874326, 0.686668635703481, 0.6848723409904519, 0.6861716237976536, 0.6858125870553387, 0.6853141678276535, 0.6855402436473061, 0.6857730900765293, 0.6848345817416132, 0.6849925165085384, 0.6850145460773742, 0.684877941608308, 0.6858490719352744, 0.6857694581589963, 0.6851976439701493, 0.6864942582898029, 0.6861201444355398, 0.6855324209292031, 0.6858140549549436, 0.6847112534331512, 0.6855101754053149, 0.6855147122574003, 0.6852561611087056, 0.6855516364498594, 0.6857769469425261, 0.6855311655815078, 0.68564820534837, 0.6862445568810243, 0.6851601821692771, 0.6851061368616368, 0.6849894024241884, 0.6852369897549485, 0.6856207609135719, 0.6855460445533178, 0.6853711107599727, 0.6859076068168803, 0.6857700596587263, 0.6853717705752029, 0.6848408601626425, 0.6854772553629933, 0.6853141748815184, 0.6861106266334085, 0.6851291812369972, 0.6854700555850297, 0.6857229425025567, 0.685611420016455, 0.6863010272130439, 0.6857918570386551, 0.6859157698635053, 0.6851633668598652, 0.6854571136411425, 0.6856904188033437, 0.6852922218594216, 0.6860055648441485, 0.6852462613910569, 0.6859805872542046, 0.6854771596703816, 0.6855293526661053, 0.685285464985314, 0.6865228730986552, 0.6856576059660141, 0.6853656023146275, 0.6853117145601489, 0.6849708663602578, 0.6859411966384822, 0.6849490716234418, 0.685424037467385, 0.6858863219378014, 0.6857037254627301, 0.684966121995792, 0.6852275163880689, 0.6857245377565835, 0.6845351620935404, 0.6854624212641184, 0.6856719673140516, 0.6854488654650268, 0.685759586478458, 0.6852893012691785, 0.6860760716850427, 0.6861928488878275, 0.6859636143738876, 0.6859907596740517, 0.6856005110216732, 0.6845426892849639, 0.6850736659745862, 0.6852745132173151, 0.6849805161311043, 0.6855845959795868, 0.6862828415898048, 0.6844996140298699, 0.6856268837357675, 0.6858009433682535, 0.6859613908948177, 0.6849909831291282, 0.6863643999478456, 0.6857184429378956, 0.6856314901270717, 0.6854991149058617, 0.6855063473237253, 0.6850793868328265, 0.6857055205265721, 0.6857417912970118, 0.6852942788731035, 0.6853637329995751]",fixed_epoch_budget_completed,No tolerance-based convergence claim; epochs selected by inner validation,1,"[{""category"": ""ConvergenceWarning"", ""message"": ""Stochastic Optimizer: Maximum iterations (250) reached and the optimization hasn't converged yet.""}]",192,14465,1.2487853330021608,mlp__symptoms_diet_labels,3,5,2.0,inner,"{""alpha"": 10.0, ""epochs"": 250, ""hidden_layer_sizes"": [64, 32]}",2682
250,250,5.47760133657107,0.69017218490482,0.6886784104491303,0.0007407741894046582,"[5.47760133657107, 4.100673986659875, 3.0414512250955252, 2.3021168177907576, 1.8172298166728358, 1.4743849955753923, 1.2370983923885241, 1.0757996734659958, 0.969271787698784, 0.8926659590788495, 0.8371958518845846, 0.8012615422363873, 0.7737707566188928, 0.7549050439747002, 0.7407321385495775, 0.7301811119792139, 0.7247975580214481, 0.7184134505775452, 0.7142980628948421, 0.7096122788629453, 0.7062212851886179, 0.7051387260048365, 0.7030952009513507, 0.701217952092385, 0.7004414453801913, 0.6994556276666304, 0.6979461031367115, 0.6972551813380286, 0.6957086463090709, 0.6954819886685545, 0.6945702574332585, 0.6938783030010364, 0.6932648301673255, 0.6922336748626758, 0.6927610965077255, 0.6909542560068069, 0.6914684796022034, 0.6914693379576127, 0.6909093081701259, 0.6905080858831802, 0.6905581600962696, 0.6901818230535128, 0.6894059362144396, 0.6902339958402179, 0.6905081654023421, 0.6901735588583904, 0.6902584888536337, 0.6902533345937253, 0.6897929644653223, 0.689407688898691, 0.6896201686725338, 0.6894486553718506, 0.6900607432982652, 0.6897106578865022, 0.6903285646476006, 0.6890936265150749, 0.6898464338083817, 0.6899156324873346, 0.6893407776243, 0.6897400942441884, 0.6897445298416478, 0.6897045091674202, 0.68972831987127, 0.6900944563234047, 0.6895230223802975, 0.6893137655667757, 0.6901655854378577, 0.6898339642185793, 0.6899740682947844, 0.689895812904201, 0.6894759394188634, 0.689854966203365, 0.689424130328066, 0.6891363300102819, 0.6896396635706022, 0.6896196051093697, 0.6893070426115447, 0.6893491895051421, 0.6894335109623106, 0.6897348474217868, 0.6893045698416423, 0.6892951342668338, 0.6897973872516944, 0.6895967722417693, 0.6893824433438788, 0.6892781213057417, 0.6894329585611016, 0.6895184637395692, 0.6895500151225796, 0.6895595072809084, 0.6893775980127662, 0.6895331399488343, 0.6894932167066853, 0.6894698723253525, 0.6895891919619804, 0.6892562043568937, 0.6893302219860846, 0.6900694798484898, 0.6894166900536187, 0.6898296995621707, 0.6898703506995033, 0.6893701863551479, 0.6897836334307355, 0.6896814991076712, 0.689446970665621, 0.6891707830496464, 0.689865959636975, 0.6894306365712698, 0.6887659328608762, 0.6898732074536144, 0.6894899508099167, 0.6899527781721596, 0.689799818408139, 0.6895419806468889, 0.689740981065677, 0.6895315653859777, 0.6901653953592503, 0.6901935676024363, 0.6892664628855226, 0.6896630053123587, 0.6893871952994335, 0.6893511048122263, 0.6896597066277776, 0.6898494590584584, 0.6903782453094282, 0.6894406671147295, 0.6895333275668336, 0.6899241553114808, 0.6899370450701704, 0.6898662944837793, 0.6892895265568287, 0.6889822646982696, 0.6892390580669285, 0.6891552427034796, 0.6891083990544884, 0.6892329069577675, 0.6895926264316914, 0.6895769967241232, 0.6902521227946079, 0.6895273306209668, 0.68980042828779, 0.6891640101680451, 0.6898153216370857, 0.6887516722164334, 0.6893447041095185, 0.6902429823247473, 0.6897989651328648, 0.6898668134562521, 0.6894546936516963, 0.6894868966623126, 0.6886784104491303, 0.6899444286856473, 0.6894173759718739, 0.6894968937586241, 0.6900304886857607, 0.6895270987401051, 0.6894699848813071, 0.6892598152213399, 0.6892156572158961, 0.6897608714091391, 0.6895703796697683, 0.6900107966641205, 0.6892643354675126, 0.6890649802236606, 0.6897931329561182, 0.6891981995800663, 0.6896579333498539, 0.6891005397054787, 0.6891908292320517, 0.6889045180033243, 0.6895735905930265, 0.689511786074402, 0.6898977449967582, 0.6893117436481344, 0.6894482162413431, 0.689496435421832, 0.68943554940667, 0.6898772763287462, 0.6896280806263326, 0.6900027289232954, 0.6897207067823155, 0.6905280639794192, 0.6901181782418057, 0.6894950599169373, 0.6895892408259816, 0.6891108811271442, 0.6901546306026626, 0.6895220680126447, 0.6892216379313524, 0.6895684251406267, 0.6895684062569208, 0.6895499005348986, 0.6891268174052669, 0.6895383481648998, 0.6897853684421423, 0.6902212717416087, 0.6893029315375867, 0.6895652641127676, 0.6889428141458176, 0.6896938745797447, 0.6898160942710716, 0.6900830442934991, 0.6898291094020471, 0.689867478697815, 0.6892449452900731, 0.6901471350687709, 0.689697623527048, 0.6897369296213504, 0.6898735403650009, 0.6893728625588457, 0.6891835364771622, 0.6898119993495448, 0.6900304751940026, 0.6895458515448502, 0.6903168839213282, 0.6893685006495961, 0.6896024182656451, 0.6889038107746432, 0.689525401407603, 0.6899469634767169, 0.6896287624901443, 0.6904260034640382, 0.6894078631214171, 0.6891828806251298, 0.6894003503382797, 0.6898877075811167, 0.6895601257974698, 0.6901508933613927, 0.6889092065043905, 0.6893394537977716, 0.6896331445147306, 0.6901085577176538, 0.6897798415948216, 0.6895888701067424, 0.689547894540757, 0.6900232455780625, 0.6897778772254837, 0.6896251584306653, 0.689406790493719, 0.6894314107154154, 0.6892764340469769, 0.6897129725763662, 0.6898645747426763, 0.6902218512332841, 0.6896648640763556, 0.6894729919043945, 0.689414874117858, 0.6899663196005863, 0.6897949220705265, 0.69017218490482]",fixed_epoch_budget_completed,No tolerance-based convergence claim; epochs selected by inner validation,1,"[{""category"": ""ConvergenceWarning"", ""message"": ""Stochastic Optimizer: Maximum iterations (250) reached and the optimization hasn't converged yet.""}]",191,14401,1.276580500001728,mlp__symptoms_diet_labels,3,5,3.0,inner,"{""alpha"": 10.0, ""epochs"": 250, ""hidden_layer_sizes"": [64, 32]}",2684
100,100,5.186958802359881,0.6885688271834911,0.6877380531791967,0.0005451128756486234,"[5.186958802359881, 3.3196366975900173, 2.1848032086545266, 1.5412108355247067, 1.188595403573401, 0.9835322155048374, 0.8614097805245181, 0.7961563802344502, 0.7577882477493303, 0.7357495996363468, 0.7218180877296476, 0.7140408122905253, 0.7078956639891968, 0.7043642426629508, 0.7017808347661154, 0.6992446905399571, 0.6975201206773605, 0.6961471616662338, 0.6944234399141529, 0.6937143975289107, 0.6930654070650396, 0.6922081647067589, 0.6916235691822283, 0.6913064324177357, 0.6903537926813433, 0.6902154854440844, 0.6909086130745838, 0.6902078544967053, 0.6892634033810368, 0.689685966462573, 0.6895433245106058, 0.6889962189396813, 0.6891840356853641, 0.6896875734686791, 0.689158454484417, 0.6890434984941977, 0.688948380869995, 0.6890878253078765, 0.6885631004406523, 0.6884969358989708, 0.6889462932380951, 0.6885128818565323, 0.6887363424253494, 0.6889273611313956, 0.6889089098666648, 0.6889027668713998, 0.6885808904550367, 0.6880513237443121, 0.6883767905747746, 0.6890056806418584, 0.6882846314252316, 0.688300603298606, 0.6886712546164987, 0.6888807489138509, 0.6884775467150488, 0.6883916369107619, 0.6884350604693831, 0.6886161331888655, 0.688427500827812, 0.6884270455878847, 0.688299536296708, 0.6882093301336583, 0.6885886942151005, 0.6887217790925867, 0.6882261825163325, 0.6888784492367491, 0.688205683313771, 0.6880223631507996, 0.6885609031004187, 0.68841149634654, 0.6884377226100936, 0.6881295874865818, 0.6883318925672265, 0.6878601971084005, 0.6884108271198153, 0.6877380531791967, 0.6879580443105433, 0.6886475075411405, 0.6882778880340594, 0.688220436722919, 0.6885991970536666, 0.6888334300467848, 0.6884378690940185, 0.6880178905739832, 0.6884012516970769, 0.6887120049892649, 0.6885916742794702, 0.6881799671433833, 0.6885242195265066, 0.6880237143078425, 0.6886673850513272, 0.6884233497729209, 0.6888764058184379, 0.6882903221900349, 0.6885386602172981, 0.6884924341012936, 0.688459885762445, 0.6883728506915188, 0.6883437579524583, 0.6885688271834911]",fixed_epoch_budget_completed,No tolerance-based convergence claim; epochs selected by inner validation,1,"[{""category"": ""ConvergenceWarning"", ""message"": ""Stochastic Optimizer: Maximum iterations (100) reached and the optimization hasn't converged yet.""}]",192,14465,0.9061243749965797,mlp__symptoms_diet_labels,3,4,,outer,"{""alpha"": 10.0, ""epochs"": 100, ""hidden_layer_sizes"": [64, 32]}",4025
100,100,0.9793619417966968,0.3204878389734042,0.3204878389734042,-0.008257964526946382,"[0.9793619417966968, 0.9176081463828889, 0.8679919831868662, 0.8333721985913026, 0.8044824284592873, 0.7797213362226519, 0.7573060347812705, 0.7428152127464153, 0.7275141675714408, 0.7139457936925431, 0.7015964661437031, 0.6888212830430114, 0.6742337997038417, 0.6648652540496928, 0.6587960323391884, 0.6498953475884913, 0.6357930555017433, 0.6281802411130207, 0.6164236670596557, 0.6091664547127215, 0.601523721757904, 0.5918371018597296, 0.5852624949319564, 0.5762488385301495, 0.5656791882001513, 0.5588878161521669, 0.5550629311107504, 0.5371787241988265, 0.5325160963304065, 0.5235528437143859, 0.5208475559893382, 0.5128075401053689, 0.5028366232217515, 0.4949784232437392, 0.4830961310527863, 0.4746329120799054, 0.4752509463525922, 0.4605139870494608, 0.455778544459632, 0.4463888572519374, 0.442705191263825, 0.43464037215145296, 0.43396750182093297, 0.42591151803655625, 0.42359833151656007, 0.41968229903682525, 0.41173502406052, 0.4104182406477195, 0.4085700354701805, 0.40507462898566393, 0.3954538565088329, 0.39562614931790213, 0.38825914411903356, 0.3879415436619974, 0.3883009306600999, 0.38188190539869615, 0.3789632074614563, 0.374282443570032, 0.3721769660615042, 0.37468063638110016, 0.3662246548862858, 0.3664747300084159, 0.36893441575627955, 0.36081146034063605, 0.3627365702114679, 0.3552807083934892, 0.3525491143139624, 0.35590680282430465, 0.3570928608760716, 0.3507470084560686, 0.3516013444660151, 0.34718316821409906, 0.3467575665508929, 0.3443554824546171, 0.3409731575629647, 0.3430021208858166, 0.34070027385779755, 0.348153362670262, 0.34320409688343595, 0.3461393068674086, 0.33404496274226375, 0.3321564037977603, 0.3344169128387879, 0.33908533522784895, 0.3405552240986391, 0.33356193067750506, 0.33237412176382275, 0.32725162718532025, 0.3291777249702655, 0.3287458035003506, 0.32464821370918523, 0.3299592000053743, 0.3256891218738526, 0.33417179195874347, 0.32823698362311565, 0.32258716047176755, 0.32121294562753705, 0.3229720035300045, 0.32332026868589786, 0.3204878389734042]",fixed_epoch_budget_completed,No tolerance-based convergence claim; epochs selected by inner validation,1,"[{""category"": ""ConvergenceWarning"", ""message"": ""Stochastic Optimizer: Maximum iterations (100) reached and the optimization hasn't converged yet.""}]",192,6721,0.8019156660011504,mlp__symptoms_diet_labels,4,0,1.0,inner,"{""alpha"": 1.0, ""epochs"": 100, ""hidden_layer_sizes"": [32, 16]}",2683
100,100,0.9813965437657791,0.3231496297208583,0.3199207686463901,-0.005595575161853383,"[0.9813965437657791, 0.9193567675026797, 0.8702375627422659, 0.8304728289476818, 0.8051838698014971, 0.7762806782875686, 0.7530138077591484, 0.7324796470719145, 0.719604744905, 0.7050401067500243, 0.6906634612802655, 0.6816495638534983, 0.6712968411938275, 0.6625203151390651, 0.6557715856186649, 0.6508958648124673, 0.6396736244274148, 0.6288876722100374, 0.6219626525938031, 0.6188115170027516, 0.6054792941842116, 0.600748442815582, 0.5935409835318428, 0.5859684667029003, 0.5796257499411168, 0.5777055784257096, 0.5571677405775597, 0.5543930484922708, 0.5420054439762687, 0.5396946348893478, 0.5254000416610657, 0.5190739459663272, 0.5076649385302642, 0.49857073677532737, 0.4902639683091958, 0.4833356277417335, 0.4783950736571507, 0.4680138364638501, 0.4576631684636418, 0.4591006635102061, 0.45133006417194893, 0.43974169432973276, 0.4380217728141925, 0.4391941220713516, 0.4369822161372772, 0.4281544271735695, 0.41502406570878597, 0.4095392230839501, 0.40782562643135795, 0.4019749951841543, 0.39525667062186165, 0.40481543020763644, 0.40297711002044856, 0.395984536301575, 0.3868745932092044, 0.3817988445975785, 0.3784420268404625, 0.3798831888681446, 0.3701591903756298, 0.3723670571308788, 0.3668749563495752, 0.36405073111154657, 0.36045693336688567, 0.3622422855446921, 0.3589646459404344, 0.36126848535613415, 0.36005059245036103, 0.35506389348149164, 0.3556469310936441, 0.3559885611600109, 0.352737150030678, 0.347130693615345, 0.3434361521026717, 0.3478805665736306, 0.34420687240034553, 0.3485204941196048, 0.34538096775619703, 0.33917349125753316, 0.3406045384909208, 0.33847337984148446, 0.3371274786452869, 0.3385711496066505, 0.3339482875319441, 0.3311755163336094, 0.33135797211824447, 0.33058215437811184, 0.33452721152199666, 0.3287572665973356, 0.32989686093046816, 0.3287452048827117, 0.33059005449345225, 0.3320189798231993, 0.3275688477929127, 0.3224290613205197, 0.32418687766205845, 0.32156978453470886, 0.3201572167577238, 0.3199207686463901, 0.32134417276498717, 0.3231496297208583]",fixed_epoch_budget_completed,No tolerance-based convergence claim; epochs selected by inner validation,1,"[{""category"": ""ConvergenceWarning"", ""message"": ""Stochastic Optimizer: Maximum iterations (100) reached and the optimization hasn't converged yet.""}]",191,6689,0.6922833330027061,mlp__symptoms_diet_labels,4,0,2.0,inner,"{""alpha"": 1.0, ""epochs"": 100, ""hidden_layer_sizes"": [32, 16]}",2686
100,100,0.9913149628181633,0.7440849080883484,0.7103559524989598,0.02293308093965185,"[0.9913149628181633, 0.9713406008067014, 2.6858044155198413, 0.8861742232891243, 1.1314778603240758, 0.9692690213328082, 0.8406785404459641, 0.8662799495858711, 1.0751385033794754, 0.9029921046213998, 1.3394197597061617, 0.8252299207280461, 0.8544875161892298, 0.8279947604137382, 0.8351976652379524, 0.8700618623853926, 0.8189821407123559, 0.817761853971314, 0.8389449624675976, 0.8301421304338229, 0.8139294983411063, 0.8351265961006353, 0.8161477227771762, 0.8503591356087347, 0.8129983814853154, 0.8364100881515828, 0.8654966161909738, 0.8123541734381402, 0.8514169674165759, 0.8201791360194843, 0.7999288132541438, 0.7976950918214628, 0.8001123438047527, 0.79651642482554, 0.8064351189768553, 0.8283279344106135, 0.7974566171037761, 0.8262107816149796, 0.824996142882778, 0.7955521816320195, 0.8012542732368229, 0.7847370460755542, 0.8108854206162875, 0.7815135344779086, 0.7986962690071491, 0.8772903568320057, 0.7822233936402901, 0.7861430649152482, 0.8553025604848163, 0.7919956170595988, 0.7855070233542532, 0.7659696736446435, 0.7797059001784951, 0.7777087371617034, 0.7768179049490594, 0.8164705461875242, 0.7655286743918092, 0.7701786140016513, 0.8536386000216465, 0.7580588168945577, 0.7770444770782046, 0.7574270607398634, 0.7693905253868023, 0.7651187603097438, 0.7476388575418287, 0.7544561942541503, 0.7617631276388775, 0.7486768388300595, 0.7600221088170813, 0.7443625441561066, 0.7428178001477383, 0.9665160874464863, 0.7411515189038748, 0.7686005802728652, 0.7470878946561749, 0.757294675142931, 0.7293569674678112, 0.7331946065071805, 0.7269351806887657, 0.7388103973386029, 0.7292987329465394, 0.7281003247249873, 0.7225842945699156, 0.7249812145022533, 0.7240711615362165, 0.719510738791983, 0.7238640353535234, 0.7197705030553512, 0.7179940756493703, 0.7211518271486965, 0.7173618632446487, 0.7156184861144345, 0.7170121664027288, 0.714695675193169, 0.7176961193932481, 0.724642837967315, 0.7111794985293154, 0.7103559524989598, 0.7150526412271756, 0.7440849080883484]",fixed_epoch_budget_completed,No tolerance-based convergence claim; epochs selected by inner validation,1,"[{""category"": ""ConvergenceWarning"", ""message"": ""Stochastic Optimizer: Maximum iterations (100) reached and the optimization hasn't converged yet.""}]",191,6689,0.39624375000130385,mlp__symptoms_diet_labels,4,0,3.0,inner,"{""alpha"": 1.0, ""epochs"": 100, ""hidden_layer_sizes"": [32, 16]}",2689
100,100,3.3666295479628143,0.6912232284278044,0.6910892548702385,-0.0002278496060874602,"[3.3666295479628143, 2.668389082421955, 2.122514528971461, 1.7447517915057367, 1.4717717359159, 1.2768234341246834, 1.1304901225367017, 1.0338463767171437, 0.9545477012489781, 0.8989448796640962, 0.8569870262286698, 0.8258699455510654, 0.7995152933992012, 0.781479534314341, 0.768260277011782, 0.7553811394723399, 0.7458109120229665, 0.7382717153645344, 0.7301160948172006, 0.7259983682869333, 0.7219854307908464, 0.7188622284762862, 0.7161537120606164, 0.7140695048447314, 0.7106954551799954, 0.7102493492475435, 0.7088193615379369, 0.7067867943934748, 0.7058107938363559, 0.7046696413295847, 0.7050518504995963, 0.7038747984770666, 0.7023918951595791, 0.702034529039088, 0.7015906873681954, 0.7010811733178014, 0.7007407786708102, 0.6995850676640065, 0.6993813975456182, 0.6991074097799744, 0.6991344917122716, 0.6981452824668526, 0.6988093184976703, 0.6982398232977668, 0.6972062059039266, 0.6972758008341121, 0.6970812407991698, 0.6973943675054373, 0.6964053660932092, 0.6960967276322383, 0.6955222614175199, 0.69522503397476, 0.6954780045421091, 0.6943237083763898, 0.6943255689249427, 0.6949979412740306, 0.6938443494346629, 0.6938010749416857, 0.6940698418146851, 0.6931598142701979, 0.6931548057942498, 0.692875634910502, 0.693056888495195, 0.6932316446443895, 0.6921933041257936, 0.6925440369169488, 0.6928316688329758, 0.6921324062823544, 0.6925144473928934, 0.6928299060941782, 0.6924170185456815, 0.6922135927604038, 0.6915853580174752, 0.6922598282468186, 0.6920350245926595, 0.6927805177578038, 0.691876429246581, 0.6918431461983151, 0.6916935368017971, 0.6917518254149985, 0.6920478894068108, 0.6917479477565592, 0.6915731766608095, 0.6915223866278951, 0.692196896129043, 0.6920484252317259, 0.6912656883531662, 0.6915358942038013, 0.69114111339336, 0.6914510780338918, 0.6912194892695024, 0.6914369830193892, 0.691200728871809, 0.6922738912126175, 0.6914780138573001, 0.6917375400410419, 0.691137749866814, 0.6910892548702385, 0.6916171321284171, 0.6912232284278044]",fixed_epoch_budget_completed,No tolerance-based convergence claim; epochs selected by inner validation,1,"[{""category"": ""ConvergenceWarning"", ""message"": ""Stochastic Optimizer: Maximum iterations (100) reached and the optimization hasn't converged yet.""}]",192,6721,0.37776012499671197,mlp__symptoms_diet_labels,4,1,1.0,inner,"{""alpha"": 10.0, ""epochs"": 100, ""hidden_layer_sizes"": [32, 16]}",2683
100,100,3.4041373314980894,0.6909006712209097,0.6902351798927899,-0.00014954252243337685,"[3.4041373314980894, 2.6739424969542815, 2.1306777902437677, 1.7431176499774683, 1.4821925691483704, 1.2776583486212025, 1.1271811292094847, 1.0246832781058703, 0.9506778239254322, 0.8930800132318704, 0.8510592085218057, 0.8188799723083812, 0.7940044261228199, 0.7754446471820685, 0.7601171877834169, 0.747778049138342, 0.7375008743501369, 0.7291590476433238, 0.7236065555642461, 0.7187282805896372, 0.7146822881019196, 0.7113952171534597, 0.7089562865230429, 0.7066971255967205, 0.7054739287111328, 0.7032773795261495, 0.7015829792281921, 0.7010238999549256, 0.6994936035084695, 0.698833248896533, 0.6980995586925575, 0.6975201283902913, 0.69674553285362, 0.6961226683260424, 0.6961179703689736, 0.6948645775417965, 0.6953899164185373, 0.6950360333519057, 0.6936680624121709, 0.6935169417048507, 0.6932649486116973, 0.6930181214678944, 0.6931314431178234, 0.6930075320176868, 0.6915720946638745, 0.6928197006455117, 0.6916498149788803, 0.6922018882589405, 0.6916321228635537, 0.6914862715471113, 0.691621372021559, 0.6914449023119994, 0.6916334185043543, 0.6911118323831704, 0.6914178822093596, 0.6913403127008335, 0.6913980171190749, 0.6908527627548611, 0.6914066330150501, 0.691074293414501, 0.6908956637160348, 0.6915715815831395, 0.691175196822265, 0.6905727551112119, 0.6908664181101236, 0.6911460478573, 0.6906200779941359, 0.6909661673252536, 0.6908884608260905, 0.6909681345048593, 0.6912090120313746, 0.6908034743175202, 0.6905794792759269, 0.690898205546195, 0.6906218885827001, 0.6912504114233919, 0.6908308929505029, 0.6910576988495585, 0.6912035555377877, 0.6911483049021369, 0.6902443772818959, 0.6913103933439911, 0.6906281184591173, 0.6908298373526109, 0.6911070284349671, 0.6908860522577301, 0.6916820500713619, 0.6910518630012846, 0.6902351798927899, 0.6910502137433431, 0.6907618015756924, 0.691073435072455, 0.6909316938620262, 0.6905774155017304, 0.6911942765820743, 0.6910138279962699, 0.6910023782613594, 0.69122198978817, 0.6906396915520486, 0.6909006712209097]",fixed_epoch_budget_completed,No tolerance-based convergence claim; epochs selected by inner validation,1,"[{""category"": ""ConvergenceWarning"", ""message"": ""Stochastic Optimizer: Maximum iterations (100) reached and the optimization hasn't converged yet.""}]",191,6689,0.36336300000402844,mlp__symptoms_diet_labels,4,1,2.0,inner,"{""alpha"": 10.0, ""epochs"": 100, ""hidden_layer_sizes"": [32, 16]}",2686
100,100,3.4310881235122106,1.3388869026864416,1.075876891643502,0.19458338823843846,"[3.4310881235122106, 3.1790214345475674, 17.058629900349615, 2.5154223186111513, 4.459522178768514, 3.159737117186894, 2.128304203010854, 2.3329971886903835, 3.9978379175913985, 2.629169465409957, 6.103758978107934, 1.9941294296649057, 2.2110010552151023, 1.996045863115225, 2.0604798669217166, 2.3424954245766605, 1.9319353362689913, 1.9251686979250489, 2.099306838142401, 2.014821515383961, 1.9017813611590069, 2.0726430851297875, 1.9244259825197967, 2.185819981432432, 1.9039454720099631, 2.084470760470104, 2.3207539248651026, 1.8927569540987126, 2.2051957254650754, 1.9460001108227405, 1.7908065021330162, 1.7817448899611847, 1.7939175930320888, 1.775534577458894, 1.8628020016983966, 2.0432538995510257, 1.8055014280998856, 2.0214221665595833, 2.012561291470471, 1.770286383894843, 1.8233367720316054, 1.6976313885309104, 1.8965857914594835, 1.6742877165708174, 1.803543366321564, 2.4235430577192636, 1.665304582708223, 1.6918475736081369, 2.2394045943991454, 1.7324576289387017, 1.6759447677053196, 1.5327515411411623, 1.6368484354426354, 1.625660504817663, 1.6190258697716098, 1.9172060481792488, 1.5211532942952057, 1.5579559739259021, 2.193289115077123, 1.4492713046340948, 1.5910736791231785, 1.4285409038228032, 1.5377537220388138, 1.497501347169818, 1.3688041744031414, 1.4219360140122723, 1.485311107944684, 1.3844296619504994, 1.476707596297147, 1.355527119339202, 1.3422707321969463, 3.0686968499950593, 1.2788161964938445, 1.4617210979008315, 1.299676173354844, 1.3791076456930973, 1.163414933617155, 1.194862374540689, 1.1464618868304508, 1.243945247288912, 1.1792828810906935, 1.1699016000867324, 1.1304471936867833, 1.1515727005859624, 1.1465168634585559, 1.1155418710170621, 1.165928770700237, 1.1234838840295787, 1.112941254725975, 1.1443035144480032, 1.1189041612909483, 1.1051478113375384, 1.1176082866288177, 1.1103519404044662, 1.126992693612911, 1.184589186784336, 1.075876891643502, 1.0764028415239615, 1.11043620918694, 1.3388869026864416]",fixed_epoch_budget_completed,No tolerance-based convergence claim; epochs selected by inner validation,1,"[{""category"": ""ConvergenceWarning"", ""message"": ""Stochastic Optimizer: Maximum iterations (100) reached and the optimization hasn't converged yet.""}]",191,6689,0.41291562499827705,mlp__symptoms_diet_labels,4,1,3.0,inner,"{""alpha"": 10.0, ""epochs"": 100, ""hidden_layer_sizes"": [32, 16]}",2689
250,250,3.3666295479628143,0.6910786612647276,0.6902963057837558,0.00016330849578338746,"[3.3666295479628143, 2.668389082421955, 2.122514528971461, 1.7447517915057367, 1.4717717359159, 1.2768234341246834, 1.1304901225367017, 1.0338463767171437, 0.9545477012489781, 0.8989448796640962, 0.8569870262286698, 0.8258699455510654, 0.7995152933992012, 0.781479534314341, 0.768260277011782, 0.7553811394723399, 0.7458109120229665, 0.7382717153645344, 0.7301160948172006, 0.7259983682869333, 0.7219854307908464, 0.7188622284762862, 0.7161537120606164, 0.7140695048447314, 0.7106954551799954, 0.7102493492475435, 0.7088193615379369, 0.7067867943934748, 0.7058107938363559, 0.7046696413295847, 0.7050518504995963, 0.7038747984770666, 0.7023918951595791, 0.702034529039088, 0.7015906873681954, 0.7010811733178014, 0.7007407786708102, 0.6995850676640065, 0.6993813975456182, 0.6991074097799744, 0.6991344917122716, 0.6981452824668526, 0.6988093184976703, 0.6982398232977668, 0.6972062059039266, 0.6972758008341121, 0.6970812407991698, 0.6973943675054373, 0.6964053660932092, 0.6960967276322383, 0.6955222614175199, 0.69522503397476, 0.6954780045421091, 0.6943237083763898, 0.6943255689249427, 0.6949979412740306, 0.6938443494346629, 0.6938010749416857, 0.6940698418146851, 0.6931598142701979, 0.6931548057942498, 0.692875634910502, 0.693056888495195, 0.6932316446443895, 0.6921933041257936, 0.6925440369169488, 0.6928316688329758, 0.6921324062823544, 0.6925144473928934, 0.6928299060941782, 0.6924170185456815, 0.6922135927604038, 0.6915853580174752, 0.6922598282468186, 0.6920350245926595, 0.6927805177578038, 0.691876429246581, 0.6918431461983151, 0.6916935368017971, 0.6917518254149985, 0.6920478894068108, 0.6917479477565592, 0.6915731766608095, 0.6915223866278951, 0.692196896129043, 0.6920484252317259, 0.6912656883531662, 0.6915358942038013, 0.69114111339336, 0.6914510780338918, 0.6912194892695024, 0.6914369830193892, 0.691200728871809, 0.6922738912126175, 0.6914780138573001, 0.6917375400410419, 0.691137749866814, 0.6910892548702385, 0.6916171321284171, 0.6912232284278044, 0.6913146178793876, 0.6914483974499515, 0.6911686989157001, 0.6913118531894821, 0.6912396648475095, 0.6916065405577064, 0.6912768389106922, 0.6916571912647878, 0.6911490591212973, 0.691056252525619, 0.6912343389887139, 0.6910401749057098, 0.6910943448536997, 0.6911089892744676, 0.691301479733023, 0.6912860758593001, 0.6912349050088878, 0.6911530109293538, 0.691039939739792, 0.6911535298977386, 0.6913998126870724, 0.6911363221382639, 0.6911593328628997, 0.6912000212394903, 0.6912976081693439, 0.6910247859741365, 0.6909273399988294, 0.6909614702574987, 0.6909254969464864, 0.6908350411018476, 0.6907025292483148, 0.6911928670306516, 0.6917524330839337, 0.6906608314469688, 0.6908985473710992, 0.6910809850548376, 0.6911145707320377, 0.6908178767590848, 0.691495711756411, 0.6916223041564864, 0.6914013817997822, 0.6910307069888866, 0.6908422833867306, 0.6907232901834203, 0.691135550345895, 0.6921687932520489, 0.6913213302694774, 0.6911190023942343, 0.6912646524790397, 0.6912911574734114, 0.6911978950920872, 0.690906067630187, 0.6909921128741988, 0.6914165859540847, 0.6908435711100079, 0.6912714672820625, 0.6910420844937607, 0.6908982989840516, 0.6910028723395035, 0.6913585830206175, 0.6911458149614129, 0.6905975995076565, 0.6910111541908365, 0.6912358396430373, 0.6914401513650971, 0.6908954455865042, 0.6911564822213667, 0.6908702383189688, 0.6908095467573401, 0.6903443687805957, 0.6914342341132816, 0.6909635446008571, 0.6908883119981458, 0.6914141237891577, 0.6915749636878374, 0.6909398790889713, 0.6908233061102426, 0.6902963057837558, 0.6913768156489363, 0.691572922692578, 0.6911578998005096, 0.6911711309942722, 0.6909739564992374, 0.6911803026242128, 0.6912257011385301, 0.6911630245195316, 0.6914359855417997, 0.6908628485391397, 0.691410099919991, 0.6911460629696782, 0.6908430392530706, 0.6911407051035217, 0.6914748936581261, 0.6912327367099035, 0.6914187266658047, 0.6910459184454355, 0.6911705342564802, 0.6909056939039402, 0.690448808675757, 0.6906728228291614, 0.690866800591868, 0.6908944186008522, 0.6908795012495675, 0.6912862410999704, 0.6908529072805931, 0.6904436720662276, 0.6909954199930879, 0.6913363465680155, 0.6909066668347148, 0.6908868302979018, 0.6912565676061638, 0.6914965031036175, 0.6910885870840319, 0.691357789061453, 0.691184908829509, 0.6907558946793216, 0.6911702053227058, 0.6909597007152554, 0.6910747576465361, 0.6909984493678205, 0.691441029680966, 0.6909440015830361, 0.6910234080098886, 0.6913627957975125, 0.6912323250481549, 0.6907245079784984, 0.6912681074380471, 0.6913987280032627, 0.6915866012199051, 0.6907925631692314, 0.6906873263975136, 0.6906476785544927, 0.6912063693287139, 0.6912026640576706, 0.6909250060034237, 0.691482771183819, 0.6906614355748866, 0.6913245339025802, 0.6908910910772417, 0.6909153527689442, 0.6904147809130703, 0.6911234927482723, 0.6916435718729625, 0.6913926348881209, 0.6910979608042985, 0.6910248785744341, 0.6910147591053755, 0.6906153254762659, 0.6911162535292352, 0.6910786612647276]",fixed_epoch_budget_completed,No tolerance-based convergence claim; epochs selected by inner validation,1,"[{""category"": ""ConvergenceWarning"", ""message"": ""Stochastic Optimizer: Maximum iterations (250) reached and the optimization hasn't converged yet.""}]",192,6721,0.8832338329957565,mlp__symptoms_diet_labels,4,2,1.0,inner,"{""alpha"": 10.0, ""epochs"": 250, ""hidden_layer_sizes"": [32, 16]}",2683
250,250,3.4041373314980894,0.6903659384137942,0.689832416125782,-0.0003509801447331151,"[3.4041373314980894, 2.6739424969542815, 2.1306777902437677, 1.7431176499774683, 1.4821925691483704, 1.2776583486212025, 1.1271811292094847, 1.0246832781058703, 0.9506778239254322, 0.8930800132318704, 0.8510592085218057, 0.8188799723083812, 0.7940044261228199, 0.7754446471820685, 0.7601171877834169, 0.747778049138342, 0.7375008743501369, 0.7291590476433238, 0.7236065555642461, 0.7187282805896372, 0.7146822881019196, 0.7113952171534597, 0.7089562865230429, 0.7066971255967205, 0.7054739287111328, 0.7032773795261495, 0.7015829792281921, 0.7010238999549256, 0.6994936035084695, 0.698833248896533, 0.6980995586925575, 0.6975201283902913, 0.69674553285362, 0.6961226683260424, 0.6961179703689736, 0.6948645775417965, 0.6953899164185373, 0.6950360333519057, 0.6936680624121709, 0.6935169417048507, 0.6932649486116973, 0.6930181214678944, 0.6931314431178234, 0.6930075320176868, 0.6915720946638745, 0.6928197006455117, 0.6916498149788803, 0.6922018882589405, 0.6916321228635537, 0.6914862715471113, 0.691621372021559, 0.6914449023119994, 0.6916334185043543, 0.6911118323831704, 0.6914178822093596, 0.6913403127008335, 0.6913980171190749, 0.6908527627548611, 0.6914066330150501, 0.691074293414501, 0.6908956637160348, 0.6915715815831395, 0.691175196822265, 0.6905727551112119, 0.6908664181101236, 0.6911460478573, 0.6906200779941359, 0.6909661673252536, 0.6908884608260905, 0.6909681345048593, 0.6912090120313746, 0.6908034743175202, 0.6905794792759269, 0.690898205546195, 0.6906218885827001, 0.6912504114233919, 0.6908308929505029, 0.6910576988495585, 0.6912035555377877, 0.6911483049021369, 0.6902443772818959, 0.6913103933439911, 0.6906281184591173, 0.6908298373526109, 0.6911070284349671, 0.6908860522577301, 0.6916820500713619, 0.6910518630012846, 0.6902351798927899, 0.6910502137433431, 0.6907618015756924, 0.691073435072455, 0.6909316938620262, 0.6905774155017304, 0.6911942765820743, 0.6910138279962699, 0.6910023782613594, 0.69122198978817, 0.6906396915520486, 0.6909006712209097, 0.6910339465461682, 0.6907134655730066, 0.6909047968283842, 0.6903084604310152, 0.6907686007963401, 0.6912252463084059, 0.6905519941699214, 0.6913478722668401, 0.6906095349934224, 0.6910538922052167, 0.6910539795159731, 0.6908769819025972, 0.6908732033529934, 0.6910598891824777, 0.6910360622564569, 0.6907296557248999, 0.6911553754370408, 0.6908733478124452, 0.6904394864435375, 0.6907231078564109, 0.6905784666896108, 0.6903194942615501, 0.6909858450670645, 0.6909516858505763, 0.6910622440239801, 0.6905735406498477, 0.6904788664465992, 0.6908716373047938, 0.6906498837245311, 0.6910939126146626, 0.6905720242328518, 0.6905974378978752, 0.6900059564356081, 0.6911952853031593, 0.6906736798871201, 0.6904242745287017, 0.6904941478888398, 0.6907155292260202, 0.6906535061649506, 0.6907776144843727, 0.6909687773817883, 0.6908919959076671, 0.6909394186239318, 0.6905005135606295, 0.6908190022801616, 0.6909975724843331, 0.6914698417879627, 0.690593130365289, 0.6903727921721459, 0.6905099731788653, 0.690470531859336, 0.6908913540034932, 0.6900435144511361, 0.6907321106492007, 0.6907967432238642, 0.6908320318388822, 0.6911267183216163, 0.6910807871704047, 0.6913690790040837, 0.6906653249228923, 0.6901189054656561, 0.6910325399167357, 0.6904200428802247, 0.6910802935062011, 0.6911378775603987, 0.6909196772381033, 0.6903865689437302, 0.6907775931728681, 0.6909462248915166, 0.6906599238785702, 0.6908509212343975, 0.690694072835893, 0.6907546253906238, 0.6902638558094154, 0.6903482195097699, 0.6903153315269681, 0.6910392033150489, 0.6909285637659383, 0.6907771408750918, 0.6906008607799913, 0.6910761795450212, 0.6910007076916594, 0.6905102475112896, 0.6911342831064026, 0.6903877163066754, 0.6905306384191852, 0.6912723819513749, 0.6902597957433182, 0.6905619877991744, 0.6907706409942607, 0.6909077585739005, 0.6909565552439516, 0.689832416125782, 0.6908705164602575, 0.6906794420392957, 0.6910282240263882, 0.6906914488138444, 0.690964042408765, 0.6908555930875254, 0.6910470142884235, 0.6910605133915546, 0.690918704842608, 0.6907087861690624, 0.6912304623137484, 0.6909769295496828, 0.690747736617664, 0.6902433282319819, 0.690389806478008, 0.6904890148876187, 0.690666258319846, 0.6906839939789509, 0.6909356541168434, 0.690272122626923, 0.6902973615665441, 0.6903448885977943, 0.690821516528787, 0.6908201541414399, 0.6903848109708267, 0.6900656554396952, 0.6906853228771725, 0.6903550923111564, 0.6907282605569381, 0.6908693875019015, 0.6902541256249415, 0.6908416866671436, 0.6908086421155325, 0.6909695486215925, 0.6906053418878825, 0.6903833021058591, 0.6914042519895031, 0.6905735425813406, 0.6908027958245195, 0.690465936675902, 0.6908225999252942, 0.690334817651372, 0.6905355247995454, 0.6908068457311064, 0.6912564590210946, 0.6908269320984041, 0.6907169185585273, 0.6906386628641353, 0.6900599112700829, 0.6904743117182509, 0.6906294939854883, 0.6911944560596961, 0.6909253697643774, 0.6908980513130608, 0.6908440600701774, 0.6904288540047844, 0.6903659384137942]",fixed_epoch_budget_completed,No tolerance-based convergence claim; epochs selected by inner validation,1,"[{""category"": ""ConvergenceWarning"", ""message"": ""Stochastic Optimizer: Maximum iterations (250) reached and the optimization hasn't converged yet.""}]",191,6689,0.9024831249989802,mlp__symptoms_diet_labels,4,2,2.0,inner,"{""alpha"": 10.0, ""epochs"": 250, ""hidden_layer_sizes"": [32, 16]}",2686
250,250,3.4310881235122106,0.7006692457299918,0.7003954051246735,-0.003055521703421271,"[3.4310881235122106, 3.1790214345475674, 17.058629900349615, 2.5154223186111513, 4.459522178768514, 3.159737117186894, 2.128304203010854, 2.3329971886903835, 3.9978379175913985, 2.629169465409957, 6.103758978107934, 1.9941294296649057, 2.2110010552151023, 1.996045863115225, 2.0604798669217166, 2.3424954245766605, 1.9319353362689913, 1.9251686979250489, 2.099306838142401, 2.014821515383961, 1.9017813611590069, 2.0726430851297875, 1.9244259825197967, 2.185819981432432, 1.9039454720099631, 2.084470760470104, 2.3207539248651026, 1.8927569540987126, 2.2051957254650754, 1.9460001108227405, 1.7908065021330162, 1.7817448899611847, 1.7939175930320888, 1.775534577458894, 1.8628020016983966, 2.0432538995510257, 1.8055014280998856, 2.0214221665595833, 2.012561291470471, 1.770286383894843, 1.8233367720316054, 1.6976313885309104, 1.8965857914594835, 1.6742877165708174, 1.803543366321564, 2.4235430577192636, 1.665304582708223, 1.6918475736081369, 2.2394045943991454, 1.7324576289387017, 1.6759447677053196, 1.5327515411411623, 1.6368484354426354, 1.625660504817663, 1.6190258697716098, 1.9172060481792488, 1.5211532942952057, 1.5579559739259021, 2.193289115077123, 1.4492713046340948, 1.5910736791231785, 1.4285409038228032, 1.5377537220388138, 1.497501347169818, 1.3688041744031414, 1.4219360140122723, 1.485311107944684, 1.3844296619504994, 1.476707596297147, 1.355527119339202, 1.3422707321969463, 3.0686968499950593, 1.2788161964938445, 1.4617210979008315, 1.299676173354844, 1.3791076456930973, 1.163414933617155, 1.194862374540689, 1.1464618868304508, 1.243945247288912, 1.1792828810906935, 1.1699016000867324, 1.1304471936867833, 1.1515727005859624, 1.1465168634585559, 1.1155418710170621, 1.165928770700237, 1.1234838840295787, 1.112941254725975, 1.1443035144480032, 1.1189041612909483, 1.1051478113375384, 1.1176082866288177, 1.1103519404044662, 1.126992693612911, 1.184589186784336, 1.075876891643502, 1.0764028415239615, 1.11043620918694, 1.3388869026864416, 1.1817154462657873, 1.0289696619896997, 1.3068169376023617, 1.0687257945069901, 1.0486253048835332, 1.4334920072626043, 1.063945518471956, 0.9345644938539065, 1.818306436792662, 0.8924478487874465, 0.8775013360431919, 0.8707245668021726, 0.8695326019253977, 0.8940606941806583, 0.8732694992906943, 0.9578777329345948, 0.8724407053500384, 0.8548972901970373, 0.9024722218095995, 0.9615300359871402, 1.062588355922018, 0.8388135003003465, 0.828783221563207, 0.8975577702109643, 0.8269153589210455, 0.9089540610682524, 0.8138383711963314, 0.858925104929009, 0.8603531729100105, 0.8285242462718456, 0.8151393136673213, 0.8341039493986854, 0.7951650696225011, 0.8163434232483514, 0.8691403156656234, 0.7953637058434287, 0.7854644029391371, 0.7909507058130892, 0.8722418970667284, 2.5256734377619954, 0.7533036930442891, 0.7477770449610117, 0.7444230633871433, 0.7472729695703253, 0.7409876744201267, 0.7549085617603956, 0.7640996029433907, 0.7599381538193544, 0.7458573242113757, 0.7344346113646286, 0.734749519248651, 0.7505858971140009, 0.7431059281127773, 0.7407297548173268, 0.7335004043906203, 0.8014466266079793, 0.7406496983463497, 0.7328155426480856, 0.7488157571829193, 0.7299705722873329, 0.7567109538781935, 0.7276660919206944, 0.7282790559472203, 0.7301078258609918, 0.7291650217277796, 0.7284542312181229, 0.8274925910404132, 0.7275157881460317, 0.7240673951007585, 0.7274559397856045, 0.7285434116481676, 0.7293024006023006, 0.7290093133222617, 0.7280403725257657, 0.7453978172105753, 0.7248729357540594, 0.7234316292607333, 0.722967306839372, 0.7262833393746573, 0.7236821998438294, 0.7231309410755394, 0.72175719192046, 0.7233883542971686, 0.724041735605534, 0.7387893471240561, 0.7238447729881085, 0.7248192995187799, 0.7204909691402038, 0.7200255794409769, 0.7235743892561839, 0.720315207315198, 0.7218258326949402, 0.7236912169254363, 0.7348975258202342, 0.7192097799933185, 0.7345064319193677, 0.7183627072945228, 0.7229786168928836, 0.7211739226827848, 0.7175119476826934, 0.7281533289684828, 0.7200872673628052, 0.7175658049726356, 0.717423043551369, 0.7252324654710531, 0.7175040011430511, 0.8039663225792344, 0.7137262065679786, 0.7127461850038858, 0.7148367751147519, 0.7222867691689548, 0.717118123118059, 0.7169130861096404, 0.7119287782021353, 0.7765455038847567, 0.7105173764452898, 0.7145108828587361, 0.7095608726514049, 0.7142917951561959, 0.7134060804675361, 0.7068484730145715, 0.7095588465103733, 0.7189096068546046, 0.7104957013034885, 0.7066978651296048, 0.7066357135403336, 0.7077766243011547, 0.7070617282606627, 0.7092882839059552, 0.7146452073102086, 0.7068345444220041, 0.7057078806830279, 0.713939702772382, 0.7054547427774996, 0.7089348535220693, 0.704704706512182, 0.7038472289089034, 0.703020238158301, 0.7063166150475854, 0.7037247674334131, 0.7409222365677489, 0.7044530103275949, 0.7038155042291431, 0.7012280547479024, 0.7016943393261661, 0.7022961921747041, 0.7027645802448831, 0.702877972407682, 0.7003954051246735, 0.7006692457299918]",fixed_epoch_budget_completed,No tolerance-based convergence claim; epochs selected by inner validation,1,"[{""category"": ""ConvergenceWarning"", ""message"": ""Stochastic Optimizer: Maximum iterations (250) reached and the optimization hasn't converged yet.""}]",191,6689,0.9535174169941456,mlp__symptoms_diet_labels,4,2,3.0,inner,"{""alpha"": 10.0, ""epochs"": 250, ""hidden_layer_sizes"": [32, 16]}",2689
100,100,1.2143586857989082,0.30345693742594093,0.3016205716277846,-0.004421908804184249,"[1.2143586857989082, 1.1032141006038023, 1.0268627348787593, 0.9573669866753854, 0.909011305318667, 0.8627154931436888, 0.8306510531501733, 0.7986494488389289, 0.772134155578415, 0.7466488414350346, 0.7242685395063196, 0.7073503990560507, 0.6833421191132519, 0.6649183528080749, 0.6483759464643449, 0.630338162186139, 0.6175568392755556, 0.6029098242196718, 0.5890794432671661, 0.5766374917733066, 0.5565739041503782, 0.5409437590348339, 0.5345058073186343, 0.5152800918751943, 0.503835219882026, 0.48324627704482387, 0.4778496329515612, 0.48069891401736525, 0.4608293522687218, 0.45329163943805767, 0.44193558829720536, 0.44154301028697873, 0.43065023921722817, 0.4196002438571661, 0.41346057543141096, 0.4171926282370145, 0.4047246162393444, 0.39853058103450123, 0.3955837827007181, 0.3893863199165365, 0.3825207608175439, 0.3812977928430595, 0.381657556547325, 0.3777134142587704, 0.36782044758050353, 0.3626300097753639, 0.3605292234161841, 0.3629624063693095, 0.35582110559058405, 0.3560331727157342, 0.35890791867977967, 0.3519863544343319, 0.3543667672116173, 0.3446340932564553, 0.34522295037260986, 0.34430569749334755, 0.3488457174034258, 0.3429190612376424, 0.3350847813112901, 0.3393737916849286, 0.33213846032426675, 0.33526528029457303, 0.33007489323802147, 0.3370631722962981, 0.33223714842718144, 0.32823341819270196, 0.32450694816065434, 0.32458823816794263, 0.3264021636741956, 0.3280037756376635, 0.3249624293903984, 0.31991582358768594, 0.32496360162474736, 0.33995046499778353, 0.3244871567515409, 0.3202566995023484, 0.3193718392131646, 0.31817920420261014, 0.31545763932718524, 0.3104785592653507, 0.3164681006757304, 0.31053273155699485, 0.3118264138117685, 0.3124031007218421, 0.30779951437105246, 0.3115991833873298, 0.3122620075681478, 0.3103222726692003, 0.3128358804308103, 0.3078788462301252, 0.3117850007786203, 0.3148178768380775, 0.30802546589685237, 0.3045087458426854, 0.309259452371402, 0.3141504562760565, 0.30899714235708897, 0.3016205716277846, 0.30450247473196534, 0.30345693742594093]",fixed_epoch_budget_completed,No tolerance-based convergence claim; epochs selected by inner validation,1,"[{""category"": ""ConvergenceWarning"", ""message"": ""Stochastic Optimizer: Maximum iterations (100) reached and the optimization hasn't converged yet.""}]",192,14465,0.525931792006304,mlp__symptoms_diet_labels,4,3,1.0,inner,"{""alpha"": 1.0, ""epochs"": 100, ""hidden_layer_sizes"": [64, 32]}",2683
100,100,1.2056166397789156,0.30341868575187414,0.30341868575187414,-0.0036847418490129624,"[1.2056166397789156, 1.0937626422184152, 1.010946725675868, 0.9443189210469191, 0.8920713814108236, 0.8535147705106145, 0.8152436499966544, 0.782986131391876, 0.7562823272417543, 0.7326925837587088, 0.7175464126818151, 0.6996330732752537, 0.6767169630121435, 0.6549065394296155, 0.6396115301812606, 0.6235785803560193, 0.6066606664512445, 0.5883068352686189, 0.5738044330184227, 0.5603958918336076, 0.5437756440520913, 0.5202884589077389, 0.5159753266753758, 0.5039610780099022, 0.489220630166412, 0.4773943752655017, 0.4648133440925476, 0.4613507355211041, 0.4744246109685124, 0.4415704883234318, 0.43075283301976564, 0.4268366803673401, 0.41512537143367495, 0.4068422238529307, 0.40147501344330494, 0.3960605523006958, 0.39296488010971653, 0.3870032423433598, 0.38850500506998215, 0.3844194736046206, 0.37205837486341514, 0.3723129595564912, 0.364086565921035, 0.35959045953523033, 0.36320574074747874, 0.3585800572516182, 0.3560350430244259, 0.35625303470205893, 0.35066639080487627, 0.34700961964886784, 0.3472054332282663, 0.3496283181185032, 0.35149984410257407, 0.3371680349285103, 0.338745133376589, 0.33539195313259396, 0.3392992138570153, 0.33194651821898996, 0.3293098840966118, 0.3329271422818735, 0.33256520981306503, 0.3244047392264403, 0.32424492010396894, 0.3242548851670201, 0.32396698906568294, 0.32206313865041203, 0.32274896047685087, 0.3205469091125518, 0.33302028270641726, 0.31690667408997936, 0.3193475918751948, 0.3239688358655833, 0.3142367613365977, 0.3145185033376127, 0.3136162549372551, 0.3136772928656758, 0.3162341125464156, 0.3129681022747122, 0.3108699433240407, 0.30975492615142214, 0.31046215805828004, 0.3112681855389408, 0.31092592800278473, 0.3106544977917155, 0.3154152775288296, 0.30850600557142477, 0.3091255297362635, 0.30731189026401434, 0.3067483110771259, 0.3071034276008871, 0.30700465837118474, 0.3048793095120589, 0.3037093827868356, 0.30458493785476953, 0.3081022507181725, 0.3142874090956946, 0.3078406784763513, 0.30412996858026575, 0.30392011225507304, 0.30341868575187414]",fixed_epoch_budget_completed,No tolerance-based convergence claim; epochs selected by inner validation,1,"[{""category"": ""ConvergenceWarning"", ""message"": ""Stochastic Optimizer: Maximum iterations (100) reached and the optimization hasn't converged yet.""}]",191,14401,0.5378835830051685,mlp__symptoms_diet_labels,4,3,2.0,inner,"{""alpha"": 1.0, ""epochs"": 100, ""hidden_layer_sizes"": [64, 32]}",2686
100,100,1.6222799453190655,0.6953781224282575,0.6940403566243569,-0.001549437963980993,"[1.6222799453190655, 1.1315193759236246, 1.0977524735272495, 1.1281524500430846, 1.276988971265039, 1.042852718396085, 1.6951941614273602, 0.9812345860164425, 0.9557462127988929, 0.9980590676650307, 1.0079846242617596, 0.9452436252280115, 0.9373592853931686, 0.9662719311480652, 0.9357578266631712, 0.9279094816132184, 0.9477057412995363, 1.1958329136615231, 0.8961686694776637, 0.8770921337849671, 0.9335349281044681, 0.8707985429397387, 0.86925035817796, 0.933946145219012, 0.8487012701960316, 1.0342608827067767, 0.8354629675773195, 0.8248641251204128, 0.8178732307638678, 0.8201491206325952, 0.83991596410308, 0.8339385139119169, 0.8477567823096152, 0.7936031297365118, 0.7906323359023315, 0.829627841313075, 0.8054195251969757, 0.8133328549614853, 0.7719619018824315, 0.7911408357253125, 0.8320714129482883, 0.762423595502181, 0.7538934920341793, 0.7849253806097218, 0.777213606051827, 0.7442321207728362, 0.7704073520352158, 0.7376021412896658, 0.7351447834542205, 0.8480775455501085, 0.7290555814654487, 0.7292999212109339, 0.7226229657911539, 0.7211220892871181, 0.7235017859667875, 1.5904820781533429, 0.7300036530605016, 0.7156741379543053, 0.7148379806837702, 0.7254917567596174, 0.7092359079584519, 0.7084607860661836, 0.7150767863947136, 0.7254404642521378, 0.7046488227970934, 0.7177548076315589, 0.7056489561303086, 0.7045190702778565, 0.7040571377615681, 0.837678443236837, 0.7058770734418744, 0.7004962631220413, 0.6991649072353122, 0.7001760834796751, 0.6995558593973012, 0.6992167000295169, 0.6999662768973128, 0.6994642135609487, 0.6980113461761336, 0.6996780643186707, 0.6975258586312323, 0.7001314382270766, 0.6990756879085905, 0.6968816447997194, 0.7026495431008136, 0.696431648972237, 0.6955698398943273, 0.6966643909743064, 0.6970052153044725, 0.6969275603922385, 0.695328007484722, 0.6956021702686799, 0.6957829144669828, 0.6959381254233875, 0.695348122442993, 0.6959469580508144, 0.6946614592620733, 0.6943758296222794, 0.6940403566243569, 0.6953781224282575]",fixed_epoch_budget_completed,No tolerance-based convergence claim; epochs selected by inner validation,1,"[{""category"": ""ConvergenceWarning"", ""message"": ""Stochastic Optimizer: Maximum iterations (100) reached and the optimization hasn't converged yet.""}]",191,14401,0.5346230420036591,mlp__symptoms_diet_labels,4,3,3.0,inner,"{""alpha"": 1.0, ""epochs"": 100, ""hidden_layer_sizes"": [64, 32]}",2689
100,100,5.475881069527989,0.6914024964391582,0.6907832376960158,-0.00014226963276064986,"[5.475881069527989, 4.088293319819524, 3.069481574633811, 2.3211431994896454, 1.8250075641364838, 1.4774038512678416, 1.2468450858939404, 1.081184853758667, 0.9670661053020371, 0.8900792806696745, 0.8341414544170793, 0.7979641657208697, 0.7695293922528498, 0.750993706833134, 0.7376624242023402, 0.7284621376837453, 0.7225467925804631, 0.7167414759548503, 0.7124632729677921, 0.7097619833436434, 0.7088769481668156, 0.7054597483964666, 0.7048117025248956, 0.7036315367639226, 0.7031924470139919, 0.7016996493634041, 0.7010823796854619, 0.7005445595368347, 0.6997849866088811, 0.6989411407925066, 0.698778855648912, 0.6983548678226046, 0.6980050519972584, 0.6972758117924761, 0.6967565305035787, 0.6961989042664254, 0.6960891199672231, 0.6958037723643993, 0.6951619842854911, 0.6951410071459447, 0.6946880413329708, 0.6940872049826949, 0.6939913289771272, 0.6937343226441682, 0.6933911210225258, 0.693599948970777, 0.6931277999852515, 0.6933577235890123, 0.6934120774660819, 0.692693048766338, 0.6929378072573742, 0.692474416127802, 0.6926173339682197, 0.6924291458908154, 0.692600802205719, 0.6923260410263385, 0.6918344591459076, 0.6920884503756485, 0.6918700256815322, 0.6921563758396876, 0.6917988196261111, 0.6917636845262336, 0.6922728515799141, 0.6923846853135548, 0.6918961767794836, 0.6924987211027487, 0.6917858047471603, 0.6917314670714445, 0.691378042375323, 0.6914796782198777, 0.6918126254993635, 0.691468646646891, 0.6919853321601436, 0.6914533761680319, 0.6917837512647559, 0.6914628622651215, 0.6909243895221797, 0.6912018892536231, 0.6912522870726648, 0.6916340321089068, 0.6916400596039619, 0.6913619882433044, 0.6916641959238062, 0.6911834146845607, 0.6916573781528736, 0.6916784147170426, 0.6913581211489541, 0.6911072471580898, 0.6913287938791517, 0.6915447660719188, 0.6911154352171437, 0.6909930395974225, 0.6910055068847565, 0.690980623086841, 0.6909972502230065, 0.6911534692037824, 0.6907832376960158, 0.690867940760699, 0.6911682345788548, 0.6914024964391582]",fixed_epoch_budget_completed,No tolerance-based convergence claim; epochs selected by inner validation,1,"[{""category"": ""ConvergenceWarning"", ""message"": ""Stochastic Optimizer: Maximum iterations (100) reached and the optimization hasn't converged yet.""}]",192,14465,0.5035217500044382,mlp__symptoms_diet_labels,4,4,1.0,inner,"{""alpha"": 10.0, ""epochs"": 100, ""hidden_layer_sizes"": [64, 32]}",2683
100,100,5.440001073356149,0.6903656575961655,0.6900681894434795,-0.0005536347317219859,"[5.440001073356149, 4.035084801170176, 3.0060102047610853, 2.277653733189631, 1.7913531087160917, 1.4449905498101556, 1.2118353295678057, 1.0549657868968056, 0.9442460797207348, 0.8752593127567058, 0.8247486270545763, 0.7884042302236868, 0.7629129256249528, 0.7456117785965287, 0.7332448615826459, 0.7252723220243423, 0.7187129326197195, 0.7133984689947922, 0.7095839501066035, 0.7072599321907227, 0.7048118111913866, 0.703003324778256, 0.7014446591273998, 0.7000662924914859, 0.6990466123593763, 0.6978353989804864, 0.6969199723567606, 0.6963593065264657, 0.6952581266359931, 0.6943193218739041, 0.6937798361741025, 0.6934512675441965, 0.6927879939496482, 0.6926704173384004, 0.6927850980407501, 0.6918109936983813, 0.6919747113582754, 0.6911384189850975, 0.6914181740572773, 0.691026374577871, 0.6909550124227458, 0.6913425339040797, 0.691193500635847, 0.6910060897466138, 0.6909150071207643, 0.6908819678105265, 0.6905945223394887, 0.6904235708290477, 0.690435401376353, 0.6907830865425051, 0.6910845618581501, 0.6912815438365707, 0.6903128204408583, 0.691153871325981, 0.690918262662741, 0.6902292427609201, 0.6913364595160401, 0.6907423342021418, 0.690599821253949, 0.6909794731240605, 0.6903441860721695, 0.6906709039413159, 0.6910737665680173, 0.6904907381256475, 0.6906325447340455, 0.6910747883714822, 0.6909011598631288, 0.6906078657113156, 0.69036094539703, 0.6902474456087667, 0.6905859167266784, 0.690747863825172, 0.690361030679248, 0.6910854001472491, 0.691320229976323, 0.6905825420602195, 0.6908950280985534, 0.6900681894434795, 0.6904615718122251, 0.6907806640877413, 0.6909639347704987, 0.6909780622012753, 0.6907049946494409, 0.691100967314869, 0.6913658302532049, 0.6908920229864624, 0.6905918649971613, 0.6910471878172457, 0.6906325140795493, 0.6909192923278875, 0.6909480701541335, 0.6912715959712816, 0.6908315019898742, 0.6910421166316663, 0.6903265263835655, 0.6904477336805421, 0.6905171593258546, 0.6908973266032052, 0.6907658526692214, 0.6903656575961655]",fixed_epoch_budget_completed,No tolerance-based convergence claim; epochs selected by inner validation,1,"[{""category"": ""ConvergenceWarning"", ""message"": ""Stochastic Optimizer: Maximum iterations (100) reached and the optimization hasn't converged yet.""}]",191,14401,0.48652779199619545,mlp__symptoms_diet_labels,4,4,2.0,inner,"{""alpha"": 10.0, ""epochs"": 100, ""hidden_layer_sizes"": [64, 32]}",2686
100,100,8.911800201032134,0.773500695437847,0.7642576107285224,-0.0006641376599312299,"[8.911800201032134, 4.578238613609154, 4.321692748000678, 4.593095613345709, 5.848767380634635, 3.861077546408087, 9.30258112514371, 3.3014176828863078, 3.0817811556202757, 3.438883382795247, 3.5269727161584905, 3.012336344161775, 2.955826868953875, 3.1980748639365664, 2.95414465733613, 2.895657813449276, 3.0768413443300444, 5.110327798705896, 2.611234655889836, 2.4296533110383365, 2.895033529290971, 2.395569867885473, 2.3948062905306524, 2.9092028087355275, 2.2209665559996803, 3.7267472014510195, 2.0694489274717203, 1.9734514191000563, 1.918053928999562, 1.9630824674874148, 2.1170062502534974, 2.069929664999193, 2.178158226941791, 1.7284103247149587, 1.7178891542242105, 2.028099908416303, 1.8309440522699916, 1.884660655294302, 1.5489448978742812, 1.691088991477892, 2.0314611469881902, 1.4361452036113596, 1.3729995869686833, 1.6235047311684694, 1.558809280010242, 1.2819991346568942, 1.4903316723344278, 1.2339970575370365, 1.2205804045538167, 2.0924182109183698, 1.1146234121281877, 1.0761375855782933, 1.032629358845741, 1.036214506291446, 1.0577836987191787, 7.674655266224261, 0.9905462748131703, 0.8554320499622817, 0.8644653559483944, 0.9535174554618621, 0.8346139129702042, 0.8330064173121403, 0.8870427028951174, 0.976066765080089, 0.8164234588311, 0.9189276871850444, 0.8198212648038805, 0.8194268986536368, 0.8138858897634039, 1.8450878238145727, 0.8314119913162248, 0.7939033688733335, 0.7839005638297283, 0.795425666784173, 0.7849364363973657, 0.7842066373968499, 0.7924902937110515, 0.7855350166616751, 0.7770675622178035, 0.7855923224166024, 0.7722098378322667, 0.7969370363729146, 0.7881448372006925, 0.7694233550072621, 0.8136139672792152, 0.7683952808275886, 0.7656338008290717, 0.7754538268796765, 0.7711813702277013, 0.7741648330977783, 0.7649173531923014, 0.7649742514984131, 0.7667470169791671, 0.7673158651356093, 0.7644671494095806, 0.7739498887844931, 0.7642576107285224, 0.7665601960862475, 0.767575096434348, 0.773500695437847]",fixed_epoch_budget_completed,No tolerance-based convergence claim; epochs selected by inner validation,1,"[{""category"": ""ConvergenceWarning"", ""message"": ""Stochastic Optimizer: Maximum iterations (100) reached and the optimization hasn't converged yet.""}]",191,14401,0.5279929580065073,mlp__symptoms_diet_labels,4,4,3.0,inner,"{""alpha"": 10.0, ""epochs"": 100, ""hidden_layer_sizes"": [64, 32]}",2689
250,250,5.475881069527989,0.6902838500521771,0.6901679595312472,-0.0005173411544244777,"[5.475881069527989, 4.088293319819524, 3.069481574633811, 2.3211431994896454, 1.8250075641364838, 1.4774038512678416, 1.2468450858939404, 1.081184853758667, 0.9670661053020371, 0.8900792806696745, 0.8341414544170793, 0.7979641657208697, 0.7695293922528498, 0.750993706833134, 0.7376624242023402, 0.7284621376837453, 0.7225467925804631, 0.7167414759548503, 0.7124632729677921, 0.7097619833436434, 0.7088769481668156, 0.7054597483964666, 0.7048117025248956, 0.7036315367639226, 0.7031924470139919, 0.7016996493634041, 0.7010823796854619, 0.7005445595368347, 0.6997849866088811, 0.6989411407925066, 0.698778855648912, 0.6983548678226046, 0.6980050519972584, 0.6972758117924761, 0.6967565305035787, 0.6961989042664254, 0.6960891199672231, 0.6958037723643993, 0.6951619842854911, 0.6951410071459447, 0.6946880413329708, 0.6940872049826949, 0.6939913289771272, 0.6937343226441682, 0.6933911210225258, 0.693599948970777, 0.6931277999852515, 0.6933577235890123, 0.6934120774660819, 0.692693048766338, 0.6929378072573742, 0.692474416127802, 0.6926173339682197, 0.6924291458908154, 0.692600802205719, 0.6923260410263385, 0.6918344591459076, 0.6920884503756485, 0.6918700256815322, 0.6921563758396876, 0.6917988196261111, 0.6917636845262336, 0.6922728515799141, 0.6923846853135548, 0.6918961767794836, 0.6924987211027487, 0.6917858047471603, 0.6917314670714445, 0.691378042375323, 0.6914796782198777, 0.6918126254993635, 0.691468646646891, 0.6919853321601436, 0.6914533761680319, 0.6917837512647559, 0.6914628622651215, 0.6909243895221797, 0.6912018892536231, 0.6912522870726648, 0.6916340321089068, 0.6916400596039619, 0.6913619882433044, 0.6916641959238062, 0.6911834146845607, 0.6916573781528736, 0.6916784147170426, 0.6913581211489541, 0.6911072471580898, 0.6913287938791517, 0.6915447660719188, 0.6911154352171437, 0.6909930395974225, 0.6910055068847565, 0.690980623086841, 0.6909972502230065, 0.6911534692037824, 0.6907832376960158, 0.690867940760699, 0.6911682345788548, 0.6914024964391582, 0.6912561060257356, 0.6905990601037031, 0.6912392833824644, 0.691224336024624, 0.691377457715354, 0.6914654679360639, 0.6911138549743661, 0.6909923990059672, 0.6913923221209582, 0.6906777058415324, 0.6913695018062619, 0.6910123408916655, 0.6914228065830363, 0.6911599361171438, 0.690972164899045, 0.6916908141075483, 0.6912824158241281, 0.6915391878227065, 0.6909822364403481, 0.6910197403223299, 0.6910715424498948, 0.6909788116821688, 0.691004041152564, 0.6905551091319445, 0.6911609990258086, 0.6908903053581665, 0.6914493166166529, 0.6914801662090726, 0.6908679807465985, 0.6914337426654165, 0.6911977779696726, 0.690927319535256, 0.6914889128779544, 0.6909508663860588, 0.6911944138559252, 0.6908758022068165, 0.691249456254651, 0.6907872075622256, 0.6907303478078829, 0.6911066162710325, 0.6913547708949664, 0.6912877166595283, 0.6910081359766295, 0.6911786618518262, 0.6909730161172465, 0.6912212085985109, 0.6911358156965705, 0.6912214471380209, 0.6911322527274609, 0.6908852588248028, 0.6909240912481431, 0.6911474174672015, 0.6909767404719962, 0.6909880859275652, 0.6911410074190819, 0.6908864706157359, 0.6914568964381503, 0.691399561738712, 0.6909857710021453, 0.6907719974721418, 0.6904332712793434, 0.6907910004719902, 0.6911783170296246, 0.6907635004768957, 0.6915587575072878, 0.6908894255836945, 0.6907612055661779, 0.6911338664235783, 0.6904310204179473, 0.6909603946078893, 0.690952597354312, 0.6910087202267486, 0.6910452948954108, 0.6901679595312472, 0.6909020877151519, 0.6908208182558226, 0.6910411698456748, 0.6911336820011734, 0.691079355000867, 0.6909196841022777, 0.6910543422041246, 0.6910592211984398, 0.6909900923514101, 0.6908616830624968, 0.69137447430107, 0.6911833060274329, 0.6915910683334231, 0.6907720669640061, 0.6910273058300348, 0.6905615954952476, 0.6911211340500744, 0.6911329128487463, 0.6906238703245208, 0.6912167605030215, 0.6904275609287331, 0.6907946084611161, 0.6913844587768422, 0.6908489373248521, 0.6909733148975531, 0.6907138863759199, 0.6911654512099628, 0.6910799790293938, 0.6909853466176235, 0.6911261459786342, 0.6910664508592422, 0.6911341374171532, 0.691374580482501, 0.6909629711600581, 0.6909891493962991, 0.6908465779025057, 0.6908631158296608, 0.6910005220301964, 0.6910630118328158, 0.6910618649100914, 0.6918371779560826, 0.6912702330461256, 0.6913414315769019, 0.6910011823295896, 0.690631378825413, 0.691169981731093, 0.6912123828317053, 0.690864568365391, 0.6903396370110441, 0.6908726450472127, 0.6912938922599191, 0.690819739094467, 0.6908737957041075, 0.6910725187005543, 0.690769741449898, 0.6915175411683875, 0.6908889142639149, 0.6913307406221333, 0.6908626611292317, 0.6910233779945574, 0.6912910662479494, 0.6911396400885631, 0.6907045522782485, 0.6908024746248376, 0.6909476318573985, 0.6908011912066016, 0.6908343279242047, 0.6912400652390867, 0.6913243062134118, 0.691171589314038, 0.6910777699353772, 0.6909933229596786, 0.6907944039653054, 0.6908593951458584, 0.6907663726927061, 0.6902838500521771]",fixed_epoch_budget_completed,No tolerance-based convergence claim; epochs selected by inner validation,1,"[{""category"": ""ConvergenceWarning"", ""message"": ""Stochastic Optimizer: Maximum iterations (250) reached and the optimization hasn't converged yet.""}]",192,14465,1.2127198340022005,mlp__symptoms_diet_labels,4,5,1.0,inner,"{""alpha"": 10.0, ""epochs"": 250, ""hidden_layer_sizes"": [64, 32]}",2683
250,250,5.440001073356149,0.6908305360717542,0.6900681894434795,0.00037421877856280705,"[5.440001073356149, 4.035084801170176, 3.0060102047610853, 2.277653733189631, 1.7913531087160917, 1.4449905498101556, 1.2118353295678057, 1.0549657868968056, 0.9442460797207348, 0.8752593127567058, 0.8247486270545763, 0.7884042302236868, 0.7629129256249528, 0.7456117785965287, 0.7332448615826459, 0.7252723220243423, 0.7187129326197195, 0.7133984689947922, 0.7095839501066035, 0.7072599321907227, 0.7048118111913866, 0.703003324778256, 0.7014446591273998, 0.7000662924914859, 0.6990466123593763, 0.6978353989804864, 0.6969199723567606, 0.6963593065264657, 0.6952581266359931, 0.6943193218739041, 0.6937798361741025, 0.6934512675441965, 0.6927879939496482, 0.6926704173384004, 0.6927850980407501, 0.6918109936983813, 0.6919747113582754, 0.6911384189850975, 0.6914181740572773, 0.691026374577871, 0.6909550124227458, 0.6913425339040797, 0.691193500635847, 0.6910060897466138, 0.6909150071207643, 0.6908819678105265, 0.6905945223394887, 0.6904235708290477, 0.690435401376353, 0.6907830865425051, 0.6910845618581501, 0.6912815438365707, 0.6903128204408583, 0.691153871325981, 0.690918262662741, 0.6902292427609201, 0.6913364595160401, 0.6907423342021418, 0.690599821253949, 0.6909794731240605, 0.6903441860721695, 0.6906709039413159, 0.6910737665680173, 0.6904907381256475, 0.6906325447340455, 0.6910747883714822, 0.6909011598631288, 0.6906078657113156, 0.69036094539703, 0.6902474456087667, 0.6905859167266784, 0.690747863825172, 0.690361030679248, 0.6910854001472491, 0.691320229976323, 0.6905825420602195, 0.6908950280985534, 0.6900681894434795, 0.6904615718122251, 0.6907806640877413, 0.6909639347704987, 0.6909780622012753, 0.6907049946494409, 0.691100967314869, 0.6913658302532049, 0.6908920229864624, 0.6905918649971613, 0.6910471878172457, 0.6906325140795493, 0.6909192923278875, 0.6909480701541335, 0.6912715959712816, 0.6908315019898742, 0.6910421166316663, 0.6903265263835655, 0.6904477336805421, 0.6905171593258546, 0.6908973266032052, 0.6907658526692214, 0.6903656575961655, 0.6904113479270709, 0.6910170786779561, 0.6910722035899034, 0.6908105280192196, 0.6910365335521935, 0.6906841840508575, 0.690586868164951, 0.6910030095675307, 0.6904168886113725, 0.690869140287745, 0.6905781822351796, 0.6904947045316359, 0.690821765349767, 0.6910473025626012, 0.6906465462860993, 0.6908744270330578, 0.6908692887159487, 0.6908162778519026, 0.6909954899671291, 0.6910236303023024, 0.6911887225882092, 0.6904937473134708, 0.6903043022857905, 0.6908924359885014, 0.6906106868847329, 0.6904539864486889, 0.6908244393191714, 0.690754125819738, 0.6903980972585446, 0.6902688681650694, 0.6909237936821266, 0.6913619059032736, 0.690852593757601, 0.6911813967303795, 0.6909525024800928, 0.6906168954547225, 0.6903747676424059, 0.6910074959548942, 0.6908410700867564, 0.6907677878206709, 0.6909030015083814, 0.6908539088405286, 0.6911207010924831, 0.6905059976871787, 0.6909906928986616, 0.6910730452929846, 0.690767938448679, 0.6909120683265998, 0.6909387472400345, 0.6906928934156071, 0.6907847950337365, 0.6903768399565974, 0.6907682544921563, 0.6910187801708536, 0.6905021318630793, 0.6907690134666475, 0.6907439317821582, 0.691240791819775, 0.6911496366045808, 0.6907288310239881, 0.6907230069676675, 0.6906605081119633, 0.6908658061342837, 0.6908937459876057, 0.6911672142029341, 0.6912302590319921, 0.6908715025615321, 0.6905992473325832, 0.6907989118526872, 0.6906249642630445, 0.6908615932434703, 0.6910119217191437, 0.6905717836226075, 0.6914690535714252, 0.6909262667586826, 0.6909986718448398, 0.6906556693298679, 0.6908195590875301, 0.6912078980089782, 0.6907862533986344, 0.6904035040225365, 0.6912011755454068, 0.690799830512846, 0.6903922213372563, 0.6904391833776482, 0.6906278029130337, 0.6901677729537029, 0.6907086539352312, 0.6913349522014907, 0.6905471068257432, 0.6911616884469657, 0.6904472125540025, 0.690911121469077, 0.6902793569962604, 0.6902616871532684, 0.6904668933741652, 0.6907192058134685, 0.6913081589785401, 0.6907661966550721, 0.6909447303677114, 0.6909370008454834, 0.6905711676952182, 0.6914322859593907, 0.6906824836331988, 0.6902727035948335, 0.6908779848267675, 0.6908371987176698, 0.6909819916761099, 0.690625796583174, 0.6909150839626782, 0.6904019846821775, 0.6910569076688685, 0.6907352080983158, 0.6908588454299648, 0.6913790540147322, 0.6907785614764159, 0.691034832335876, 0.6912051615928707, 0.6905684062225285, 0.6909067019668461, 0.6909256314172315, 0.6910773003592996, 0.6910751096640799, 0.6909136905045088, 0.6906431112248189, 0.6908057465967716, 0.6904701857504476, 0.6908613122184173, 0.6913505222000251, 0.6907464271256649, 0.6908804469434201, 0.6906921548364376, 0.6911490037409218, 0.6903578978617015, 0.6910977177282148, 0.6907615462539206, 0.6906848016830993, 0.6908866821220919, 0.6911600554337, 0.6904563172931913, 0.690648114524246, 0.6908415682672681, 0.6905558356624395, 0.690707829645986, 0.6908143835595335, 0.6908150610976737, 0.6910979321877181, 0.6909307019698484, 0.6905989022599703, 0.6908305360717542]",fixed_epoch_budget_completed,No tolerance-based convergence claim; epochs selected by inner validation,1,"[{""category"": ""ConvergenceWarning"", ""message"": ""Stochastic Optimizer: Maximum iterations (250) reached and the optimization hasn't converged yet.""}]",191,14401,1.1916489159993944,mlp__symptoms_diet_labels,4,5,2.0,inner,"{""alpha"": 10.0, ""epochs"": 250, ""hidden_layer_sizes"": [64, 32]}",2686
250,250,8.911800201032134,0.6931627579947387,0.6912631324769867,-0.0029036758429257237,"[8.911800201032134, 4.578238613609154, 4.321692748000678, 4.593095613345709, 5.848767380634635, 3.861077546408087, 9.30258112514371, 3.3014176828863078, 3.0817811556202757, 3.438883382795247, 3.5269727161584905, 3.012336344161775, 2.955826868953875, 3.1980748639365664, 2.95414465733613, 2.895657813449276, 3.0768413443300444, 5.110327798705896, 2.611234655889836, 2.4296533110383365, 2.895033529290971, 2.395569867885473, 2.3948062905306524, 2.9092028087355275, 2.2209665559996803, 3.7267472014510195, 2.0694489274717203, 1.9734514191000563, 1.918053928999562, 1.9630824674874148, 2.1170062502534974, 2.069929664999193, 2.178158226941791, 1.7284103247149587, 1.7178891542242105, 2.028099908416303, 1.8309440522699916, 1.884660655294302, 1.5489448978742812, 1.691088991477892, 2.0314611469881902, 1.4361452036113596, 1.3729995869686833, 1.6235047311684694, 1.558809280010242, 1.2819991346568942, 1.4903316723344278, 1.2339970575370365, 1.2205804045538167, 2.0924182109183698, 1.1146234121281877, 1.0761375855782933, 1.032629358845741, 1.036214506291446, 1.0577836987191787, 7.674655266224261, 0.9905462748131703, 0.8554320499622817, 0.8644653559483944, 0.9535174554618621, 0.8346139129702042, 0.8330064173121403, 0.8870427028951174, 0.976066765080089, 0.8164234588311, 0.9189276871850444, 0.8198212648038805, 0.8194268986536368, 0.8138858897634039, 1.8450878238145727, 0.8314119913162248, 0.7939033688733335, 0.7839005638297283, 0.795425666784173, 0.7849364363973657, 0.7842066373968499, 0.7924902937110515, 0.7855350166616751, 0.7770675622178035, 0.7855923224166024, 0.7722098378322667, 0.7969370363729146, 0.7881448372006925, 0.7694233550072621, 0.8136139672792152, 0.7683952808275886, 0.7656338008290717, 0.7754538268796765, 0.7711813702277013, 0.7741648330977783, 0.7649173531923014, 0.7649742514984131, 0.7667470169791671, 0.7673158651356093, 0.7644671494095806, 0.7739498887844931, 0.7642576107285224, 0.7665601960862475, 0.767575096434348, 0.773500695437847, 0.773702991806689, 0.811321316952582, 0.762808822980835, 0.7658016572072426, 0.7592501958828295, 0.7618423964597886, 0.7591374963659976, 0.7790252948252041, 0.7605202661838315, 0.7597017314821005, 0.7573792517328749, 0.7608195049806001, 0.7848825959436313, 0.7591857153043698, 0.7683009838089911, 0.7567824008984206, 0.7582139857383938, 0.7581911220771089, 0.7560795837533717, 0.82612597594855, 0.7549306742969557, 0.7579768066560074, 0.7526869277233917, 0.7510705788812798, 0.7533326837080332, 0.7728860306679456, 0.7583093545373704, 0.7561418983461264, 0.7546856803585492, 0.7775487016485041, 0.7500115313980563, 0.7523304595056705, 0.7620224111270082, 0.745101231712163, 0.7626152754535136, 0.7449394114502713, 0.742745174144644, 0.7464813920556393, 0.7421014157722016, 0.7475493437156947, 0.8520583967618622, 0.7455112169417539, 0.7359926204459609, 0.7825474319758655, 0.7341967992442591, 0.7871008726384751, 0.7331109448982001, 0.7927541608126837, 0.7549351149421328, 0.731480984264802, 0.7266599175773409, 0.7261680017875283, 0.7263280211513555, 0.7352024020113925, 0.7230019831134421, 0.7615867177123123, 0.7207065329415854, 0.7180719919039347, 0.7203153584677143, 0.718214413357344, 0.7211843644506664, 0.7191773202392635, 0.7459977803440966, 0.7340249737536312, 0.7161027643191709, 0.7188522561393238, 0.7222631561799866, 0.7159954390975543, 0.7138860431586055, 0.7142662708562336, 0.7190272927047558, 0.7126704069564016, 0.7158800507761788, 0.7124996204602051, 0.7129953378586495, 0.7121833252599581, 0.7128576025345799, 0.7126404611354712, 0.7127689641784757, 0.715747801780438, 0.7149854300380192, 0.7118002150641274, 0.7148740192519155, 0.7118904234479582, 0.7128582078297654, 0.7116132182651186, 0.7103161579655835, 0.7106571818479569, 0.70989910970675, 0.7379094850573266, 0.7168683325464767, 0.7079914816517031, 0.7162708449298454, 0.7093187498636083, 0.706178287671254, 0.7109013078194593, 0.7056024711079711, 0.7082876745057208, 0.7050259024776243, 0.7176747106023601, 0.7111927558678626, 0.7053824721066435, 0.702439249434336, 0.703928411498132, 0.715944578431229, 0.7027905205206723, 0.7026363288787516, 0.7081602764345566, 0.7046800578835062, 0.9508908223877457, 0.6997136399031121, 0.729014975967949, 0.7056670814126811, 0.6954821130385876, 0.6951999797605304, 0.6953835705093089, 0.6952908112697278, 0.6930006625843728, 0.6942270009271571, 0.6982881565177004, 0.6922547135615067, 0.6928948597354624, 0.6927515150455555, 0.6927323884236948, 0.6925223838539656, 0.694017571499642, 0.6927154517700906, 0.6921579237284231, 0.6934433659802379, 0.6917626750815491, 0.6934894595770205, 0.6927035135316267, 0.6921802643685722, 0.6956738003487292, 0.6927701443472893, 0.6931393109603502, 0.6922343064878688, 0.6916914516524134, 0.7033058266832332, 0.6960664338376644, 0.6915790413491785, 0.6919109046770131, 0.6912631324769867, 0.6914667778938084, 0.6927304609881624, 0.6928281970261332, 0.6929387878677357, 0.6921966497241141, 0.6922956431404796, 0.6931627579947387]",fixed_epoch_budget_completed,No tolerance-based convergence claim; epochs selected by inner validation,1,"[{""category"": ""ConvergenceWarning"", ""message"": ""Stochastic Optimizer: Maximum iterations (250) reached and the optimization hasn't converged yet.""}]",191,14401,1.2564218329935102,mlp__symptoms_diet_labels,4,5,3.0,inner,"{""alpha"": 10.0, ""epochs"": 250, ""hidden_layer_sizes"": [64, 32]}",2689
100,100,3.2849628815266696,0.6905152636200894,0.689537665973037,0.00028031731296684903,"[3.2849628815266696, 2.301837433412341, 1.6984280438992776, 1.338587271568674, 1.1115344819199227, 0.973037954402551, 0.8884607894144694, 0.8294203962248214, 0.792337333172127, 0.7665236714238693, 0.7486023013112086, 0.7340545833264033, 0.7244787642905419, 0.7178357993593183, 0.7135539871596162, 0.7094516652251542, 0.7059549803644711, 0.7039032476333017, 0.7018453736164206, 0.7004139525861042, 0.6990845309689876, 0.6985270623830999, 0.6969854518677676, 0.6963189407755646, 0.6959365632979316, 0.6950048297540187, 0.6947339983619502, 0.6939449105497362, 0.6933554444158001, 0.6924591465076214, 0.6926120029129496, 0.6919536160307835, 0.6919990344809757, 0.6918801197067268, 0.691306104498887, 0.6913425875018467, 0.6910008077696732, 0.6910314306483434, 0.6903534632383678, 0.6909400199338737, 0.6908248395038581, 0.6904405803434597, 0.6906630176425053, 0.6909486433254693, 0.6903891836989706, 0.6904651585817403, 0.6901939113656189, 0.69011748045368, 0.6902536131098275, 0.6901818921999444, 0.6910265747582865, 0.6905465809865703, 0.6902990512619949, 0.6899221012045245, 0.6901607833836176, 0.6907563993239186, 0.6898413745466281, 0.6901853315939689, 0.6899891997027217, 0.6901542883865485, 0.6899699104518555, 0.6897363856793846, 0.6905305447242638, 0.6906466795342868, 0.6900466263851938, 0.6904713333913844, 0.6897712219473789, 0.689808429355309, 0.6901275712996237, 0.6900850990306556, 0.6905121573548045, 0.6899384778044628, 0.6900006080820485, 0.6903337512040298, 0.6901929740228614, 0.6901737287331831, 0.6899352627776473, 0.6903704283806781, 0.6902248564431281, 0.6903622753967537, 0.6899303307971031, 0.6898530379052458, 0.6904053451684422, 0.689537665973037, 0.6899756354799376, 0.6901659345207982, 0.6900446706028708, 0.6900342961321305, 0.690181249643998, 0.6902349463071226, 0.690317308399367, 0.6903286733949117, 0.6898897206280817, 0.6896406556212255, 0.6901977013168642, 0.689673710490466, 0.6899152509869093, 0.6900020721736413, 0.6906440432182058, 0.6905152636200894]",fixed_epoch_budget_completed,No tolerance-based convergence claim; epochs selected by inner validation,1,"[{""category"": ""ConvergenceWarning"", ""message"": ""Stochastic Optimizer: Maximum iterations (100) reached and the optimization hasn't converged yet.""}]",192,6721,0.5656167080014711,mlp__symptoms_diet_labels,4,1,,outer,"{""alpha"": 10.0, ""epochs"": 100, ""hidden_layer_sizes"": [32, 16]}",4029
100,100,1.0783027988565903,0.6946557699707921,0.689284653948755,-0.02354509233754598,"[1.0783027988565903, 0.9747339659326756, 0.921674252591428, 0.9967528584870102, 1.116505666738132, 0.9030632012223145, 0.8385543995192998, 0.8310149446487839, 1.0283335940268061, 0.827238003892743, 0.8202237039828052, 0.8041027330295788, 0.817798009090186, 0.7967812689739009, 0.7947101009843757, 0.8109894046670731, 0.7925475732978607, 0.7895020769355654, 0.7914037119865197, 0.8102961725374338, 0.8505735619150795, 0.7751745691521078, 0.7826129498360122, 0.7777132076648365, 0.7668393861273298, 0.7980585738162498, 0.7707841371663103, 0.7567723171919235, 0.7568261588333269, 0.750810673143267, 0.7484415187890257, 0.773486093330964, 0.8697703191723806, 0.778780452688954, 0.7371987498433947, 0.7310127252531018, 0.7297182918449547, 0.7255276961013717, 0.7311915330814682, 0.7642764313404171, 0.723849115049785, 0.7194345158937605, 0.7384895535362554, 0.827139223686561, 0.7221871464211088, 0.7161818049342045, 0.7157624239862737, 0.7153137831800847, 0.7125086055997911, 0.7398162511099013, 0.7083883807280437, 0.7232939622396206, 0.7056889298533826, 0.7058473479782165, 0.7025538191806993, 0.7060459031455648, 0.7070047835685849, 0.7276346799862511, 0.7035745957908123, 0.7026165016691703, 0.7033551361754934, 0.7024903554640713, 0.7000755231219171, 0.6993454537969722, 0.6999904447602902, 0.6981868727583503, 0.7002027687808452, 0.6974697340116212, 0.6991274400318949, 0.6964405154388766, 0.6965816123784154, 0.6948850927572006, 0.6948421238760717, 0.6929548131713135, 0.6997646249789184, 0.69528797838255, 0.6945213533836689, 0.6942874155018621, 0.6944011490186549, 0.6921565141817267, 0.6926344052862495, 0.6911325690392709, 0.690118418417616, 0.6909982440451052, 0.689301909465797, 0.6928909366581548, 0.689284653948755, 0.6899597486792628, 0.6895690265213231, 0.7182008623083381, 0.6980432302874299, 0.7008326332296636, 0.6993440209389756, 0.6966840102188063, 0.6962372724340051, 0.6949754546484666, 0.6965489492212598, 0.6943220647318785, 0.6938929137055535, 0.6946557699707921]",fixed_epoch_budget_completed,No tolerance-based convergence claim; epochs selected by inner validation,1,"[{""category"": ""ConvergenceWarning"", ""message"": ""Stochastic Optimizer: Maximum iterations (100) reached and the optimization hasn't converged yet.""}]",192,6721,0.3679693340018275,mlp__symptoms_diet_labels,5,0,1.0,inner,"{""alpha"": 1.0, ""epochs"": 100, ""hidden_layer_sizes"": [32, 16]}",2689
100,100,1.03735109490969,0.32016166249232175,0.3167569420632029,-0.0037515535450129422,"[1.03735109490969, 0.9529816778475919, 0.8981405374067152, 0.8564616828358969, 0.8236449852945088, 0.7995418621218442, 0.774929254265563, 0.7570621567754662, 0.7369102695156549, 0.7225788826542648, 0.7068101015868357, 0.6989048258578843, 0.6878994121304327, 0.6740367248144108, 0.6644577081382586, 0.6547685132241632, 0.6443457565947627, 0.6394038893395212, 0.6250888843105689, 0.6141964453176663, 0.6069854426589215, 0.6009359359028114, 0.5896786988149194, 0.5784174191817165, 0.5678592538216574, 0.5544101689743124, 0.5477735797098933, 0.5313624514697347, 0.5208560988360375, 0.5129385319067173, 0.5056717095010249, 0.49826310226189297, 0.48721747805193183, 0.4748836248854717, 0.4688423678081668, 0.4515837309708196, 0.4507949735002765, 0.4384204943150247, 0.43500302942607066, 0.4325090653621277, 0.41919326351828295, 0.4186491803285644, 0.4102411211889944, 0.4046901729336424, 0.39817359282353343, 0.3952375219033556, 0.3894884703410731, 0.3891007303595793, 0.38156154680155374, 0.3792628784392846, 0.3766817653832362, 0.37249315059822674, 0.37255786956657133, 0.3688490439255033, 0.3692342608288155, 0.3631959969508729, 0.3640987684303031, 0.3664523472778677, 0.3605289909893, 0.3631832932934661, 0.35497622437721094, 0.34925525363514304, 0.3483370311175372, 0.35076735827166095, 0.34498549983120713, 0.3493365597966508, 0.34333513976646657, 0.34462674950201627, 0.3443815338127888, 0.3429813460565979, 0.3402368816574517, 0.3408379285920645, 0.3402681999196373, 0.3398614481227712, 0.3369837061340746, 0.33519079415333086, 0.3325879569416603, 0.3365486819539722, 0.33250279119312753, 0.33452241556005335, 0.3306187080373129, 0.33047605042097594, 0.3279795803557915, 0.33209098930643954, 0.3298061458898834, 0.3304500888187872, 0.3258594686746949, 0.326555250930593, 0.3222100242018871, 0.3239132160373347, 0.3216560493792217, 0.32252271689006046, 0.3231868033183618, 0.32549856390662013, 0.3201938943849553, 0.32075571962875615, 0.3167569420632029, 0.31866207348210457, 0.32044795692216943, 0.32016166249232175]",fixed_epoch_budget_completed,No tolerance-based convergence claim; epochs selected by inner validation,1,"[{""category"": ""ConvergenceWarning"", ""message"": ""Stochastic Optimizer: Maximum iterations (100) reached and the optimization hasn't converged yet.""}]",191,6689,0.37954458300373517,mlp__symptoms_diet_labels,5,0,2.0,inner,"{""alpha"": 1.0, ""epochs"": 100, ""hidden_layer_sizes"": [32, 16]}",2684
100,100,0.9956430295604682,0.7044481364098922,0.6894177893626247,0.011890600218724567,"[0.9956430295604682, 1.5630781043287807, 0.9110316401023176, 1.169041978746826, 0.8796054358993636, 0.8768762436408912, 0.9679829478594023, 1.0277455235931732, 1.0987929126432159, 0.9599979174543616, 0.8727418627883997, 0.8856723992333873, 0.8626954797967695, 0.9595630230078346, 0.8463540265754214, 0.8389514877017797, 0.955411934345172, 0.8304443450053283, 0.8074982651184076, 0.8724696355062246, 0.7987799041642272, 0.8031185232825357, 0.8008886931670499, 0.8174733715714312, 0.783057129214521, 0.7858922530519151, 0.8089548122227895, 0.7822405265995468, 0.7796410083642679, 0.7725462280815552, 0.822519715600871, 0.7847525174495567, 0.7644606115212138, 0.7676131413751339, 0.7613268654349297, 0.7620088931165233, 0.8536575231592274, 0.7562315850913821, 0.7571354578609995, 0.7573492218432328, 0.7637448614465087, 0.7688744895164902, 0.7498532600631762, 0.7462730859239596, 0.8022488551175624, 0.7755020957783553, 0.7420854477512886, 0.8079613426983778, 0.7445415004575922, 0.7354873607857227, 0.7314200839460754, 0.7386494056560987, 0.7404788159519177, 0.7356983413196712, 0.7277378678047834, 0.7892064729977203, 0.734366966121026, 0.7211357795035398, 0.7264870117695241, 0.7172181410932565, 0.7157031593176849, 0.7192465569749441, 0.7177038975475514, 0.744783096622787, 0.7139183747351049, 0.7152134870505036, 0.7141343274643754, 0.7111711333700959, 0.7092232424239784, 0.7054172401376309, 0.7038407863925765, 0.7067012932086394, 0.7073265512277884, 0.7071357134419632, 0.7008219012566507, 0.7037471988394611, 0.6989968663421335, 0.6990672468118191, 0.6978504715839692, 0.6987299018918797, 0.6975232961453108, 0.6952288591356228, 0.7005042609982693, 0.6976831281593487, 0.6962948235467628, 0.6939541141494652, 0.6972020199461558, 0.6963330185393296, 0.6928449677752442, 0.6925575361911677, 0.6934197302212657, 0.6947699473704017, 0.690670412585404, 0.6894177893626247, 0.7034012845303663, 0.6901903248551026, 0.6942344135272788, 0.6931858517197654, 0.8630083090345658, 0.7044481364098922]",fixed_epoch_budget_completed,No tolerance-based convergence claim; epochs selected by inner validation,1,"[{""category"": ""ConvergenceWarning"", ""message"": ""Stochastic Optimizer: Maximum iterations (100) reached and the optimization hasn't converged yet.""}]",192,6721,0.37953258299967274,mlp__symptoms_diet_labels,5,0,3.0,inner,"{""alpha"": 1.0, ""epochs"": 100, ""hidden_layer_sizes"": [32, 16]}",2689
100,100,3.688624110800103,0.7746976513976025,0.767382238713666,-0.24108539431719778,"[3.688624110800103, 3.1799695195161126, 2.760840436958052, 3.412643010227791, 4.396150750853633, 2.5583805843894183, 2.0253426880203613, 1.9761093319595417, 3.6185266029907277, 1.9264913344616588, 1.8493969167451298, 1.7380322357285634, 1.8643631637218918, 1.6951478570255598, 1.6893532872315855, 1.8259636288471814, 1.677400002599645, 1.6616133516177296, 1.6886536048604381, 1.8434288330069444, 2.1732077984294134, 1.5363253896958495, 1.5780066868882454, 1.5533413951584107, 1.4731755078804238, 1.7291640759243327, 1.5013884008287826, 1.3761689585840984, 1.4072029673605524, 1.358605151401733, 1.3560220784586556, 1.5695512376986096, 2.323735704225153, 1.4815702748030475, 1.129123751931765, 1.1178671390844788, 1.124045479799668, 1.104242539112867, 1.1536699962822947, 1.4113441454053473, 1.0515440523361723, 1.0270825068577656, 1.19637806540617, 1.897793552194485, 0.959881935073595, 0.9237484408328438, 0.9403072947217033, 0.9569609280467858, 0.9384674169978049, 1.1649114551290212, 0.8959985385251297, 0.9965544987118948, 0.8710822827075656, 0.8799413695797388, 0.8643622099858946, 0.8973704231346167, 0.9074521103828015, 1.069128839552476, 0.8562525484308993, 0.8374950613181239, 0.859278066929635, 0.8564720427045233, 0.8367617600192633, 0.8345000402278461, 0.8408558369706878, 0.8365424521627524, 0.8514015482228943, 0.8317497333045499, 0.8526574185666291, 0.8319891164932418, 0.8386140836653105, 0.8240220666807442, 0.821579236614895, 0.8177494840721061, 0.8698374109097838, 0.8196638113587554, 0.813843286871205, 0.8208748197286936, 0.8249625422611847, 0.8072071293024545, 0.8067708212276664, 0.8086090331632642, 0.804588761853912, 0.8116096966727044, 0.8034793484678195, 0.8333245118281789, 0.8075046626398008, 0.7982333239802736, 0.7975404454919852, 1.0157830457148003, 0.7874187946230279, 0.7855821849579253, 0.7895148442833753, 0.7793371384672663, 0.7781981123759354, 0.7752487763752547, 0.7913675132600663, 0.770931188957256, 0.767382238713666, 0.7746976513976025]",fixed_epoch_budget_completed,No tolerance-based convergence claim; epochs selected by inner validation,1,"[{""category"": ""ConvergenceWarning"", ""message"": ""Stochastic Optimizer: Maximum iterations (100) reached and the optimization hasn't converged yet.""}]",192,6721,0.3721222919994034,mlp__symptoms_diet_labels,5,1,1.0,inner,"{""alpha"": 10.0, ""epochs"": 100, ""hidden_layer_sizes"": [32, 16]}",2689
100,100,3.492408462100037,0.6934224640789497,0.6934224640789497,-0.0015054294085052877,"[3.492408462100037, 2.785446967546395, 2.237728122415383, 1.840344656962986, 1.5528698870665683, 1.3554762199844044, 1.197399898539136, 1.0862040591457025, 0.9994502425087125, 0.9399321754514857, 0.8923253889744828, 0.8599954867930316, 0.8290723277354558, 0.805711499534286, 0.7879868237856887, 0.7734762450817136, 0.7623550083883516, 0.753928571375999, 0.7448305897274233, 0.738917472903394, 0.733913586013976, 0.7310213431042915, 0.7257905343912616, 0.7229780194068811, 0.7214806453469893, 0.7193429872014905, 0.7173636426735399, 0.7162857223666036, 0.7142009571274264, 0.7131325963815256, 0.7125875429059909, 0.7127647700155487, 0.7113221446506504, 0.7113278627229285, 0.7102851450496711, 0.7073036184975421, 0.7094848422753638, 0.7071815306875627, 0.7075385652172134, 0.7075640896837817, 0.7061323683408666, 0.7053881091087146, 0.7054917849027038, 0.7053121737046598, 0.7042966254763774, 0.7047179392170495, 0.7039106928686182, 0.70369276032315, 0.7038550481861476, 0.7036285568557455, 0.7032034402408098, 0.70375186117432, 0.7023525962790053, 0.7022945916131146, 0.7020322698496039, 0.7020119518157034, 0.7015948833836834, 0.7015502726882932, 0.7006915379619991, 0.7017969616345221, 0.7011434300899384, 0.7002546056757509, 0.7004390187864609, 0.6992260481073673, 0.6995673848562363, 0.6997422926626559, 0.6992665736625318, 0.6987260303902582, 0.6990904854905465, 0.6989490593092879, 0.6984911362919707, 0.6979954177920152, 0.6978121469814464, 0.6975143402160134, 0.697943950667318, 0.6977504327015995, 0.6972213917370135, 0.6972661195003744, 0.6966609893529412, 0.696210789906163, 0.6962066867216654, 0.6966614078111004, 0.6964901761891569, 0.695544030101601, 0.6956435453390287, 0.6955961766589525, 0.695409341274965, 0.6951064100493868, 0.6952275630916508, 0.694927893487455, 0.6945921657896816, 0.6944880314891506, 0.6940261106203899, 0.694660094271, 0.6944188301578283, 0.6940387519522576, 0.6940536717129575, 0.6935054340856098, 0.6936948275243701, 0.6934224640789497]",fixed_epoch_budget_completed,No tolerance-based convergence claim; epochs selected by inner validation,1,"[{""category"": ""ConvergenceWarning"", ""message"": ""Stochastic Optimizer: Maximum iterations (100) reached and the optimization hasn't converged yet.""}]",191,6689,0.35624279199691955,mlp__symptoms_diet_labels,5,1,2.0,inner,"{""alpha"": 10.0, ""epochs"": 100, ""hidden_layer_sizes"": [32, 16]}",2684
100,100,3.5425686118469986,0.8187526669471064,0.8187526669471064,-0.07774125700107315,"[3.5425686118469986, 8.298658074662582, 2.773668203819409, 4.960821404367882, 2.4879227013793517, 2.4652963483655546, 3.2406702823643845, 3.7369922584732183, 4.3298820766501604, 3.136701365682995, 2.402010947731554, 2.501632631644222, 2.3131850202131305, 3.1248265066559777, 2.164488627065948, 2.092178091557736, 3.076837715003466, 2.0071475059758517, 1.8162508914737596, 2.362768421181224, 1.738251003129061, 1.7785885257751417, 1.7607618223521249, 1.9023641221538217, 1.6147665701333185, 1.6467022946840708, 1.8479776566027568, 1.6276096854016082, 1.608366401357523, 1.5492661040056555, 1.9741316043251156, 1.6489670077720828, 1.4754304049652989, 1.5062166742350542, 1.4630154266267872, 1.4765828870803994, 2.2501733620206976, 1.4126688544872787, 1.4030820153547128, 1.4078747870525024, 1.460383489862407, 1.5129986194650817, 1.3532707157480386, 1.32323395446471, 1.7892602262344408, 1.5586505032158893, 1.2578182614350284, 1.8041169981978988, 1.2560559268747835, 1.181866998624733, 1.1516887181601843, 1.2154365029701566, 1.2336096980339624, 1.2007359184161173, 1.1332837177103252, 1.6441879975885738, 1.160410141967442, 1.0338016187796804, 1.0881736080592135, 1.015481537149319, 1.0103875127330848, 1.0464651463052728, 1.0356760121923678, 1.2676331659303635, 0.9944269002536007, 1.0094228605433575, 1.0002076729521592, 0.98848629021376, 0.9852650736431011, 0.9606966594497991, 0.9535241977935374, 0.9824105807642204, 0.9815296269828921, 0.9775677631602476, 0.9361754516528269, 0.9686446493467118, 0.9316909126827942, 0.939415982737771, 0.9310527349007343, 0.9479766209354967, 0.9358106744839981, 0.9175704507136246, 0.9641231721883536, 0.9348600710203856, 0.9236943629898058, 0.9045324340295566, 0.9445162884354185, 0.9355508328262105, 0.9017851989513115, 0.8964939239481795, 0.9073321812770092, 0.9204885640079146, 0.8847419477026995, 0.8754068140832136, 0.9866005541610479, 0.8632928720202424, 0.8775106337127989, 0.8716096370840469, 2.272674596550267, 0.8187526669471064]",fixed_epoch_budget_completed,No tolerance-based convergence claim; epochs selected by inner validation,1,"[{""category"": ""ConvergenceWarning"", ""message"": ""Stochastic Optimizer: Maximum iterations (100) reached and the optimization hasn't converged yet.""}]",192,6721,0.3824175830013701,mlp__symptoms_diet_labels,5,1,3.0,inner,"{""alpha"": 10.0, ""epochs"": 100, ""hidden_layer_sizes"": [32, 16]}",2689
250,250,3.688624110800103,0.6906408679481838,0.6899703239034397,0.0006705440447440925,"[3.688624110800103, 3.1799695195161126, 2.760840436958052, 3.412643010227791, 4.396150750853633, 2.5583805843894183, 2.0253426880203613, 1.9761093319595417, 3.6185266029907277, 1.9264913344616588, 1.8493969167451298, 1.7380322357285634, 1.8643631637218918, 1.6951478570255598, 1.6893532872315855, 1.8259636288471814, 1.677400002599645, 1.6616133516177296, 1.6886536048604381, 1.8434288330069444, 2.1732077984294134, 1.5363253896958495, 1.5780066868882454, 1.5533413951584107, 1.4731755078804238, 1.7291640759243327, 1.5013884008287826, 1.3761689585840984, 1.4072029673605524, 1.358605151401733, 1.3560220784586556, 1.5695512376986096, 2.323735704225153, 1.4815702748030475, 1.129123751931765, 1.1178671390844788, 1.124045479799668, 1.104242539112867, 1.1536699962822947, 1.4113441454053473, 1.0515440523361723, 1.0270825068577656, 1.19637806540617, 1.897793552194485, 0.959881935073595, 0.9237484408328438, 0.9403072947217033, 0.9569609280467858, 0.9384674169978049, 1.1649114551290212, 0.8959985385251297, 0.9965544987118948, 0.8710822827075656, 0.8799413695797388, 0.8643622099858946, 0.8973704231346167, 0.9074521103828015, 1.069128839552476, 0.8562525484308993, 0.8374950613181239, 0.859278066929635, 0.8564720427045233, 0.8367617600192633, 0.8345000402278461, 0.8408558369706878, 0.8365424521627524, 0.8514015482228943, 0.8317497333045499, 0.8526574185666291, 0.8319891164932418, 0.8386140836653105, 0.8240220666807442, 0.821579236614895, 0.8177494840721061, 0.8698374109097838, 0.8196638113587554, 0.813843286871205, 0.8208748197286936, 0.8249625422611847, 0.8072071293024545, 0.8067708212276664, 0.8086090331632642, 0.804588761853912, 0.8116096966727044, 0.8034793484678195, 0.8333245118281789, 0.8075046626398008, 0.7982333239802736, 0.7975404454919852, 1.0157830457148003, 0.7874187946230279, 0.7855821849579253, 0.7895148442833753, 0.7793371384672663, 0.7781981123759354, 0.7752487763752547, 0.7913675132600663, 0.770931188957256, 0.767382238713666, 0.7746976513976025, 0.8118352131962954, 0.7668060905321995, 0.7685849941964583, 0.7585185098001792, 0.8385237297379061, 0.7579726344122342, 0.7493086844750011, 1.062088409921898, 0.7347207065603377, 0.7357595218902392, 0.7281978535056731, 0.7317779548242938, 0.7408898201588432, 0.7259399325706745, 0.7273933501436278, 0.7268035834611536, 0.7261209514985395, 0.7276110490604135, 0.7226496329748338, 0.7355061851526775, 0.7297146372727472, 0.7342208354988184, 0.7236096260991183, 0.7215861771259422, 0.7285600182303792, 0.7197394571629312, 0.7210248036707912, 0.7226386877130274, 0.72741939129211, 0.7328560361148497, 0.719850066450571, 0.7157702766757686, 0.7137995516475166, 0.7149711879122546, 0.7178355204731169, 0.7194199329134567, 0.7128860716296378, 0.7183705870401386, 0.7130187282089107, 0.7132760519926503, 0.7342808362494876, 0.7222519287685017, 0.7108232543788945, 0.7092028903746702, 0.7181133101947683, 0.7108754148134747, 0.7085247144569252, 0.7124790758161533, 0.7101691849039599, 0.7467685754036737, 0.7279689312981349, 0.7077361447750874, 0.7077916303558253, 0.7054540148691518, 0.7052813137642541, 0.7026195111880403, 0.7028462891607397, 0.7022170621449408, 0.7015123841179837, 0.7017791894807855, 0.7014363005930883, 0.7142110039060429, 0.7006241062838929, 0.7010505184528257, 0.7002146625429599, 0.7007829923380793, 0.7624310251239095, 0.6999980263295825, 0.7045205607800438, 0.6974847377722563, 0.6965224556579157, 0.6976809565763971, 0.696000839764494, 0.6965853824889601, 0.6978613383840219, 0.695573815568819, 0.6952973251828548, 0.6951776221279412, 0.6956154016667138, 0.6950265286826672, 0.6955560928228839, 0.6952721597306377, 0.6961279412640871, 0.6950978026693033, 0.6945816494544259, 0.6968986426848951, 0.6958102496237846, 0.6951186770234592, 0.694557105853475, 0.6945144793166425, 0.6947418795984409, 0.6942363862033876, 0.6941356944709673, 0.6943378363698115, 0.6951993568407091, 0.6944477495168824, 0.6942723524713581, 0.6942370540957272, 0.6958048443667149, 0.7067057156296813, 0.6967380604926344, 0.6941496913925006, 0.6924342451031353, 0.6947746643390929, 0.6937776931538949, 0.6925960972116175, 0.6922251137432435, 0.691847655005162, 0.692635985489421, 0.6941932607827652, 0.6930907505054866, 0.6926301966568996, 0.6926633930696644, 0.6926655593096918, 0.6920544422405228, 0.6932363005727117, 0.692082129519815, 0.6926717920793348, 0.6924481696288721, 0.6921045740333864, 0.6923484676295975, 0.6915315262535373, 0.691551740238449, 0.6919076761070425, 0.6920004173916591, 0.6938650438144238, 0.6996959191175631, 0.699081414763403, 0.696667780855113, 0.6956290233502312, 0.6930304932354634, 0.692241918561496, 0.6924122768003422, 0.6915514148513473, 0.6926923428510495, 0.6918527212260093, 0.6914308230493141, 0.6911696520368696, 0.6920711881009948, 0.6899703239034397, 0.6907558612891688, 0.6899757562226762, 0.6907880198277803, 0.6904738626932088, 0.6904133243589384, 0.6904656567376768, 0.6901678360701047, 0.6901552652367919, 0.6906756614451146, 0.6906408679481838]",fixed_epoch_budget_completed,No tolerance-based convergence claim; epochs selected by inner validation,1,"[{""category"": ""ConvergenceWarning"", ""message"": ""Stochastic Optimizer: Maximum iterations (250) reached and the optimization hasn't converged yet.""}]",192,6721,0.9174637079995591,mlp__symptoms_diet_labels,5,2,1.0,inner,"{""alpha"": 10.0, ""epochs"": 250, ""hidden_layer_sizes"": [32, 16]}",2689
250,250,3.492408462100037,0.6906159904606542,0.6888652810197743,0.0010414090489463401,"[3.492408462100037, 2.785446967546395, 2.237728122415383, 1.840344656962986, 1.5528698870665683, 1.3554762199844044, 1.197399898539136, 1.0862040591457025, 0.9994502425087125, 0.9399321754514857, 0.8923253889744828, 0.8599954867930316, 0.8290723277354558, 0.805711499534286, 0.7879868237856887, 0.7734762450817136, 0.7623550083883516, 0.753928571375999, 0.7448305897274233, 0.738917472903394, 0.733913586013976, 0.7310213431042915, 0.7257905343912616, 0.7229780194068811, 0.7214806453469893, 0.7193429872014905, 0.7173636426735399, 0.7162857223666036, 0.7142009571274264, 0.7131325963815256, 0.7125875429059909, 0.7127647700155487, 0.7113221446506504, 0.7113278627229285, 0.7102851450496711, 0.7073036184975421, 0.7094848422753638, 0.7071815306875627, 0.7075385652172134, 0.7075640896837817, 0.7061323683408666, 0.7053881091087146, 0.7054917849027038, 0.7053121737046598, 0.7042966254763774, 0.7047179392170495, 0.7039106928686182, 0.70369276032315, 0.7038550481861476, 0.7036285568557455, 0.7032034402408098, 0.70375186117432, 0.7023525962790053, 0.7022945916131146, 0.7020322698496039, 0.7020119518157034, 0.7015948833836834, 0.7015502726882932, 0.7006915379619991, 0.7017969616345221, 0.7011434300899384, 0.7002546056757509, 0.7004390187864609, 0.6992260481073673, 0.6995673848562363, 0.6997422926626559, 0.6992665736625318, 0.6987260303902582, 0.6990904854905465, 0.6989490593092879, 0.6984911362919707, 0.6979954177920152, 0.6978121469814464, 0.6975143402160134, 0.697943950667318, 0.6977504327015995, 0.6972213917370135, 0.6972661195003744, 0.6966609893529412, 0.696210789906163, 0.6962066867216654, 0.6966614078111004, 0.6964901761891569, 0.695544030101601, 0.6956435453390287, 0.6955961766589525, 0.695409341274965, 0.6951064100493868, 0.6952275630916508, 0.694927893487455, 0.6945921657896816, 0.6944880314891506, 0.6940261106203899, 0.694660094271, 0.6944188301578283, 0.6940387519522576, 0.6940536717129575, 0.6935054340856098, 0.6936948275243701, 0.6934224640789497, 0.6935972578853289, 0.6931451867104638, 0.6930395244430789, 0.693250901738031, 0.6931495588216627, 0.6929566332955562, 0.6931828946151812, 0.692291516584804, 0.6928010334105666, 0.6927792369891925, 0.6925497600777631, 0.6923066894594637, 0.6922928446970051, 0.6922978833846896, 0.6923274654381646, 0.692278779657008, 0.692222332780349, 0.6916776442213556, 0.6921238422184983, 0.69202982563858, 0.6919250749354179, 0.6916091385285655, 0.6909394006092022, 0.6916761680009439, 0.6915091639378221, 0.6915474885905992, 0.6908613945903549, 0.6915425073646511, 0.6912278999451239, 0.6909557100731357, 0.6908707157663599, 0.6913636820406303, 0.6910091963886332, 0.6909716405856132, 0.6908929520890934, 0.6909780076010693, 0.6911668952822178, 0.690771450048783, 0.6911979630908273, 0.6904307063054996, 0.6904346565633497, 0.6907990799173397, 0.6907524955452317, 0.6905375665099779, 0.6912428045165377, 0.690683416192825, 0.6906060090561731, 0.6910111389028025, 0.690833197865194, 0.6904198023854564, 0.6902889349524725, 0.6907163210900852, 0.6898218429692975, 0.690556000695928, 0.6898281785463637, 0.6902104011606964, 0.6904369194303193, 0.6902412782289371, 0.6898800796415026, 0.6901974389831924, 0.6897646380978862, 0.691131343647279, 0.6898179912614736, 0.690467737772759, 0.6902705914870408, 0.690236505405744, 0.6894732287853929, 0.6903536132933861, 0.6902234479778336, 0.6901459299320942, 0.6902728377703806, 0.6897302763319748, 0.6901137817173132, 0.6900535392658131, 0.6898116857329512, 0.6907403478119974, 0.6899755534229397, 0.6900611183599796, 0.6905326124698747, 0.6900836328490534, 0.6905537985896233, 0.6899506052643325, 0.68986537966921, 0.6893807706705705, 0.6903120037051035, 0.6894431973710483, 0.689666473379647, 0.6901145131958272, 0.6900644254028935, 0.6898422582819913, 0.6898605903204982, 0.689816536850161, 0.6895449957278841, 0.6896453491019356, 0.6900487061161478, 0.6903172429341224, 0.6902848981949619, 0.6903457366584463, 0.6894598521968462, 0.6894007126334463, 0.6899805048045974, 0.690163091781746, 0.6895240572236586, 0.6895386331006387, 0.6897646516546395, 0.6897462869247826, 0.6899268500142172, 0.6895523873992305, 0.6888652810197743, 0.6897874307925917, 0.6891794387538919, 0.6899583505441493, 0.6893657867005676, 0.6905858149063364, 0.6898146863407172, 0.6900337562230093, 0.6899636724725872, 0.6896994657889722, 0.6890790735136882, 0.6892330003195273, 0.6900594604251356, 0.689924947756218, 0.6898061529766707, 0.6896446538622967, 0.6895391650869043, 0.6894141025736631, 0.6892197193226014, 0.689343657056726, 0.6898772849964997, 0.6892879508019191, 0.6900716479477538, 0.689715783735906, 0.6900939970614629, 0.689522963205736, 0.6895283113526864, 0.6897869864661892, 0.6895476500261191, 0.6901820350937546, 0.6897250412620273, 0.6895745814117079, 0.6892893564854208, 0.6897456829980164, 0.6900867082548617, 0.689489015410277, 0.6893922928816892, 0.6900928006178582, 0.6893101558365672, 0.6893356249826093, 0.6896145540905775, 0.6906159904606542]",fixed_epoch_budget_completed,No tolerance-based convergence claim; epochs selected by inner validation,1,"[{""category"": ""ConvergenceWarning"", ""message"": ""Stochastic Optimizer: Maximum iterations (250) reached and the optimization hasn't converged yet.""}]",191,6689,0.8820652909998898,mlp__symptoms_diet_labels,5,2,2.0,inner,"{""alpha"": 10.0, ""epochs"": 250, ""hidden_layer_sizes"": [32, 16]}",2684
250,250,3.5425686118469986,0.700831218998539,0.7006247872915367,-0.001602356694535234,"[3.5425686118469986, 8.298658074662582, 2.773668203819409, 4.960821404367882, 2.4879227013793517, 2.4652963483655546, 3.2406702823643845, 3.7369922584732183, 4.3298820766501604, 3.136701365682995, 2.402010947731554, 2.501632631644222, 2.3131850202131305, 3.1248265066559777, 2.164488627065948, 2.092178091557736, 3.076837715003466, 2.0071475059758517, 1.8162508914737596, 2.362768421181224, 1.738251003129061, 1.7785885257751417, 1.7607618223521249, 1.9023641221538217, 1.6147665701333185, 1.6467022946840708, 1.8479776566027568, 1.6276096854016082, 1.608366401357523, 1.5492661040056555, 1.9741316043251156, 1.6489670077720828, 1.4754304049652989, 1.5062166742350542, 1.4630154266267872, 1.4765828870803994, 2.2501733620206976, 1.4126688544872787, 1.4030820153547128, 1.4078747870525024, 1.460383489862407, 1.5129986194650817, 1.3532707157480386, 1.32323395446471, 1.7892602262344408, 1.5586505032158893, 1.2578182614350284, 1.8041169981978988, 1.2560559268747835, 1.181866998624733, 1.1516887181601843, 1.2154365029701566, 1.2336096980339624, 1.2007359184161173, 1.1332837177103252, 1.6441879975885738, 1.160410141967442, 1.0338016187796804, 1.0881736080592135, 1.015481537149319, 1.0103875127330848, 1.0464651463052728, 1.0356760121923678, 1.2676331659303635, 0.9944269002536007, 1.0094228605433575, 1.0002076729521592, 0.98848629021376, 0.9852650736431011, 0.9606966594497991, 0.9535241977935374, 0.9824105807642204, 0.9815296269828921, 0.9775677631602476, 0.9361754516528269, 0.9686446493467118, 0.9316909126827942, 0.939415982737771, 0.9310527349007343, 0.9479766209354967, 0.9358106744839981, 0.9175704507136246, 0.9641231721883536, 0.9348600710203856, 0.9236943629898058, 0.9045324340295566, 0.9445162884354185, 0.9355508328262105, 0.9017851989513115, 0.8964939239481795, 0.9073321812770092, 0.9204885640079146, 0.8847419477026995, 0.8754068140832136, 0.9866005541610479, 0.8632928720202424, 0.8775106337127989, 0.8716096370840469, 2.272674596550267, 0.8187526669471064, 0.8050549982715139, 0.790476774886601, 0.8819585580214113, 0.8009524215954452, 0.7867527006236998, 0.7888208851482584, 0.8220681970341752, 0.791591055546895, 0.8279109431133332, 0.7773625339878601, 0.7779635761875935, 0.7784953157613148, 0.7986743066373552, 0.777310297744593, 0.7761211089358313, 0.7757058549152975, 0.7737461083784741, 0.7869446879536527, 0.7938428049009794, 0.7756715562950572, 0.7713340905398132, 0.7811908105846797, 0.7802084479400243, 0.7927295061502677, 0.778426534380021, 0.7794803113349698, 0.7718460673638122, 0.7670110554278684, 0.7841889208484594, 0.8435166184234558, 0.8787677825105399, 0.7839535967442335, 0.7651744900120254, 0.8010523701419217, 0.7570689141065394, 0.7514763879193065, 0.7612851809395235, 0.7534799687467977, 0.749103360608754, 0.8224062810832158, 0.7514524441297028, 0.7487896567202577, 0.7483793924619728, 0.745757520843158, 0.7436580389273558, 0.7523429988843028, 0.7509588475629584, 0.7477366642089281, 0.7756516371895738, 0.7412346273570937, 0.7555676585320202, 0.7425059260764247, 0.7399604441455091, 0.7414884244239398, 0.7467366433283597, 0.7393153544429673, 0.7381381238238875, 0.8101219471494943, 0.7368806552630994, 0.743242910040129, 0.7537479348045873, 0.7325010490380058, 0.7326414794674468, 0.7344264202193272, 0.7466152343540187, 0.8001245990884421, 0.7312348960084095, 0.7541386875728899, 0.7255723123416192, 0.7441796035993039, 0.7235511564076998, 0.7247945313072381, 0.7231893413696546, 0.7224074672764881, 0.7275735869883796, 0.7213037178841327, 0.7230254116763114, 0.7915396687661707, 0.7213469154582035, 0.7182813619609458, 0.7154499064713575, 0.7153367322378659, 0.7205073523299635, 0.7167962840874335, 0.715983032863289, 0.7139400120868825, 0.7228826556734844, 0.7144404870066994, 0.713419400325543, 0.7137800440539892, 0.7222727705852658, 0.7212358087798008, 0.7123032866212673, 0.7132590213317529, 0.7113802917188825, 0.7108591120795859, 0.7145095861377949, 0.7111189019139231, 0.7105873695153206, 0.7118355282876733, 0.721792995231877, 0.7098709103698189, 0.716904418289834, 0.7410420664642068, 0.7125994906771957, 0.7094168649486978, 0.7067179941417779, 0.7056566569464139, 0.706226782906075, 0.7063643441463565, 0.7060399851871605, 0.7065677346874838, 0.7057012845584318, 0.7056919262844743, 0.7111521368525328, 0.708886802096009, 0.7086563680802791, 0.70599868281236, 0.7062923615595456, 0.705198106336642, 0.7048981767275772, 0.7038509440928347, 0.7035992599600492, 0.7037752395998833, 0.7037715072619037, 0.7038651670176628, 0.7032742020746136, 0.7035833881954071, 0.7035664556287748, 0.7033769493037061, 0.7086479397225325, 0.704484682731915, 0.7020444201408853, 0.7027032489693122, 0.70435060854983, 0.7043725583893494, 0.7035459713965406, 0.7043776799083953, 0.7016796896950768, 0.7024335756930742, 0.7019357947673582, 0.7017862794164723, 0.7015332847688258, 0.705703968000375, 0.7014040275544713, 0.7045931327332404, 0.7006247872915367, 0.7024376985571171, 0.7050773301176966, 0.700831218998539]",fixed_epoch_budget_completed,No tolerance-based convergence claim; epochs selected by inner validation,1,"[{""category"": ""ConvergenceWarning"", ""message"": ""Stochastic Optimizer: Maximum iterations (250) reached and the optimization hasn't converged yet.""}]",192,6721,0.9221802910033148,mlp__symptoms_diet_labels,5,2,3.0,inner,"{""alpha"": 10.0, ""epochs"": 250, ""hidden_layer_sizes"": [32, 16]}",2689
100,100,1.2089709492795861,0.6948779074302497,0.6925221472857185,-0.015987504327718893,"[1.2089709492795861, 1.1815571466450439, 1.083394631551077, 1.0176652907190404, 1.9117562234204521, 0.9534043294953598, 0.9949724429587328, 0.9013346085304572, 0.9017480459048776, 0.9930384389742624, 0.9010441403394189, 0.8890066513136419, 0.8921170821624314, 0.8800384155075848, 0.9250396272292913, 0.8758138459069258, 0.9751422686578396, 1.012289317237461, 0.8833449393940335, 0.860457671769853, 0.8802619244226625, 0.9501668556927748, 0.8448079434629492, 0.8382634331324277, 0.8335536603454047, 1.3400608381312331, 0.8629152161950394, 0.7744823711562607, 0.7741807941456503, 0.7650831837914088, 0.7637132870677603, 0.7662612185038552, 0.7601895318357171, 0.7926629720869194, 0.766046295430133, 0.7604821214297256, 0.7548610115850396, 0.7723007814094088, 0.787176349065503, 0.7520404280116966, 0.7442914855917958, 0.7632161678516309, 0.7445994435893438, 0.7451559202688136, 0.7407274550712949, 0.7638951573143923, 0.7461871850583132, 0.7371759562376379, 0.7381308525792728, 0.7412147516734717, 0.7373502044021073, 0.7409376667170092, 0.7387743459647198, 0.7902604528046872, 0.8469189834592251, 0.7212762299931146, 0.7253652058190007, 0.717935555056608, 0.7181074902967653, 0.7967436033323249, 0.7161330232282189, 0.7178038445003005, 0.7149568552569894, 0.710862805170136, 0.7102615994525077, 0.7146276391827718, 0.7066258688086763, 0.7080870315808463, 0.7361511267311351, 0.7055034734277782, 0.706574395677138, 0.7044605333540183, 0.7034668621410247, 0.7033537626838211, 0.7022967559512173, 0.713790086885259, 0.7034184111759216, 0.6991503737685241, 0.7001846070699727, 0.7305571831587929, 0.7174381817194689, 0.6975100749720641, 0.6978601193117094, 0.6989304863298353, 0.6998470600032789, 0.6976737737351302, 0.697186537325966, 0.6956753960100608, 0.6948688325475132, 0.7108654117579686, 0.6946162129348357, 0.7043867399999941, 0.6943394330113275, 0.6941341477708128, 0.6928482280398323, 0.6932507358339396, 0.6925221472857185, 0.693098143614546, 0.6925447127779495, 0.6948779074302497]",fixed_epoch_budget_completed,No tolerance-based convergence claim; epochs selected by inner validation,1,"[{""category"": ""ConvergenceWarning"", ""message"": ""Stochastic Optimizer: Maximum iterations (100) reached and the optimization hasn't converged yet.""}]",192,14465,0.523842374997912,mlp__symptoms_diet_labels,5,3,1.0,inner,"{""alpha"": 1.0, ""epochs"": 100, ""hidden_layer_sizes"": [64, 32]}",2689
100,100,1.2312487502886376,0.2985427484223657,0.2985427484223657,-0.003915677136740903,"[1.2312487502886376, 1.0923808489594553, 1.0067482967805754, 0.9416021019516889, 0.8887233472443418, 0.844409228069777, 0.8091841681157776, 0.779396545412577, 0.748366551256545, 0.7266555136576185, 0.7080894689949674, 0.6860864826055759, 0.666858068880493, 0.6473753240876172, 0.6276606591229648, 0.6135103704190261, 0.5936599434557582, 0.5830240471534617, 0.5631932262841121, 0.5494210479454541, 0.5258239751954372, 0.5108311172362152, 0.5008476021197433, 0.49062199045215754, 0.47910318739786445, 0.4692277497162824, 0.45668756468392596, 0.4480508019678198, 0.4425466964641237, 0.42545629028309406, 0.41629097266595855, 0.4103252706025763, 0.412117003941024, 0.40980658864927777, 0.39521204602836507, 0.3846124899058611, 0.3846007132028049, 0.38227391915696357, 0.3774317762757666, 0.3703032164212315, 0.3650294123760026, 0.36682468842825255, 0.36104380251448087, 0.35886815571792563, 0.3578087844589325, 0.3518783752774229, 0.35245477194528235, 0.35400072699753515, 0.3476463511927499, 0.3470742839256194, 0.3380257790479537, 0.3382176478680893, 0.3358271320761061, 0.3347740640577873, 0.32947662648707615, 0.33651433266445235, 0.33348187396940243, 0.33152334219849366, 0.32740173565267167, 0.32430748361184764, 0.3224466274610572, 0.32558957237298647, 0.33065143057007385, 0.3319006327202225, 0.3270500951009616, 0.32311660784170976, 0.31902575055194016, 0.3148802818646162, 0.3154180506411707, 0.31293617978568294, 0.31398408458028515, 0.31582434349997046, 0.3111898209515778, 0.31337752988553114, 0.3088786462595966, 0.31268911228632845, 0.3122270118962759, 0.30938989750305707, 0.30638736765615354, 0.3094923599523791, 0.3060986240963223, 0.3074108430508588, 0.3043583555428084, 0.3054714517114311, 0.3030437278708032, 0.30464624757031045, 0.3026760521187251, 0.3044298251076991, 0.3048989051901776, 0.3024584255591066, 0.30496414179985143, 0.305013343670602, 0.3040126849892477, 0.3017207020429397, 0.29948810719139773, 0.3002997729128859, 0.2989799006687308, 0.2999194498772942, 0.2987981498857261, 0.2985427484223657]",fixed_epoch_budget_completed,No tolerance-based convergence claim; epochs selected by inner validation,1,"[{""category"": ""ConvergenceWarning"", ""message"": ""Stochastic Optimizer: Maximum iterations (100) reached and the optimization hasn't converged yet.""}]",191,14401,0.5179652079968946,mlp__symptoms_diet_labels,5,3,2.0,inner,"{""alpha"": 1.0, ""epochs"": 100, ""hidden_layer_sizes"": [64, 32]}",2684
100,100,1.308839685097739,0.6950584269446934,0.6943991819855921,-0.0001869020679495792,"[1.308839685097739, 1.264714461327045, 1.4187081390768026, 1.0290515233162132, 0.990964773115649, 1.0519302639983112, 1.0850997335842385, 0.9926200003655087, 0.9395939457237185, 1.2990698903748379, 0.9432927493473274, 1.021349980508756, 0.8683517257914055, 0.8762179733477442, 0.8739947330324561, 0.8543629072292167, 0.8604516296902439, 0.8333894979721449, 0.8319841627193307, 0.8268974026014769, 0.8518567059552055, 0.8223150602372586, 0.833582235096236, 0.8756630647897925, 0.8077937052714531, 0.8012737215850365, 0.8086269553149873, 0.9408763209411454, 0.8134769207037921, 0.7969948047032224, 0.7874618260200884, 0.8507268227190605, 0.7560905734252396, 0.7840696925612309, 0.7688485610136413, 0.7452384395102195, 0.737230366462127, 0.7473721841025496, 0.7526703228928382, 0.7335237869531734, 0.7261198167683843, 0.7353211925042715, 0.777132088732891, 0.7224835359988554, 0.7178561506186074, 0.7218482491855331, 0.7169725604649927, 0.7151310519216433, 0.7193449273352999, 0.7142480396189151, 0.7157920487107502, 0.711853942734169, 0.7111427617835262, 0.7218306774337994, 0.709643524606586, 0.71023153800947, 0.7084145232635392, 0.7082514165365856, 0.7221369591653388, 0.8698300566683905, 0.7100166206998192, 0.7023735413166609, 0.7023602874279836, 0.7016646555704087, 0.7063046623351296, 0.6990826965337856, 0.6987907927933996, 0.6991946368612173, 0.6979260916887101, 0.6977440957142887, 0.698219769788648, 0.6999665871918948, 0.697695947285052, 0.6976039362158548, 0.699247015553063, 0.6969521879375166, 0.6994232283667261, 0.6971542529013662, 0.6965502041225283, 0.6966627177123259, 0.6960755526759791, 0.698026346779407, 0.7073055900272326, 0.6961216346423003, 0.6967684192643016, 0.6959501445237455, 0.6958576643478136, 0.6952894432921672, 0.6974611343783661, 0.695245329012643, 0.6948509195723435, 0.6960440033383418, 0.6948932044703451, 0.6959804876175141, 0.6943991819855921, 0.6951260732554857, 0.6950162094872684, 0.694792870172287, 0.6955547547350546, 0.6950584269446934]",fixed_epoch_budget_completed,No tolerance-based convergence claim; epochs selected by inner validation,1,"[{""category"": ""ConvergenceWarning"", ""message"": ""Stochastic Optimizer: Maximum iterations (100) reached and the optimization hasn't converged yet.""}]",192,14465,0.521961292004562,mlp__symptoms_diet_labels,5,3,3.0,inner,"{""alpha"": 1.0, ""epochs"": 100, ""hidden_layer_sizes"": [64, 32]}",2689
100,100,5.4482784077400765,0.745998921719841,0.7281486822518023,-0.1276259359229489,"[5.4482784077400765, 4.995487785583374, 4.206775662378382, 3.6507180911211443, 10.963564217044242, 3.078338437508725, 3.3887698823729484, 2.6199569584300124, 2.631098358348751, 3.3769515040843023, 2.632202999452181, 2.5388943498200085, 2.5697171406323265, 2.467743065754973, 2.841015516769922, 2.4420352793030933, 3.237792849091738, 3.5264287773373737, 2.4616368644166604, 2.2661332287766633, 2.432976183631765, 2.982043422053208, 2.109643851693792, 2.0630429652838176, 2.0205400168413266, 6.0275185606906065, 2.156271073531224, 1.4442488940421125, 1.4502483529577908, 1.3857371378774288, 1.3734038321777493, 1.4043955129956227, 1.3640212107910008, 1.6227000026008864, 1.4018329669901735, 1.3639626482273965, 1.3210827486163463, 1.4599464762884755, 1.5739086148139592, 1.3006097164762227, 1.2376941126771372, 1.3907138926102098, 1.2439007195590341, 1.2512158103534936, 1.2167184414832355, 1.4058248484791513, 1.2654987948849719, 1.1891613324677557, 1.1965389995553988, 1.226725443022076, 1.1941739825212847, 1.2317727053991128, 1.20515230274682, 1.606287423040082, 1.9962444551860448, 1.0086182514449262, 1.0334473646133866, 0.9767414741108758, 0.9776151751977165, 1.5736320108615882, 0.9393095338495171, 0.9325373136282091, 0.9224774254098527, 0.8929331890160479, 0.8843908938242356, 0.9301361583391395, 0.8685547606499163, 0.8800973204195478, 1.093512347603179, 0.8469676016871821, 0.8467127535560098, 0.8359767255348649, 0.8293161693471475, 0.837384252556514, 0.8292291550009261, 0.9210230889849415, 0.8401919644518285, 0.8070985037543584, 0.8175370297766106, 1.0393680685814393, 0.9254588266397626, 0.7756655541938483, 0.7814206580621247, 0.7836415898509438, 0.7860510510164332, 0.7660689037988009, 0.7667271385090597, 0.7547580171909631, 0.7537561321903021, 0.8736248576427899, 0.7446282639079513, 0.8132628836550754, 0.7420249934376264, 0.7455580099074476, 0.7295770080990106, 0.7317339720892825, 0.729725966344734, 0.7281486822518023, 0.7297498559498408, 0.745998921719841]",fixed_epoch_budget_completed,No tolerance-based convergence claim; epochs selected by inner validation,1,"[{""category"": ""ConvergenceWarning"", ""message"": ""Stochastic Optimizer: Maximum iterations (100) reached and the optimization hasn't converged yet.""}]",192,14465,0.5179664999959641,mlp__symptoms_diet_labels,5,4,1.0,inner,"{""alpha"": 10.0, ""epochs"": 100, ""hidden_layer_sizes"": [64, 32]}",2689
100,100,5.5948445424851725,0.6889537306397479,0.6889423057496595,-3.0766582359564865e-05,"[5.5948445424851725, 4.050025751911792, 3.0428725968738597, 2.3404711918816377, 1.8372497949774351, 1.4769136049427591, 1.2419208812704197, 1.078042568381497, 0.9629101232821539, 0.8875977710551431, 0.8329554745839204, 0.7946062916741613, 0.7699281051937028, 0.7501175280635597, 0.7380812604824385, 0.727969466270911, 0.7209198578991377, 0.7162455817472722, 0.7109519597512127, 0.7093992773123391, 0.7058521889131436, 0.7044508633255511, 0.7023402274634108, 0.7016445901819516, 0.7008303447252612, 0.6993650099483787, 0.6983513899452561, 0.6969662733097819, 0.6967199300645887, 0.6963908555847886, 0.6951666660106194, 0.6950169141304373, 0.6948034222789905, 0.6935096716802538, 0.6931068057853208, 0.6936336975532228, 0.6920633146581459, 0.6924965878488534, 0.6924818412070659, 0.6921205800910747, 0.6916783547204612, 0.6908944879719915, 0.690956368272886, 0.6919254697094517, 0.6910356314334186, 0.6908079002456076, 0.6907203552089038, 0.6908066267331835, 0.6908031007858504, 0.6901518937126827, 0.6902993392054697, 0.6901967777628306, 0.6906904561238913, 0.690436490513654, 0.6906117425252917, 0.6899264908793364, 0.6904051247165359, 0.6899926298969277, 0.6893418604775946, 0.6899577502399284, 0.6900549841236631, 0.6905679335726217, 0.6898750445670325, 0.6890592076329031, 0.6899372709061377, 0.6894377703166631, 0.6901727958946249, 0.689917294623038, 0.6893201625133816, 0.6897379276062, 0.68983820173406, 0.6895307726922264, 0.6896788845242795, 0.6891381330983928, 0.6897154968248347, 0.6895813399981123, 0.6893422617542841, 0.6896341414080834, 0.6897497726629311, 0.689434203162323, 0.6895964275312293, 0.6891435201068038, 0.6891524334777961, 0.6903000229677859, 0.6899273168999256, 0.6889423057496595, 0.6900655870197002, 0.6900417352301939, 0.6890666449042568, 0.6889844972221074, 0.6891439518613676, 0.6893218358001592, 0.6901026742525578, 0.6889769348973, 0.6889578631788988, 0.6890546388809647, 0.6900685826772852, 0.6890752810790509, 0.6895462282838989, 0.6889537306397479]",fixed_epoch_budget_completed,No tolerance-based convergence claim; epochs selected by inner validation,1,"[{""category"": ""ConvergenceWarning"", ""message"": ""Stochastic Optimizer: Maximum iterations (100) reached and the optimization hasn't converged yet.""}]",191,14401,0.5022343749951688,mlp__symptoms_diet_labels,5,4,2.0,inner,"{""alpha"": 10.0, ""epochs"": 100, ""hidden_layer_sizes"": [64, 32]}",2684
100,100,6.268076570021068,0.7222804923735984,0.7176670585800461,-0.0029388146623081646,"[6.268076570021068, 5.742014978574651, 7.059579433967666, 3.72229952696335, 3.4074459218801456, 3.9250008195575186, 4.206684336712962, 3.417359736895259, 2.9723850183145237, 5.976587250951559, 2.9563663581881743, 3.5822903782520585, 2.304383229697933, 2.3827030158949776, 2.3619702783489154, 2.204206395393156, 2.2574484751615973, 2.026473737341242, 2.0179155101506736, 1.9890609169998863, 2.198948376795831, 1.9651699244235723, 2.0557203330741576, 2.405902658641313, 1.831228668871981, 1.7685534258777782, 1.839155325742657, 2.9129580428422996, 1.8214813586726273, 1.667996615889327, 1.5946975639942063, 2.095733768401296, 1.316065214197713, 1.5210075062017692, 1.3905435151469996, 1.2056384005320284, 1.136592964223704, 1.227853938690074, 1.2653899313221078, 1.107764871767509, 1.0475989816065105, 1.1285005143868223, 1.4518637870807016, 0.9914325717189215, 0.9449077341893235, 0.973668330542268, 0.9412709210347061, 0.9332024648404018, 0.9703475055778314, 0.9304053182145157, 0.9515034893166389, 0.9124246099716214, 0.911746066816784, 0.9973305328065334, 0.8950804779418281, 0.89120750333463, 0.8829305183552678, 0.8794444355718493, 0.9969036336251613, 2.108534308688117, 0.8311216198606113, 0.7602289723112761, 0.7660094543558003, 0.7639171664295287, 0.8014441834593171, 0.7477161610848978, 0.7508717970291379, 0.7554244371767553, 0.7457282039315914, 0.7442681694159624, 0.7478551538987994, 0.7640759677920483, 0.7426894243816636, 0.746762338642639, 0.7569581578093242, 0.7386738945413175, 0.7575687428413183, 0.7417546908296142, 0.7357755036301183, 0.7382938193231537, 0.7332602025740703, 0.7513544266672367, 0.815442633161129, 0.7288841742571067, 0.7342762197199739, 0.7274312350011327, 0.7265597309685682, 0.7233921396825919, 0.7411965181471183, 0.7252193070359065, 0.7243184467962039, 0.7302323628219187, 0.7201931960241592, 0.728825636681564, 0.7189292538024772, 0.7206999701210764, 0.718789829778596, 0.7176670585800461, 0.7217307311854402, 0.7222804923735984]",fixed_epoch_budget_completed,No tolerance-based convergence claim; epochs selected by inner validation,1,"[{""category"": ""ConvergenceWarning"", ""message"": ""Stochastic Optimizer: Maximum iterations (100) reached and the optimization hasn't converged yet.""}]",192,14465,0.5202897089984617,mlp__symptoms_diet_labels,5,4,3.0,inner,"{""alpha"": 10.0, ""epochs"": 100, ""hidden_layer_sizes"": [64, 32]}",2689
250,250,5.4482784077400765,0.6884641028671394,0.6878576666584802,-0.000466313253541184,"[5.4482784077400765, 4.995487785583374, 4.206775662378382, 3.6507180911211443, 10.963564217044242, 3.078338437508725, 3.3887698823729484, 2.6199569584300124, 2.631098358348751, 3.3769515040843023, 2.632202999452181, 2.5388943498200085, 2.5697171406323265, 2.467743065754973, 2.841015516769922, 2.4420352793030933, 3.237792849091738, 3.5264287773373737, 2.4616368644166604, 2.2661332287766633, 2.432976183631765, 2.982043422053208, 2.109643851693792, 2.0630429652838176, 2.0205400168413266, 6.0275185606906065, 2.156271073531224, 1.4442488940421125, 1.4502483529577908, 1.3857371378774288, 1.3734038321777493, 1.4043955129956227, 1.3640212107910008, 1.6227000026008864, 1.4018329669901735, 1.3639626482273965, 1.3210827486163463, 1.4599464762884755, 1.5739086148139592, 1.3006097164762227, 1.2376941126771372, 1.3907138926102098, 1.2439007195590341, 1.2512158103534936, 1.2167184414832355, 1.4058248484791513, 1.2654987948849719, 1.1891613324677557, 1.1965389995553988, 1.226725443022076, 1.1941739825212847, 1.2317727053991128, 1.20515230274682, 1.606287423040082, 1.9962444551860448, 1.0086182514449262, 1.0334473646133866, 0.9767414741108758, 0.9776151751977165, 1.5736320108615882, 0.9393095338495171, 0.9325373136282091, 0.9224774254098527, 0.8929331890160479, 0.8843908938242356, 0.9301361583391395, 0.8685547606499163, 0.8800973204195478, 1.093512347603179, 0.8469676016871821, 0.8467127535560098, 0.8359767255348649, 0.8293161693471475, 0.837384252556514, 0.8292291550009261, 0.9210230889849415, 0.8401919644518285, 0.8070985037543584, 0.8175370297766106, 1.0393680685814393, 0.9254588266397626, 0.7756655541938483, 0.7814206580621247, 0.7836415898509438, 0.7860510510164332, 0.7660689037988009, 0.7667271385090597, 0.7547580171909631, 0.7537561321903021, 0.8736248576427899, 0.7446282639079513, 0.8132628836550754, 0.7420249934376264, 0.7455580099074476, 0.7295770080990106, 0.7317339720892825, 0.729725966344734, 0.7281486822518023, 0.7297498559498408, 0.745998921719841, 0.7251432412005406, 0.7254120662001164, 0.7267874865476349, 0.7255408149505341, 0.735046411400175, 0.7292482415808363, 0.7208447487127004, 0.7195417288549737, 0.72213060163365, 0.7188595836454641, 0.71875981715015, 0.7230746062607042, 0.7196750848926599, 0.7180396216248539, 0.7498311672755278, 0.7159565892553168, 0.7134201736455663, 0.7163703134126906, 0.7135466607720041, 0.7244065034469529, 0.7105958646644102, 0.712015203303942, 0.7300047745587347, 0.7083288998310594, 0.7072950393228339, 0.7112352046118169, 0.7049411121555191, 0.7043423846479658, 0.7048416349218319, 0.7069834781053987, 0.7052620829985999, 0.7056469876688158, 0.7050359180405701, 0.7046457762251814, 0.7057608540900939, 0.7070227955057867, 0.7019805483581967, 0.7016497150939345, 0.716085646639416, 0.7012675250047131, 0.7000167884725654, 0.6998818449637401, 0.7018176155151682, 0.6984794876180254, 0.6972733902681232, 0.6999624191242518, 0.7031152479502293, 0.6962156762347642, 0.6961731181864383, 0.6969653586288085, 0.6957871330114349, 0.6962201006227909, 0.6955153239525289, 0.6955599549330318, 0.7060557262078008, 0.6968768020797781, 0.694431727910451, 0.6937697753517272, 0.6931673950167383, 0.693488013353406, 0.6927091482371851, 0.6939218442326327, 0.6928247728187247, 0.6926799152809208, 0.6920288646320504, 0.6932640852286761, 0.6932929093629847, 0.6929527727392375, 0.693097468753944, 0.696183713107895, 0.6972663362589822, 0.6938168243641034, 0.6960311100753569, 0.6921522777763977, 0.6912534280258027, 0.691157264131977, 0.695528236223472, 0.6933670146503871, 0.6983724174600644, 0.6958210649418586, 0.697541881863662, 0.6920860620452888, 0.6904565325420372, 0.6906274413474233, 0.6915205962619898, 0.6902618106702106, 0.6902531754313617, 0.6912100332705903, 0.6925638327116743, 0.6896942054252153, 0.6977179794338858, 0.6943316166459097, 0.6994599607286199, 0.6912208866630326, 0.6914398906031166, 0.6909479699105556, 0.6905774395413286, 0.6887669306676742, 0.6890303702417828, 0.6889424972829292, 0.6891871449047063, 0.6896777978684966, 0.6882160302421269, 0.6888028353978839, 0.6884892896085515, 0.6887348136699315, 0.6888793977776267, 0.6903604775316301, 0.6903133892752028, 0.6893385216723834, 0.6899685216062272, 0.689633550549489, 0.6894245566073767, 0.6892991797889741, 0.6887955486384496, 0.6880507830118571, 0.6889084831246269, 0.6889767914251509, 0.6890904599145109, 0.6883958034505306, 0.6886437846962669, 0.6882828103923063, 0.6887302952621118, 0.6879273448562893, 0.6882502593112562, 0.6883507538027863, 0.689045353833241, 0.6890830636522038, 0.6882919312534739, 0.6883338288683754, 0.6882596786549513, 0.6880687164078252, 0.6885553106707493, 0.6885014653701427, 0.6880679276962909, 0.689060930161938, 0.6892238921581361, 0.6891714117953155, 0.688495878234071, 0.6889304161206806, 0.6894658910461237, 0.6908639688111766, 0.6897593191967222, 0.6890511432948079, 0.6888764054576307, 0.6881364767614209, 0.6878576666584802, 0.6882183464724514, 0.6886032456093606, 0.6884641028671394]",fixed_epoch_budget_completed,No tolerance-based convergence claim; epochs selected by inner validation,1,"[{""category"": ""ConvergenceWarning"", ""message"": ""Stochastic Optimizer: Maximum iterations (250) reached and the optimization hasn't converged yet.""}]",192,14465,1.2711920000001555,mlp__symptoms_diet_labels,5,5,1.0,inner,"{""alpha"": 10.0, ""epochs"": 250, ""hidden_layer_sizes"": [64, 32]}",2689
250,250,5.5948445424851725,0.689412599426617,0.6883447304780352,-0.0005858519900266979,"[5.5948445424851725, 4.050025751911792, 3.0428725968738597, 2.3404711918816377, 1.8372497949774351, 1.4769136049427591, 1.2419208812704197, 1.078042568381497, 0.9629101232821539, 0.8875977710551431, 0.8329554745839204, 0.7946062916741613, 0.7699281051937028, 0.7501175280635597, 0.7380812604824385, 0.727969466270911, 0.7209198578991377, 0.7162455817472722, 0.7109519597512127, 0.7093992773123391, 0.7058521889131436, 0.7044508633255511, 0.7023402274634108, 0.7016445901819516, 0.7008303447252612, 0.6993650099483787, 0.6983513899452561, 0.6969662733097819, 0.6967199300645887, 0.6963908555847886, 0.6951666660106194, 0.6950169141304373, 0.6948034222789905, 0.6935096716802538, 0.6931068057853208, 0.6936336975532228, 0.6920633146581459, 0.6924965878488534, 0.6924818412070659, 0.6921205800910747, 0.6916783547204612, 0.6908944879719915, 0.690956368272886, 0.6919254697094517, 0.6910356314334186, 0.6908079002456076, 0.6907203552089038, 0.6908066267331835, 0.6908031007858504, 0.6901518937126827, 0.6902993392054697, 0.6901967777628306, 0.6906904561238913, 0.690436490513654, 0.6906117425252917, 0.6899264908793364, 0.6904051247165359, 0.6899926298969277, 0.6893418604775946, 0.6899577502399284, 0.6900549841236631, 0.6905679335726217, 0.6898750445670325, 0.6890592076329031, 0.6899372709061377, 0.6894377703166631, 0.6901727958946249, 0.689917294623038, 0.6893201625133816, 0.6897379276062, 0.68983820173406, 0.6895307726922264, 0.6896788845242795, 0.6891381330983928, 0.6897154968248347, 0.6895813399981123, 0.6893422617542841, 0.6896341414080834, 0.6897497726629311, 0.689434203162323, 0.6895964275312293, 0.6891435201068038, 0.6891524334777961, 0.6903000229677859, 0.6899273168999256, 0.6889423057496595, 0.6900655870197002, 0.6900417352301939, 0.6890666449042568, 0.6889844972221074, 0.6891439518613676, 0.6893218358001592, 0.6901026742525578, 0.6889769348973, 0.6889578631788988, 0.6890546388809647, 0.6900685826772852, 0.6890752810790509, 0.6895462282838989, 0.6889537306397479, 0.6895909259148932, 0.6888780130913986, 0.6893559711980907, 0.6897305418896585, 0.689450616409132, 0.6902039468809531, 0.689835171008893, 0.6899931524684333, 0.6894537041607698, 0.6897868528461769, 0.689565823498049, 0.6894078074764902, 0.6892690364708172, 0.6897003164790079, 0.6890023061474193, 0.6894580433339623, 0.6891981750672359, 0.6902464984761935, 0.6897170937957166, 0.6896748678335428, 0.6894201362663104, 0.69036088016645, 0.6901843235790475, 0.6895753713312863, 0.6891833866166872, 0.6897078995113507, 0.6892180062717438, 0.6896416362209425, 0.6897166248042043, 0.6899516390526425, 0.6890998251831264, 0.6890561383393656, 0.6899886898692444, 0.689626905816427, 0.6897790512301293, 0.6898075339861954, 0.6893791112497432, 0.6891997191173027, 0.6894890006444518, 0.6893756225504767, 0.6898335705695462, 0.6887223858258762, 0.6895048127918975, 0.6895487123093413, 0.6889923103044822, 0.6895509036665587, 0.6892086301909629, 0.6894030552768837, 0.6889755692097386, 0.6898057970435434, 0.689386344849738, 0.6891039457617913, 0.6891596774641472, 0.6898499229138219, 0.6892250669237062, 0.6889643254716652, 0.6895368864767779, 0.6897343763724302, 0.6894587719580018, 0.6888928337185123, 0.6894459235177213, 0.6893607418761403, 0.6895269652007723, 0.6898920478973439, 0.6894210072853024, 0.6892794404426416, 0.6898807252084964, 0.6891254853202765, 0.6891726580298817, 0.6891660763731677, 0.6893124503766199, 0.6892867169332937, 0.6895549875138821, 0.6895303149889711, 0.6899162874351019, 0.6888090359360867, 0.6895901032649682, 0.6890109952544171, 0.6889692154020733, 0.6895806498109563, 0.6897926477477441, 0.6896003898756545, 0.6891226352820065, 0.6892068527977057, 0.6901110333553908, 0.6895191484711816, 0.6892422465432175, 0.6894211118840424, 0.6890363306428153, 0.689620788679282, 0.6886263314400247, 0.6894164214232037, 0.6901784518856359, 0.6891474322600064, 0.6889723718007925, 0.6897269809276434, 0.6890014428942519, 0.6890345704214782, 0.6897225488578826, 0.6893191561636918, 0.6894362206346795, 0.6889173747803697, 0.6894889173708211, 0.6891408942183145, 0.6893500481145416, 0.689239077316159, 0.689473288696859, 0.6895658876467277, 0.6897777530637867, 0.6894157984327488, 0.6894070181912955, 0.6890712056159911, 0.6898992606387326, 0.689851843814276, 0.6891712506656295, 0.6899839946247628, 0.6894260767264005, 0.6894537202877739, 0.6896178229673857, 0.6892712317256123, 0.6885209541671491, 0.6890315602062332, 0.6893693660856473, 0.6900308236470212, 0.689369004089725, 0.6897625297796889, 0.6899528009666271, 0.6890914510607299, 0.6892074428269158, 0.6896404247782603, 0.6890954735287411, 0.6883447304780352, 0.6885366305231285, 0.6894104418695486, 0.6898503835683302, 0.6897000219860651, 0.6893348984423538, 0.6884697195290372, 0.689932016552937, 0.6899984514166437, 0.6895409176397465, 0.6897769985489148, 0.6892839957781157, 0.6887121817498235, 0.6892273246475343, 0.6889680402018914, 0.6895175693249521, 0.689245002218869, 0.6890614212570082, 0.689412599426617]",fixed_epoch_budget_completed,No tolerance-based convergence claim; epochs selected by inner validation,1,"[{""category"": ""ConvergenceWarning"", ""message"": ""Stochastic Optimizer: Maximum iterations (250) reached and the optimization hasn't converged yet.""}]",191,14401,1.1961414580000564,mlp__symptoms_diet_labels,5,5,2.0,inner,"{""alpha"": 10.0, ""epochs"": 250, ""hidden_layer_sizes"": [64, 32]}",2684
250,250,6.268076570021068,0.6934623755574307,0.6918292480429278,-0.014247912174558897,"[6.268076570021068, 5.742014978574651, 7.059579433967666, 3.72229952696335, 3.4074459218801456, 3.9250008195575186, 4.206684336712962, 3.417359736895259, 2.9723850183145237, 5.976587250951559, 2.9563663581881743, 3.5822903782520585, 2.304383229697933, 2.3827030158949776, 2.3619702783489154, 2.204206395393156, 2.2574484751615973, 2.026473737341242, 2.0179155101506736, 1.9890609169998863, 2.198948376795831, 1.9651699244235723, 2.0557203330741576, 2.405902658641313, 1.831228668871981, 1.7685534258777782, 1.839155325742657, 2.9129580428422996, 1.8214813586726273, 1.667996615889327, 1.5946975639942063, 2.095733768401296, 1.316065214197713, 1.5210075062017692, 1.3905435151469996, 1.2056384005320284, 1.136592964223704, 1.227853938690074, 1.2653899313221078, 1.107764871767509, 1.0475989816065105, 1.1285005143868223, 1.4518637870807016, 0.9914325717189215, 0.9449077341893235, 0.973668330542268, 0.9412709210347061, 0.9332024648404018, 0.9703475055778314, 0.9304053182145157, 0.9515034893166389, 0.9124246099716214, 0.911746066816784, 0.9973305328065334, 0.8950804779418281, 0.89120750333463, 0.8829305183552678, 0.8794444355718493, 0.9969036336251613, 2.108534308688117, 0.8311216198606113, 0.7602289723112761, 0.7660094543558003, 0.7639171664295287, 0.8014441834593171, 0.7477161610848978, 0.7508717970291379, 0.7554244371767553, 0.7457282039315914, 0.7442681694159624, 0.7478551538987994, 0.7640759677920483, 0.7426894243816636, 0.746762338642639, 0.7569581578093242, 0.7386738945413175, 0.7575687428413183, 0.7417546908296142, 0.7357755036301183, 0.7382938193231537, 0.7332602025740703, 0.7513544266672367, 0.815442633161129, 0.7288841742571067, 0.7342762197199739, 0.7274312350011327, 0.7265597309685682, 0.7233921396825919, 0.7411965181471183, 0.7252193070359065, 0.7243184467962039, 0.7302323628219187, 0.7201931960241592, 0.728825636681564, 0.7189292538024772, 0.7206999701210764, 0.718789829778596, 0.7176670585800461, 0.7217307311854402, 0.7222804923735984, 0.7177005771414307, 0.7169883543308748, 0.7563372074111809, 0.7133883564012502, 0.7180497783711899, 0.7132350298871186, 0.7182385740090756, 0.7180618187160418, 0.7097450344476497, 0.7197787522461182, 0.7095773548862153, 0.7085304293583541, 0.7081989826935383, 0.7074113580145702, 0.7170937647386726, 0.7060790230319883, 0.7063417431508952, 0.7064580667819174, 0.7070039942543535, 0.7156286438615886, 0.7093000675227159, 0.7039851628402731, 0.7055688370986029, 0.7026932450795572, 0.7105565752555236, 0.7030662347641855, 0.7031883426953107, 0.7016196727577725, 0.7032691146700286, 0.7052720047603255, 0.7015344091235811, 0.7013725209093918, 0.7044035658012946, 0.702982574423596, 0.7006915045820645, 0.7007918674010153, 0.7003813758573325, 0.6995685574428073, 0.7006688470163097, 0.7031516996965966, 0.6993338196996052, 0.6991287011108228, 0.7007990243111166, 0.701877584168368, 0.7059484920454658, 0.6989158990519987, 0.6993795400955304, 0.6980718206479699, 0.6974460261235762, 0.6992070872637828, 0.698289422844943, 0.6978191050722264, 0.6983093845467812, 0.6986815199671372, 0.6969590033750703, 0.6973335262828247, 0.6970730562683248, 0.7039079849713806, 0.69841934139657, 0.6995128997271641, 0.6972064653798437, 0.6968820326243084, 0.6967466896426056, 0.6964403043511771, 0.6973812864307382, 0.6965178719771843, 0.6954987083346077, 0.6961668886270964, 0.6949620920333697, 0.6997057802169705, 0.6969222197651394, 0.6962426849623218, 0.6953651456632709, 0.6952919683008152, 0.6948309228245777, 0.6944455503984284, 0.6945621898672335, 0.6941377747458427, 0.6937191689831821, 0.6944400512342312, 0.6948550243836711, 0.6937840565722015, 0.6945592473312963, 0.6939176880480122, 0.6946020060568452, 0.695507182142889, 0.6940970807151152, 0.6938695268025199, 0.693536569589318, 0.6942816116979638, 0.6943959632807093, 0.6934686980910338, 0.6934788451633084, 0.6930245955208315, 0.693418603662299, 0.6946888676880408, 0.69384826502678, 0.6929209401401903, 0.6938385223937041, 0.6936528985137893, 0.6938327623360209, 0.6928021366533954, 0.6938137309978314, 0.6938303827481409, 0.6928814228847013, 0.6927986343703185, 0.6926900499815377, 0.692873445804556, 0.6925687169373869, 0.6944671698302568, 0.6931427781382198, 0.6928946685661825, 0.693307768087458, 0.6930234318304217, 0.6924008672065463, 0.6930695425411184, 0.6937671104366303, 0.6953975521517982, 0.6958906019452651, 0.6989094957833416, 0.6939719310608327, 0.6939881938666835, 0.7004926518331909, 0.6952527426739841, 0.6928998213508005, 0.6918339448046067, 0.6925458479410573, 0.6919625019655552, 0.6920104464739685, 0.6924621283884623, 0.6934753736258631, 0.6923694418267815, 0.6934682347176678, 0.6918292480429278, 0.6933167043336775, 0.694552048297915, 0.7013192236369724, 0.7001280423565875, 0.710856860696383, 0.7077102877319896, 0.7038889694272615, 0.7221200047585224, 0.697918013168833, 0.7089740787636948, 0.7059210920491165, 0.7015816456403294, 0.7011108572549494, 0.7033784600668856, 0.6945052129019873, 0.6934623755574307]",fixed_epoch_budget_completed,No tolerance-based convergence claim; epochs selected by inner validation,1,"[{""category"": ""ConvergenceWarning"", ""message"": ""Stochastic Optimizer: Maximum iterations (250) reached and the optimization hasn't converged yet.""}]",192,14465,1.2609052500047255,mlp__symptoms_diet_labels,5,5,3.0,inner,"{""alpha"": 10.0, ""epochs"": 250, ""hidden_layer_sizes"": [64, 32]}",2689
100,100,5.168759589266201,0.6899101020236198,0.6891516790870322,0.0003862339967563022,"[5.168759589266201, 3.2207437611248317, 2.1345203258582273, 1.5002914127667508, 1.150411361975462, 0.9578764414328375, 0.842027756828937, 0.7822013142757694, 0.747672970450107, 0.7274552611316667, 0.7152849884270324, 0.7065368514580722, 0.7011838095023885, 0.6977571261468887, 0.6960690620135481, 0.6934542476655663, 0.6927076002725717, 0.6915975474525974, 0.6911289888309532, 0.6910917928242444, 0.6901311230625667, 0.6904026497146947, 0.6903658716570483, 0.6905558028423626, 0.6898485553356231, 0.6897883571787539, 0.6894241344578003, 0.6896633110852541, 0.6898001835954147, 0.6897666848752939, 0.6895899130494256, 0.6899004908526535, 0.6894787452596024, 0.6899716591392144, 0.6897102731240833, 0.6898817524646707, 0.6893026564538939, 0.6900449152602703, 0.6896597415953755, 0.6897982942074532, 0.6900048107165164, 0.6896117417969723, 0.6892379180678934, 0.6895426895973683, 0.6894837004191146, 0.6894206188199463, 0.6897489063548247, 0.6898597674123035, 0.6896140433058846, 0.6894865776236088, 0.689743912399353, 0.6898181951004511, 0.6896186039205178, 0.6899926130173213, 0.6899721799259064, 0.6893888257207418, 0.6899525920167938, 0.6901502109602536, 0.6892833478849346, 0.6897839482160463, 0.6896181391091113, 0.6897910630336248, 0.6893482406672672, 0.6902001879794858, 0.6895928203350686, 0.6891516790870322, 0.6901777162689398, 0.689626643093253, 0.6898100433885975, 0.6898530297693534, 0.6897606495708779, 0.6902054195049816, 0.6902909675520197, 0.6901347455740517, 0.6897448509592944, 0.6898040387705174, 0.6896920904590218, 0.6892871368859924, 0.6897410156646222, 0.6897382881658592, 0.6898671645172345, 0.6899078928345547, 0.6894798731215123, 0.689725499026987, 0.6901217926621792, 0.6897360167250751, 0.6892014080172284, 0.689691899757925, 0.6901282680300175, 0.6895238680268635, 0.6898865284959782, 0.6898302202780916, 0.6899554099662042, 0.6895734873026697, 0.6896819860515527, 0.6895737020449003, 0.6894340899490629, 0.690379609262486, 0.6899931137698871, 0.6899101020236198]",fixed_epoch_budget_completed,No tolerance-based convergence claim; epochs selected by inner validation,1,"[{""category"": ""ConvergenceWarning"", ""message"": ""Stochastic Optimizer: Maximum iterations (100) reached and the optimization hasn't converged yet.""}]",192,14465,0.7668904159945669,mlp__symptoms_diet_labels,5,4,,outer,"{""alpha"": 10.0, ""epochs"": 100, ""hidden_layer_sizes"": [64, 32]}",4031
